{
"type": "FeatureCollection",
"name": "ameriflux_sites_with_rap_v5",
"crs": { "type": "name", "properties": { "name": "urn:ogc:def:crs:OGC:1.3:CRS84" } },
"features": [
{ "type": "Feature", "properties": { "site": "US-A32", "lat": 36.8193, "lon": -97.8198, "Ecoregion": "GREAT PLAINS", "Koppen Climate group": "Cfa", "KoppenClimate": "C", "Disturbance": "non-disturbed", "rap_AFG_2019": 10, "rap_BGR_2019": 1, "rap_LTR_2019": 4, "rap_PFG_2019": 85, "rap_SHR_2019": 0, "rap_TRE_2019": 0, "rap_pixel_center_lon": -97.819932, "rap_pixel_center_lat": 36.819293, "rap_offset_lon": 0.000132, "rap_offset_lat": 6.9999999999999999e-06, "rap_AFG_2020": 13, "rap_BGR_2020": 2, "rap_LTR_2020": 4, "rap_PFG_2020": 80, "rap_SHR_2020": 1, "rap_TRE_2020": 0, "rap_AFG_2021": 10, "rap_BGR_2021": 1, "rap_LTR_2021": 3, "rap_PFG_2021": 84, "rap_SHR_2021": 0, "rap_TRE_2021": 0, "rap_AFG_2022": 5, "rap_BGR_2022": 1, "rap_LTR_2022": 4, "rap_PFG_2022": 88, "rap_SHR_2022": 0, "rap_TRE_2022": 1, "rap_AFG_2023": 12, "rap_BGR_2023": 2, "rap_LTR_2023": 5, "rap_PFG_2023": 80, "rap_SHR_2023": 1, "rap_TRE_2023": 0, "rap_AFG_2024": 13, "rap_BGR_2024": 3, "rap_LTR_2024": 4, "rap_PFG_2024": 76, "rap_SHR_2024": 0, "rap_TRE_2024": 0, "Ecoregion_Level2": "SOUTH CENTRAL SEMI-ARID PRAIRIES", "Ecoregion_Level3": "Central Great Plains", "livestock_density": 13.917200088500977, "cattle_density": 13.830005645751953, "buffalo_density": null, "sheep_density": 0.56597900390625, "goat_density": 0.16916003823280334, "Site label": "US-A32", "PFT": "grass" }, "geometry": { "type": "Point", "coordinates": [ -97.8198, 36.8193 ] } },
{ "type": "Feature", "properties": { "site": "US-AR1", "lat": 36.4267, "lon": -99.42, "Ecoregion": "GREAT PLAINS", "Koppen Climate group": null, "KoppenClimate": null, "Disturbance": null, "rap_AFG_2019": 11, "rap_BGR_2019": 2, "rap_LTR_2019": 2, "rap_PFG_2019": 79, "rap_SHR_2019": 3, "rap_TRE_2019": 1, "rap_pixel_center_lon": -99.419921, "rap_pixel_center_lat": 36.42664, "rap_offset_lon": -7.9e-05, "rap_offset_lat": 6.0000000000000002e-05, "rap_AFG_2020": 9, "rap_BGR_2020": 2, "rap_LTR_2020": 3, "rap_PFG_2020": 76, "rap_SHR_2020": 4, "rap_TRE_2020": 4, "rap_AFG_2021": 12, "rap_BGR_2021": 1, "rap_LTR_2021": 1, "rap_PFG_2021": 75, "rap_SHR_2021": 3, "rap_TRE_2021": 3, "rap_AFG_2022": 8, "rap_BGR_2022": 2, "rap_LTR_2022": 4, "rap_PFG_2022": 81, "rap_SHR_2022": 2, "rap_TRE_2022": 1, "rap_AFG_2023": 7, "rap_BGR_2023": 2, "rap_LTR_2023": 3, "rap_PFG_2023": 82, "rap_SHR_2023": 2, "rap_TRE_2023": 1, "rap_AFG_2024": 15, "rap_BGR_2024": 3, "rap_LTR_2024": 4, "rap_PFG_2024": 65, "rap_SHR_2024": 4, "rap_TRE_2024": 2, "Ecoregion_Level2": "SOUTH CENTRAL SEMI-ARID PRAIRIES", "Ecoregion_Level3": "Central Great Plains", "livestock_density": 21.359220504760742, "cattle_density": 21.078083038330078, "buffalo_density": null, "sheep_density": 0.13354210555553436, "goat_density": 0.24650846421718597, "Site label": null, "PFT": null }, "geometry": { "type": "Point", "coordinates": [ -99.42, 36.4267 ] } },
{ "type": "Feature", "properties": { "site": "US-AR2", "lat": 36.6358, "lon": -99.5975, "Ecoregion": "GREAT PLAINS", "Koppen Climate group": null, "KoppenClimate": null, "Disturbance": null, "rap_AFG_2019": 4, "rap_BGR_2019": 7, "rap_LTR_2019": 7, "rap_PFG_2019": 76, "rap_SHR_2019": 2, "rap_TRE_2019": 1, "rap_pixel_center_lon": -99.597518, "rap_pixel_center_lat": 36.635768, "rap_offset_lon": 1.8e-05, "rap_offset_lat": 3.2e-05, "rap_AFG_2020": 4, "rap_BGR_2020": 9, "rap_LTR_2020": 11, "rap_PFG_2020": 74, "rap_SHR_2020": 2, "rap_TRE_2020": 0, "rap_AFG_2021": 4, "rap_BGR_2021": 6, "rap_LTR_2021": 7, "rap_PFG_2021": 75, "rap_SHR_2021": 3, "rap_TRE_2021": 0, "rap_AFG_2022": 1, "rap_BGR_2022": 10, "rap_LTR_2022": 10, "rap_PFG_2022": 72, "rap_SHR_2022": 4, "rap_TRE_2022": 2, "rap_AFG_2023": 9, "rap_BGR_2023": 9, "rap_LTR_2023": 6, "rap_PFG_2023": 71, "rap_SHR_2023": 4, "rap_TRE_2023": 2, "rap_AFG_2024": 7, "rap_BGR_2024": 12, "rap_LTR_2024": 10, "rap_PFG_2024": 65, "rap_SHR_2024": 4, "rap_TRE_2024": 1, "Ecoregion_Level2": "SOUTH CENTRAL SEMI-ARID PRAIRIES", "Ecoregion_Level3": "Central Great Plains", "livestock_density": 30.413715362548828, "cattle_density": 28.000822067260742, "buffalo_density": null, "sheep_density": 0.055681649595499039, "goat_density": 0.05462227389216423, "Site label": null, "PFT": null }, "geometry": { "type": "Point", "coordinates": [ -99.5975, 36.6358 ] } },
{ "type": "Feature", "properties": { "site": "US-ARb", "lat": 35.5497, "lon": -98.0402, "Ecoregion": "GREAT PLAINS", "Koppen Climate group": "Cfa ", "KoppenClimate": "C", "Disturbance": "grazing", "rap_AFG_2019": 5, "rap_BGR_2019": 2, "rap_LTR_2019": 3, "rap_PFG_2019": 82, "rap_SHR_2019": 1, "rap_TRE_2019": 5, "rap_pixel_center_lon": -98.040109, "rap_pixel_center_lat": 35.549704, "rap_offset_lon": -9.1e-05, "rap_offset_lat": -3.9999999999999998e-06, "rap_AFG_2020": 10, "rap_BGR_2020": 1, "rap_LTR_2020": 3, "rap_PFG_2020": 75, "rap_SHR_2020": 3, "rap_TRE_2020": 2, "rap_AFG_2021": 9, "rap_BGR_2021": 0, "rap_LTR_2021": 3, "rap_PFG_2021": 79, "rap_SHR_2021": 2, "rap_TRE_2021": 3, "rap_AFG_2022": 5, "rap_BGR_2022": 1, "rap_LTR_2022": 2, "rap_PFG_2022": 87, "rap_SHR_2022": 1, "rap_TRE_2022": 1, "rap_AFG_2023": 6, "rap_BGR_2023": 1, "rap_LTR_2023": 1, "rap_PFG_2023": 85, "rap_SHR_2023": 2, "rap_TRE_2023": 1, "rap_AFG_2024": 9, "rap_BGR_2024": 1, "rap_LTR_2024": 3, "rap_PFG_2024": 81, "rap_SHR_2024": 1, "rap_TRE_2024": 2, "Ecoregion_Level2": "SOUTH CENTRAL SEMI-ARID PRAIRIES", "Ecoregion_Level3": "Central Great Plains", "livestock_density": 43.619808197021484, "cattle_density": 43.255836486816406, "buffalo_density": null, "sheep_density": 0.26141330599784851, "goat_density": 0.34826970100402832, "Site label": "US-ARb", "PFT": "grass" }, "geometry": { "type": "Point", "coordinates": [ -98.0402, 35.5497 ] } },
{ "type": "Feature", "properties": { "site": "US-ARc", "lat": 35.5465, "lon": -98.04, "Ecoregion": "GREAT PLAINS", "Koppen Climate group": "Cfa ", "KoppenClimate": "C", "Disturbance": "grazing", "rap_AFG_2019": 7, "rap_BGR_2019": 1, "rap_LTR_2019": 2, "rap_PFG_2019": 82, "rap_SHR_2019": 2, "rap_TRE_2019": 5, "rap_pixel_center_lon": -98.040109, "rap_pixel_center_lat": 35.546471, "rap_offset_lon": 0.000109, "rap_offset_lat": 2.9e-05, "rap_AFG_2020": 11, "rap_BGR_2020": 0, "rap_LTR_2020": 2, "rap_PFG_2020": 76, "rap_SHR_2020": 5, "rap_TRE_2020": 3, "rap_AFG_2021": 8, "rap_BGR_2021": 1, "rap_LTR_2021": 3, "rap_PFG_2021": 80, "rap_SHR_2021": 3, "rap_TRE_2021": 2, "rap_AFG_2022": 6, "rap_BGR_2022": 0, "rap_LTR_2022": 1, "rap_PFG_2022": 88, "rap_SHR_2022": 2, "rap_TRE_2022": 1, "rap_AFG_2023": 4, "rap_BGR_2023": 1, "rap_LTR_2023": 1, "rap_PFG_2023": 87, "rap_SHR_2023": 2, "rap_TRE_2023": 1, "rap_AFG_2024": 10, "rap_BGR_2024": 1, "rap_LTR_2024": 3, "rap_PFG_2024": 80, "rap_SHR_2024": 1, "rap_TRE_2024": 2, "Ecoregion_Level2": "SOUTH CENTRAL SEMI-ARID PRAIRIES", "Ecoregion_Level3": "Central Great Plains", "livestock_density": 43.619808197021484, "cattle_density": 43.255836486816406, "buffalo_density": null, "sheep_density": 0.26141330599784851, "goat_density": 0.34826970100402832, "Site label": "US-ARc", "PFT": "grass" }, "geometry": { "type": "Point", "coordinates": [ -98.04, 35.5465 ] } },
{ "type": "Feature", "properties": { "site": "US-Aud", "lat": 31.5907, "lon": -110.5104, "Ecoregion": "SOUTHERN SEMI-ARID HIGHLANDS", "Koppen Climate group": "Bsk", "KoppenClimate": "B", "Disturbance": "non-disturbed", "rap_AFG_2019": 10, "rap_BGR_2019": 0, "rap_LTR_2019": 5, "rap_PFG_2019": 66, "rap_SHR_2019": 5, "rap_TRE_2019": 1, "rap_pixel_center_lon": -110.510432, "rap_pixel_center_lat": 31.590829, "rap_offset_lon": 3.2e-05, "rap_offset_lat": -0.000129, "rap_AFG_2020": 7, "rap_BGR_2020": 0, "rap_LTR_2020": 6, "rap_PFG_2020": 71, "rap_SHR_2020": 4, "rap_TRE_2020": 2, "rap_AFG_2021": 3, "rap_BGR_2021": 2, "rap_LTR_2021": 6, "rap_PFG_2021": 68, "rap_SHR_2021": 8, "rap_TRE_2021": 3, "rap_AFG_2022": 7, "rap_BGR_2022": 0, "rap_LTR_2022": 6, "rap_PFG_2022": 71, "rap_SHR_2022": 3, "rap_TRE_2022": 2, "rap_AFG_2023": 9, "rap_BGR_2023": 1, "rap_LTR_2023": 26, "rap_PFG_2023": 43, "rap_SHR_2023": 8, "rap_TRE_2023": 1, "rap_AFG_2024": 5, "rap_BGR_2024": 8, "rap_LTR_2024": 37, "rap_PFG_2024": 24, "rap_SHR_2024": 14, "rap_TRE_2024": 1, "Ecoregion_Level2": "WESTERN SIERRA MADRE PIEDMONT", "Ecoregion_Level3": "Madrean Archipelago", "livestock_density": 4.3442459106445312, "cattle_density": 4.3367772102355957, "buffalo_density": null, "sheep_density": 0.019200557842850685, "goat_density": 0.047721587121486664, "Site label": "US-Aud", "PFT": "grass" }, "geometry": { "type": "Point", "coordinates": [ -110.5104, 31.5907 ] } },
{ "type": "Feature", "properties": { "site": "US-Bkg", "lat": 44.3453, "lon": -96.8362, "Ecoregion": "GREAT PLAINS", "Koppen Climate group": "Dfa", "KoppenClimate": "D", "Disturbance": "grazing", "rap_AFG_2019": 6, "rap_BGR_2019": 0, "rap_LTR_2019": 3, "rap_PFG_2019": 94, "rap_SHR_2019": 0, "rap_TRE_2019": 0, "rap_pixel_center_lon": -96.836277, "rap_pixel_center_lat": 44.345199, "rap_offset_lon": 7.7e-05, "rap_offset_lat": 0.000101, "rap_AFG_2020": 6, "rap_BGR_2020": 0, "rap_LTR_2020": 2, "rap_PFG_2020": 92, "rap_SHR_2020": 0, "rap_TRE_2020": 0, "rap_AFG_2021": 2, "rap_BGR_2021": 1, "rap_LTR_2021": 4, "rap_PFG_2021": 90, "rap_SHR_2021": 0, "rap_TRE_2021": 0, "rap_AFG_2022": 5, "rap_BGR_2022": 0, "rap_LTR_2022": 4, "rap_PFG_2022": 91, "rap_SHR_2022": 0, "rap_TRE_2022": 0, "rap_AFG_2023": 3, "rap_BGR_2023": 1, "rap_LTR_2023": 4, "rap_PFG_2023": 91, "rap_SHR_2023": 1, "rap_TRE_2023": 0, "rap_AFG_2024": 5, "rap_BGR_2024": 1, "rap_LTR_2024": 4, "rap_PFG_2024": 88, "rap_SHR_2024": 0, "rap_TRE_2024": 1, "Ecoregion_Level2": "TEMPERATE PRAIRIES", "Ecoregion_Level3": "Aspen Parkland/Northern Glaciated Plains", "livestock_density": 47.352909088134766, "cattle_density": 41.969348907470703, "buffalo_density": null, "sheep_density": 3.0941791534423828, "goat_density": 0.37251657247543335, "Site label": "US-Bkg", "PFT": "grass" }, "geometry": { "type": "Point", "coordinates": [ -96.8362, 44.3453 ] } },
{ "type": "Feature", "properties": { "site": "US-BMM", "lat": 45.783, "lon": -110.7776, "Ecoregion": "NORTHWESTERN FORESTED MOUNTAINS", "Koppen Climate group": "Dfc", "KoppenClimate": "D", "Disturbance": "grazing", "rap_AFG_2019": 3, "rap_BGR_2019": 6, "rap_LTR_2019": 5, "rap_PFG_2019": 71, "rap_SHR_2019": 9, "rap_TRE_2019": 2, "rap_pixel_center_lon": -110.777501, "rap_pixel_center_lat": 45.782953, "rap_offset_lon": -9.9e-05, "rap_offset_lat": 4.7e-05, "rap_AFG_2020": 6, "rap_BGR_2020": 5, "rap_LTR_2020": 7, "rap_PFG_2020": 62, "rap_SHR_2020": 8, "rap_TRE_2020": 0, "rap_AFG_2021": 5, "rap_BGR_2021": 4, "rap_LTR_2021": 8, "rap_PFG_2021": 68, "rap_SHR_2021": 6, "rap_TRE_2021": 1, "rap_AFG_2022": 3, "rap_BGR_2022": 4, "rap_LTR_2022": 8, "rap_PFG_2022": 75, "rap_SHR_2022": 7, "rap_TRE_2022": 1, "rap_AFG_2023": 3, "rap_BGR_2023": 4, "rap_LTR_2023": 5, "rap_PFG_2023": 75, "rap_SHR_2023": 10, "rap_TRE_2023": 0, "rap_AFG_2024": 2, "rap_BGR_2024": 3, "rap_LTR_2024": 5, "rap_PFG_2024": 78, "rap_SHR_2024": 8, "rap_TRE_2024": 1, "Ecoregion_Level2": "WESTERN CORDILLERA", "Ecoregion_Level3": "Middle Rockies", "livestock_density": 2.9526882171630859, "cattle_density": 2.9211490154266357, "buffalo_density": null, "sheep_density": 0.22584742307662964, "goat_density": 0.039605025202035904, "Site label": "US-BMM", "PFT": "grass" }, "geometry": { "type": "Point", "coordinates": [ -110.7776, 45.783 ] } },
{ "type": "Feature", "properties": { "site": "US-BRG", "lat": 39.2167, "lon": -86.5406, "Ecoregion": "EASTERN TEMPERATE FORESTS", "Koppen Climate group": "Cfa", "KoppenClimate": "C", "Disturbance": "mowing", "rap_AFG_2019": 8, "rap_BGR_2019": 0, "rap_LTR_2019": 0, "rap_PFG_2019": 88, "rap_SHR_2019": 1, "rap_TRE_2019": 0, "rap_pixel_center_lon": -86.540505, "rap_pixel_center_lat": 39.216717, "rap_offset_lon": -9.5e-05, "rap_offset_lat": -1.7e-05, "rap_AFG_2020": 7, "rap_BGR_2020": 0, "rap_LTR_2020": 1, "rap_PFG_2020": 87, "rap_SHR_2020": 1, "rap_TRE_2020": 1, "rap_AFG_2021": 10, "rap_BGR_2021": 0, "rap_LTR_2021": 1, "rap_PFG_2021": 84, "rap_SHR_2021": 1, "rap_TRE_2021": 1, "rap_AFG_2022": 12, "rap_BGR_2022": 1, "rap_LTR_2022": 2, "rap_PFG_2022": 71, "rap_SHR_2022": 5, "rap_TRE_2022": 3, "rap_AFG_2023": 12, "rap_BGR_2023": 2, "rap_LTR_2023": 3, "rap_PFG_2023": 61, "rap_SHR_2023": 9, "rap_TRE_2023": 6, "rap_AFG_2024": 11, "rap_BGR_2024": 3, "rap_LTR_2024": 4, "rap_PFG_2024": 59, "rap_SHR_2024": 10, "rap_TRE_2024": 9, "Ecoregion_Level2": "SOUTHEASTERN USA PLAINS", "Ecoregion_Level3": "Interior Plateau", "livestock_density": 8.1719655990600586, "cattle_density": 8.0840835571289062, "buffalo_density": null, "sheep_density": 0.3129831850528717, "goat_density": 0.29563730955123901, "Site label": "US-BRG", "PFT": "grass" }, "geometry": { "type": "Point", "coordinates": [ -86.5406, 39.2167 ] } },
{ "type": "Feature", "properties": { "site": "US-Cop", "lat": 38.09, "lon": -109.39, "Ecoregion": "NORTH AMERICAN DESERTS", "Koppen Climate group": "B", "KoppenClimate": "B", "Disturbance": "grazing", "rap_AFG_2019": 18, "rap_BGR_2019": 31, "rap_LTR_2019": 14, "rap_PFG_2019": 18, "rap_SHR_2019": 12, "rap_TRE_2019": 0, "rap_pixel_center_lon": -109.389873, "rap_pixel_center_lat": 38.08996, "rap_offset_lon": -0.000127, "rap_offset_lat": 4.0000000000000003e-05, "rap_AFG_2020": 16, "rap_BGR_2020": 23, "rap_LTR_2020": 21, "rap_PFG_2020": 16, "rap_SHR_2020": 10, "rap_TRE_2020": 2, "rap_AFG_2021": 16, "rap_BGR_2021": 41, "rap_LTR_2021": 23, "rap_PFG_2021": 12, "rap_SHR_2021": 5, "rap_TRE_2021": 0, "rap_AFG_2022": 7, "rap_BGR_2022": 44, "rap_LTR_2022": 20, "rap_PFG_2022": 20, "rap_SHR_2022": 6, "rap_TRE_2022": 0, "rap_AFG_2023": 16, "rap_BGR_2023": 30, "rap_LTR_2023": 16, "rap_PFG_2023": 20, "rap_SHR_2023": 10, "rap_TRE_2023": 1, "rap_AFG_2024": 9, "rap_BGR_2024": 35, "rap_LTR_2024": 18, "rap_PFG_2024": 17, "rap_SHR_2024": 15, "rap_TRE_2024": 0, "Ecoregion_Level2": "COLD DESERTS", "Ecoregion_Level3": "Colorado Plateaus", "livestock_density": 0.71277362108230591, "cattle_density": 0.65403038263320923, "buffalo_density": null, "sheep_density": 0.42377388477325439, "goat_density": 0.10538996756076813, "Site label": "US-Cop", "PFT": "grass" }, "geometry": { "type": "Point", "coordinates": [ -109.39, 38.09 ] } },
{ "type": "Feature", "properties": { "site": "US-Ctn", "lat": 43.95, "lon": -101.8466, "Ecoregion": "GREAT PLAINS", "Koppen Climate group": "B", "KoppenClimate": "B", "Disturbance": "grazing", "rap_AFG_2019": 18, "rap_BGR_2019": 0, "rap_LTR_2019": 3, "rap_PFG_2019": 73, "rap_SHR_2019": 3, "rap_TRE_2019": 1, "rap_pixel_center_lon": -101.84672, "rap_pixel_center_lat": 43.95012, "rap_offset_lon": 0.00012, "rap_offset_lat": -0.00012, "rap_AFG_2020": 7, "rap_BGR_2020": 0, "rap_LTR_2020": 8, "rap_PFG_2020": 83, "rap_SHR_2020": 2, "rap_TRE_2020": 1, "rap_AFG_2021": 18, "rap_BGR_2021": 4, "rap_LTR_2021": 8, "rap_PFG_2021": 66, "rap_SHR_2021": 0, "rap_TRE_2021": 0, "rap_AFG_2022": 24, "rap_BGR_2022": 5, "rap_LTR_2022": 9, "rap_PFG_2022": 60, "rap_SHR_2022": 2, "rap_TRE_2022": 0, "rap_AFG_2023": 19, "rap_BGR_2023": 4, "rap_LTR_2023": 7, "rap_PFG_2023": 68, "rap_SHR_2023": 2, "rap_TRE_2023": 0, "rap_AFG_2024": 19, "rap_BGR_2024": 2, "rap_LTR_2024": 5, "rap_PFG_2024": 74, "rap_SHR_2024": 1, "rap_TRE_2024": 0, "Ecoregion_Level2": "WEST-CENTRAL SEMI-ARID PRAIRIES", "Ecoregion_Level3": "Northwestern Great Plains", "livestock_density": 14.030784606933594, "cattle_density": 14.022255897521973, "buffalo_density": null, "sheep_density": 0.044257685542106628, "goat_density": 0.027073288336396217, "Site label": "US-Ctn", "PFT": "grass" }, "geometry": { "type": "Point", "coordinates": [ -101.8466, 43.95 ] } },
{ "type": "Feature", "properties": { "site": "US-CZ1", "lat": 37.1088, "lon": -119.7313, "Ecoregion": "MEDITERRANEAN CALIFORNIA", "Koppen Climate group": null, "KoppenClimate": null, "Disturbance": null, "rap_AFG_2019": 53, "rap_BGR_2019": 4, "rap_LTR_2019": 7, "rap_PFG_2019": 0, "rap_SHR_2019": 23, "rap_TRE_2019": 18, "rap_pixel_center_lon": -119.731189, "rap_pixel_center_lat": 37.108731, "rap_offset_lon": -0.000111, "rap_offset_lat": 6.9e-05, "rap_AFG_2020": 57, "rap_BGR_2020": 4, "rap_LTR_2020": 6, "rap_PFG_2020": 0, "rap_SHR_2020": 15, "rap_TRE_2020": 17, "rap_AFG_2021": 61, "rap_BGR_2021": 4, "rap_LTR_2021": 7, "rap_PFG_2021": 0, "rap_SHR_2021": 10, "rap_TRE_2021": 16, "rap_AFG_2022": 48, "rap_BGR_2022": 5, "rap_LTR_2022": 10, "rap_PFG_2022": 0, "rap_SHR_2022": 20, "rap_TRE_2022": 22, "rap_AFG_2023": 53, "rap_BGR_2023": 5, "rap_LTR_2023": 8, "rap_PFG_2023": 0, "rap_SHR_2023": 19, "rap_TRE_2023": 19, "rap_AFG_2024": 52, "rap_BGR_2024": 7, "rap_LTR_2024": 5, "rap_PFG_2024": 0, "rap_SHR_2024": 20, "rap_TRE_2024": 14, "Ecoregion_Level2": "MEDITERRANEAN CALIFORNIA", "Ecoregion_Level3": "California Coastal Sage, Chaparral, and Oak Woodlands", "livestock_density": 43.566341400146484, "cattle_density": 43.388320922851562, "buffalo_density": null, "sheep_density": 0.20682774484157562, "goat_density": 0.41048714518547058, "Site label": null, "PFT": null }, "geometry": { "type": "Point", "coordinates": [ -119.7313, 37.1088 ] } },
{ "type": "Feature", "properties": { "site": "US-Dia", "lat": 37.6773, "lon": -121.5296, "Ecoregion": "MEDITERRANEAN CALIFORNIA", "Koppen Climate group": "Csa", "KoppenClimate": "C", "Disturbance": "non-disturbed", "rap_AFG_2019": 71, "rap_BGR_2019": 2, "rap_LTR_2019": 7, "rap_PFG_2019": 13, "rap_SHR_2019": 0, "rap_TRE_2019": 1, "rap_pixel_center_lon": -121.529526, "rap_pixel_center_lat": 37.677364, "rap_offset_lon": -7.4e-05, "rap_offset_lat": -6.4e-05, "rap_AFG_2020": 69, "rap_BGR_2020": 1, "rap_LTR_2020": 13, "rap_PFG_2020": 6, "rap_SHR_2020": 0, "rap_TRE_2020": 0, "rap_AFG_2021": 63, "rap_BGR_2021": 6, "rap_LTR_2021": 16, "rap_PFG_2021": 0, "rap_SHR_2021": 3, "rap_TRE_2021": 2, "rap_AFG_2022": 76, "rap_BGR_2022": 21, "rap_LTR_2022": 21, "rap_PFG_2022": 0, "rap_SHR_2022": 0, "rap_TRE_2022": 2, "rap_AFG_2023": 12, "rap_BGR_2023": 0, "rap_LTR_2023": 0, "rap_PFG_2023": 0, "rap_SHR_2023": 0, "rap_TRE_2023": 0, "rap_AFG_2024": 7, "rap_BGR_2024": 1, "rap_LTR_2024": 4, "rap_PFG_2024": 5, "rap_SHR_2024": 0, "rap_TRE_2024": 1, "Ecoregion_Level2": "MEDITERRANEAN CALIFORNIA", "Ecoregion_Level3": "California Coastal Sage, Chaparral, and Oak Woodlands", "livestock_density": 55.954570770263672, "cattle_density": 54.1605224609375, "buffalo_density": null, "sheep_density": 4.9108438491821289, "goat_density": 0.84788185358047485, "Site label": "US-Dia", "PFT": "grass" }, "geometry": { "type": "Point", "coordinates": [ -121.5296, 37.6773 ] } },
{ "type": "Feature", "properties": { "site": "US-Fpe", "lat": 48.3077, "lon": -105.1019, "Ecoregion": "GREAT PLAINS", "Koppen Climate group": "Bsk", "KoppenClimate": "B", "Disturbance": "grazing", "rap_AFG_2019": 5, "rap_BGR_2019": 9, "rap_LTR_2019": 8, "rap_PFG_2019": 60, "rap_SHR_2019": 7, "rap_TRE_2019": 1, "rap_pixel_center_lon": -105.101945, "rap_pixel_center_lat": 48.307578, "rap_offset_lon": 4.5e-05, "rap_offset_lat": 0.000122, "rap_AFG_2020": 7, "rap_BGR_2020": 2, "rap_LTR_2020": 7, "rap_PFG_2020": 77, "rap_SHR_2020": 4, "rap_TRE_2020": 0, "rap_AFG_2021": 5, "rap_BGR_2021": 5, "rap_LTR_2021": 14, "rap_PFG_2021": 74, "rap_SHR_2021": 4, "rap_TRE_2021": 0, "rap_AFG_2022": 8, "rap_BGR_2022": 7, "rap_LTR_2022": 18, "rap_PFG_2022": 64, "rap_SHR_2022": 3, "rap_TRE_2022": 0, "rap_AFG_2023": 20, "rap_BGR_2023": 8, "rap_LTR_2023": 16, "rap_PFG_2023": 42, "rap_SHR_2023": 7, "rap_TRE_2023": 1, "rap_AFG_2024": 12, "rap_BGR_2024": 10, "rap_LTR_2024": 13, "rap_PFG_2024": 47, "rap_SHR_2024": 6, "rap_TRE_2024": 0, "Ecoregion_Level2": "WEST-CENTRAL SEMI-ARID PRAIRIES", "Ecoregion_Level3": "Northwestern Glaciated Plains", "livestock_density": 4.3929738998413086, "cattle_density": 4.3782596588134766, "buffalo_density": null, "sheep_density": 0.10128014534711838, "goat_density": 0.0070840292610228062, "Site label": "US-Fpe", "PFT": "grass" }, "geometry": { "type": "Point", "coordinates": [ -105.1019, 48.3077 ] } },
{ "type": "Feature", "properties": { "site": "US-Fwf", "lat": 35.4454, "lon": -111.7718, "Ecoregion": "TEMPERATE SIERRAS", "Koppen Climate group": "Csb", "KoppenClimate": "C", "Disturbance": "grazing", "rap_AFG_2019": 15, "rap_BGR_2019": 16, "rap_LTR_2019": 14, "rap_PFG_2019": 24, "rap_SHR_2019": 10, "rap_TRE_2019": 6, "rap_pixel_center_lon": -111.771667, "rap_pixel_center_lat": 35.44541, "rap_offset_lon": -0.000133, "rap_offset_lat": -1.0000000000000001e-05, "rap_AFG_2020": 12, "rap_BGR_2020": 16, "rap_LTR_2020": 18, "rap_PFG_2020": 21, "rap_SHR_2020": 11, "rap_TRE_2020": 3, "rap_AFG_2021": 13, "rap_BGR_2021": 13, "rap_LTR_2021": 14, "rap_PFG_2021": 26, "rap_SHR_2021": 12, "rap_TRE_2021": 4, "rap_AFG_2022": 11, "rap_BGR_2022": 4, "rap_LTR_2022": 11, "rap_PFG_2022": 36, "rap_SHR_2022": 6, "rap_TRE_2022": 9, "rap_AFG_2023": 18, "rap_BGR_2023": 5, "rap_LTR_2023": 20, "rap_PFG_2023": 29, "rap_SHR_2023": 10, "rap_TRE_2023": 6, "rap_AFG_2024": 10, "rap_BGR_2024": 8, "rap_LTR_2024": 17, "rap_PFG_2024": 35, "rap_SHR_2024": 12, "rap_TRE_2024": 5, "Ecoregion_Level2": "UPPER GILA MOUNTAINS", "Ecoregion_Level3": "Arizona/New Mexico Mountains", "livestock_density": 1.7586566209793091, "cattle_density": 1.6598829030990601, "buffalo_density": null, "sheep_density": 0.7302471399307251, "goat_density": 0.15920756757259369, "Site label": "US-Fwf", "PFT": "grass" }, "geometry": { "type": "Point", "coordinates": [ -111.7718, 35.4454 ] } },
{ "type": "Feature", "properties": { "site": "US-Hn1", "lat": 46.4089, "lon": -119.275, "Ecoregion": "NORTH AMERICAN DESERTS", "Koppen Climate group": "Bsk", "KoppenClimate": "B", "Disturbance": "non-disturbed", "rap_AFG_2019": 30, "rap_BGR_2019": 6, "rap_LTR_2019": 13, "rap_PFG_2019": 32, "rap_SHR_2019": 9, "rap_TRE_2019": 0, "rap_pixel_center_lon": -119.274935, "rap_pixel_center_lat": 46.408989, "rap_offset_lon": -6.5e-05, "rap_offset_lat": -8.9e-05, "rap_AFG_2020": 58, "rap_BGR_2020": 3, "rap_LTR_2020": 15, "rap_PFG_2020": 12, "rap_SHR_2020": 8, "rap_TRE_2020": 0, "rap_AFG_2021": 46, "rap_BGR_2021": 6, "rap_LTR_2021": 15, "rap_PFG_2021": 17, "rap_SHR_2021": 6, "rap_TRE_2021": 0, "rap_AFG_2022": 57, "rap_BGR_2022": 3, "rap_LTR_2022": 8, "rap_PFG_2022": 21, "rap_SHR_2022": 6, "rap_TRE_2022": 0, "rap_AFG_2023": 38, "rap_BGR_2023": 5, "rap_LTR_2023": 18, "rap_PFG_2023": 23, "rap_SHR_2023": 7, "rap_TRE_2023": 1, "rap_AFG_2024": 41, "rap_BGR_2024": 5, "rap_LTR_2024": 14, "rap_PFG_2024": 13, "rap_SHR_2024": 13, "rap_TRE_2024": 0, "Ecoregion_Level2": "COLD DESERTS", "Ecoregion_Level3": "Columbia Plateau", "livestock_density": 14.069694519042969, "cattle_density": 14.001485824584961, "buffalo_density": null, "sheep_density": 0.29233750700950623, "goat_density": 0.21197806298732758, "Site label": "US-Hn1", "PFT": "sagebrush" }, "geometry": { "type": "Point", "coordinates": [ -119.275, 46.4089 ] } },
{ "type": "Feature", "properties": { "site": "US-Hn2", "lat": 46.6889, "lon": -119.4641, "Ecoregion": "NORTH AMERICAN DESERTS", "Koppen Climate group": "Bsk", "KoppenClimate": "B", "Disturbance": "non-disturbed", "rap_AFG_2019": 12, "rap_BGR_2019": 28, "rap_LTR_2019": 19, "rap_PFG_2019": 22, "rap_SHR_2019": 11, "rap_TRE_2019": 1, "rap_pixel_center_lon": -119.46412, "rap_pixel_center_lat": 46.688994, "rap_offset_lon": 2.0000000000000002e-05, "rap_offset_lat": -9.4e-05, "rap_AFG_2020": 14, "rap_BGR_2020": 25, "rap_LTR_2020": 20, "rap_PFG_2020": 20, "rap_SHR_2020": 12, "rap_TRE_2020": 0, "rap_AFG_2021": 20, "rap_BGR_2021": 23, "rap_LTR_2021": 19, "rap_PFG_2021": 21, "rap_SHR_2021": 8, "rap_TRE_2021": 0, "rap_AFG_2022": 20, "rap_BGR_2022": 17, "rap_LTR_2022": 14, "rap_PFG_2022": 35, "rap_SHR_2022": 7, "rap_TRE_2022": 0, "rap_AFG_2023": 33, "rap_BGR_2023": 17, "rap_LTR_2023": 16, "rap_PFG_2023": 25, "rap_SHR_2023": 4, "rap_TRE_2023": 0, "rap_AFG_2024": 23, "rap_BGR_2024": 22, "rap_LTR_2024": 16, "rap_PFG_2024": 26, "rap_SHR_2024": 7, "rap_TRE_2024": 0, "Ecoregion_Level2": "COLD DESERTS", "Ecoregion_Level3": "Columbia Plateau", "livestock_density": 12.257399559020996, "cattle_density": 12.16603946685791, "buffalo_density": null, "sheep_density": 0.14477436244487762, "goat_density": 0.11785592883825302, "Site label": "US-Hn2", "PFT": "grass" }, "geometry": { "type": "Point", "coordinates": [ -119.4641, 46.6889 ] } },
{ "type": "Feature", "properties": { "site": "US-IB2", "lat": 41.8406, "lon": -88.241, "Ecoregion": "EASTERN TEMPERATE FORESTS", "Koppen Climate group": "Dfa", "KoppenClimate": "D", "Disturbance": "fire", "rap_AFG_2019": 0, "rap_BGR_2019": 1, "rap_LTR_2019": 2, "rap_PFG_2019": 69, "rap_SHR_2019": 5, "rap_TRE_2019": 13, "rap_pixel_center_lon": -88.241016, "rap_pixel_center_lat": 41.840517, "rap_offset_lon": 1.6e-05, "rap_offset_lat": 8.3e-05, "rap_AFG_2020": 4, "rap_BGR_2020": 0, "rap_LTR_2020": 1, "rap_PFG_2020": 56, "rap_SHR_2020": 4, "rap_TRE_2020": 17, "rap_AFG_2021": 6, "rap_BGR_2021": 2, "rap_LTR_2021": 4, "rap_PFG_2021": 62, "rap_SHR_2021": 5, "rap_TRE_2021": 7, "rap_AFG_2022": 8, "rap_BGR_2022": 3, "rap_LTR_2022": 4, "rap_PFG_2022": 52, "rap_SHR_2022": 7, "rap_TRE_2022": 8, "rap_AFG_2023": 6, "rap_BGR_2023": 2, "rap_LTR_2023": 4, "rap_PFG_2023": 57, "rap_SHR_2023": 9, "rap_TRE_2023": 9, "rap_AFG_2024": 10, "rap_BGR_2024": 1, "rap_LTR_2024": 2, "rap_PFG_2024": 65, "rap_SHR_2024": 7, "rap_TRE_2024": 5, "Ecoregion_Level2": "CENTRAL USA PLAINS", "Ecoregion_Level3": "Central Corn Belt Plains", "livestock_density": 0.036750927567481995, "cattle_density": 0.017383668571710587, "buffalo_density": null, "sheep_density": 0.1083705946803093, "goat_density": 0.035377856343984604, "Site label": "US-IB2", "PFT": "grass" }, "geometry": { "type": "Point", "coordinates": [ -88.241, 41.8406 ] } },
{ "type": "Feature", "properties": { "site": "US-Jo1", "lat": 32.582, "lon": -106.635, "Ecoregion": "NORTH AMERICAN DESERTS", "Koppen Climate group": "Bwk", "KoppenClimate": "B", "Disturbance": "grazing", "rap_AFG_2019": 1, "rap_BGR_2019": 28, "rap_LTR_2019": 8, "rap_PFG_2019": 2, "rap_SHR_2019": 23, "rap_TRE_2019": 0, "rap_pixel_center_lon": -106.6351, "rap_pixel_center_lat": 32.58203, "rap_offset_lon": 0.0001, "rap_offset_lat": -3.0000000000000001e-05, "rap_AFG_2020": 1, "rap_BGR_2020": 27, "rap_LTR_2020": 9, "rap_PFG_2020": 1, "rap_SHR_2020": 26, "rap_TRE_2020": 0, "rap_AFG_2021": 3, "rap_BGR_2021": 30, "rap_LTR_2021": 10, "rap_PFG_2021": 10, "rap_SHR_2021": 22, "rap_TRE_2021": 0, "rap_AFG_2022": 4, "rap_BGR_2022": 27, "rap_LTR_2022": 12, "rap_PFG_2022": 17, "rap_SHR_2022": 18, "rap_TRE_2022": 0, "rap_AFG_2023": 1, "rap_BGR_2023": 29, "rap_LTR_2023": 12, "rap_PFG_2023": 14, "rap_SHR_2023": 17, "rap_TRE_2023": 0, "rap_AFG_2024": 0, "rap_BGR_2024": 30, "rap_LTR_2024": 11, "rap_PFG_2024": 4, "rap_SHR_2024": 19, "rap_TRE_2024": 0, "Ecoregion_Level2": "WARM DESERTS", "Ecoregion_Level3": "Chihuahuan Desert", "livestock_density": 5.3343057632446289, "cattle_density": 5.2405924797058105, "buffalo_density": null, "sheep_density": 0.092414595186710358, "goat_density": 0.086837850511074066, "Site label": "US-Jo1", "PFT": "desert-scrub" }, "geometry": { "type": "Point", "coordinates": [ -106.635, 32.582 ] } },
{ "type": "Feature", "properties": { "site": "US-Jo2", "lat": 32.585, "lon": -106.603, "Ecoregion": "NORTH AMERICAN DESERTS", "Koppen Climate group": "Bwk ", "KoppenClimate": "B", "Disturbance": "non-disturbed", "rap_AFG_2019": 0, "rap_BGR_2019": 22, "rap_LTR_2019": 8, "rap_PFG_2019": 6, "rap_SHR_2019": 23, "rap_TRE_2019": 0, "rap_pixel_center_lon": -106.60303, "rap_pixel_center_lat": 32.584995, "rap_offset_lon": 3.0000000000000001e-05, "rap_offset_lat": 5.0000000000000004e-06, "rap_AFG_2020": 0, "rap_BGR_2020": 20, "rap_LTR_2020": 9, "rap_PFG_2020": 8, "rap_SHR_2020": 23, "rap_TRE_2020": 0, "rap_AFG_2021": 1, "rap_BGR_2021": 24, "rap_LTR_2021": 9, "rap_PFG_2021": 13, "rap_SHR_2021": 23, "rap_TRE_2021": 0, "rap_AFG_2022": 2, "rap_BGR_2022": 22, "rap_LTR_2022": 11, "rap_PFG_2022": 19, "rap_SHR_2022": 19, "rap_TRE_2022": 1, "rap_AFG_2023": 1, "rap_BGR_2023": 21, "rap_LTR_2023": 11, "rap_PFG_2023": 15, "rap_SHR_2023": 20, "rap_TRE_2023": 1, "rap_AFG_2024": 0, "rap_BGR_2024": 25, "rap_LTR_2024": 10, "rap_PFG_2024": 6, "rap_SHR_2024": 20, "rap_TRE_2024": 0, "Ecoregion_Level2": "WARM DESERTS", "Ecoregion_Level3": "Chihuahuan Desert", "livestock_density": 5.1666054725646973, "cattle_density": 5.0895404815673828, "buffalo_density": null, "sheep_density": 0.074897989630699158, "goat_density": 0.071634657680988312, "Site label": "US-Jo2", "PFT": "desert-scrub" }, "geometry": { "type": "Point", "coordinates": [ -106.603, 32.585 ] } },
{ "type": "Feature", "properties": { "site": "US-KFS", "lat": 39.0561, "lon": -95.1907, "Ecoregion": "GREAT PLAINS", "Koppen Climate group": "Cfa", "KoppenClimate": "C", "Disturbance": "non-disturbed", "rap_AFG_2019": 7, "rap_BGR_2019": 1, "rap_LTR_2019": 3, "rap_PFG_2019": 87, "rap_SHR_2019": 0, "rap_TRE_2019": 1, "rap_pixel_center_lon": -95.190743, "rap_pixel_center_lat": 39.056099, "rap_offset_lon": 4.3e-05, "rap_offset_lat": 9.9999999999999995e-07, "rap_AFG_2020": 10, "rap_BGR_2020": 1, "rap_LTR_2020": 2, "rap_PFG_2020": 84, "rap_SHR_2020": 0, "rap_TRE_2020": 0, "rap_AFG_2021": 5, "rap_BGR_2021": 0, "rap_LTR_2021": 3, "rap_PFG_2021": 91, "rap_SHR_2021": 0, "rap_TRE_2021": 0, "rap_AFG_2022": 5, "rap_BGR_2022": 1, "rap_LTR_2022": 2, "rap_PFG_2022": 90, "rap_SHR_2022": 1, "rap_TRE_2022": 0, "rap_AFG_2023": 3, "rap_BGR_2023": 2, "rap_LTR_2023": 2, "rap_PFG_2023": 87, "rap_SHR_2023": 3, "rap_TRE_2023": 1, "rap_AFG_2024": 3, "rap_BGR_2024": 1, "rap_LTR_2024": 3, "rap_PFG_2024": 89, "rap_SHR_2024": 1, "rap_TRE_2024": 1, "Ecoregion_Level2": "TEMPERATE PRAIRIES", "Ecoregion_Level3": "Central Irregular Plains", "livestock_density": 25.28300666809082, "cattle_density": 25.0626220703125, "buffalo_density": null, "sheep_density": 0.62002021074295044, "goat_density": 0.75785332918167114, "Site label": "US-KFS", "PFT": "grass" }, "geometry": { "type": "Point", "coordinates": [ -95.1907, 39.0561 ] } },
{ "type": "Feature", "properties": { "site": "US-KLS", "lat": 38.7745, "lon": -97.5684, "Ecoregion": "GREAT PLAINS", "Koppen Climate group": null, "KoppenClimate": null, "Disturbance": null, "rap_AFG_2019": 12, "rap_BGR_2019": 3, "rap_LTR_2019": 4, "rap_PFG_2019": 71, "rap_SHR_2019": 1, "rap_TRE_2019": 2, "rap_pixel_center_lon": -97.568493, "rap_pixel_center_lat": 38.774477, "rap_offset_lon": 9.3e-05, "rap_offset_lat": 2.3e-05, "rap_AFG_2020": 13, "rap_BGR_2020": 6, "rap_LTR_2020": 7, "rap_PFG_2020": 75, "rap_SHR_2020": 1, "rap_TRE_2020": 6, "rap_AFG_2021": 16, "rap_BGR_2021": 6, "rap_LTR_2021": 8, "rap_PFG_2021": 38, "rap_SHR_2021": 6, "rap_TRE_2021": 10, "rap_AFG_2022": 19, "rap_BGR_2022": 6, "rap_LTR_2022": 5, "rap_PFG_2022": 52, "rap_SHR_2022": 5, "rap_TRE_2022": 12, "rap_AFG_2023": 10, "rap_BGR_2023": 7, "rap_LTR_2023": 8, "rap_PFG_2023": 52, "rap_SHR_2023": 7, "rap_TRE_2023": 17, "rap_AFG_2024": 12, "rap_BGR_2024": 6, "rap_LTR_2024": 5, "rap_PFG_2024": 34, "rap_SHR_2024": 8, "rap_TRE_2024": 10, "Ecoregion_Level2": "SOUTH CENTRAL SEMI-ARID PRAIRIES", "Ecoregion_Level3": "Central Great Plains", "livestock_density": 15.965953826904297, "cattle_density": 15.814702987670898, "buffalo_density": null, "sheep_density": 1.0271776914596558, "goat_density": 0.20791999995708466, "Site label": null, "PFT": null }, "geometry": { "type": "Point", "coordinates": [ -97.5684, 38.7745 ] } },
{ "type": "Feature", "properties": { "site": "US-KM2", "lat": 42.4441, "lon": -85.3098, "Ecoregion": "EASTERN TEMPERATE FORESTS", "Koppen Climate group": "Dfa", "KoppenClimate": "D", "Disturbance": "harvest", "rap_AFG_2019": 4, "rap_BGR_2019": 2, "rap_LTR_2019": 2, "rap_PFG_2019": 79, "rap_SHR_2019": 6, "rap_TRE_2019": 2, "rap_pixel_center_lon": -85.309724, "rap_pixel_center_lat": 42.444184, "rap_offset_lon": -7.6e-05, "rap_offset_lat": -8.4e-05, "rap_AFG_2020": 6, "rap_BGR_2020": 1, "rap_LTR_2020": 2, "rap_PFG_2020": 82, "rap_SHR_2020": 4, "rap_TRE_2020": 1, "rap_AFG_2021": 6, "rap_BGR_2021": 1, "rap_LTR_2021": 2, "rap_PFG_2021": 81, "rap_SHR_2021": 3, "rap_TRE_2021": 1, "rap_AFG_2022": 5, "rap_BGR_2022": 2, "rap_LTR_2022": 2, "rap_PFG_2022": 82, "rap_SHR_2022": 3, "rap_TRE_2022": 1, "rap_AFG_2023": 8, "rap_BGR_2023": 2, "rap_LTR_2023": 3, "rap_PFG_2023": 68, "rap_SHR_2023": 6, "rap_TRE_2023": 2, "rap_AFG_2024": 25, "rap_BGR_2024": 1, "rap_LTR_2024": 4, "rap_PFG_2024": 57, "rap_SHR_2024": 4, "rap_TRE_2024": 3, "Ecoregion_Level2": "MIXED WOOD PLAINS", "Ecoregion_Level3": "Southern Michigan/Northern Indiana Drift Plains", "livestock_density": 25.494649887084961, "cattle_density": 24.427150726318359, "buffalo_density": null, "sheep_density": 0.75162589550018311, "goat_density": 0.52089571952819824, "Site label": "US-KM2", "PFT": "grass" }, "geometry": { "type": "Point", "coordinates": [ -85.3098, 42.4441 ] } },
{ "type": "Feature", "properties": { "site": "US-KM3", "lat": 42.4464, "lon": -85.3105, "Ecoregion": "EASTERN TEMPERATE FORESTS", "Koppen Climate group": "Dfa", "KoppenClimate": "D", "Disturbance": "harvest", "rap_AFG_2019": 6, "rap_BGR_2019": 5, "rap_LTR_2019": 5, "rap_PFG_2019": 43, "rap_SHR_2019": 5, "rap_TRE_2019": 5, "rap_pixel_center_lon": -85.310532, "rap_pixel_center_lat": 42.44634, "rap_offset_lon": 3.2e-05, "rap_offset_lat": 6.0000000000000002e-05, "rap_AFG_2020": 6, "rap_BGR_2020": 4, "rap_LTR_2020": 5, "rap_PFG_2020": 51, "rap_SHR_2020": 4, "rap_TRE_2020": 4, "rap_AFG_2021": 5, "rap_BGR_2021": 5, "rap_LTR_2021": 6, "rap_PFG_2021": 43, "rap_SHR_2021": 4, "rap_TRE_2021": 6, "rap_AFG_2022": 5, "rap_BGR_2022": 4, "rap_LTR_2022": 4, "rap_PFG_2022": 32, "rap_SHR_2022": 4, "rap_TRE_2022": 15, "rap_AFG_2023": 4, "rap_BGR_2023": 3, "rap_LTR_2023": 4, "rap_PFG_2023": 52, "rap_SHR_2023": 4, "rap_TRE_2023": 7, "rap_AFG_2024": 4, "rap_BGR_2024": 0, "rap_LTR_2024": 0, "rap_PFG_2024": 11, "rap_SHR_2024": 0, "rap_TRE_2024": 0, "Ecoregion_Level2": "MIXED WOOD PLAINS", "Ecoregion_Level3": "Southern Michigan/Northern Indiana Drift Plains", "livestock_density": 25.494649887084961, "cattle_density": 24.427150726318359, "buffalo_density": null, "sheep_density": 0.75162589550018311, "goat_density": 0.52089571952819824, "Site label": "US-KM3", "PFT": "grass" }, "geometry": { "type": "Point", "coordinates": [ -85.3105, 42.4464 ] } },
{ "type": "Feature", "properties": { "site": "US-KM4", "lat": 42.4423, "lon": -85.3301, "Ecoregion": "EASTERN TEMPERATE FORESTS", "Koppen Climate group": "Dfa", "KoppenClimate": "D", "Disturbance": "harvest", "rap_AFG_2019": 7, "rap_BGR_2019": 1, "rap_LTR_2019": 2, "rap_PFG_2019": 81, "rap_SHR_2019": 4, "rap_TRE_2019": 1, "rap_pixel_center_lon": -85.330205, "rap_pixel_center_lat": 42.442298, "rap_offset_lon": 0.000105, "rap_offset_lat": 1.9999999999999999e-06, "rap_AFG_2020": 8, "rap_BGR_2020": 2, "rap_LTR_2020": 3, "rap_PFG_2020": 73, "rap_SHR_2020": 5, "rap_TRE_2020": 2, "rap_AFG_2021": 6, "rap_BGR_2021": 1, "rap_LTR_2021": 3, "rap_PFG_2021": 64, "rap_SHR_2021": 6, "rap_TRE_2021": 6, "rap_AFG_2022": 2, "rap_BGR_2022": 1, "rap_LTR_2022": 3, "rap_PFG_2022": 74, "rap_SHR_2022": 6, "rap_TRE_2022": 4, "rap_AFG_2023": 3, "rap_BGR_2023": 1, "rap_LTR_2023": 3, "rap_PFG_2023": 62, "rap_SHR_2023": 9, "rap_TRE_2023": 13, "rap_AFG_2024": 19, "rap_BGR_2024": 2, "rap_LTR_2024": 4, "rap_PFG_2024": 63, "rap_SHR_2024": 4, "rap_TRE_2024": 3, "Ecoregion_Level2": "MIXED WOOD PLAINS", "Ecoregion_Level3": "Southern Michigan/Northern Indiana Drift Plains", "livestock_density": 25.494649887084961, "cattle_density": 24.427150726318359, "buffalo_density": null, "sheep_density": 0.75162589550018311, "goat_density": 0.52089571952819824, "Site label": "US-KM4", "PFT": "grass" }, "geometry": { "type": "Point", "coordinates": [ -85.3301, 42.4423 ] } },
{ "type": "Feature", "properties": { "site": "US-Kon", "lat": 39.0824, "lon": -96.5603, "Ecoregion": "GREAT PLAINS", "Koppen Climate group": "Cfa", "KoppenClimate": "C", "Disturbance": "fire", "rap_AFG_2019": 0, "rap_BGR_2019": 2, "rap_LTR_2019": 0, "rap_PFG_2019": 94, "rap_SHR_2019": 1, "rap_TRE_2019": 0, "rap_pixel_center_lon": -96.560314, "rap_pixel_center_lat": 39.082509, "rap_offset_lon": 1.4e-05, "rap_offset_lat": -0.000109, "rap_AFG_2020": 3, "rap_BGR_2020": 2, "rap_LTR_2020": 1, "rap_PFG_2020": 91, "rap_SHR_2020": 2, "rap_TRE_2020": 0, "rap_AFG_2021": 0, "rap_BGR_2021": 1, "rap_LTR_2021": 0, "rap_PFG_2021": 95, "rap_SHR_2021": 2, "rap_TRE_2021": 0, "rap_AFG_2022": 1, "rap_BGR_2022": 1, "rap_LTR_2022": 0, "rap_PFG_2022": 95, "rap_SHR_2022": 1, "rap_TRE_2022": 1, "rap_AFG_2023": 4, "rap_BGR_2023": 2, "rap_LTR_2023": 2, "rap_PFG_2023": 85, "rap_SHR_2023": 0, "rap_TRE_2023": 1, "rap_AFG_2024": 1, "rap_BGR_2024": 2, "rap_LTR_2024": 0, "rap_PFG_2024": 94, "rap_SHR_2024": 0, "rap_TRE_2024": 1, "Ecoregion_Level2": "SOUTH CENTRAL SEMI-ARID PRAIRIES", "Ecoregion_Level3": "Flint Hills", "livestock_density": 21.077827453613281, "cattle_density": 20.634540557861328, "buffalo_density": null, "sheep_density": 0.37679272890090942, "goat_density": 0.32653951644897461, "Site label": "US-Kon", "PFT": "grass" }, "geometry": { "type": "Point", "coordinates": [ -96.5603, 39.0824 ] } },
{ "type": "Feature", "properties": { "site": "US-LS1", "lat": 31.5615, "lon": -110.1403, "Ecoregion": "SOUTHERN SEMI-ARID HIGHLANDS", "Koppen Climate group": "Bwh", "KoppenClimate": "B", "Disturbance": "non-disturbed", "rap_AFG_2019": 8, "rap_BGR_2019": 0, "rap_LTR_2019": 5, "rap_PFG_2019": 72, "rap_SHR_2019": 4, "rap_TRE_2019": 6, "rap_pixel_center_lon": -110.140416, "rap_pixel_center_lat": 31.561454, "rap_offset_lon": 0.000116, "rap_offset_lat": 4.6e-05, "rap_AFG_2020": 13, "rap_BGR_2020": 1, "rap_LTR_2020": 5, "rap_PFG_2020": 63, "rap_SHR_2020": 9, "rap_TRE_2020": 4, "rap_AFG_2021": 8, "rap_BGR_2021": 1, "rap_LTR_2021": 5, "rap_PFG_2021": 76, "rap_SHR_2021": 3, "rap_TRE_2021": 3, "rap_AFG_2022": 9, "rap_BGR_2022": 0, "rap_LTR_2022": 5, "rap_PFG_2022": 73, "rap_SHR_2022": 2, "rap_TRE_2022": 4, "rap_AFG_2023": 9, "rap_BGR_2023": 2, "rap_LTR_2023": 7, "rap_PFG_2023": 66, "rap_SHR_2023": 6, "rap_TRE_2023": 5, "rap_AFG_2024": 8, "rap_BGR_2024": 2, "rap_LTR_2024": 6, "rap_PFG_2024": 71, "rap_SHR_2024": 6, "rap_TRE_2024": 3, "Ecoregion_Level2": "WESTERN SIERRA MADRE PIEDMONT", "Ecoregion_Level3": "Madrean Archipelago", "livestock_density": 8.6026487350463867, "cattle_density": 8.5674762725830078, "buffalo_density": null, "sheep_density": 0.095036104321479797, "goat_density": 0.10479563474655151, "Site label": "US-LS1", "PFT": "grass" }, "geometry": { "type": "Point", "coordinates": [ -110.1403, 31.5615 ] } },
{ "type": "Feature", "properties": { "site": "US-LS2", "lat": 31.5659, "lon": -110.1344, "Ecoregion": "SOUTHERN SEMI-ARID HIGHLANDS", "Koppen Climate group": "Bwh", "KoppenClimate": "B", "Disturbance": "non-disturbed", "rap_AFG_2019": 6, "rap_BGR_2019": 12, "rap_LTR_2019": 15, "rap_PFG_2019": 12, "rap_SHR_2019": 29, "rap_TRE_2019": 19, "rap_pixel_center_lon": -110.134487, "rap_pixel_center_lat": 31.565766, "rap_offset_lon": 8.7e-05, "rap_offset_lat": 0.000134, "rap_AFG_2020": 9, "rap_BGR_2020": 8, "rap_LTR_2020": 15, "rap_PFG_2020": 1, "rap_SHR_2020": 45, "rap_TRE_2020": 16, "rap_AFG_2021": 9, "rap_BGR_2021": 7, "rap_LTR_2021": 21, "rap_PFG_2021": 1, "rap_SHR_2021": 38, "rap_TRE_2021": 17, "rap_AFG_2022": 6, "rap_BGR_2022": 7, "rap_LTR_2022": 16, "rap_PFG_2022": 3, "rap_SHR_2022": 35, "rap_TRE_2022": 23, "rap_AFG_2023": 5, "rap_BGR_2023": 7, "rap_LTR_2023": 17, "rap_PFG_2023": 5, "rap_SHR_2023": 35, "rap_TRE_2023": 23, "rap_AFG_2024": 4, "rap_BGR_2024": 17, "rap_LTR_2024": 15, "rap_PFG_2024": 12, "rap_SHR_2024": 32, "rap_TRE_2024": 13, "Ecoregion_Level2": "WESTERN SIERRA MADRE PIEDMONT", "Ecoregion_Level3": "Madrean Archipelago", "livestock_density": 8.6026487350463867, "cattle_density": 8.5674762725830078, "buffalo_density": null, "sheep_density": 0.095036104321479797, "goat_density": 0.10479563474655151, "Site label": "US-LS2", "PFT": "desert-scrub" }, "geometry": { "type": "Point", "coordinates": [ -110.1344, 31.5659 ] } },
{ "type": "Feature", "properties": { "site": "US-Mpj", "lat": 34.4385, "lon": -106.2377, "Ecoregion": "GREAT PLAINS", "Koppen Climate group": "Bsk", "KoppenClimate": "B", "Disturbance": "non-disturbed", "rap_AFG_2019": 2, "rap_BGR_2019": 17, "rap_LTR_2019": 15, "rap_PFG_2019": 21, "rap_SHR_2019": 12, "rap_TRE_2019": 22, "rap_pixel_center_lon": -106.237595, "rap_pixel_center_lat": 34.438578, "rap_offset_lon": -0.000105, "rap_offset_lat": -7.8e-05, "rap_AFG_2020": 2, "rap_BGR_2020": 17, "rap_LTR_2020": 15, "rap_PFG_2020": 19, "rap_SHR_2020": 12, "rap_TRE_2020": 25, "rap_AFG_2021": 1, "rap_BGR_2021": 15, "rap_LTR_2021": 16, "rap_PFG_2021": 24, "rap_SHR_2021": 9, "rap_TRE_2021": 26, "rap_AFG_2022": 1, "rap_BGR_2022": 11, "rap_LTR_2022": 17, "rap_PFG_2022": 28, "rap_SHR_2022": 10, "rap_TRE_2022": 24, "rap_AFG_2023": 2, "rap_BGR_2023": 11, "rap_LTR_2023": 18, "rap_PFG_2023": 24, "rap_SHR_2023": 9, "rap_TRE_2023": 25, "rap_AFG_2024": 1, "rap_BGR_2024": 18, "rap_LTR_2024": 16, "rap_PFG_2024": 19, "rap_SHR_2024": 7, "rap_TRE_2024": 34, "Ecoregion_Level2": "SOUTH CENTRAL SEMI-ARID PRAIRIES", "Ecoregion_Level3": "Southwestern Tablelands", "livestock_density": 3.7396624088287354, "cattle_density": 3.7006587982177734, "buffalo_density": null, "sheep_density": 0.1988682746887207, "goat_density": 0.15369695425033569, "Site label": "US-Mpj", "PFT": "grass-tree" }, "geometry": { "type": "Point", "coordinates": [ -106.2377, 34.4385 ] } },
{ "type": "Feature", "properties": { "site": "US-RFW", "lat": 39.8751, "lon": -105.2184, "Ecoregion": "GREAT PLAINS", "Koppen Climate group": "Bsk", "KoppenClimate": "B", "Disturbance": "non-disturbed", "rap_AFG_2019": 27, "rap_BGR_2019": 2, "rap_LTR_2019": 7, "rap_PFG_2019": 41, "rap_SHR_2019": 21, "rap_TRE_2019": 4, "rap_pixel_center_lon": -105.218367, "rap_pixel_center_lat": 39.875093, "rap_offset_lon": -3.3e-05, "rap_offset_lat": 6.9999999999999999e-06, "rap_AFG_2020": 13, "rap_BGR_2020": 4, "rap_LTR_2020": 16, "rap_PFG_2020": 42, "rap_SHR_2020": 20, "rap_TRE_2020": 3, "rap_AFG_2021": 14, "rap_BGR_2021": 5, "rap_LTR_2021": 10, "rap_PFG_2021": 56, "rap_SHR_2021": 9, "rap_TRE_2021": 3, "rap_AFG_2022": 11, "rap_BGR_2022": 9, "rap_LTR_2022": 21, "rap_PFG_2022": 45, "rap_SHR_2022": 9, "rap_TRE_2022": 2, "rap_AFG_2023": 14, "rap_BGR_2023": 7, "rap_LTR_2023": 12, "rap_PFG_2023": 42, "rap_SHR_2023": 23, "rap_TRE_2023": 1, "rap_AFG_2024": 18, "rap_BGR_2024": 8, "rap_LTR_2024": 16, "rap_PFG_2024": 20, "rap_SHR_2024": 34, "rap_TRE_2024": 3, "Ecoregion_Level2": "SOUTH CENTRAL SEMI-ARID PRAIRIES", "Ecoregion_Level3": "High Plains", "livestock_density": 1.5952976942062378, "cattle_density": 1.5544712543487549, "buffalo_density": null, "sheep_density": 0.22195616364479065, "goat_density": 0.12368722259998322, "Site label": "US-RFW", "PFT": "grass" }, "geometry": { "type": "Point", "coordinates": [ -105.2184, 39.8751 ] } },
{ "type": "Feature", "properties": { "site": "US-Rls", "lat": 43.1439, "lon": -116.7356, "Ecoregion": "NORTH AMERICAN DESERTS", "Koppen Climate group": "Bsh", "KoppenClimate": "B", "Disturbance": "grazing", "rap_AFG_2019": 12, "rap_BGR_2019": 6, "rap_LTR_2019": 7, "rap_PFG_2019": 48, "rap_SHR_2019": 20, "rap_TRE_2019": 0, "rap_pixel_center_lon": -116.735487, "rap_pixel_center_lat": 43.143792, "rap_offset_lon": -0.000113, "rap_offset_lat": 0.000108, "rap_AFG_2020": 12, "rap_BGR_2020": 5, "rap_LTR_2020": 9, "rap_PFG_2020": 42, "rap_SHR_2020": 26, "rap_TRE_2020": 0, "rap_AFG_2021": 9, "rap_BGR_2021": 6, "rap_LTR_2021": 11, "rap_PFG_2021": 37, "rap_SHR_2021": 29, "rap_TRE_2021": 0, "rap_AFG_2022": 17, "rap_BGR_2022": 6, "rap_LTR_2022": 8, "rap_PFG_2022": 32, "rap_SHR_2022": 32, "rap_TRE_2022": 0, "rap_AFG_2023": 12, "rap_BGR_2023": 4, "rap_LTR_2023": 8, "rap_PFG_2023": 45, "rap_SHR_2023": 27, "rap_TRE_2023": 0, "rap_AFG_2024": 6, "rap_BGR_2024": 5, "rap_LTR_2024": 8, "rap_PFG_2024": 54, "rap_SHR_2024": 20, "rap_TRE_2024": 1, "Ecoregion_Level2": "COLD DESERTS", "Ecoregion_Level3": "Northern Basin and Range", "livestock_density": 7.7684454917907715, "cattle_density": 7.7335295677185059, "buffalo_density": null, "sheep_density": 0.27174502611160278, "goat_density": 0.026023579761385918, "Site label": "US-Rls", "PFT": "sagebrush" }, "geometry": { "type": "Point", "coordinates": [ -116.7356, 43.1439 ] } },
{ "type": "Feature", "properties": { "site": "US-Rms", "lat": 43.0645, "lon": -116.7486, "Ecoregion": "NORTH AMERICAN DESERTS", "Koppen Climate group": "Bsh", "KoppenClimate": "B", "Disturbance": "grazing", "rap_AFG_2019": 2, "rap_BGR_2019": 12, "rap_LTR_2019": 15, "rap_PFG_2019": 26, "rap_SHR_2019": 37, "rap_TRE_2019": 3, "rap_pixel_center_lon": -116.748693, "rap_pixel_center_lat": 43.064561, "rap_offset_lon": 9.3e-05, "rap_offset_lat": -6.1e-05, "rap_AFG_2020": 0, "rap_BGR_2020": 13, "rap_LTR_2020": 13, "rap_PFG_2020": 26, "rap_SHR_2020": 37, "rap_TRE_2020": 6, "rap_AFG_2021": 2, "rap_BGR_2021": 8, "rap_LTR_2021": 11, "rap_PFG_2021": 33, "rap_SHR_2021": 26, "rap_TRE_2021": 11, "rap_AFG_2022": 1, "rap_BGR_2022": 5, "rap_LTR_2022": 13, "rap_PFG_2022": 31, "rap_SHR_2022": 17, "rap_TRE_2022": 26, "rap_AFG_2023": 1, "rap_BGR_2023": 6, "rap_LTR_2023": 13, "rap_PFG_2023": 26, "rap_SHR_2023": 27, "rap_TRE_2023": 21, "rap_AFG_2024": 1, "rap_BGR_2024": 8, "rap_LTR_2024": 15, "rap_PFG_2024": 22, "rap_SHR_2024": 30, "rap_TRE_2024": 14, "Ecoregion_Level2": "COLD DESERTS", "Ecoregion_Level3": "Northern Basin and Range", "livestock_density": 3.9273324012756348, "cattle_density": 3.9068777561187744, "buffalo_density": null, "sheep_density": 0.15160398185253143, "goat_density": 0.016312997788190842, "Site label": "US-Rms", "PFT": "sagebrush" }, "geometry": { "type": "Point", "coordinates": [ -116.7486, 43.0645 ] } },
{ "type": "Feature", "properties": { "site": "US-Ro4", "lat": 44.6781, "lon": -93.0723, "Ecoregion": "GREAT PLAINS", "Koppen Climate group": "Dfa", "KoppenClimate": "D", "Disturbance": "fire", "rap_AFG_2019": 0, "rap_BGR_2019": 0, "rap_LTR_2019": 1, "rap_PFG_2019": 19, "rap_SHR_2019": 1, "rap_TRE_2019": 0, "rap_pixel_center_lon": -93.072246, "rap_pixel_center_lat": 44.678025, "rap_offset_lon": -5.4e-05, "rap_offset_lat": 7.5e-05, "rap_AFG_2020": 8, "rap_BGR_2020": 3, "rap_LTR_2020": 4, "rap_PFG_2020": 67, "rap_SHR_2020": 3, "rap_TRE_2020": 1, "rap_AFG_2021": 8, "rap_BGR_2021": 2, "rap_LTR_2021": 3, "rap_PFG_2021": 71, "rap_SHR_2021": 4, "rap_TRE_2021": 1, "rap_AFG_2022": 8, "rap_BGR_2022": 0, "rap_LTR_2022": 2, "rap_PFG_2022": 71, "rap_SHR_2022": 0, "rap_TRE_2022": 0, "rap_AFG_2023": 6, "rap_BGR_2023": 2, "rap_LTR_2023": 3, "rap_PFG_2023": 83, "rap_SHR_2023": 2, "rap_TRE_2023": 0, "rap_AFG_2024": 2, "rap_BGR_2024": 1, "rap_LTR_2024": 1, "rap_PFG_2024": 33, "rap_SHR_2024": 1, "rap_TRE_2024": 1, "Ecoregion_Level2": "TEMPERATE PRAIRIES", "Ecoregion_Level3": "Western Corn Belt Plains", "livestock_density": 20.33601188659668, "cattle_density": 18.328556060791016, "buffalo_density": null, "sheep_density": 0.70543015003204346, "goat_density": 0.32064315676689148, "Site label": "US-Ro4", "PFT": "grass" }, "geometry": { "type": "Point", "coordinates": [ -93.0723, 44.6781 ] } },
{ "type": "Feature", "properties": { "site": "US-Rwe", "lat": 43.0653, "lon": -116.7591, "Ecoregion": "NORTH AMERICAN DESERTS", "Koppen Climate group": "Bsh", "KoppenClimate": "B", "Disturbance": "grazing", "rap_AFG_2019": 5, "rap_BGR_2019": 14, "rap_LTR_2019": 16, "rap_PFG_2019": 30, "rap_SHR_2019": 18, "rap_TRE_2019": 10, "rap_pixel_center_lon": -116.759203, "rap_pixel_center_lat": 43.065369, "rap_offset_lon": 0.000103, "rap_offset_lat": -6.9e-05, "rap_AFG_2020": 3, "rap_BGR_2020": 13, "rap_LTR_2020": 9, "rap_PFG_2020": 40, "rap_SHR_2020": 15, "rap_TRE_2020": 12, "rap_AFG_2021": 0, "rap_BGR_2021": 16, "rap_LTR_2021": 13, "rap_PFG_2021": 35, "rap_SHR_2021": 12, "rap_TRE_2021": 18, "rap_AFG_2022": 0, "rap_BGR_2022": 13, "rap_LTR_2022": 10, "rap_PFG_2022": 37, "rap_SHR_2022": 10, "rap_TRE_2022": 23, "rap_AFG_2023": 4, "rap_BGR_2023": 10, "rap_LTR_2023": 13, "rap_PFG_2023": 24, "rap_SHR_2023": 15, "rap_TRE_2023": 27, "rap_AFG_2024": 3, "rap_BGR_2024": 12, "rap_LTR_2024": 10, "rap_PFG_2024": 37, "rap_SHR_2024": 13, "rap_TRE_2024": 18, "Ecoregion_Level2": "COLD DESERTS", "Ecoregion_Level3": "Northern Basin and Range", "livestock_density": 4.953460693359375, "cattle_density": 4.9227809906005859, "buffalo_density": null, "sheep_density": 0.22943668067455292, "goat_density": 0.01525183767080307, "Site label": "US-Rwe", "PFT": "sagebrush" }, "geometry": { "type": "Point", "coordinates": [ -116.7591, 43.0653 ] } },
{ "type": "Feature", "properties": { "site": "US-Rwf", "lat": 43.1207, "lon": -116.7231, "Ecoregion": "NORTH AMERICAN DESERTS", "Koppen Climate group": "Bsh", "KoppenClimate": "B", "Disturbance": "grazing", "rap_AFG_2019": 1, "rap_BGR_2019": 1, "rap_LTR_2019": 5, "rap_PFG_2019": 55, "rap_SHR_2019": 37, "rap_TRE_2019": 1, "rap_pixel_center_lon": -116.723091, "rap_pixel_center_lat": 43.120616, "rap_offset_lon": -9.0000000000000002e-06, "rap_offset_lat": 8.4e-05, "rap_AFG_2020": 4, "rap_BGR_2020": 2, "rap_LTR_2020": 7, "rap_PFG_2020": 45, "rap_SHR_2020": 39, "rap_TRE_2020": 3, "rap_AFG_2021": 4, "rap_BGR_2021": 2, "rap_LTR_2021": 10, "rap_PFG_2021": 51, "rap_SHR_2021": 32, "rap_TRE_2021": 0, "rap_AFG_2022": 5, "rap_BGR_2022": 2, "rap_LTR_2022": 5, "rap_PFG_2022": 55, "rap_SHR_2022": 30, "rap_TRE_2022": 1, "rap_AFG_2023": 5, "rap_BGR_2023": 2, "rap_LTR_2023": 6, "rap_PFG_2023": 48, "rap_SHR_2023": 28, "rap_TRE_2023": 5, "rap_AFG_2024": 0, "rap_BGR_2024": 3, "rap_LTR_2024": 11, "rap_PFG_2024": 42, "rap_SHR_2024": 39, "rap_TRE_2024": 4, "Ecoregion_Level2": "COLD DESERTS", "Ecoregion_Level3": "Northern Basin and Range", "livestock_density": 7.7684454917907715, "cattle_density": 7.7335295677185059, "buffalo_density": null, "sheep_density": 0.27174502611160278, "goat_density": 0.026023579761385918, "Site label": "US-Rwf", "PFT": "sagebrush" }, "geometry": { "type": "Point", "coordinates": [ -116.7231, 43.1207 ] } },
{ "type": "Feature", "properties": { "site": "US-Rws", "lat": 43.1675, "lon": -116.7132, "Ecoregion": "NORTH AMERICAN DESERTS", "Koppen Climate group": "Bsk", "KoppenClimate": "B", "Disturbance": "grazing", "rap_AFG_2019": 9, "rap_BGR_2019": 15, "rap_LTR_2019": 12, "rap_PFG_2019": 38, "rap_SHR_2019": 19, "rap_TRE_2019": 0, "rap_pixel_center_lon": -116.713119, "rap_pixel_center_lat": 43.167508, "rap_offset_lon": -8.1e-05, "rap_offset_lat": -7.9999999999999996e-06, "rap_AFG_2020": 9, "rap_BGR_2020": 15, "rap_LTR_2020": 15, "rap_PFG_2020": 30, "rap_SHR_2020": 22, "rap_TRE_2020": 0, "rap_AFG_2021": 8, "rap_BGR_2021": 19, "rap_LTR_2021": 13, "rap_PFG_2021": 29, "rap_SHR_2021": 20, "rap_TRE_2021": 0, "rap_AFG_2022": 9, "rap_BGR_2022": 18, "rap_LTR_2022": 13, "rap_PFG_2022": 37, "rap_SHR_2022": 15, "rap_TRE_2022": 0, "rap_AFG_2023": 7, "rap_BGR_2023": 13, "rap_LTR_2023": 12, "rap_PFG_2023": 38, "rap_SHR_2023": 18, "rap_TRE_2023": 1, "rap_AFG_2024": 10, "rap_BGR_2024": 9, "rap_LTR_2024": 8, "rap_PFG_2024": 46, "rap_SHR_2024": 15, "rap_TRE_2024": 2, "Ecoregion_Level2": "COLD DESERTS", "Ecoregion_Level3": "Northern Basin and Range", "livestock_density": 7.1287026405334473, "cattle_density": 7.1018028259277344, "buffalo_density": null, "sheep_density": 0.17979665100574493, "goat_density": 0.0349627286195755, "Site label": "US-Rws", "PFT": "sagebrush" }, "geometry": { "type": "Point", "coordinates": [ -116.7132, 43.1675 ] } },
{ "type": "Feature", "properties": { "site": "US-SCg", "lat": 33.7365, "lon": -117.6946, "Ecoregion": "MEDITERRANEAN CALIFORNIA", "Koppen Climate group": null, "KoppenClimate": null, "Disturbance": null, "rap_AFG_2019": 60, "rap_BGR_2019": 5, "rap_LTR_2019": 7, "rap_PFG_2019": 4, "rap_SHR_2019": 13, "rap_TRE_2019": 5, "rap_pixel_center_lon": -117.694618, "rap_pixel_center_lat": 33.736545, "rap_offset_lon": 1.8e-05, "rap_offset_lat": -4.5e-05, "rap_AFG_2020": 48, "rap_BGR_2020": 5, "rap_LTR_2020": 9, "rap_PFG_2020": 12, "rap_SHR_2020": 15, "rap_TRE_2020": 5, "rap_AFG_2021": 35, "rap_BGR_2021": 14, "rap_LTR_2021": 9, "rap_PFG_2021": 9, "rap_SHR_2021": 4, "rap_TRE_2021": 3, "rap_AFG_2022": 63, "rap_BGR_2022": 4, "rap_LTR_2022": 4, "rap_PFG_2022": 0, "rap_SHR_2022": 1, "rap_TRE_2022": 2, "rap_AFG_2023": 59, "rap_BGR_2023": 1, "rap_LTR_2023": 1, "rap_PFG_2023": 0, "rap_SHR_2023": 4, "rap_TRE_2023": 7, "rap_AFG_2024": 34, "rap_BGR_2024": 2, "rap_LTR_2024": 6, "rap_PFG_2024": 12, "rap_SHR_2024": 23, "rap_TRE_2024": 6, "Ecoregion_Level2": "MEDITERRANEAN CALIFORNIA", "Ecoregion_Level3": "California Coastal Sage, Chaparral, and Oak Woodlands", "livestock_density": 0.097980901598930359, "cattle_density": 0.0846724733710289, "buffalo_density": null, "sheep_density": 0.066010482609272003, "goat_density": 0.0062410528771579266, "Site label": null, "PFT": null }, "geometry": { "type": "Point", "coordinates": [ -117.6946, 33.7365 ] } },
{ "type": "Feature", "properties": { "site": "US-SdH", "lat": 42.0693, "lon": -101.4072, "Ecoregion": "GREAT PLAINS", "Koppen Climate group": "Dsb", "KoppenClimate": "D", "Disturbance": "grazing", "rap_AFG_2019": 5, "rap_BGR_2019": 1, "rap_LTR_2019": 3, "rap_PFG_2019": 83, "rap_SHR_2019": 3, "rap_TRE_2019": 1, "rap_pixel_center_lon": -101.407174, "rap_pixel_center_lat": 42.069317, "rap_offset_lon": -2.6e-05, "rap_offset_lat": -1.7e-05, "rap_AFG_2020": 4, "rap_BGR_2020": 0, "rap_LTR_2020": 2, "rap_PFG_2020": 93, "rap_SHR_2020": 1, "rap_TRE_2020": 1, "rap_AFG_2021": 5, "rap_BGR_2021": 1, "rap_LTR_2021": 3, "rap_PFG_2021": 86, "rap_SHR_2021": 2, "rap_TRE_2021": 1, "rap_AFG_2022": 10, "rap_BGR_2022": 0, "rap_LTR_2022": 3, "rap_PFG_2022": 82, "rap_SHR_2022": 2, "rap_TRE_2022": 0, "rap_AFG_2023": 8, "rap_BGR_2023": 0, "rap_LTR_2023": 4, "rap_PFG_2023": 83, "rap_SHR_2023": 2, "rap_TRE_2023": 0, "rap_AFG_2024": 7, "rap_BGR_2024": 2, "rap_LTR_2024": 4, "rap_PFG_2024": 81, "rap_SHR_2024": 3, "rap_TRE_2024": 1, "Ecoregion_Level2": "WEST-CENTRAL SEMI-ARID PRAIRIES", "Ecoregion_Level3": "Nebraska Sand Hills", "livestock_density": 14.225832939147949, "cattle_density": 14.079989433288574, "buffalo_density": null, "sheep_density": 0.19958300888538361, "goat_density": 0.0, "Site label": "US-SdH", "PFT": "grass" }, "geometry": { "type": "Point", "coordinates": [ -101.4072, 42.0693 ] } },
{ "type": "Feature", "properties": { "site": "US-Seg", "lat": 34.3623, "lon": -106.702, "Ecoregion": "NORTH AMERICAN DESERTS", "Koppen Climate group": "Bsk", "KoppenClimate": "B", "Disturbance": "non-disturbed", "rap_AFG_2019": 0, "rap_BGR_2019": 29, "rap_LTR_2019": 13, "rap_PFG_2019": 31, "rap_SHR_2019": 12, "rap_TRE_2019": 0, "rap_pixel_center_lon": -106.701934, "rap_pixel_center_lat": 34.362311, "rap_offset_lon": -6.6e-05, "rap_offset_lat": -1.1e-05, "rap_AFG_2020": 0, "rap_BGR_2020": 25, "rap_LTR_2020": 15, "rap_PFG_2020": 36, "rap_SHR_2020": 8, "rap_TRE_2020": 0, "rap_AFG_2021": 2, "rap_BGR_2021": 29, "rap_LTR_2021": 14, "rap_PFG_2021": 36, "rap_SHR_2021": 7, "rap_TRE_2021": 0, "rap_AFG_2022": 7, "rap_BGR_2022": 31, "rap_LTR_2022": 16, "rap_PFG_2022": 35, "rap_SHR_2022": 8, "rap_TRE_2022": 1, "rap_AFG_2023": 3, "rap_BGR_2023": 27, "rap_LTR_2023": 19, "rap_PFG_2023": 35, "rap_SHR_2023": 7, "rap_TRE_2023": 0, "rap_AFG_2024": 3, "rap_BGR_2024": 24, "rap_LTR_2024": 16, "rap_PFG_2024": 24, "rap_SHR_2024": 8, "rap_TRE_2024": 0, "Ecoregion_Level2": "COLD DESERTS", "Ecoregion_Level3": "Arizona/New Mexico Plateau", "livestock_density": 2.1911280155181885, "cattle_density": 2.1731369495391846, "buffalo_density": null, "sheep_density": 0.12209005653858185, "goat_density": 0.036072038114070892, "Site label": "US-Seg", "PFT": "grass" }, "geometry": { "type": "Point", "coordinates": [ -106.702, 34.3623 ] } },
{ "type": "Feature", "properties": { "site": "US-Ses", "lat": 34.3349, "lon": -106.7442, "Ecoregion": "NORTH AMERICAN DESERTS", "Koppen Climate group": "Bsk", "KoppenClimate": "B", "Disturbance": "non-disturbed", "rap_AFG_2019": 2, "rap_BGR_2019": 29, "rap_LTR_2019": 10, "rap_PFG_2019": 7, "rap_SHR_2019": 16, "rap_TRE_2019": 2, "rap_pixel_center_lon": -106.744245, "rap_pixel_center_lat": 34.334823, "rap_offset_lon": 4.5e-05, "rap_offset_lat": 7.7e-05, "rap_AFG_2020": 1, "rap_BGR_2020": 30, "rap_LTR_2020": 11, "rap_PFG_2020": 8, "rap_SHR_2020": 17, "rap_TRE_2020": 0, "rap_AFG_2021": 2, "rap_BGR_2021": 29, "rap_LTR_2021": 11, "rap_PFG_2021": 17, "rap_SHR_2021": 16, "rap_TRE_2021": 1, "rap_AFG_2022": 2, "rap_BGR_2022": 30, "rap_LTR_2022": 11, "rap_PFG_2022": 22, "rap_SHR_2022": 16, "rap_TRE_2022": 1, "rap_AFG_2023": 2, "rap_BGR_2023": 24, "rap_LTR_2023": 11, "rap_PFG_2023": 15, "rap_SHR_2023": 18, "rap_TRE_2023": 2, "rap_AFG_2024": 3, "rap_BGR_2024": 28, "rap_LTR_2024": 11, "rap_PFG_2024": 13, "rap_SHR_2024": 15, "rap_TRE_2024": 4, "Ecoregion_Level2": "COLD DESERTS", "Ecoregion_Level3": "Arizona/New Mexico Plateau", "livestock_density": 2.1911280155181885, "cattle_density": 2.1731369495391846, "buffalo_density": null, "sheep_density": 0.12209005653858185, "goat_density": 0.036072038114070892, "Site label": "US-Ses", "PFT": "desert-scrub" }, "geometry": { "type": "Point", "coordinates": [ -106.7442, 34.3349 ] } },
{ "type": "Feature", "properties": { "site": "US-Snd", "lat": 38.0366, "lon": -121.754, "Ecoregion": "MEDITERRANEAN CALIFORNIA", "Koppen Climate group": "Csa", "KoppenClimate": "C", "Disturbance": "grazing", "rap_AFG_2019": 9, "rap_BGR_2019": 0, "rap_LTR_2019": 0, "rap_PFG_2019": 5, "rap_SHR_2019": 0, "rap_TRE_2019": 0, "rap_pixel_center_lon": -121.754015, "rap_pixel_center_lat": 38.036601, "rap_offset_lon": 1.5e-05, "rap_offset_lat": -9.9999999999999995e-07, "rap_AFG_2020": 4, "rap_BGR_2020": 0, "rap_LTR_2020": 0, "rap_PFG_2020": 5, "rap_SHR_2020": 0, "rap_TRE_2020": 4, "rap_AFG_2021": 1, "rap_BGR_2021": 1, "rap_LTR_2021": 4, "rap_PFG_2021": 0, "rap_SHR_2021": 0, "rap_TRE_2021": 12, "rap_AFG_2022": 14, "rap_BGR_2022": 0, "rap_LTR_2022": 2, "rap_PFG_2022": 0, "rap_SHR_2022": 0, "rap_TRE_2022": 23, "rap_AFG_2023": 13, "rap_BGR_2023": 2, "rap_LTR_2023": 9, "rap_PFG_2023": 3, "rap_SHR_2023": 0, "rap_TRE_2023": 38, "rap_AFG_2024": 3, "rap_BGR_2024": 1, "rap_LTR_2024": 3, "rap_PFG_2024": 0, "rap_SHR_2024": 10, "rap_TRE_2024": 24, "Ecoregion_Level2": "MEDITERRANEAN CALIFORNIA", "Ecoregion_Level3": "Central California Valley", "livestock_density": null, "cattle_density": null, "buffalo_density": null, "sheep_density": null, "goat_density": null, "Site label": "US-Snd", "PFT": "grass" }, "geometry": { "type": "Point", "coordinates": [ -121.754, 38.0366 ] } },
{ "type": "Feature", "properties": { "site": "US-SRM", "lat": 31.8214, "lon": -110.8661, "Ecoregion": "SOUTHERN SEMI-ARID HIGHLANDS", "Koppen Climate group": "Bsk", "KoppenClimate": "B", "Disturbance": "grazing", "rap_AFG_2019": 6, "rap_BGR_2019": 8, "rap_LTR_2019": 14, "rap_PFG_2019": 25, "rap_SHR_2019": 24, "rap_TRE_2019": 13, "rap_pixel_center_lon": -110.866165, "rap_pixel_center_lat": 31.821516, "rap_offset_lon": 6.5e-05, "rap_offset_lat": -0.000116, "rap_AFG_2020": 0, "rap_BGR_2020": 11, "rap_LTR_2020": 18, "rap_PFG_2020": 15, "rap_SHR_2020": 34, "rap_TRE_2020": 9, "rap_AFG_2021": 17, "rap_BGR_2021": 9, "rap_LTR_2021": 8, "rap_PFG_2021": 28, "rap_SHR_2021": 21, "rap_TRE_2021": 5, "rap_AFG_2022": 11, "rap_BGR_2022": 6, "rap_LTR_2022": 10, "rap_PFG_2022": 39, "rap_SHR_2022": 17, "rap_TRE_2022": 6, "rap_AFG_2023": 10, "rap_BGR_2023": 7, "rap_LTR_2023": 15, "rap_PFG_2023": 29, "rap_SHR_2023": 22, "rap_TRE_2023": 9, "rap_AFG_2024": 5, "rap_BGR_2024": 8, "rap_LTR_2024": 12, "rap_PFG_2024": 26, "rap_SHR_2024": 23, "rap_TRE_2024": 7, "Ecoregion_Level2": "WESTERN SIERRA MADRE PIEDMONT", "Ecoregion_Level3": "Madrean Archipelago", "livestock_density": 1.1311696767807007, "cattle_density": 1.1143232583999634, "buffalo_density": null, "sheep_density": 0.01482732780277729, "goat_density": 0.031065769493579865, "Site label": "US-SRM", "PFT": "desert-scrub" }, "geometry": { "type": "Point", "coordinates": [ -110.8661, 31.8214 ] } },
{ "type": "Feature", "properties": { "site": "US-Ton", "lat": 38.4309, "lon": -120.966, "Ecoregion": "MEDITERRANEAN CALIFORNIA", "Koppen Climate group": "Csa", "KoppenClimate": "C", "Disturbance": "grazing", "rap_AFG_2019": 58, "rap_BGR_2019": 2, "rap_LTR_2019": 7, "rap_PFG_2019": 3, "rap_SHR_2019": 12, "rap_TRE_2019": 16, "rap_pixel_center_lon": -120.966013, "rap_pixel_center_lat": 38.430871, "rap_offset_lon": 1.3e-05, "rap_offset_lat": 2.9e-05, "rap_AFG_2020": 60, "rap_BGR_2020": 2, "rap_LTR_2020": 8, "rap_PFG_2020": 11, "rap_SHR_2020": 3, "rap_TRE_2020": 13, "rap_AFG_2021": 56, "rap_BGR_2021": 3, "rap_LTR_2021": 10, "rap_PFG_2021": 6, "rap_SHR_2021": 5, "rap_TRE_2021": 13, "rap_AFG_2022": 72, "rap_BGR_2022": 2, "rap_LTR_2022": 7, "rap_PFG_2022": 7, "rap_SHR_2022": 0, "rap_TRE_2022": 7, "rap_AFG_2023": 64, "rap_BGR_2023": 2, "rap_LTR_2023": 11, "rap_PFG_2023": 0, "rap_SHR_2023": 2, "rap_TRE_2023": 26, "rap_AFG_2024": 61, "rap_BGR_2024": 2, "rap_LTR_2024": 6, "rap_PFG_2024": 11, "rap_SHR_2024": 9, "rap_TRE_2024": 9, "Ecoregion_Level2": "MEDITERRANEAN CALIFORNIA", "Ecoregion_Level3": "California Coastal Sage, Chaparral, and Oak Woodlands", "livestock_density": 21.844200134277344, "cattle_density": 21.708084106445312, "buffalo_density": null, "sheep_density": 0.78471672534942627, "goat_density": 0.40312573313713074, "Site label": "US-Ton", "PFT": "grass-tree" }, "geometry": { "type": "Point", "coordinates": [ -120.966, 38.4309 ] } },
{ "type": "Feature", "properties": { "site": "US-Tx1", "lat": 30.6176, "lon": -97.2938, "Ecoregion": "GREAT PLAINS", "Koppen Climate group": "Cfa", "KoppenClimate": "C", "Disturbance": "grazing", "rap_AFG_2019": 3, "rap_BGR_2019": 1, "rap_LTR_2019": 3, "rap_PFG_2019": 82, "rap_SHR_2019": 6, "rap_TRE_2019": 3, "rap_pixel_center_lon": -97.293878, "rap_pixel_center_lat": 30.617684, "rap_offset_lon": 7.8e-05, "rap_offset_lat": -8.4e-05, "rap_AFG_2020": 11, "rap_BGR_2020": 1, "rap_LTR_2020": 6, "rap_PFG_2020": 70, "rap_SHR_2020": 4, "rap_TRE_2020": 2, "rap_AFG_2021": 10, "rap_BGR_2021": 0, "rap_LTR_2021": 3, "rap_PFG_2021": 79, "rap_SHR_2021": 3, "rap_TRE_2021": 1, "rap_AFG_2022": 5, "rap_BGR_2022": 0, "rap_LTR_2022": 2, "rap_PFG_2022": 85, "rap_SHR_2022": 2, "rap_TRE_2022": 4, "rap_AFG_2023": 8, "rap_BGR_2023": 0, "rap_LTR_2023": 3, "rap_PFG_2023": 74, "rap_SHR_2023": 1, "rap_TRE_2023": 3, "rap_AFG_2024": 10, "rap_BGR_2024": 1, "rap_LTR_2024": 4, "rap_PFG_2024": 71, "rap_SHR_2024": 4, "rap_TRE_2024": 0, "Ecoregion_Level2": "SOUTH CENTRAL SEMI-ARID PRAIRIES", "Ecoregion_Level3": "Texas Blackland Prairies", "livestock_density": 36.272106170654297, "cattle_density": 35.764690399169922, "buffalo_density": null, "sheep_density": 2.039313793182373, "goat_density": 2.3018708229064941, "Site label": "US-Tx1", "PFT": "grass" }, "geometry": { "type": "Point", "coordinates": [ -97.2938, 30.6176 ] } },
{ "type": "Feature", "properties": { "site": "US-Tx2", "lat": 31.4802, "lon": -96.8827, "Ecoregion": "GREAT PLAINS", "Koppen Climate group": "Cfa", "KoppenClimate": "C", "Disturbance": "non-disturbed", "rap_AFG_2019": 9, "rap_BGR_2019": 5, "rap_LTR_2019": 11, "rap_PFG_2019": 54, "rap_SHR_2019": 4, "rap_TRE_2019": 4, "rap_pixel_center_lon": -96.88263, "rap_pixel_center_lat": 31.480067, "rap_offset_lon": -6.9999999999999994e-05, "rap_offset_lat": 0.000133, "rap_AFG_2020": 14, "rap_BGR_2020": 2, "rap_LTR_2020": 5, "rap_PFG_2020": 61, "rap_SHR_2020": 8, "rap_TRE_2020": 1, "rap_AFG_2021": 15, "rap_BGR_2021": 2, "rap_LTR_2021": 3, "rap_PFG_2021": 59, "rap_SHR_2021": 0, "rap_TRE_2021": 1, "rap_AFG_2022": 9, "rap_BGR_2022": 2, "rap_LTR_2022": 5, "rap_PFG_2022": 72, "rap_SHR_2022": 1, "rap_TRE_2022": 2, "rap_AFG_2023": 20, "rap_BGR_2023": 1, "rap_LTR_2023": 2, "rap_PFG_2023": 41, "rap_SHR_2023": 14, "rap_TRE_2023": 1, "rap_AFG_2024": 17, "rap_BGR_2024": 0, "rap_LTR_2024": 5, "rap_PFG_2024": 41, "rap_SHR_2024": 4, "rap_TRE_2024": 2, "Ecoregion_Level2": "SOUTH CENTRAL SEMI-ARID PRAIRIES", "Ecoregion_Level3": "Texas Blackland Prairies", "livestock_density": 56.219524383544922, "cattle_density": 55.945289611816406, "buffalo_density": null, "sheep_density": 1.3058210611343384, "goat_density": 1.02897047996521, "Site label": "US-Tx2", "PFT": "grass" }, "geometry": { "type": "Point", "coordinates": [ -96.8827, 31.4802 ] } },
{ "type": "Feature", "properties": { "site": "US-Var", "lat": 38.4133, "lon": -120.9508, "Ecoregion": "MEDITERRANEAN CALIFORNIA", "Koppen Climate group": "Csa", "KoppenClimate": "C", "Disturbance": "grazing", "rap_AFG_2019": 46, "rap_BGR_2019": 4, "rap_LTR_2019": 9, "rap_PFG_2019": 37, "rap_SHR_2019": 2, "rap_TRE_2019": 0, "rap_pixel_center_lon": -120.950922, "rap_pixel_center_lat": 38.413354, "rap_offset_lon": 0.000122, "rap_offset_lat": -5.4e-05, "rap_AFG_2020": 52, "rap_BGR_2020": 4, "rap_LTR_2020": 8, "rap_PFG_2020": 32, "rap_SHR_2020": 0, "rap_TRE_2020": 1, "rap_AFG_2021": 75, "rap_BGR_2021": 3, "rap_LTR_2021": 7, "rap_PFG_2021": 8, "rap_SHR_2021": 0, "rap_TRE_2021": 1, "rap_AFG_2022": 90, "rap_BGR_2022": 0, "rap_LTR_2022": 0, "rap_PFG_2022": 12, "rap_SHR_2022": 0, "rap_TRE_2022": 2, "rap_AFG_2023": 75, "rap_BGR_2023": 2, "rap_LTR_2023": 5, "rap_PFG_2023": 9, "rap_SHR_2023": 0, "rap_TRE_2023": 3, "rap_AFG_2024": 71, "rap_BGR_2024": 1, "rap_LTR_2024": 2, "rap_PFG_2024": 19, "rap_SHR_2024": 1, "rap_TRE_2024": 3, "Ecoregion_Level2": "MEDITERRANEAN CALIFORNIA", "Ecoregion_Level3": "California Coastal Sage, Chaparral, and Oak Woodlands", "livestock_density": 15.266061782836914, "cattle_density": 15.138304710388184, "buffalo_density": null, "sheep_density": 0.72410690784454346, "goat_density": 0.40388444066047668, "Site label": "US-Var", "PFT": "grass" }, "geometry": { "type": "Point", "coordinates": [ -120.9508, 38.4133 ] } },
{ "type": "Feature", "properties": { "site": "US-Wdn", "lat": 40.7838, "lon": -106.2618, "Ecoregion": "NORTHWESTERN FORESTED MOUNTAINS", "Koppen Climate group": "Bsh", "KoppenClimate": "B", "Disturbance": "grazing", "rap_AFG_2019": 2, "rap_BGR_2019": 21, "rap_LTR_2019": 14, "rap_PFG_2019": 25, "rap_SHR_2019": 30, "rap_TRE_2019": 0, "rap_pixel_center_lon": -106.26185, "rap_pixel_center_lat": 40.783828, "rap_offset_lon": 5.0000000000000002e-05, "rap_offset_lat": -2.8e-05, "rap_AFG_2020": 2, "rap_BGR_2020": 21, "rap_LTR_2020": 17, "rap_PFG_2020": 25, "rap_SHR_2020": 29, "rap_TRE_2020": 0, "rap_AFG_2021": 2, "rap_BGR_2021": 26, "rap_LTR_2021": 16, "rap_PFG_2021": 21, "rap_SHR_2021": 29, "rap_TRE_2021": 0, "rap_AFG_2022": 2, "rap_BGR_2022": 22, "rap_LTR_2022": 13, "rap_PFG_2022": 25, "rap_SHR_2022": 32, "rap_TRE_2022": 0, "rap_AFG_2023": 1, "rap_BGR_2023": 18, "rap_LTR_2023": 15, "rap_PFG_2023": 27, "rap_SHR_2023": 30, "rap_TRE_2023": 0, "rap_AFG_2024": 2, "rap_BGR_2024": 19, "rap_LTR_2024": 15, "rap_PFG_2024": 29, "rap_SHR_2024": 27, "rap_TRE_2024": 0, "Ecoregion_Level2": "WESTERN CORDILLERA", "Ecoregion_Level3": "Southern Rockies", "livestock_density": 7.2165012359619141, "cattle_density": 7.09906005859375, "buffalo_density": null, "sheep_density": 1.0340394973754883, "goat_density": 0.013119651935994625, "Site label": "US-Wdn", "PFT": "sagebrush" }, "geometry": { "type": "Point", "coordinates": [ -106.2618, 40.7838 ] } },
{ "type": "Feature", "properties": { "site": "US-Wjs", "lat": 34.4255, "lon": -105.8615, "Ecoregion": "GREAT PLAINS", "Koppen Climate group": "Bsk", "KoppenClimate": "B", "Disturbance": "grazing", "rap_AFG_2019": 2, "rap_BGR_2019": 31, "rap_LTR_2019": 15, "rap_PFG_2019": 22, "rap_SHR_2019": 12, "rap_TRE_2019": 9, "rap_pixel_center_lon": -105.861381, "rap_pixel_center_lat": 34.425373, "rap_offset_lon": -0.000119, "rap_offset_lat": 0.000127, "rap_AFG_2020": 1, "rap_BGR_2020": 35, "rap_LTR_2020": 15, "rap_PFG_2020": 17, "rap_SHR_2020": 13, "rap_TRE_2020": 10, "rap_AFG_2021": 5, "rap_BGR_2021": 27, "rap_LTR_2021": 13, "rap_PFG_2021": 31, "rap_SHR_2021": 15, "rap_TRE_2021": 3, "rap_AFG_2022": 4, "rap_BGR_2022": 22, "rap_LTR_2022": 18, "rap_PFG_2022": 36, "rap_SHR_2022": 12, "rap_TRE_2022": 4, "rap_AFG_2023": 2, "rap_BGR_2023": 22, "rap_LTR_2023": 16, "rap_PFG_2023": 21, "rap_SHR_2023": 14, "rap_TRE_2023": 11, "rap_AFG_2024": 1, "rap_BGR_2024": 37, "rap_LTR_2024": 16, "rap_PFG_2024": 18, "rap_SHR_2024": 14, "rap_TRE_2024": 10, "Ecoregion_Level2": "SOUTH CENTRAL SEMI-ARID PRAIRIES", "Ecoregion_Level3": "Southwestern Tablelands", "livestock_density": 4.255927562713623, "cattle_density": 4.2280879020690918, "buffalo_density": null, "sheep_density": 0.15295906364917755, "goat_density": 0.092628814280033112, "Site label": "US-Wjs", "PFT": "grass-tree" }, "geometry": { "type": "Point", "coordinates": [ -105.8615, 34.4255 ] } },
{ "type": "Feature", "properties": { "site": "US-Wkg", "lat": 31.7365, "lon": -109.9419, "Ecoregion": "SOUTHERN SEMI-ARID HIGHLANDS", "Koppen Climate group": "Bsk", "KoppenClimate": "B", "Disturbance": "grazing", "rap_AFG_2019": 0, "rap_BGR_2019": 4, "rap_LTR_2019": 6, "rap_PFG_2019": 60, "rap_SHR_2019": 12, "rap_TRE_2019": 2, "rap_pixel_center_lon": -109.941798, "rap_pixel_center_lat": 31.736626, "rap_offset_lon": -0.000102, "rap_offset_lat": -0.000126, "rap_AFG_2020": 0, "rap_BGR_2020": 7, "rap_LTR_2020": 10, "rap_PFG_2020": 38, "rap_SHR_2020": 23, "rap_TRE_2020": 3, "rap_AFG_2021": 7, "rap_BGR_2021": 9, "rap_LTR_2021": 13, "rap_PFG_2021": 29, "rap_SHR_2021": 24, "rap_TRE_2021": 3, "rap_AFG_2022": 12, "rap_BGR_2022": 2, "rap_LTR_2022": 7, "rap_PFG_2022": 47, "rap_SHR_2022": 13, "rap_TRE_2022": 3, "rap_AFG_2023": 7, "rap_BGR_2023": 2, "rap_LTR_2023": 13, "rap_PFG_2023": 41, "rap_SHR_2023": 13, "rap_TRE_2023": 3, "rap_AFG_2024": 2, "rap_BGR_2024": 18, "rap_LTR_2024": 18, "rap_PFG_2024": 23, "rap_SHR_2024": 19, "rap_TRE_2024": 3, "Ecoregion_Level2": "WESTERN SIERRA MADRE PIEDMONT", "Ecoregion_Level3": "Madrean Archipelago", "livestock_density": 6.7767863273620605, "cattle_density": 6.7541894912719727, "buffalo_density": null, "sheep_density": 0.051367945969104767, "goat_density": 0.083914317190647125, "Site label": "US-Wkg", "PFT": "grass" }, "geometry": { "type": "Point", "coordinates": [ -109.9419, 31.7365 ] } },
{ "type": "Feature", "properties": { "site": "US-xAE", "lat": 35.4106, "lon": -99.0588, "Ecoregion": "GREAT PLAINS", "Koppen Climate group": "Cfa", "KoppenClimate": "C", "Disturbance": "grazing", "rap_AFG_2019": 10, "rap_BGR_2019": 1, "rap_LTR_2019": 5, "rap_PFG_2019": 73, "rap_SHR_2019": 7, "rap_TRE_2019": 1, "rap_pixel_center_lon": -99.058798, "rap_pixel_center_lat": 35.410645, "rap_offset_lon": -1.9999999999999999e-06, "rap_offset_lat": -4.5e-05, "rap_AFG_2020": 8, "rap_BGR_2020": 4, "rap_LTR_2020": 8, "rap_PFG_2020": 71, "rap_SHR_2020": 6, "rap_TRE_2020": 1, "rap_AFG_2021": 9, "rap_BGR_2021": 6, "rap_LTR_2021": 6, "rap_PFG_2021": 68, "rap_SHR_2021": 6, "rap_TRE_2021": 1, "rap_AFG_2022": 3, "rap_BGR_2022": 7, "rap_LTR_2022": 6, "rap_PFG_2022": 75, "rap_SHR_2022": 5, "rap_TRE_2022": 2, "rap_AFG_2023": 10, "rap_BGR_2023": 2, "rap_LTR_2023": 3, "rap_PFG_2023": 77, "rap_SHR_2023": 6, "rap_TRE_2023": 1, "rap_AFG_2024": 12, "rap_BGR_2024": 6, "rap_LTR_2024": 7, "rap_PFG_2024": 57, "rap_SHR_2024": 7, "rap_TRE_2024": 2, "Ecoregion_Level2": "SOUTH CENTRAL SEMI-ARID PRAIRIES", "Ecoregion_Level3": "Central Great Plains", "livestock_density": 37.595626831054688, "cattle_density": 37.544837951660156, "buffalo_density": null, "sheep_density": 0.18924704194068909, "goat_density": 0.089739896357059479, "Site label": "US-xAE", "PFT": "grass" }, "geometry": { "type": "Point", "coordinates": [ -99.0588, 35.4106 ] } },
{ "type": "Feature", "properties": { "site": "US-xCL", "lat": 33.4012, "lon": -97.57, "Ecoregion": "GREAT PLAINS", "Koppen Climate group": "Cfa", "KoppenClimate": "C", "Disturbance": "grazing", "rap_AFG_2019": 0, "rap_BGR_2019": 0, "rap_LTR_2019": 1, "rap_PFG_2019": 7, "rap_SHR_2019": 2, "rap_TRE_2019": 89, "rap_pixel_center_lon": -97.57011, "rap_pixel_center_lat": 33.401294, "rap_offset_lon": 0.00011, "rap_offset_lat": -9.4e-05, "rap_AFG_2020": 0, "rap_BGR_2020": 0, "rap_LTR_2020": 0, "rap_PFG_2020": 2, "rap_SHR_2020": 0, "rap_TRE_2020": 100, "rap_AFG_2021": 0, "rap_BGR_2021": 0, "rap_LTR_2021": 0, "rap_PFG_2021": 0, "rap_SHR_2021": 0, "rap_TRE_2021": 100, "rap_AFG_2022": 0, "rap_BGR_2022": 0, "rap_LTR_2022": 0, "rap_PFG_2022": 1, "rap_SHR_2022": 0, "rap_TRE_2022": 100, "rap_AFG_2023": 0, "rap_BGR_2023": 1, "rap_LTR_2023": 2, "rap_PFG_2023": 9, "rap_SHR_2023": 1, "rap_TRE_2023": 81, "rap_AFG_2024": 0, "rap_BGR_2024": 0, "rap_LTR_2024": 2, "rap_PFG_2024": 10, "rap_SHR_2024": 2, "rap_TRE_2024": 85, "Ecoregion_Level2": "SOUTH CENTRAL SEMI-ARID PRAIRIES", "Ecoregion_Level3": "Cross Timbers", "livestock_density": 38.968170166015625, "cattle_density": 38.51312255859375, "buffalo_density": null, "sheep_density": 1.0769975185394287, "goat_density": 2.3024001121520996, "Site label": "US-xCL", "PFT": "grass-tree" }, "geometry": { "type": "Point", "coordinates": [ -97.57, 33.4012 ] } },
{ "type": "Feature", "properties": { "site": "US-xCP", "lat": 40.8155, "lon": -104.7456, "Ecoregion": "GREAT PLAINS", "Koppen Climate group": "Bsk", "KoppenClimate": "B", "Disturbance": "grazing", "rap_AFG_2019": 3, "rap_BGR_2019": 7, "rap_LTR_2019": 9, "rap_PFG_2019": 77, "rap_SHR_2019": 5, "rap_TRE_2019": 0, "rap_pixel_center_lon": -104.745673, "rap_pixel_center_lat": 40.815629, "rap_offset_lon": 7.3e-05, "rap_offset_lat": -0.000129, "rap_AFG_2020": 2, "rap_BGR_2020": 20, "rap_LTR_2020": 18, "rap_PFG_2020": 54, "rap_SHR_2020": 6, "rap_TRE_2020": 0, "rap_AFG_2021": 20, "rap_BGR_2021": 9, "rap_LTR_2021": 8, "rap_PFG_2021": 57, "rap_SHR_2021": 4, "rap_TRE_2021": 0, "rap_AFG_2022": 3, "rap_BGR_2022": 19, "rap_LTR_2022": 25, "rap_PFG_2022": 47, "rap_SHR_2022": 5, "rap_TRE_2022": 0, "rap_AFG_2023": 22, "rap_BGR_2023": 3, "rap_LTR_2023": 2, "rap_PFG_2023": 58, "rap_SHR_2023": 0, "rap_TRE_2023": 0, "rap_AFG_2024": 5, "rap_BGR_2024": 15, "rap_LTR_2024": 27, "rap_PFG_2024": 42, "rap_SHR_2024": 5, "rap_TRE_2024": 0, "Ecoregion_Level2": "SOUTH CENTRAL SEMI-ARID PRAIRIES", "Ecoregion_Level3": "High Plains", "livestock_density": 40.400554656982422, "cattle_density": 37.883396148681641, "buffalo_density": null, "sheep_density": 15.063308715820312, "goat_density": 0.54201620817184448, "Site label": "US-xCP", "PFT": "grass" }, "geometry": { "type": "Point", "coordinates": [ -104.7456, 40.8155 ] } },
{ "type": "Feature", "properties": { "site": "US-xDC", "lat": 47.1617, "lon": -99.1066, "Ecoregion": "GREAT PLAINS", "Koppen Climate group": "Dfb", "KoppenClimate": "D", "Disturbance": "grazing", "rap_AFG_2019": 4, "rap_BGR_2019": 2, "rap_LTR_2019": 3, "rap_PFG_2019": 81, "rap_SHR_2019": 6, "rap_TRE_2019": 2, "rap_pixel_center_lon": -99.106499, "rap_pixel_center_lat": 47.161687, "rap_offset_lon": -0.000101, "rap_offset_lat": 1.3e-05, "rap_AFG_2020": 5, "rap_BGR_2020": 1, "rap_LTR_2020": 3, "rap_PFG_2020": 85, "rap_SHR_2020": 4, "rap_TRE_2020": 0, "rap_AFG_2021": 0, "rap_BGR_2021": 2, "rap_LTR_2021": 10, "rap_PFG_2021": 83, "rap_SHR_2021": 3, "rap_TRE_2021": 1, "rap_AFG_2022": 1, "rap_BGR_2022": 1, "rap_LTR_2022": 2, "rap_PFG_2022": 94, "rap_SHR_2022": 2, "rap_TRE_2022": 1, "rap_AFG_2023": 6, "rap_BGR_2023": 1, "rap_LTR_2023": 2, "rap_PFG_2023": 80, "rap_SHR_2023": 6, "rap_TRE_2023": 1, "rap_AFG_2024": 3, "rap_BGR_2024": 0, "rap_LTR_2024": 1, "rap_PFG_2024": 83, "rap_SHR_2024": 6, "rap_TRE_2024": 0, "Ecoregion_Level2": "WEST-CENTRAL SEMI-ARID PRAIRIES", "Ecoregion_Level3": "Northwestern Glaciated Plains", "livestock_density": 11.367351531982422, "cattle_density": 11.334249496459961, "buffalo_density": null, "sheep_density": 0.24026036262512207, "goat_density": 0.015855319797992706, "Site label": "US-xDC", "PFT": "grass" }, "geometry": { "type": "Point", "coordinates": [ -99.1066, 47.1617 ] } },
{ "type": "Feature", "properties": { "site": "US-xJR", "lat": 32.5907, "lon": -106.8425, "Ecoregion": "NORTH AMERICAN DESERTS", "Koppen Climate group": "Bsk", "KoppenClimate": "B", "Disturbance": "non-disturbed", "rap_AFG_2019": 0, "rap_BGR_2019": 24, "rap_LTR_2019": 13, "rap_PFG_2019": 38, "rap_SHR_2019": 7, "rap_TRE_2019": 0, "rap_pixel_center_lon": -106.842611, "rap_pixel_center_lat": 32.590654, "rap_offset_lon": 0.000111, "rap_offset_lat": 4.6e-05, "rap_AFG_2020": 0, "rap_BGR_2020": 26, "rap_LTR_2020": 14, "rap_PFG_2020": 30, "rap_SHR_2020": 13, "rap_TRE_2020": 0, "rap_AFG_2021": 1, "rap_BGR_2021": 22, "rap_LTR_2021": 10, "rap_PFG_2021": 44, "rap_SHR_2021": 13, "rap_TRE_2021": 1, "rap_AFG_2022": 1, "rap_BGR_2022": 18, "rap_LTR_2022": 14, "rap_PFG_2022": 50, "rap_SHR_2022": 8, "rap_TRE_2022": 0, "rap_AFG_2023": 0, "rap_BGR_2023": 20, "rap_LTR_2023": 15, "rap_PFG_2023": 35, "rap_SHR_2023": 11, "rap_TRE_2023": 0, "rap_AFG_2024": 0, "rap_BGR_2024": 38, "rap_LTR_2024": 17, "rap_PFG_2024": 19, "rap_SHR_2024": 13, "rap_TRE_2024": 1, "Ecoregion_Level2": "WARM DESERTS", "Ecoregion_Level3": "Chihuahuan Desert", "livestock_density": 6.1551904678344727, "cattle_density": 6.0553746223449707, "buffalo_density": null, "sheep_density": 0.079168364405632019, "goat_density": 0.065276697278022766, "Site label": "US-xJR", "PFT": "grass" }, "geometry": { "type": "Point", "coordinates": [ -106.8425, 32.5907 ] } },
{ "type": "Feature", "properties": { "site": "US-xKA", "lat": 39.1104, "lon": -96.6129, "Ecoregion": "GREAT PLAINS", "Koppen Climate group": null, "KoppenClimate": null, "Disturbance": null, "rap_AFG_2019": 0, "rap_BGR_2019": 1, "rap_LTR_2019": 0, "rap_PFG_2019": 2, "rap_SHR_2019": 1, "rap_TRE_2019": 0, "rap_pixel_center_lon": -96.612866, "rap_pixel_center_lat": 39.110267, "rap_offset_lon": -3.4e-05, "rap_offset_lat": 0.000133, "rap_AFG_2020": 3, "rap_BGR_2020": 0, "rap_LTR_2020": 0, "rap_PFG_2020": 0, "rap_SHR_2020": 0, "rap_TRE_2020": 0, "rap_AFG_2021": 0, "rap_BGR_2021": 0, "rap_LTR_2021": 0, "rap_PFG_2021": 0, "rap_SHR_2021": 0, "rap_TRE_2021": 0, "rap_AFG_2022": 0, "rap_BGR_2022": 0, "rap_LTR_2022": 0, "rap_PFG_2022": 0, "rap_SHR_2022": 0, "rap_TRE_2022": 1, "rap_AFG_2023": 0, "rap_BGR_2023": 0, "rap_LTR_2023": 0, "rap_PFG_2023": 0, "rap_SHR_2023": 0, "rap_TRE_2023": 0, "rap_AFG_2024": 0, "rap_BGR_2024": 0, "rap_LTR_2024": 0, "rap_PFG_2024": 0, "rap_SHR_2024": 0, "rap_TRE_2024": 0, "Ecoregion_Level2": "SOUTH CENTRAL SEMI-ARID PRAIRIES", "Ecoregion_Level3": "Flint Hills", "livestock_density": 21.667158126831055, "cattle_density": 21.020957946777344, "buffalo_density": null, "sheep_density": 0.40993583202362061, "goat_density": 0.98864692449569702, "Site label": null, "PFT": null }, "geometry": { "type": "Point", "coordinates": [ -96.6129, 39.1104 ] } },
{ "type": "Feature", "properties": { "site": "US-xKZ", "lat": 39.1008, "lon": -96.5631, "Ecoregion": "GREAT PLAINS", "Koppen Climate group": "Cfa", "KoppenClimate": "C", "Disturbance": "grazing", "rap_AFG_2019": 0, "rap_BGR_2019": 3, "rap_LTR_2019": 1, "rap_PFG_2019": 91, "rap_SHR_2019": 2, "rap_TRE_2019": 0, "rap_pixel_center_lon": -96.563009, "rap_pixel_center_lat": 39.100835, "rap_offset_lon": -9.1e-05, "rap_offset_lat": -3.5e-05, "rap_AFG_2020": 4, "rap_BGR_2020": 1, "rap_LTR_2020": 0, "rap_PFG_2020": 86, "rap_SHR_2020": 2, "rap_TRE_2020": 0, "rap_AFG_2021": 1, "rap_BGR_2021": 1, "rap_LTR_2021": 1, "rap_PFG_2021": 89, "rap_SHR_2021": 2, "rap_TRE_2021": 2, "rap_AFG_2022": 5, "rap_BGR_2022": 2, "rap_LTR_2022": 0, "rap_PFG_2022": 90, "rap_SHR_2022": 2, "rap_TRE_2022": 1, "rap_AFG_2023": 4, "rap_BGR_2023": 2, "rap_LTR_2023": 2, "rap_PFG_2023": 88, "rap_SHR_2023": 1, "rap_TRE_2023": 1, "rap_AFG_2024": 1, "rap_BGR_2024": 0, "rap_LTR_2024": 0, "rap_PFG_2024": 69, "rap_SHR_2024": 0, "rap_TRE_2024": 0, "Ecoregion_Level2": "SOUTH CENTRAL SEMI-ARID PRAIRIES", "Ecoregion_Level3": "Flint Hills", "livestock_density": 19.123495101928711, "cattle_density": 18.644454956054688, "buffalo_density": null, "sheep_density": 0.36311972141265869, "goat_density": 0.9617842435836792, "Site label": "US-xKZ", "PFT": "grass" }, "geometry": { "type": "Point", "coordinates": [ -96.5631, 39.1008 ] } },
{ "type": "Feature", "properties": { "site": "US-xMB", "lat": 38.2483, "lon": -109.3883, "Ecoregion": "NORTH AMERICAN DESERTS", "Koppen Climate group": "Bsk", "KoppenClimate": "B", "Disturbance": "grazing", "rap_AFG_2019": 11, "rap_BGR_2019": 43, "rap_LTR_2019": 15, "rap_PFG_2019": 15, "rap_SHR_2019": 13, "rap_TRE_2019": 0, "rap_pixel_center_lon": -109.388256, "rap_pixel_center_lat": 38.248423, "rap_offset_lon": -4.4e-05, "rap_offset_lat": -0.000123, "rap_AFG_2020": 9, "rap_BGR_2020": 44, "rap_LTR_2020": 18, "rap_PFG_2020": 10, "rap_SHR_2020": 12, "rap_TRE_2020": 0, "rap_AFG_2021": 5, "rap_BGR_2021": 47, "rap_LTR_2021": 16, "rap_PFG_2021": 16, "rap_SHR_2021": 10, "rap_TRE_2021": 0, "rap_AFG_2022": 4, "rap_BGR_2022": 48, "rap_LTR_2022": 19, "rap_PFG_2022": 15, "rap_SHR_2022": 10, "rap_TRE_2022": 0, "rap_AFG_2023": 27, "rap_BGR_2023": 30, "rap_LTR_2023": 12, "rap_PFG_2023": 9, "rap_SHR_2023": 12, "rap_TRE_2023": 0, "rap_AFG_2024": 10, "rap_BGR_2024": 39, "rap_LTR_2024": 18, "rap_PFG_2024": 18, "rap_SHR_2024": 15, "rap_TRE_2024": 0, "Ecoregion_Level2": "COLD DESERTS", "Ecoregion_Level3": "Colorado Plateaus", "livestock_density": 0.67208117246627808, "cattle_density": 0.61829787492752075, "buffalo_density": null, "sheep_density": 0.37781724333763123, "goat_density": 0.10759998112916946, "Site label": "US-xMB", "PFT": "grass" }, "geometry": { "type": "Point", "coordinates": [ -109.3883, 38.2483 ] } },
{ "type": "Feature", "properties": { "site": "US-xNG", "lat": 46.7697, "lon": -100.9154, "Ecoregion": "GREAT PLAINS", "Koppen Climate group": "Dfb", "KoppenClimate": "D", "Disturbance": "non-disturbed", "rap_AFG_2019": 6, "rap_BGR_2019": 0, "rap_LTR_2019": 2, "rap_PFG_2019": 89, "rap_SHR_2019": 3, "rap_TRE_2019": 0, "rap_pixel_center_lon": -100.915347, "rap_pixel_center_lat": 46.769573, "rap_offset_lon": -5.3e-05, "rap_offset_lat": 0.000127, "rap_AFG_2020": 4, "rap_BGR_2020": 0, "rap_LTR_2020": 3, "rap_PFG_2020": 89, "rap_SHR_2020": 3, "rap_TRE_2020": 0, "rap_AFG_2021": 2, "rap_BGR_2021": 0, "rap_LTR_2021": 4, "rap_PFG_2021": 90, "rap_SHR_2021": 3, "rap_TRE_2021": 0, "rap_AFG_2022": 3, "rap_BGR_2022": 0, "rap_LTR_2022": 3, "rap_PFG_2022": 90, "rap_SHR_2022": 3, "rap_TRE_2022": 0, "rap_AFG_2023": 5, "rap_BGR_2023": 1, "rap_LTR_2023": 3, "rap_PFG_2023": 81, "rap_SHR_2023": 7, "rap_TRE_2023": 1, "rap_AFG_2024": 3, "rap_BGR_2024": 2, "rap_LTR_2024": 2, "rap_PFG_2024": 80, "rap_SHR_2024": 8, "rap_TRE_2024": 0, "Ecoregion_Level2": "WEST-CENTRAL SEMI-ARID PRAIRIES", "Ecoregion_Level3": "Northwestern Great Plains", "livestock_density": 11.879953384399414, "cattle_density": 11.829340934753418, "buffalo_density": null, "sheep_density": 0.31479054689407349, "goat_density": 0.098638534545898438, "Site label": "US-xNG", "PFT": "grass" }, "geometry": { "type": "Point", "coordinates": [ -100.9154, 46.7697 ] } },
{ "type": "Feature", "properties": { "site": "US-xNQ", "lat": 40.1776, "lon": -112.4524, "Ecoregion": "NORTH AMERICAN DESERTS", "Koppen Climate group": "Dfb", "KoppenClimate": "D", "Disturbance": "grazing", "rap_AFG_2019": 13, "rap_BGR_2019": 26, "rap_LTR_2019": 16, "rap_PFG_2019": 15, "rap_SHR_2019": 22, "rap_TRE_2019": 1, "rap_pixel_center_lon": -112.45241, "rap_pixel_center_lat": 40.177465, "rap_offset_lon": 1.0000000000000001e-05, "rap_offset_lat": 0.000135, "rap_AFG_2020": 16, "rap_BGR_2020": 21, "rap_LTR_2020": 18, "rap_PFG_2020": 20, "rap_SHR_2020": 17, "rap_TRE_2020": 0, "rap_AFG_2021": 11, "rap_BGR_2021": 30, "rap_LTR_2021": 25, "rap_PFG_2021": 11, "rap_SHR_2021": 15, "rap_TRE_2021": 0, "rap_AFG_2022": 46, "rap_BGR_2022": 20, "rap_LTR_2022": 9, "rap_PFG_2022": 2, "rap_SHR_2022": 15, "rap_TRE_2022": 0, "rap_AFG_2023": 8, "rap_BGR_2023": 28, "rap_LTR_2023": 18, "rap_PFG_2023": 13, "rap_SHR_2023": 24, "rap_TRE_2023": 1, "rap_AFG_2024": 6, "rap_BGR_2024": 29, "rap_LTR_2024": 16, "rap_PFG_2024": 16, "rap_SHR_2024": 25, "rap_TRE_2024": 0, "Ecoregion_Level2": "COLD DESERTS", "Ecoregion_Level3": "Central Basin and Range", "livestock_density": 1.5990673303604126, "cattle_density": 1.5353648662567139, "buffalo_density": null, "sheep_density": 0.52705901861190796, "goat_density": 0.025373706594109535, "Site label": "US-xNQ", "PFT": "sagebrush" }, "geometry": { "type": "Point", "coordinates": [ -112.4524, 40.1776 ] } },
{ "type": "Feature", "properties": { "site": "US-xSJ", "lat": 37.1088, "lon": -119.7323, "Ecoregion": "MEDITERRANEAN CALIFORNIA", "Koppen Climate group": "Csa", "KoppenClimate": "C", "Disturbance": "grazing", "rap_AFG_2019": 46, "rap_BGR_2019": 5, "rap_LTR_2019": 6, "rap_PFG_2019": 0, "rap_SHR_2019": 26, "rap_TRE_2019": 11, "rap_pixel_center_lon": -119.732267, "rap_pixel_center_lat": 37.108731, "rap_offset_lon": -3.3e-05, "rap_offset_lat": 6.9e-05, "rap_AFG_2020": 47, "rap_BGR_2020": 0, "rap_LTR_2020": 4, "rap_PFG_2020": 0, "rap_SHR_2020": 15, "rap_TRE_2020": 6, "rap_AFG_2021": 64, "rap_BGR_2021": 4, "rap_LTR_2021": 7, "rap_PFG_2021": 0, "rap_SHR_2021": 12, "rap_TRE_2021": 13, "rap_AFG_2022": 50, "rap_BGR_2022": 3, "rap_LTR_2022": 5, "rap_PFG_2022": 0, "rap_SHR_2022": 20, "rap_TRE_2022": 18, "rap_AFG_2023": 54, "rap_BGR_2023": 6, "rap_LTR_2023": 6, "rap_PFG_2023": 0, "rap_SHR_2023": 17, "rap_TRE_2023": 15, "rap_AFG_2024": 48, "rap_BGR_2024": 7, "rap_LTR_2024": 6, "rap_PFG_2024": 0, "rap_SHR_2024": 24, "rap_TRE_2024": 14, "Ecoregion_Level2": "MEDITERRANEAN CALIFORNIA", "Ecoregion_Level3": "California Coastal Sage, Chaparral, and Oak Woodlands", "livestock_density": 43.566341400146484, "cattle_density": 43.388320922851562, "buffalo_density": null, "sheep_density": 0.20682774484157562, "goat_density": 0.41048714518547058, "Site label": "US-xSJ", "PFT": "grass-tree" }, "geometry": { "type": "Point", "coordinates": [ -119.7323, 37.1088 ] } },
{ "type": "Feature", "properties": { "site": "US-xWD", "lat": 47.1282, "lon": -99.2414, "Ecoregion": "GREAT PLAINS", "Koppen Climate group": "Dfb", "KoppenClimate": "D", "Disturbance": "grazing", "rap_AFG_2019": 5, "rap_BGR_2019": 1, "rap_LTR_2019": 3, "rap_PFG_2019": 87, "rap_SHR_2019": 2, "rap_TRE_2019": 1, "rap_pixel_center_lon": -99.241516, "rap_pixel_center_lat": 47.12827, "rap_offset_lon": 0.000116, "rap_offset_lat": -6.9999999999999994e-05, "rap_AFG_2020": 4, "rap_BGR_2020": 0, "rap_LTR_2020": 3, "rap_PFG_2020": 91, "rap_SHR_2020": 2, "rap_TRE_2020": 0, "rap_AFG_2021": 0, "rap_BGR_2021": 5, "rap_LTR_2021": 8, "rap_PFG_2021": 89, "rap_SHR_2021": 1, "rap_TRE_2021": 0, "rap_AFG_2022": 0, "rap_BGR_2022": 2, "rap_LTR_2022": 5, "rap_PFG_2022": 97, "rap_SHR_2022": 0, "rap_TRE_2022": 0, "rap_AFG_2023": 5, "rap_BGR_2023": 3, "rap_LTR_2023": 3, "rap_PFG_2023": 78, "rap_SHR_2023": 5, "rap_TRE_2023": 2, "rap_AFG_2024": 4, "rap_BGR_2024": 2, "rap_LTR_2024": 4, "rap_PFG_2024": 84, "rap_SHR_2024": 3, "rap_TRE_2024": 0, "Ecoregion_Level2": "WEST-CENTRAL SEMI-ARID PRAIRIES", "Ecoregion_Level3": "Northwestern Glaciated Plains", "livestock_density": 11.738994598388672, "cattle_density": 11.706722259521484, "buffalo_density": null, "sheep_density": 0.23175206780433655, "goat_density": 0.014980362728238106, "Site label": "US-xWD", "PFT": "grass" }, "geometry": { "type": "Point", "coordinates": [ -99.2414, 47.1282 ] } },
{ "type": "Feature", "properties": { "site": "US-xYE", "lat": 44.9535, "lon": -110.5391, "Ecoregion": "NORTHWESTERN FORESTED MOUNTAINS", "Koppen Climate group": "Dfc", "KoppenClimate": "D", "Disturbance": "non-disturbed", "rap_AFG_2019": 3, "rap_BGR_2019": 5, "rap_LTR_2019": 11, "rap_PFG_2019": 28, "rap_SHR_2019": 21, "rap_TRE_2019": 24, "rap_pixel_center_lon": -110.538998, "rap_pixel_center_lat": 44.953449, "rap_offset_lon": -0.000102, "rap_offset_lat": 5.1e-05, "rap_AFG_2020": 3, "rap_BGR_2020": 2, "rap_LTR_2020": 12, "rap_PFG_2020": 29, "rap_SHR_2020": 18, "rap_TRE_2020": 30, "rap_AFG_2021": 3, "rap_BGR_2021": 4, "rap_LTR_2021": 13, "rap_PFG_2021": 28, "rap_SHR_2021": 26, "rap_TRE_2021": 20, "rap_AFG_2022": 2, "rap_BGR_2022": 1, "rap_LTR_2022": 12, "rap_PFG_2022": 26, "rap_SHR_2022": 18, "rap_TRE_2022": 39, "rap_AFG_2023": 0, "rap_BGR_2023": 2, "rap_LTR_2023": 15, "rap_PFG_2023": 18, "rap_SHR_2023": 12, "rap_TRE_2023": 53, "rap_AFG_2024": 1, "rap_BGR_2024": 5, "rap_LTR_2024": 12, "rap_PFG_2024": 22, "rap_SHR_2024": 27, "rap_TRE_2024": 26, "Ecoregion_Level2": "WESTERN CORDILLERA", "Ecoregion_Level3": "Middle Rockies", "livestock_density": 0.0, "cattle_density": 0.0, "buffalo_density": null, "sheep_density": 0.0, "goat_density": 0.0, "Site label": "US-xYE", "PFT": "grass-tree" }, "geometry": { "type": "Point", "coordinates": [ -110.5391, 44.9535 ] } },
{ "type": "Feature", "properties": { "site": "US-CX1", "lat": 40.833, "lon": -104.76, "Ecoregion": "GREAT PLAINS", "Koppen Climate group": "B", "KoppenClimate": "B", "Disturbance": "grazing", "rap_AFG_2019": 11, "rap_BGR_2019": 5, "rap_LTR_2019": 9, "rap_PFG_2019": 78, "rap_SHR_2019": 2, "rap_TRE_2019": 0, "rap_pixel_center_lon": -104.759956, "rap_pixel_center_lat": 40.832876, "rap_offset_lon": -4.4e-05, "rap_offset_lat": 0.000124, "rap_AFG_2020": 4, "rap_BGR_2020": 17, "rap_LTR_2020": 22, "rap_PFG_2020": 56, "rap_SHR_2020": 4, "rap_TRE_2020": 0, "rap_AFG_2021": 15, "rap_BGR_2021": 8, "rap_LTR_2021": 8, "rap_PFG_2021": 71, "rap_SHR_2021": 1, "rap_TRE_2021": 0, "rap_AFG_2022": 4, "rap_BGR_2022": 21, "rap_LTR_2022": 26, "rap_PFG_2022": 43, "rap_SHR_2022": 4, "rap_TRE_2022": 0, "rap_AFG_2023": 26, "rap_BGR_2023": 5, "rap_LTR_2023": 3, "rap_PFG_2023": 54, "rap_SHR_2023": 0, "rap_TRE_2023": 0, "rap_AFG_2024": 5, "rap_BGR_2024": 16, "rap_LTR_2024": 26, "rap_PFG_2024": 41, "rap_SHR_2024": 5, "rap_TRE_2024": 0, "Ecoregion_Level2": "SOUTH CENTRAL SEMI-ARID PRAIRIES", "Ecoregion_Level3": "High Plains", "livestock_density": 48.403404235839844, "cattle_density": 45.689201354980469, "buffalo_density": null, "sheep_density": 14.95378589630127, "goat_density": 0.5750654935836792, "Site label": "US-CX1", "PFT": "grass" }, "geometry": { "type": "Point", "coordinates": [ -104.76, 40.833 ] } },
{ "type": "Feature", "properties": { "site": "US-CX2", "lat": 40.8402, "lon": -104.7672, "Ecoregion": "GREAT PLAINS", "Koppen Climate group": "B", "KoppenClimate": "B", "Disturbance": "grazing", "rap_AFG_2019": 10, "rap_BGR_2019": 6, "rap_LTR_2019": 8, "rap_PFG_2019": 77, "rap_SHR_2019": 1, "rap_TRE_2019": 0, "rap_pixel_center_lon": -104.767233, "rap_pixel_center_lat": 40.840153, "rap_offset_lon": 3.3e-05, "rap_offset_lat": 4.7e-05, "rap_AFG_2020": 2, "rap_BGR_2020": 16, "rap_LTR_2020": 18, "rap_PFG_2020": 63, "rap_SHR_2020": 4, "rap_TRE_2020": 0, "rap_AFG_2021": 11, "rap_BGR_2021": 10, "rap_LTR_2021": 8, "rap_PFG_2021": 69, "rap_SHR_2021": 2, "rap_TRE_2021": 0, "rap_AFG_2022": 3, "rap_BGR_2022": 21, "rap_LTR_2022": 23, "rap_PFG_2022": 46, "rap_SHR_2022": 5, "rap_TRE_2022": 0, "rap_AFG_2023": 22, "rap_BGR_2023": 7, "rap_LTR_2023": 5, "rap_PFG_2023": 66, "rap_SHR_2023": 1, "rap_TRE_2023": 0, "rap_AFG_2024": 3, "rap_BGR_2024": 25, "rap_LTR_2024": 22, "rap_PFG_2024": 32, "rap_SHR_2024": 5, "rap_TRE_2024": 0, "Ecoregion_Level2": "SOUTH CENTRAL SEMI-ARID PRAIRIES", "Ecoregion_Level3": "High Plains", "livestock_density": 43.0235595703125, "cattle_density": 40.192535400390625, "buffalo_density": null, "sheep_density": 15.736396789550781, "goat_density": 0.615744948387146, "Site label": "US-CX2", "PFT": "grass" }, "geometry": { "type": "Point", "coordinates": [ -104.7672, 40.8402 ] } },
{ "type": "Feature", "properties": { "site": "US-EPM", "lat": 30.8167, "lon": -99.8619, "Ecoregion": "GREAT PLAINS", "Koppen Climate group": null, "KoppenClimate": null, "Disturbance": null, "rap_AFG_2019": 8, "rap_BGR_2019": 6, "rap_LTR_2019": 7, "rap_PFG_2019": 23, "rap_SHR_2019": 50, "rap_TRE_2019": 9, "rap_pixel_center_lon": -99.861892, "rap_pixel_center_lat": 30.816571, "rap_offset_lon": -7.9999999999999996e-06, "rap_offset_lat": 0.000129, "rap_AFG_2020": 6, "rap_BGR_2020": 6, "rap_LTR_2020": 12, "rap_PFG_2020": 21, "rap_SHR_2020": 48, "rap_TRE_2020": 10, "rap_AFG_2021": 8, "rap_BGR_2021": 3, "rap_LTR_2021": 12, "rap_PFG_2021": 17, "rap_SHR_2021": 50, "rap_TRE_2021": 14, "rap_AFG_2022": 6, "rap_BGR_2022": 5, "rap_LTR_2022": 20, "rap_PFG_2022": 19, "rap_SHR_2022": 42, "rap_TRE_2022": 6, "rap_AFG_2023": 5, "rap_BGR_2023": 9, "rap_LTR_2023": 16, "rap_PFG_2023": 33, "rap_SHR_2023": 19, "rap_TRE_2023": 14, "rap_AFG_2024": 4, "rap_BGR_2024": 9, "rap_LTR_2024": 12, "rap_PFG_2024": 32, "rap_SHR_2024": 19, "rap_TRE_2024": 16, "Ecoregion_Level2": "SOUTH CENTRAL SEMI-ARID PRAIRIES", "Ecoregion_Level3": "Edwards Plateau", "livestock_density": 6.0449924468994141, "cattle_density": 5.1766805648803711, "buffalo_density": null, "sheep_density": 3.2994153499603271, "goat_density": 4.7762923240661621, "Site label": null, "PFT": null }, "geometry": { "type": "Point", "coordinates": [ -99.8619, 30.8167 ] } },
{ "type": "Feature", "properties": { "site": "US-Hn3", "lat": 46.6878, "lon": -119.4614, "Ecoregion": "NORTH AMERICAN DESERTS", "Koppen Climate group": null, "KoppenClimate": null, "Disturbance": null, "rap_AFG_2019": 38, "rap_BGR_2019": 2, "rap_LTR_2019": 12, "rap_PFG_2019": 27, "rap_SHR_2019": 9, "rap_TRE_2019": 1, "rap_pixel_center_lon": -119.461425, "rap_pixel_center_lat": 46.687916, "rap_offset_lon": 2.5e-05, "rap_offset_lat": -0.000116, "rap_AFG_2020": 44, "rap_BGR_2020": 4, "rap_LTR_2020": 17, "rap_PFG_2020": 15, "rap_SHR_2020": 9, "rap_TRE_2020": 0, "rap_AFG_2021": 47, "rap_BGR_2021": 7, "rap_LTR_2021": 17, "rap_PFG_2021": 11, "rap_SHR_2021": 9, "rap_TRE_2021": 0, "rap_AFG_2022": 46, "rap_BGR_2022": 5, "rap_LTR_2022": 10, "rap_PFG_2022": 28, "rap_SHR_2022": 6, "rap_TRE_2022": 0, "rap_AFG_2023": 48, "rap_BGR_2023": 5, "rap_LTR_2023": 12, "rap_PFG_2023": 25, "rap_SHR_2023": 6, "rap_TRE_2023": 0, "rap_AFG_2024": 48, "rap_BGR_2024": 6, "rap_LTR_2024": 12, "rap_PFG_2024": 12, "rap_SHR_2024": 8, "rap_TRE_2024": 1, "Ecoregion_Level2": "COLD DESERTS", "Ecoregion_Level3": "Columbia Plateau", "livestock_density": 12.257399559020996, "cattle_density": 12.16603946685791, "buffalo_density": null, "sheep_density": 0.14477436244487762, "goat_density": 0.11785592883825302, "Site label": null, "PFT": null }, "geometry": { "type": "Point", "coordinates": [ -119.4614, 46.6878 ] } },
{ "type": "Feature", "properties": { "site": "US-LWW", "lat": 34.9604, "lon": -97.9789, "Ecoregion": "GREAT PLAINS", "Koppen Climate group": null, "KoppenClimate": null, "Disturbance": null, "rap_AFG_2019": 15, "rap_BGR_2019": 1, "rap_LTR_2019": 4, "rap_PFG_2019": 75, "rap_SHR_2019": 1, "rap_TRE_2019": 1, "rap_pixel_center_lon": -97.978934, "rap_pixel_center_lat": 34.96032, "rap_offset_lon": 3.4e-05, "rap_offset_lat": 8.0000000000000007e-05, "rap_AFG_2020": 9, "rap_BGR_2020": 1, "rap_LTR_2020": 3, "rap_PFG_2020": 86, "rap_SHR_2020": 0, "rap_TRE_2020": 0, "rap_AFG_2021": 10, "rap_BGR_2021": 0, "rap_LTR_2021": 4, "rap_PFG_2021": 81, "rap_SHR_2021": 0, "rap_TRE_2021": 1, "rap_AFG_2022": 8, "rap_BGR_2022": 0, "rap_LTR_2022": 7, "rap_PFG_2022": 79, "rap_SHR_2022": 1, "rap_TRE_2022": 1, "rap_AFG_2023": 10, "rap_BGR_2023": 2, "rap_LTR_2023": 6, "rap_PFG_2023": 75, "rap_SHR_2023": 1, "rap_TRE_2023": 2, "rap_AFG_2024": 17, "rap_BGR_2024": 2, "rap_LTR_2024": 7, "rap_PFG_2024": 73, "rap_SHR_2024": 0, "rap_TRE_2024": 1, "Ecoregion_Level2": "SOUTH CENTRAL SEMI-ARID PRAIRIES", "Ecoregion_Level3": "Central Great Plains", "livestock_density": 49.511993408203125, "cattle_density": 49.201610565185547, "buffalo_density": null, "sheep_density": 0.18422117829322815, "goat_density": 1.0074995756149292, "Site label": null, "PFT": null }, "geometry": { "type": "Point", "coordinates": [ -97.9789, 34.9604 ] } },
{ "type": "Feature", "properties": { "site": "US-RFE", "lat": 39.8771, "lon": -105.169, "Ecoregion": "GREAT PLAINS", "Koppen Climate group": null, "KoppenClimate": null, "Disturbance": null, "rap_AFG_2019": 28, "rap_BGR_2019": 2, "rap_LTR_2019": 8, "rap_PFG_2019": 52, "rap_SHR_2019": 13, "rap_TRE_2019": 0, "rap_pixel_center_lon": -105.169049, "rap_pixel_center_lat": 39.876979, "rap_offset_lon": 4.9e-05, "rap_offset_lat": 0.000121, "rap_AFG_2020": 30, "rap_BGR_2020": 2, "rap_LTR_2020": 11, "rap_PFG_2020": 43, "rap_SHR_2020": 14, "rap_TRE_2020": 0, "rap_AFG_2021": 36, "rap_BGR_2021": 2, "rap_LTR_2021": 6, "rap_PFG_2021": 49, "rap_SHR_2021": 6, "rap_TRE_2021": 0, "rap_AFG_2022": 14, "rap_BGR_2022": 2, "rap_LTR_2022": 15, "rap_PFG_2022": 54, "rap_SHR_2022": 10, "rap_TRE_2022": 2, "rap_AFG_2023": 28, "rap_BGR_2023": 1, "rap_LTR_2023": 8, "rap_PFG_2023": 50, "rap_SHR_2023": 15, "rap_TRE_2023": 0, "rap_AFG_2024": 11, "rap_BGR_2024": 4, "rap_LTR_2024": 15, "rap_PFG_2024": 46, "rap_SHR_2024": 24, "rap_TRE_2024": 0, "Ecoregion_Level2": "SOUTH CENTRAL SEMI-ARID PRAIRIES", "Ecoregion_Level3": "High Plains", "livestock_density": 1.5952976942062378, "cattle_density": 1.5544712543487549, "buffalo_density": null, "sheep_density": 0.22195616364479065, "goat_density": 0.12368722259998322, "Site label": null, "PFT": null }, "geometry": { "type": "Point", "coordinates": [ -105.169, 39.8771 ] } },
{ "type": "Feature", "properties": { "site": "US-SRG", "lat": 31.7894, "lon": -110.8277, "Ecoregion": "SOUTHERN SEMI-ARID HIGHLANDS", "Koppen Climate group": "Bsk", "KoppenClimate": "B", "Disturbance": "grazing", "rap_AFG_2019": 10, "rap_BGR_2019": 7, "rap_LTR_2019": 10, "rap_PFG_2019": 44, "rap_SHR_2019": 13, "rap_TRE_2019": 4, "rap_pixel_center_lon": -110.827627, "rap_pixel_center_lat": 31.789447, "rap_offset_lon": -7.3e-05, "rap_offset_lat": -4.7e-05, "rap_AFG_2020": 7, "rap_BGR_2020": 9, "rap_LTR_2020": 11, "rap_PFG_2020": 29, "rap_SHR_2020": 18, "rap_TRE_2020": 7, "rap_AFG_2021": 12, "rap_BGR_2021": 4, "rap_LTR_2021": 8, "rap_PFG_2021": 51, "rap_SHR_2021": 10, "rap_TRE_2021": 3, "rap_AFG_2022": 7, "rap_BGR_2022": 7, "rap_LTR_2022": 9, "rap_PFG_2022": 53, "rap_SHR_2022": 4, "rap_TRE_2022": 5, "rap_AFG_2023": 0, "rap_BGR_2023": 10, "rap_LTR_2023": 12, "rap_PFG_2023": 51, "rap_SHR_2023": 8, "rap_TRE_2023": 6, "rap_AFG_2024": 3, "rap_BGR_2024": 7, "rap_LTR_2024": 10, "rap_PFG_2024": 53, "rap_SHR_2024": 13, "rap_TRE_2024": 6, "Ecoregion_Level2": "WESTERN SIERRA MADRE PIEDMONT", "Ecoregion_Level3": "Madrean Archipelago", "livestock_density": 1.8589847087860107, "cattle_density": 1.8320599794387817, "buffalo_density": null, "sheep_density": 0.020762817934155464, "goat_density": 0.069880709052085876, "Site label": "US-SRG", "PFT": "grass" }, "geometry": { "type": "Point", "coordinates": [ -110.8277, 31.7894 ] } },
{ "type": "Feature", "properties": { "site": "US-Sta", "lat": 41.3966, "lon": -106.8024, "Ecoregion": "NORTH AMERICAN DESERTS", "Koppen Climate group": null, "KoppenClimate": null, "Disturbance": null, "rap_AFG_2019": 5, "rap_BGR_2019": 29, "rap_LTR_2019": 12, "rap_PFG_2019": 32, "rap_SHR_2019": 16, "rap_TRE_2019": 0, "rap_pixel_center_lon": -106.802456, "rap_pixel_center_lat": 41.396659, "rap_offset_lon": 5.6e-05, "rap_offset_lat": -5.9e-05, "rap_AFG_2020": 5, "rap_BGR_2020": 25, "rap_LTR_2020": 15, "rap_PFG_2020": 32, "rap_SHR_2020": 18, "rap_TRE_2020": 0, "rap_AFG_2021": 0, "rap_BGR_2021": 41, "rap_LTR_2021": 12, "rap_PFG_2021": 25, "rap_SHR_2021": 20, "rap_TRE_2021": 0, "rap_AFG_2022": 3, "rap_BGR_2022": 28, "rap_LTR_2022": 12, "rap_PFG_2022": 33, "rap_SHR_2022": 20, "rap_TRE_2022": 0, "rap_AFG_2023": 3, "rap_BGR_2023": 24, "rap_LTR_2023": 13, "rap_PFG_2023": 30, "rap_SHR_2023": 21, "rap_TRE_2023": 0, "rap_AFG_2024": 3, "rap_BGR_2024": 26, "rap_LTR_2024": 11, "rap_PFG_2024": 28, "rap_SHR_2024": 26, "rap_TRE_2024": 0, "Ecoregion_Level2": "COLD DESERTS", "Ecoregion_Level3": "Wyoming Basin", "livestock_density": 6.3631091117858887, "cattle_density": 6.2136602401733398, "buffalo_density": null, "sheep_density": 1.2918720245361328, "goat_density": 0.018542647361755371, "Site label": "US-Sta", "PFT": "sagebrush" }, "geometry": { "type": "Point", "coordinates": [ -106.8024, 41.3966 ] } },
{ "type": "Feature", "properties": { "site": "US-Wlr", "lat": 37.5208, "lon": -96.855, "Ecoregion": "GREAT PLAINS", "Koppen Climate group": null, "KoppenClimate": null, "Disturbance": null, "rap_AFG_2019": 7, "rap_BGR_2019": 4, "rap_LTR_2019": 6, "rap_PFG_2019": 75, "rap_SHR_2019": 1, "rap_TRE_2019": 2, "rap_pixel_center_lon": -96.854872, "rap_pixel_center_lat": 37.520788, "rap_offset_lon": -0.000128, "rap_offset_lat": 1.2e-05, "rap_AFG_2020": 5, "rap_BGR_2020": 5, "rap_LTR_2020": 6, "rap_PFG_2020": 80, "rap_SHR_2020": 1, "rap_TRE_2020": 2, "rap_AFG_2021": 10, "rap_BGR_2021": 3, "rap_LTR_2021": 5, "rap_PFG_2021": 78, "rap_SHR_2021": 1, "rap_TRE_2021": 2, "rap_AFG_2022": 4, "rap_BGR_2022": 5, "rap_LTR_2022": 8, "rap_PFG_2022": 81, "rap_SHR_2022": 1, "rap_TRE_2022": 1, "rap_AFG_2023": 6, "rap_BGR_2023": 5, "rap_LTR_2023": 4, "rap_PFG_2023": 77, "rap_SHR_2023": 1, "rap_TRE_2023": 1, "rap_AFG_2024": 8, "rap_BGR_2024": 11, "rap_LTR_2024": 10, "rap_PFG_2024": 59, "rap_SHR_2024": 5, "rap_TRE_2024": 2, "Ecoregion_Level2": "SOUTH CENTRAL SEMI-ARID PRAIRIES", "Ecoregion_Level3": "Flint Hills", "livestock_density": 36.066356658935547, "cattle_density": 33.165775299072266, "buffalo_density": null, "sheep_density": 0.17589071393013, "goat_density": 0.54038983583450317, "Site label": "US-Wlr", "PFT": "grass" }, "geometry": { "type": "Point", "coordinates": [ -96.855, 37.5208 ] } },
{ "type": "Feature", "properties": { "site": "US-xSR", "lat": 31.9107, "lon": -110.8355, "Ecoregion": "NORTH AMERICAN DESERTS", "Koppen Climate group": "Bsk ", "KoppenClimate": "B", "Disturbance": "grazing", "rap_AFG_2019": 3, "rap_BGR_2019": 13, "rap_LTR_2019": 8, "rap_PFG_2019": 0, "rap_SHR_2019": 31, "rap_TRE_2019": 10, "rap_pixel_center_lon": -110.835442, "rap_pixel_center_lat": 31.910719, "rap_offset_lon": -5.8e-05, "rap_offset_lat": -1.9e-05, "rap_AFG_2020": 3, "rap_BGR_2020": 15, "rap_LTR_2020": 12, "rap_PFG_2020": 0, "rap_SHR_2020": 28, "rap_TRE_2020": 6, "rap_AFG_2021": 12, "rap_BGR_2021": 13, "rap_LTR_2021": 9, "rap_PFG_2021": 8, "rap_SHR_2021": 28, "rap_TRE_2021": 5, "rap_AFG_2022": 8, "rap_BGR_2022": 10, "rap_LTR_2022": 11, "rap_PFG_2022": 14, "rap_SHR_2022": 27, "rap_TRE_2022": 7, "rap_AFG_2023": 4, "rap_BGR_2023": 12, "rap_LTR_2023": 11, "rap_PFG_2023": 14, "rap_SHR_2023": 25, "rap_TRE_2023": 6, "rap_AFG_2024": 2, "rap_BGR_2024": 21, "rap_LTR_2024": 12, "rap_PFG_2024": 5, "rap_SHR_2024": 29, "rap_TRE_2024": 7, "Ecoregion_Level2": "WARM DESERTS", "Ecoregion_Level3": "Sonoran Basin and Range", "livestock_density": 0.67459326982498169, "cattle_density": 0.65864932537078857, "buffalo_density": null, "sheep_density": 0.017719447612762451, "goat_density": 0.025402074679732323, "Site label": "US-xSR", "PFT": "desert-scrub" }, "geometry": { "type": "Point", "coordinates": [ -110.8355, 31.9107 ] } },
{ "type": "Feature", "properties": { "site": "US-Whs", "lat": 31.7438, "lon": -110.0522, "Ecoregion": "SOUTHERN SEMI-ARID HIGHLANDS", "Koppen Climate group": "Bsk", "KoppenClimate": null, "Disturbance": null, "rap_AFG_2019": 2, "rap_BGR_2019": 15, "rap_LTR_2019": 8, "rap_PFG_2019": 9, "rap_SHR_2019": 20, "rap_TRE_2019": 2, "rap_pixel_center_lon": -110.052291, "rap_pixel_center_lat": 31.743902, "rap_offset_lon": 9.1e-05, "rap_offset_lat": -0.000102, "rap_AFG_2020": 5, "rap_BGR_2020": 16, "rap_LTR_2020": 10, "rap_PFG_2020": 6, "rap_SHR_2020": 22, "rap_TRE_2020": 2, "rap_AFG_2021": 7, "rap_BGR_2021": 16, "rap_LTR_2021": 10, "rap_PFG_2021": 9, "rap_SHR_2021": 21, "rap_TRE_2021": 2, "rap_AFG_2022": 8, "rap_BGR_2022": 12, "rap_LTR_2022": 11, "rap_PFG_2022": 14, "rap_SHR_2022": 18, "rap_TRE_2022": 2, "rap_AFG_2023": 4, "rap_BGR_2023": 10, "rap_LTR_2023": 13, "rap_PFG_2023": 10, "rap_SHR_2023": 21, "rap_TRE_2023": 2, "rap_AFG_2024": 2, "rap_BGR_2024": 18, "rap_LTR_2024": 8, "rap_PFG_2024": 2, "rap_SHR_2024": 20, "rap_TRE_2024": 2, "Ecoregion_Level2": "WESTERN SIERRA MADRE PIEDMONT", "Ecoregion_Level3": "Madrean Archipelago", "livestock_density": 6.1661834716796875, "cattle_density": 6.1376500129699707, "buffalo_density": null, "sheep_density": 0.073514014482498169, "goat_density": 0.10953065007925034, "Site label": "US-Whs", "PFT": "desert-scrub" }, "geometry": { "type": "Point", "coordinates": [ -110.0522, 31.7438 ] } }
]
}
