site,time,EVI2,vpd,tsoil,sm1,sm2,SW_IN_NLDAS,tavg,tmax,tmin,prcp,clay,NEE_obs,GPP_obs,RECO_obs,TA_obs,SW_IN_obs,P_obs,PA_obs,RH_obs,VPD_obs,NETRAD_obs,WS_obs,H_obs,LE_obs,Site label_x,Site label_y,PFT,NEE_predicted,NEE_original,NEE_pred_mean,NEE_pred_lower_95,NEE_pred_upper_95,NEE_pred_lower_68,NEE_pred_upper_68,GPP_predicted,RECO_predicted,Rm_predicted,Rg_predicted,AGB_predicted,BGB_predicted,AGL_predicted,BGL_predicted,POC_predicted,HOC_predicted
US-Hn1,2017-08-20,0.132,19.5,22.205,0.103,0.415,45.575,21.155,29.17,13.14,0.0,6.632,0.236,,0.004,21.745,,,,,1.704,,,52.978,13.576,US-Hn1,US-Hn1,sagebrush,-0.281,-0.116,-0.269,-0.332,-0.199,-0.303,-0.238,1.713,1.432,0.625,0.433,95.904,26.433,33.164,92.301,495.127,467.675
US-Hn1,2017-08-25,0.129,18.353,21.565,0.101,0.409,48.251,19.885,28.65,11.12,0.0,6.632,-0.211,,0.003,19.866,,,,,1.639,,,82.904,7.991,US-Hn1,US-Hn1,sagebrush,-0.382,-0.226,-0.371,-0.432,-0.299,-0.404,-0.339,1.823,1.441,0.597,0.488,97.193,24.848,33.101,94.529,495.155,467.688
US-Hn1,2017-08-30,0.119,25.398,28.149,0.099,0.404,45.63,25.45,34.25,16.65,0.0,6.632,-1.021,,0.004,25.191,,,,,2.128,,,58.852,6.364,US-Hn1,US-Hn1,sagebrush,0.218,0.198,0.235,0.127,0.338,0.17,0.3,1.242,1.46,0.887,0.141,97.279,21.989,32.956,96.297,495.201,467.703
US-Hn1,2017-09-04,0.127,22.347,26.988,0.097,0.399,42.855,23.33,31.81,14.85,0.0,6.632,-0.018,0.03,0.004,24.322,,,,,1.925,,,35.437,12.045,US-Hn1,US-Hn1,sagebrush,0.049,0.183,0.071,-0.032,0.19,0.01,0.132,1.404,1.453,0.808,0.237,88.292,19.869,42.251,97.797,495.253,467.717
US-Hn1,2017-09-09,0.126,22.678,25.795,0.095,0.395,39.356,24.385,30.7,18.07,0.0,6.632,0.005,0.019,0.096,24.099,,,,,1.767,,,70.748,8.626,US-Hn1,US-Hn1,sagebrush,0.051,0.175,0.071,-0.031,0.189,0.017,0.127,1.263,1.315,0.682,0.232,80.191,17.983,50.538,99.116,495.363,467.73
US-Hn1,2017-09-14,0.12,15.761,19.746,0.094,0.391,35.083,18.725,23.73,13.72,0.0,6.632,-0.028,0.033,0.514,18.483,,,,,1.474,,,37.601,7.606,US-Hn1,US-Hn1,sagebrush,-0.196,-0.061,-0.185,-0.259,-0.103,-0.232,-0.141,1.305,1.109,0.429,0.349,73.311,16.808,58.042,100.508,495.494,467.741
US-Hn1,2017-09-19,0.117,12.591,15.589,0.115,0.387,19.068,15.43,19.59,11.27,0.0,6.632,0.06,0.087,0.863,14.455,,,,,0.804,,,52.38,36.657,US-Hn1,US-Hn1,sagebrush,0.151,0.198,0.158,0.095,0.221,0.122,0.191,0.727,0.879,0.307,0.167,66.499,15.025,64.648,101.527,495.694,467.753
US-Hn1,2017-09-24,0.117,14.089,14.048,0.132,0.385,33.22,15.99,23.31,8.67,0.0,6.632,0.393,0.099,0.52,16.524,,,,,1.019,,,49.819,13.441,US-Hn1,US-Hn1,sagebrush,-0.065,-0.058,-0.061,-0.135,0.007,-0.093,-0.028,1.155,1.09,0.253,0.359,61.035,14.279,70.352,102.071,495.967,467.768
US-Hn1,2017-09-29,0.122,15.265,18.564,0.129,0.383,28.17,16.915,25.41,8.42,0.0,6.632,0.28,0.081,0.193,16.767,,,,,0.908,,,24.569,5.516,US-Hn1,US-Hn1,sagebrush,0.1,0.152,0.109,0.02,0.194,0.066,0.143,1.08,1.18,0.307,0.308,55.945,13.414,75.251,102.254,496.326,467.784
US-Hn1,2017-10-04,0.117,10.943,11.265,0.128,0.381,31.528,11.795,19.58,4.01,0.0,6.632,0.017,0.025,0.147,11.143,,,,,0.732,,,44.877,4.264,US-Hn1,US-Hn1,sagebrush,-0.114,-0.12,-0.111,-0.186,-0.047,-0.144,-0.078,1.069,0.955,0.182,0.353,51.525,12.855,79.912,102.844,496.614,467.797
US-Hn1,2017-10-09,0.113,10.51,10.33,0.125,0.38,29.326,11.05,19.21,2.89,0.0,6.632,0.257,0.005,0.145,9.733,,,,,0.65,,,33.489,3.194,US-Hn1,US-Hn1,sagebrush,-0.069,-0.075,-0.066,-0.139,-0.001,-0.099,-0.033,0.931,0.863,0.159,0.307,47.391,12.182,84.146,103.458,496.904,467.808
US-Hn1,2017-10-14,0.118,8.513,7.922,0.147,0.38,21.795,8.035,15.42,0.65,0.0,6.632,0.872,0.011,0.15,9.739,,,,,0.663,,,34.824,14.077,US-Hn1,US-Hn1,sagebrush,0.115,0.069,0.115,0.051,0.168,0.087,0.147,0.685,0.8,0.128,0.222,43.38,11.26,87.795,103.806,497.254,467.821
US-Hn1,2017-10-19,0.109,9.009,13.968,0.145,0.381,9.788,14.525,19.58,9.47,5.81,6.632,0.737,0.016,0.228,15.292,,,,,0.76,,,-9.13,15.554,US-Hn1,US-Hn1,sagebrush,0.48,0.317,0.482,0.388,0.571,0.44,0.52,0.353,0.833,0.169,0.073,39.261,9.874,90.644,103.567,497.731,467.838
US-Hn1,2017-10-24,0.108,8.762,9.579,0.191,0.439,23.484,10.035,17.18,2.89,0.0,6.632,1.499,0.024,0.153,8.569,,,,,0.333,,,34.284,23.11,US-Hn1,US-Hn1,sagebrush,0.343,0.234,0.341,0.256,0.416,0.306,0.378,0.707,1.049,0.116,0.235,36.114,9.652,92.763,102.507,498.308,467.859
US-Hn1,2017-10-29,0.104,8.267,9.263,0.171,0.451,21.235,9.47,16.89,2.05,0.0,6.632,0.571,0.03,0.16,8.462,,,,,0.372,,,9.661,26.372,US-Hn1,US-Hn1,sagebrush,0.3,0.222,0.299,0.222,0.366,0.265,0.333,0.607,0.908,0.106,0.2,33.162,9.372,94.786,101.694,498.812,467.876
US-Hn1,2017-11-03,0.103,4.147,8.412,0.162,0.454,14.661,5.815,10.59,1.04,0.0,6.632,-0.014,0.034,0.118,4.673,,,,,0.346,,,19.045,9.123,US-Hn1,US-Hn1,sagebrush,0.334,0.27,0.334,0.268,0.401,0.305,0.366,0.436,0.771,0.094,0.136,30.29,8.879,96.649,101.05,499.27,467.893
US-Hn1,2017-11-08,0.107,2.038,6.028,0.18,0.464,11.861,3.42,7.62,-0.78,3.55,6.632,-0.356,0.041,0.087,1.326,,,,,0.143,,,4.457,11.525,US-Hn1,US-Hn1,sagebrush,0.384,0.297,0.382,0.32,0.437,0.355,0.411,0.345,0.729,0.075,0.108,27.608,8.368,98.182,100.302,499.74,467.909
US-Hn1,2017-11-13,0.101,2.922,8.001,0.195,0.499,7.154,7.91,12.17,3.65,0.34,6.632,0.098,0.006,0.193,9.866,,,,,0.559,,,-27.797,6.099,US-Hn1,US-Hn1,sagebrush,0.594,0.385,0.589,0.506,0.658,0.558,0.622,0.208,0.802,0.077,0.052,25.005,7.841,99.072,98.974,500.319,467.93
US-Hn1,2017-11-18,0.094,3.006,3.026,0.205,0.541,10.591,7.025,12.1,1.95,0.0,6.632,0.087,0.067,0.19,7.916,,,,,0.465,,,16.017,13.353,US-Hn1,US-Hn1,sagebrush,0.445,0.304,0.44,0.386,0.495,0.42,0.463,0.215,0.66,0.052,0.065,22.708,7.593,100.047,97.836,500.786,467.947
US-Hn1,2017-12-18,0.097,3.152,-0.074,0.226,0.547,3.948,7.305,12.56,2.05,4.11,6.632,-0.827,0.211,0.327,9.943,,,,,0.443,,,67.614,28.749,US-Hn1,US-Hn1,sagebrush,0.461,0.275,0.452,0.394,0.494,0.434,0.472,0.068,0.529,0.034,0.014,18.678,6.902,95.236,89.611,503.453,468.056
US-Hn1,2017-12-23,0.094,1.14,0.728,0.215,0.583,10.723,-2.565,0.82,-5.95,0.0,6.632,-0.389,0.227,0.097,-3.025,,,,,0.217,,,93.985,18.185,US-Hn1,US-Hn1,sagebrush,0.412,0.271,0.407,0.366,0.444,0.39,0.424,0.134,0.546,0.035,0.039,18.756,6.774,93.935,88.533,503.806,468.073
US-Hn1,2017-12-28,0.089,0.432,-2.033,0.231,0.564,6.573,-2.375,-1.19,-3.56,6.71,6.632,0.023,0.237,0.084,-2.25,,,,,0.075,,,5.304,35.835,US-Hn1,US-Hn1,sagebrush,0.424,0.241,0.412,0.353,0.453,0.391,0.433,0.024,0.447,0.024,0.0,18.7,6.774,92.775,87.307,504.115,468.088
US-Hn1,2018-01-02,0.085,0.449,-4.73,0.256,0.616,10.255,-1.41,-0.26,-2.56,0.0,6.632,-0.297,0.25,0.106,-0.859,,,,,0.119,,,53.063,11.773,US-Hn1,US-Hn1,sagebrush,0.385,0.217,0.373,0.322,0.417,0.352,0.394,0.027,0.412,0.025,0.001,18.651,6.777,91.721,86.193,504.389,468.103
US-Hn1,2018-01-07,0.08,0.767,-0.139,0.257,0.622,5.378,0.45,2.22,-1.32,0.01,6.632,2.484,0.303,0.137,0.936,,,,,0.01,,,72.451,26.264,US-Hn1,US-Hn1,sagebrush,0.536,0.321,0.521,0.457,0.565,0.501,0.545,0.034,0.57,0.033,0.0,18.601,6.646,90.241,84.787,504.756,468.123
US-Hn1,2018-01-12,0.076,1.444,4.987,0.251,0.7,8.167,3.34,6.21,0.47,0.0,6.632,0.572,0.398,0.177,2.599,,,,,0.033,,,67.552,17.529,US-Hn1,US-Hn1,sagebrush,0.661,0.446,0.652,0.599,0.703,0.628,0.674,0.123,0.784,0.045,0.031,18.655,6.749,88.285,82.791,505.219,468.151
US-Hn1,2018-03-08,0.047,4.703,7.4,0.214,0.65,18.936,5.825,13.29,-1.64,0.0,6.632,-0.185,0.656,0.367,7.302,,,,,0.371,,,13.682,10.561,US-Hn1,US-Hn1,sagebrush,0.527,0.399,0.521,0.486,0.553,0.505,0.535,0.137,0.665,0.054,0.033,18.726,7.318,72.669,66.883,507.936,468.413
US-Hn1,2018-03-13,0.122,6.488,8.361,0.204,0.64,16.212,8.99,16.77,1.21,1.52,6.632,-0.067,0.554,0.339,9.67,,,,,0.538,,,3.171,12.996,US-Hn1,US-Hn1,sagebrush,0.254,0.237,0.25,0.22,0.276,0.236,0.262,0.572,0.826,0.057,0.205,19.373,8.092,71.22,65.465,508.083,468.441
US-Hn1,2018-03-18,0.176,5.535,7.3,0.207,0.636,34.858,9.005,15.01,3.0,0.0,6.632,-0.276,0.923,0.273,8.613,,,,,0.614,,,57.974,19.888,US-Hn1,US-Hn1,sagebrush,-0.553,-0.579,-0.394,-0.591,0.04,-0.573,-0.164,1.866,1.313,0.057,0.72,21.797,10.959,69.857,64.157,508.202,468.468
US-Hn1,2018-03-23,0.146,5.306,6.82,0.206,0.628,31.528,6.32,13.39,-0.75,0.38,6.632,-0.311,0.798,0.188,6.108,,,,,0.449,,,31.648,14.029,US-Hn1,US-Hn1,sagebrush,-0.243,-0.264,-0.248,-0.272,-0.222,-0.263,-0.235,1.321,1.078,0.066,0.5,23.452,12.836,68.572,63.002,508.299,468.495
US-Hn1,2018-03-28,0.206,7.772,7.925,0.205,0.63,31.895,9.955,17.4,2.51,0.0,6.632,-0.55,1.029,0.25,9.993,,,,,0.74,,,46.183,22.301,US-Hn1,US-Hn1,sagebrush,-0.634,-0.65,-0.636,-0.674,-0.589,-0.661,-0.622,2.015,1.381,0.078,0.772,26.038,15.811,67.25,61.824,508.381,468.522
US-Hn1,2018-04-02,0.265,6.291,6.566,0.194,0.621,41.324,7.105,13.71,0.5,0.0,6.632,-0.912,1.143,0.158,6.202,,,,,0.636,,,62.911,27.103,US-Hn1,US-Hn1,sagebrush,-1.495,-1.545,-1.156,-1.605,-0.521,-1.557,-0.737,3.38,1.853,0.083,1.313,30.481,20.878,66.143,60.977,508.436,468.546
US-Hn1,2018-04-07,0.292,6.638,13.19,0.232,0.626,28.018,12.76,18.3,7.22,7.85,6.632,-0.227,0.773,0.252,9.752,,,,,0.425,,,13.476,24.541,US-Hn1,US-Hn1,sagebrush,-1.149,-1.15,-1.134,-1.212,-0.916,-1.194,-1.099,3.352,2.204,0.151,1.275,34.787,25.75,64.222,59.357,508.499,468.588
US-Hn1,2018-04-12,0.302,6.46,12.191,0.252,0.676,41.512,10.645,15.3,5.99,0.0,6.632,-0.48,1.321,0.266,8.679,,,,,0.55,,,73.394,63.047,US-Hn1,US-Hn1,sagebrush,-1.953,-2.116,-1.644,-2.203,-0.855,-2.139,-1.162,4.987,2.891,0.168,1.919,41.309,33.543,62.264,57.416,508.522,468.632
US-Hn1,2018-04-17,0.319,7.104,9.305,0.233,0.696,37.944,11.175,16.03,6.32,0.0,6.632,-0.349,1.379,0.315,9.153,,,,,0.709,,,80.886,39.932,US-Hn1,US-Hn1,sagebrush,-1.831,-1.849,-1.841,-1.933,-1.754,-1.885,-1.793,4.261,2.429,0.174,1.627,46.8,40.11,60.796,55.965,508.506,468.667
US-Hn1,2018-06-21,0.106,25.397,27.459,0.134,0.504,59.459,25.955,33.33,18.58,0.0,6.632,0.715,0.058,1.191,26.006,,,,,2.279,,,103.802,24.37,US-Hn1,US-Hn1,sagebrush,0.338,0.409,0.354,0.244,0.465,0.299,0.406,1.385,1.722,0.96,0.169,79.979,53.733,44.513,64.764,506.213,469.152
US-Hn1,2018-06-26,0.102,17.365,21.472,0.126,0.49,65.644,19.115,27.39,10.84,0.0,6.632,0.898,0.118,0.831,17.502,,,,,1.4,,,119.712,11.615,US-Hn1,US-Hn1,sagebrush,-0.285,-0.128,-0.277,-0.316,-0.235,-0.297,-0.258,1.872,1.587,0.649,0.487,81.346,50.722,43.968,68.441,506.124,469.176
US-Hn1,2018-07-01,0.096,20.047,22.979,0.12,0.477,57.652,21.85,29.23,14.47,0.0,6.632,0.828,0.051,1.061,20.045,,,,,1.608,,,135.104,9.315,US-Hn1,US-Hn1,sagebrush,0.03,0.217,0.04,-0.011,0.103,0.013,0.065,1.402,1.432,0.702,0.279,81.987,46.785,43.459,72.141,506.058,469.2
US-Hn1,2018-07-06,0.096,24.945,26.957,0.114,0.466,54.552,25.535,33.19,17.88,0.0,6.632,0.619,0.004,1.24,25.161,,,,,2.427,,,80.571,11.307,US-Hn1,US-Hn1,sagebrush,0.33,0.291,0.339,0.239,0.41,0.296,0.384,1.131,1.461,0.871,0.104,82.017,42.243,42.918,75.566,506.011,469.225
US-Hn1,2018-07-11,0.098,22.247,24.283,0.109,0.456,58.746,23.16,31.92,14.4,0.0,6.632,0.531,0.026,0.776,22.11,,,,,1.81,,,128.465,9.19,US-Hn1,US-Hn1,sagebrush,0.031,0.241,0.044,-0.026,0.13,0.006,0.079,1.372,1.402,0.715,0.261,82.587,38.614,42.511,78.879,505.99,469.247
US-Hn1,2018-07-16,0.099,28.41,28.01,0.106,0.448,58.416,26.505,38.38,14.63,0.0,6.632,0.367,0.044,0.919,24.84,,,,,2.553,,,90.238,3.931,US-Hn1,US-Hn1,sagebrush,0.321,0.253,0.327,0.225,0.419,0.276,0.378,1.106,1.427,0.874,0.093,82.57,34.522,42.069,81.807,505.985,469.269
US-Hn1,2018-07-21,0.098,20.202,22.928,0.102,0.44,58.596,21.57,30.14,13.0,0.0,6.632,0.425,0.016,0.707,20.848,,,,,1.837,,,110.95,5.962,US-Hn1,US-Hn1,sagebrush,-0.127,0.076,-0.115,-0.18,-0.033,-0.153,-0.081,1.456,1.329,0.621,0.333,83.379,31.744,41.789,84.663,505.996,469.288
US-Hn1,2018-07-26,0.099,28.878,28.369,0.099,0.432,56.681,27.34,37.32,17.36,0.0,6.632,0.528,0.021,0.658,25.957,,,,,2.599,,,97.794,8.495,US-Hn1,US-Hn1,sagebrush,0.314,0.219,0.316,0.213,0.426,0.265,0.359,1.046,1.359,0.848,0.079,83.307,28.131,41.435,87.087,506.023,469.309
US-Hn1,2018-07-31,0.103,30.046,31.284,0.096,0.425,53.414,28.025,38.08,17.97,0.0,6.632,0.276,0.011,0.878,26.746,,,,,2.647,,,82.366,11.344,US-Hn1,US-Hn1,sagebrush,0.448,0.224,0.403,0.275,0.542,0.33,0.474,0.992,1.44,0.979,0.005,82.981,24.564,41.058,89.054,506.064,469.33
US-Hn1,2018-08-05,0.105,23.804,25.64,0.094,0.418,53.361,24.205,33.35,15.06,0.0,6.632,0.232,0.036,0.779,21.992,,,,,1.805,,,94.808,4.661,US-Hn1,US-Hn1,sagebrush,-0.005,0.173,0.015,-0.083,0.148,-0.039,0.065,1.297,1.292,0.672,0.249,83.498,22.367,40.824,90.937,506.106,469.348
US-Hn1,2018-08-10,0.104,31.687,32.135,0.092,0.413,51.975,28.935,39.13,18.74,0.0,6.632,0.72,0.063,0.619,27.657,,,,,2.813,,,65.231,16.741,US-Hn1,US-Hn1,sagebrush,0.439,0.201,0.402,0.254,0.555,0.313,0.488,0.909,1.348,0.909,0.0,83.153,19.368,40.498,92.335,506.164,469.368
US-Hn1,2018-08-15,0.094,22.781,25.801,0.09,0.407,51.392,23.13,33.31,12.95,0.0,6.632,0.256,0.108,0.21,20.858,,,,,1.708,,,61.348,9.792,US-Hn1,US-Hn1,sagebrush,0.068,0.154,0.089,-0.015,0.197,0.032,0.143,1.117,1.186,0.647,0.187,83.456,17.483,40.311,93.695,506.216,469.385
US-Hn1,2018-08-20,0.097,21.204,26.459,0.096,0.401,49.401,22.535,30.69,14.38,0.0,6.632,0.301,0.046,0.366,21.17,,,,,1.692,,,43.835,11.945,US-Hn1,US-Hn1,sagebrush,0.086,0.19,0.108,0.006,0.222,0.05,0.165,1.185,1.271,0.662,0.208,83.829,15.895,40.057,94.648,506.28,469.403
US-Hn1,2018-08-25,0.096,15.359,20.283,0.094,0.396,41.217,17.855,23.94,11.77,0.0,6.632,0.115,0.076,0.42,17.086,,,,,1.09,,,50.214,0.818,US-Hn1,US-Hn1,sagebrush,-0.101,0.068,-0.089,-0.155,-0.022,-0.13,-0.051,1.142,1.041,0.451,0.275,84.433,14.762,39.937,95.735,506.335,469.418
US-Hn1,2018-08-30,0.115,19.285,22.228,0.096,0.391,41.996,21.08,28.77,13.39,0.0,6.632,0.115,0.013,0.402,21.021,,,,,1.69,,,60.327,6.421,US-Hn1,US-Hn1,sagebrush,-0.149,0.048,-0.134,-0.207,-0.059,-0.179,-0.095,1.336,1.188,0.504,0.331,85.227,13.984,39.769,96.549,506.399,469.434
US-Hn1,2018-09-04,0.116,18.273,19.413,0.094,0.386,43.313,20.045,28.1,11.99,0.0,6.632,0.23,0.019,0.341,17.832,,,,,1.425,,,79.017,7.814,US-Hn1,US-Hn1,sagebrush,-0.297,-0.149,-0.286,-0.349,-0.223,-0.324,-0.254,1.433,1.136,0.425,0.401,78.02,13.567,47.91,97.443,506.458,469.448
US-Hn1,2018-09-09,0.102,18.575,19.665,0.093,0.382,40.427,20.31,28.39,12.23,0.0,6.632,0.3,0.045,0.374,18.602,,,,,1.43,,,63.747,5.433,US-Hn1,US-Hn1,sagebrush,-0.116,0.037,-0.104,-0.176,-0.034,-0.144,-0.06,1.118,1.002,0.399,0.286,71.144,12.712,55.24,98.312,506.556,469.462
US-Hn1,2018-09-14,0.104,14.611,15.574,0.091,0.378,38.904,16.39,24.29,8.49,0.0,6.632,0.174,0.042,0.39,14.979,,,,,0.952,,,54.168,0.396,US-Hn1,US-Hn1,sagebrush,-0.282,-0.183,-0.274,-0.34,-0.205,-0.319,-0.233,1.208,0.926,0.285,0.367,65.24,12.295,61.898,99.261,506.667,469.474
US-Hn1,2018-09-19,0.104,14.711,14.438,0.091,0.375,35.806,16.065,25.38,6.75,0.0,6.632,-0.006,0.035,0.314,13.863,,,,,1.016,,,65.91,2.492,US-Hn1,US-Hn1,sagebrush,-0.229,-0.142,-0.222,-0.288,-0.153,-0.269,-0.177,1.068,0.839,0.246,0.327,59.793,11.755,67.933,100.216,506.798,469.485
US-Hn1,2018-09-24,0.103,13.393,14.035,0.09,0.372,35.282,14.805,23.25,6.36,0.0,6.632,0.073,0.02,0.248,13.363,,,,,0.946,,,61.522,4.471,US-Hn1,US-Hn1,sagebrush,-0.238,-0.155,-0.23,-0.301,-0.159,-0.282,-0.185,1.057,0.819,0.222,0.332,54.913,11.304,73.385,101.125,506.948,469.496
US-Hn1,2018-09-29,0.103,14.841,16.021,0.089,0.37,30.068,16.735,24.36,9.11,0.0,6.632,0.169,0.014,0.261,14.313,,,,,1.071,,,42.022,6.007,US-Hn1,US-Hn1,sagebrush,-0.128,-0.025,-0.118,-0.201,-0.031,-0.176,-0.07,0.93,0.802,0.231,0.278,50.337,10.686,78.25,101.899,507.132,469.507
US-Hn1,2018-10-04,0.097,10.535,12.385,0.089,0.368,25.982,11.49,18.38,4.6,0.0,6.632,0.469,0.022,0.22,10.149,,,,,0.765,,,30.22,2.546,US-Hn1,US-Hn1,sagebrush,-0.08,-0.011,-0.073,-0.149,0.003,-0.125,-0.026,0.726,0.645,0.171,0.221,46.024,9.92,82.718,102.727,507.305,469.517
US-Hn1,2018-10-09,0.091,6.169,12.715,0.19,0.378,11.045,12.49,15.31,9.67,0.0,6.632,0.028,0.036,0.263,11.133,,,,,0.386,,,13.223,26.381,US-Hn1,US-Hn1,sagebrush,0.686,0.483,0.684,0.601,0.762,0.645,0.728,0.316,1.002,0.16,0.062,41.6,8.671,85.429,101.67,507.866,469.547
US-Hn1,2018-10-14,0.092,9.247,8.705,0.177,0.442,27.984,9.095,17.16,1.03,0.0,6.632,0.302,0.017,0.202,6.398,,,,,0.516,,,42.291,9.188,US-Hn1,US-Hn1,sagebrush,0.277,0.216,0.277,0.214,0.329,0.251,0.303,0.638,0.916,0.113,0.209,38.129,8.5,88.113,100.779,508.305,469.57
US-Hn1,2018-10-19,0.094,10.197,10.853,0.164,0.446,25.543,10.445,19.06,1.83,0.0,6.632,-0.127,0.115,0.365,7.561,,,,,0.378,,,33.113,7.305,US-Hn1,US-Hn1,sagebrush,0.286,0.246,0.287,0.22,0.346,0.259,0.317,0.644,0.93,0.119,0.209,35.007,8.368,90.388,99.851,508.759,469.594
US-Hn1,2018-10-24,0.098,8.724,12.38,0.157,0.447,21.777,11.835,17.21,6.46,0.0,6.632,0.136,0.289,0.814,11.951,,,,,0.535,,,5.068,4.33,US-Hn1,US-Hn1,sagebrush,0.299,0.275,0.302,0.231,0.364,0.271,0.334,0.644,0.943,0.122,0.208,32.195,8.25,92.285,98.894,509.229,469.618
US-Hn1,2018-10-29,0.109,8.439,12.593,0.167,0.448,19.34,12.2,17.26,7.14,0.0,6.632,-0.15,0.487,0.975,9.948,,,,,0.486,,,25.765,9.781,US-Hn1,US-Hn1,sagebrush,0.339,0.303,0.341,0.266,0.409,0.307,0.375,0.67,1.009,0.115,0.221,29.713,8.205,93.708,97.758,509.749,469.644
US-Hn1,2018-11-03,0.118,4.47,11.211,0.167,0.451,8.694,14.015,16.77,11.26,0.7,6.632,0.145,0.509,1.474,12.15,,,,,0.633,,,-1.968,12.272,US-Hn1,US-Hn1,sagebrush,0.485,0.378,0.486,0.422,0.55,0.458,0.517,0.343,0.828,0.099,0.097,27.052,7.669,94.966,96.754,510.24,469.67
US-Hn1,2018-11-08,0.115,4.838,4.312,0.166,0.455,17.053,3.31,10.38,-3.76,0.0,6.632,0.113,0.825,0.714,1.139,,,,,0.232,,,13.598,6.506,US-Hn1,US-Hn1,sagebrush,0.193,0.142,0.192,0.152,0.229,0.172,0.213,0.472,0.664,0.06,0.164,24.891,7.485,96.466,96.274,510.585,469.688
US-Hn1,2018-11-13,0.114,0.726,-0.124,0.162,0.455,14.723,0.255,1.95,-1.44,0.0,6.632,-0.127,0.508,0.546,-0.53,,,,,0.056,,,6.49,1.421,US-Hn1,US-Hn1,sagebrush,0.262,0.177,0.261,0.226,0.294,0.246,0.279,0.145,0.407,0.043,0.041,22.523,6.816,98.061,96.134,510.842,469.701
US-Hn1,2018-11-18,0.113,2.482,0.221,0.159,0.455,14.393,0.18,4.83,-4.47,0.0,6.632,1.262,0.853,0.368,-2.691,,,,,0.054,,,17.606,17.694,US-Hn1,US-Hn1,sagebrush,0.158,0.118,0.157,0.12,0.192,0.141,0.176,0.316,0.474,0.039,0.11,20.633,6.505,99.405,95.926,511.104,469.714
US-Hn1,2018-11-23,0.107,3.483,6.35,0.177,0.453,5.567,5.625,10.64,0.61,2.74,6.632,0.33,0.796,1.578,5.662,,,,,0.229,,,12.162,31.094,US-Hn1,US-Hn1,sagebrush,0.477,0.322,0.473,0.415,0.518,0.454,0.498,0.16,0.637,0.053,0.043,18.7,5.945,99.927,95.052,511.543,469.736
US-Hn1,2018-11-28,0.107,2.757,7.995,0.213,0.505,10.476,6.965,10.57,3.36,1.93,6.632,-0.073,1.151,2.091,5.93,,,,,0.131,,,3.614,4.853,US-Hn1,US-Hn1,sagebrush,0.576,0.467,0.573,0.516,0.639,0.544,0.606,0.33,0.906,0.053,0.11,17.195,5.889,99.66,93.371,512.14,469.767
US-Hn1,2018-12-03,0.102,1.43,2.91,0.21,0.566,6.513,1.63,4.84,-1.58,0.0,6.632,-0.354,0.19,0.441,-0.526,,,,,0.014,,,-1.088,5.495,US-Hn1,US-Hn1,sagebrush,0.485,0.329,0.481,0.435,0.522,0.462,0.5,0.133,0.618,0.037,0.038,17.273,5.741,98.131,92.089,512.57,469.79
US-Hn1,2018-12-08,0.102,0.69,-4.579,0.215,0.544,5.813,-1.19,0.59,-2.97,0.0,6.632,0.385,0.202,0.338,-2.338,,,,,0.093,,,-2.269,1.991,US-Hn1,US-Hn1,sagebrush,0.326,0.187,0.318,0.274,0.359,0.301,0.336,0.031,0.358,0.023,0.003,17.231,5.755,97.224,91.124,512.826,469.804
US-Hn1,2018-12-13,0.105,2.212,3.099,0.227,0.602,6.835,7.45,10.92,3.98,0.0,6.632,-0.244,0.24,0.944,7.461,,,,,0.51,,,-10.638,8.441,US-Hn1,US-Hn1,sagebrush,0.517,0.369,0.512,0.471,0.555,0.493,0.531,0.164,0.681,0.037,0.051,17.354,5.782,95.559,89.583,513.271,469.83
US-Hn1,2018-12-18,0.107,2.937,6.519,0.238,0.626,5.941,8.945,13.25,4.64,0.0,6.632,-0.102,0.287,1.109,9.605,,,,,0.399,,,-15.15,16.427,US-Hn1,US-Hn1,sagebrush,0.676,0.489,0.669,0.607,0.728,0.644,0.7,0.174,0.85,0.046,0.051,17.481,5.891,93.442,87.512,513.811,469.864
US-Hn1,2018-12-23,0.108,1.75,3.713,0.222,0.629,7.75,2.235,6.09,-1.62,4.02,6.632,1.801,0.257,0.532,1.525,,,,,0.02,,,21.437,7.506,US-Hn1,US-Hn1,sagebrush,0.487,0.37,0.482,0.446,0.522,0.466,0.5,0.201,0.688,0.039,0.065,17.651,6.065,91.823,85.928,514.21,469.891
US-Hn1,2019-02-01,0.086,0.518,-0.925,0.271,0.709,7.61,1.02,2.15,-0.11,1.99,6.632,-0.523,0.0,0.452,0.374,,,,,0.106,,,1.624,-0.476,US-Hn1,US-Hn1,sagebrush,0.499,0.334,0.486,0.442,0.53,0.462,0.512,0.034,0.533,0.031,0.001,18.181,6.849,80.753,74.817,516.484,470.097
US-Hn1,2019-02-11,0.046,0.383,-1.577,0.297,0.706,13.124,-7.005,-5.56,-8.45,1.75,6.632,-0.092,0.32,0.227,-6.684,,,,,0.054,,,-3.87,-0.401,US-Hn1,US-Hn1,sagebrush,0.52,0.354,0.507,0.461,0.558,0.481,0.536,0.013,0.533,0.013,0.0,18.217,6.981,78.081,72.1,516.896,470.152
US-Hn1,2019-02-16,0.025,1.278,1.781,0.265,0.774,15.471,-0.745,2.62,-4.11,0.0,6.632,-0.001,0.35,0.442,-0.209,,,,,0.064,,,0.391,5.59,US-Hn1,US-Hn1,sagebrush,0.562,0.394,0.549,0.506,0.593,0.524,0.576,0.0,0.562,0.0,0.0,18.169,6.956,76.6,70.613,517.099,470.183
US-Hn1,2019-02-21,0.004,1.338,0.77,0.26,0.746,21.979,-3.54,0.85,-7.93,0.0,6.632,-0.265,0.395,0.304,-4.409,,,,,0.067,,,3.535,4.111,US-Hn1,US-Hn1,sagebrush,0.507,0.354,0.495,0.454,0.539,0.473,0.521,0.0,0.507,0.0,0.0,18.119,6.932,75.275,69.282,517.264,470.212
US-Hn1,2019-02-26,-0.017,0.983,-0.593,0.272,0.739,22.727,-6.25,-2.44,-10.06,0.0,6.632,-0.112,0.427,0.291,-4.794,,,,,0.156,,,-6.638,12.507,US-Hn1,US-Hn1,sagebrush,0.483,0.337,0.471,0.431,0.518,0.448,0.497,0.0,0.483,0.0,0.0,18.072,6.908,74.021,68.024,517.406,470.24
US-Hn1,2019-03-03,-0.035,0.969,-0.856,0.334,0.724,24.14,-5.765,-2.16,-9.37,0.0,6.632,-0.338,0.433,0.255,-6.204,,,,,0.17,,,-5.018,13.852,US-Hn1,US-Hn1,sagebrush,0.593,0.426,0.579,0.522,0.643,0.545,0.617,0.0,0.593,0.0,0.0,18.035,6.884,72.467,66.484,517.559,470.275
US-Hn1,2019-03-08,-0.043,1.72,-0.173,0.343,0.739,30.138,-0.965,3.84,-5.77,0.0,6.632,-0.365,0.427,0.393,-1.548,,,,,0.119,,,15.153,3.657,US-Hn1,US-Hn1,sagebrush,0.629,0.46,0.614,0.554,0.682,0.579,0.655,0.0,0.629,0.0,0.0,17.999,6.86,70.827,64.864,517.696,470.313
US-Hn1,2019-03-13,-0.041,3.359,1.27,0.3,0.784,34.914,3.07,10.08,-3.94,0.0,6.632,0.217,0.375,0.455,3.69,,,,,0.324,,,7.086,7.474,US-Hn1,US-Hn1,sagebrush,0.586,0.433,0.572,0.52,0.628,0.543,0.608,0.0,0.586,0.0,0.0,17.956,6.836,69.32,63.369,517.799,470.349
US-Hn1,2019-03-18,0.056,4.279,3.94,0.255,0.764,37.92,4.675,12.55,-3.2,0.0,6.632,-0.026,0.316,0.322,3.088,,,,,0.262,,,53.959,20.065,US-Hn1,US-Hn1,sagebrush,0.384,0.353,0.377,0.339,0.414,0.353,0.397,0.34,0.724,0.042,0.119,18.316,7.3,67.89,61.946,517.875,470.384
US-Hn1,2019-03-23,0.113,6.199,10.538,0.238,0.73,27.704,11.91,18.03,5.79,1.11,6.632,0.135,0.438,0.399,11.789,,,,,0.743,,,37.662,21.58,US-Hn1,US-Hn1,sagebrush,0.174,0.179,0.168,0.124,0.218,0.147,0.187,0.975,1.15,0.064,0.363,19.514,8.765,66.059,60.132,517.94,470.429
US-Hn1,2019-03-28,0.131,4.765,9.307,0.239,0.721,31.435,10.585,16.15,5.02,0.0,6.632,0.951,0.469,0.326,9.55,,,,,0.313,,,2.272,-5.351,US-Hn1,US-Hn1,sagebrush,-0.078,-0.077,-0.085,-0.122,-0.046,-0.103,-0.064,1.311,1.233,0.066,0.496,21.168,10.77,64.38,58.473,517.966,470.472
US-Hn1,2019-04-07,0.156,3.642,11.927,0.251,0.704,27.094,11.08,15.84,6.32,4.35,6.632,-0.172,0.175,0.351,10.908,,,,,0.244,,,-12.488,11.427,US-Hn1,US-Hn1,sagebrush,-0.121,-0.099,-0.129,-0.179,-0.071,-0.156,-0.104,1.593,1.472,0.098,0.595,24.943,15.336,60.898,55.053,517.909,470.566
US-Hn1,2019-04-12,0.174,3.971,11.731,0.25,0.747,25.705,12.185,16.82,7.55,0.0,6.632,1.578,1.0,0.436,11.976,,,,,0.497,,,-3.288,71.436,US-Hn1,US-Hn1,sagebrush,-0.205,-0.179,-0.213,-0.26,-0.158,-0.239,-0.187,1.699,1.494,0.109,0.633,27.058,17.885,59.077,53.278,517.815,470.616
US-Hn1,2019-04-17,0.185,8.007,13.866,0.233,0.719,45.487,15.615,21.98,9.25,0.0,6.632,2.664,0.36,0.424,14.931,,,,,0.972,,,23.351,4.185,US-Hn1,US-Hn1,sagebrush,-1.1,-1.053,-1.022,-1.159,-0.715,-1.136,-0.887,3.209,2.11,0.138,1.223,31.197,22.847,57.295,51.544,517.678,470.668
US-Hn1,2019-06-21,0.14,15.48,19.403,0.137,0.527,45.872,18.335,23.55,13.12,0.0,6.632,15.841,0.02,0.551,18.605,,,,,1.231,,,-64.515,-34.708,US-Hn1,US-Hn1,sagebrush,-0.512,-0.384,-0.507,-0.545,-0.475,-0.526,-0.489,2.087,1.574,0.533,0.619,71.535,53.164,41.093,53.024,513.771,471.255
US-Hn1,2019-06-26,0.134,17.55,20.492,0.13,0.512,54.559,19.57,27.03,12.11,4.08,6.632,15.773,0.024,0.536,18.891,,,,,1.205,,,-64.29,-41.578,US-Hn1,US-Hn1,sagebrush,-0.577,-0.436,-0.571,-0.602,-0.537,-0.589,-0.553,2.219,1.642,0.571,0.656,73.523,51.535,40.575,56.253,513.56,471.283
US-Hn1,2019-07-01,0.134,22.736,24.317,0.132,0.499,57.097,23.59,32.19,14.99,0.06,6.632,19.177,0.024,0.589,20.773,,,,,1.538,,,-93.084,-51.678,US-Hn1,US-Hn1,sagebrush,-0.264,-0.06,-0.252,-0.309,-0.178,-0.283,-0.224,1.981,1.718,0.721,0.502,74.972,49.03,39.939,59.458,513.334,471.316
US-Hn1,2019-07-06,0.131,21.12,24.264,0.126,0.487,56.875,22.93,29.81,16.05,0.0,6.632,9.429,0.027,0.676,23.215,,,,,1.997,,,-88.257,-52.856,US-Hn1,US-Hn1,sagebrush,-0.317,-0.115,-0.305,-0.358,-0.235,-0.333,-0.278,2.022,1.705,0.713,0.521,76.479,46.513,39.384,62.768,513.142,471.346
US-Hn1,2019-07-11,0.131,24.49,24.506,0.12,0.476,56.174,25.775,31.99,19.56,0.0,6.632,-19.33,0.041,0.734,25.925,,,,,2.139,,,-63.579,-53.036,US-Hn1,US-Hn1,sagebrush,-0.192,0.016,-0.178,-0.238,-0.103,-0.207,-0.152,1.784,1.592,0.717,0.425,77.642,43.559,38.902,66.13,512.983,471.375
US-Hn1,2019-07-16,0.136,21.943,20.313,0.116,0.467,53.675,23.5,30.61,16.39,0.0,6.632,-7.553,0.37,0.725,24.64,,,,,2.047,,,-21.744,7.926,US-Hn1,US-Hn1,sagebrush,-0.466,-0.33,-0.458,-0.499,-0.418,-0.477,-0.441,1.945,1.479,0.549,0.556,79.251,41.23,38.579,69.593,512.871,471.398
US-Hn1,2019-07-21,0.135,21.916,22.255,0.111,0.456,58.235,22.29,33.09,11.49,0.0,6.632,5.367,0.55,0.637,24.345,,,,,2.395,,,-19.521,-2.452,US-Hn1,US-Hn1,sagebrush,-0.506,-0.338,-0.496,-0.542,-0.445,-0.52,-0.475,2.091,1.585,0.613,0.588,80.962,39.051,38.268,72.973,512.777,471.421
US-Hn1,2019-07-26,0.119,25.045,24.997,0.12,0.447,57.134,24.505,35.61,13.4,0.0,6.632,0.241,0.096,0.7,25.336,,,,,2.571,,,-19.14,81.224,US-Hn1,US-Hn1,sagebrush,-0.027,0.187,-0.011,-0.077,0.07,-0.045,0.02,1.567,1.541,0.721,0.337,81.805,35.908,37.816,75.926,512.682,471.45
US-Hn1,2019-07-31,0.124,23.695,24.575,0.115,0.439,55.421,24.015,33.51,14.52,0.0,6.632,2.841,0.063,0.731,25.168,,,,,2.309,,,-14.4,56.54,US-Hn1,US-Hn1,sagebrush,-0.145,0.061,-0.13,-0.193,-0.057,-0.162,-0.099,1.684,1.538,0.689,0.396,82.844,33.215,37.436,78.729,512.612,471.476
US-Hn1,2019-08-05,0.125,27.202,26.679,0.11,0.432,53.874,26.16,36.54,15.78,0.0,6.632,6.769,0.043,0.7,25.242,,,,,2.5,,,-11.128,67.576,US-Hn1,US-Hn1,sagebrush,0.051,0.268,0.071,-0.019,0.178,0.023,0.112,1.459,1.51,0.772,0.274,83.455,30.214,37.064,81.267,512.557,471.503
US-Hn1,2019-08-10,0.115,21.061,28.508,0.114,0.425,49.503,23.445,28.93,17.96,4.78,6.632,6.378,0.368,0.684,21.549,,,,,1.178,,,-9.362,89.601,US-Hn1,US-Hn1,sagebrush,0.131,0.303,0.155,0.05,0.288,0.09,0.212,1.489,1.62,0.844,0.257,84.006,27.415,36.627,83.311,512.512,471.532
US-Hn1,2019-08-15,0.115,23.701,25.846,0.135,0.418,50.21,24.74,32.12,17.36,0.0,6.632,7.437,0.032,0.728,24.242,,,,,2.157,,,-20.19,83.328,US-Hn1,US-Hn1,sagebrush,0.202,0.388,0.219,0.152,0.295,0.178,0.259,1.393,1.595,0.705,0.274,84.632,24.949,36.052,84.725,512.471,471.566
US-Hn1,2019-08-20,0.114,23.924,25.173,0.127,0.411,49.424,24.195,33.65,14.74,0.0,6.632,5.169,0.047,0.662,22.254,,,,,1.818,,,-12.603,62.321,US-Hn1,US-Hn1,sagebrush,0.154,0.341,0.171,0.109,0.243,0.136,0.206,1.341,1.495,0.665,0.269,85.231,22.695,35.582,86.076,512.442,471.597
US-Hn1,2019-08-25,0.112,20.145,23.399,0.124,0.405,47.885,22.045,29.12,14.97,0.0,6.632,1.185,0.036,0.636,20.965,,,,,1.752,,,-39.834,-6.464,US-Hn1,US-Hn1,sagebrush,-0.001,0.161,0.012,-0.038,0.069,-0.014,0.037,1.44,1.439,0.589,0.339,86.067,20.961,35.2,87.352,512.422,471.625
US-Hn1,2019-08-30,0.114,25.599,26.353,0.12,0.399,44.659,26.11,33.45,18.77,0.0,6.632,1.713,0.064,0.704,23.389,,,,,1.527,,,-30.767,11.255,US-Hn1,US-Hn1,sagebrush,0.272,0.313,0.29,0.209,0.365,0.246,0.335,1.139,1.411,0.698,0.176,86.333,18.734,34.8,88.337,512.408,471.654
US-Hn1,2019-09-04,0.119,20.958,23.969,0.116,0.394,42.899,22.33,30.5,14.16,0.0,6.632,1.989,0.075,0.627,20.027,,,,,1.43,,,-21.823,17.831,US-Hn1,US-Hn1,sagebrush,0.017,0.196,0.031,-0.032,0.097,0.001,0.062,1.356,1.373,0.593,0.304,78.679,17.297,42.857,89.27,512.4,471.68
US-Hn1,2019-09-09,0.122,17.994,21.882,0.133,0.39,32.399,20.97,25.94,16.0,0.81,6.632,6.573,0.116,0.619,18.238,,,,,1.116,,,-33.268,62.633,US-Hn1,US-Hn1,sagebrush,0.158,0.276,0.169,0.125,0.219,0.144,0.192,1.155,1.313,0.478,0.27,71.678,15.888,49.882,89.769,512.465,471.71
US-Hn1,2019-09-14,0.121,17.1,21.857,0.146,0.388,31.386,19.79,25.51,14.07,0.0,6.632,3.127,0.333,0.618,17.756,,,,,0.972,,,-13.336,24.69,US-Hn1,US-Hn1,sagebrush,0.241,0.339,0.252,0.204,0.31,0.223,0.28,1.132,1.373,0.435,0.277,65.41,14.696,55.918,89.811,512.606,471.743
US-Hn1,2019-09-19,0.118,15.218,18.419,0.169,0.392,34.58,17.76,23.7,11.82,0.0,6.632,3.584,0.106,0.562,15.576,,,,,0.85,,,-8.237,34.098,US-Hn1,US-Hn1,sagebrush,0.15,0.169,0.155,0.104,0.209,0.126,0.182,1.278,1.428,0.323,0.38,60.127,14.13,61.088,89.492,512.816,471.778
US-Hn1,2019-09-24,0.118,17.89,19.595,0.155,0.394,28.711,20.165,26.87,13.46,0.0,6.632,1.067,0.079,0.606,18.312,,,,,1.357,,,-5.521,8.515,US-Hn1,US-Hn1,sagebrush,0.294,0.342,0.301,0.244,0.361,0.272,0.329,0.984,1.279,0.322,0.264,54.977,13.189,65.692,89.233,513.06,471.812
US-Hn1,2019-09-29,0.113,3.042,13.223,0.149,0.394,16.767,6.915,8.92,4.91,0.0,6.632,-0.518,0.186,0.328,4.746,,,,,0.206,,,13.113,12.501,US-Hn1,US-Hn1,sagebrush,0.218,0.217,0.22,0.166,0.264,0.199,0.247,0.699,0.917,0.201,0.198,50.119,12.112,70.082,89.452,513.271,471.837
US-Hn1,2019-10-04,0.106,11.381,13.123,0.145,0.395,27.681,12.84,19.35,6.33,0.0,6.632,-4.988,0.112,0.441,11.055,,,,,0.702,,,-16.792,16.008,US-Hn1,US-Hn1,sagebrush,0.089,0.09,0.092,0.033,0.143,0.071,0.119,0.875,0.965,0.182,0.276,46.019,11.512,73.955,89.576,513.504,471.86
US-Hn1,2019-10-09,0.1,8.122,11.013,0.142,0.394,29.319,8.36,13.62,3.1,0.0,6.632,-5.066,0.214,0.347,5.998,,,,,0.628,,,-20.945,11.041,US-Hn1,US-Hn1,sagebrush,0.026,0.019,0.028,-0.029,0.07,0.005,0.055,0.858,0.884,0.148,0.283,42.355,11.023,77.498,89.806,513.733,471.882
US-Hn1,2019-10-14,0.097,10.119,12.462,0.138,0.394,22.196,10.54,18.43,2.65,0.0,6.632,-2.75,0.318,0.401,8.607,,,,,0.596,,,-3.524,8.561,US-Hn1,US-Hn1,sagebrush,0.19,0.194,0.193,0.13,0.247,0.168,0.221,0.625,0.815,0.15,0.189,38.739,10.221,80.581,89.913,513.992,471.903
US-Hn1,2019-10-19,0.094,1.597,13.035,0.178,0.398,17.462,9.925,11.99,7.86,5.86,6.632,-4.91,0.136,0.41,7.922,,,,,0.183,,,-7.823,-0.53,US-Hn1,US-Hn1,sagebrush,0.434,0.387,0.434,0.369,0.492,0.406,0.467,0.568,1.001,0.143,0.169,35.417,9.468,82.72,89.253,514.387,471.935
US-Hn1,2019-10-24,0.096,9.014,8.521,0.18,0.449,16.878,10.75,19.13,2.37,0.0,6.632,-2.412,0.193,0.423,9.423,,,,,0.623,,,0.522,10.089,US-Hn1,US-Hn1,sagebrush,0.378,0.318,0.377,0.327,0.419,0.359,0.398,0.41,0.789,0.1,0.124,32.274,8.886,84.812,88.637,514.72,471.961
US-Hn1,2019-10-29,0.105,2.925,2.812,0.166,0.455,23.391,0.99,6.61,-4.63,0.0,6.632,1.031,0.368,0.189,-2.785,,,,,0.363,,,30.172,7.938,US-Hn1,US-Hn1,sagebrush,0.086,0.038,0.085,0.042,0.121,0.064,0.105,0.545,0.631,0.065,0.191,29.68,8.674,87.063,88.513,514.949,471.978
US-Hn1,2019-11-03,0.106,4.647,2.016,0.161,0.454,17.826,4.11,11.66,-3.44,0.0,6.632,-0.324,0.356,0.267,0.868,,,,,0.267,,,23.72,15.597,US-Hn1,US-Hn1,sagebrush,0.148,0.105,0.147,0.108,0.18,0.13,0.167,0.387,0.536,0.057,0.131,27.141,8.236,89.111,88.465,515.167,471.994
US-Hn1,2019-11-08,0.097,3.375,2.606,0.158,0.454,16.727,3.645,9.47,-2.18,0.0,6.632,-0.895,0.268,0.242,-0.294,,,,,0.135,,,17.951,10.421,US-Hn1,US-Hn1,sagebrush,0.177,0.137,0.177,0.139,0.207,0.159,0.196,0.344,0.522,0.055,0.115,24.803,7.783,90.877,88.359,515.396,472.01
US-Hn1,2019-11-13,0.098,1.952,4.006,0.17,0.455,14.791,4.075,7.5,0.65,0.0,6.632,-0.405,0.107,0.28,3.484,,,,,0.128,,,-0.651,0.986,US-Hn1,US-Hn1,sagebrush,0.251,0.198,0.25,0.212,0.283,0.231,0.272,0.342,0.593,0.055,0.114,22.696,7.382,92.191,87.995,515.677,472.03
US-Hn1,2019-11-18,0.1,1.908,8.735,0.173,0.461,11.813,6.93,9.98,3.88,0.38,6.632,-0.326,0.12,0.23,4.857,,,,,0.099,,,-7.785,1.388,US-Hn1,US-Hn1,sagebrush,0.389,0.332,0.388,0.337,0.44,0.368,0.413,0.354,0.742,0.068,0.114,20.801,7.045,92.893,87.18,516.053,472.055
US-Hn1,2019-11-23,0.092,1.259,-0.549,0.173,0.467,10.068,0.575,3.58,-2.43,0.0,6.632,-0.096,0.101,0.092,-1.489,,,,,0.198,,,-7.134,3.122,US-Hn1,US-Hn1,sagebrush,0.273,0.179,0.271,0.237,0.304,0.257,0.287,0.125,0.398,0.036,0.036,18.827,6.445,94.057,86.99,516.273,472.07
US-Hn1,2019-11-28,0.092,1.578,3.295,0.169,0.47,7.193,1.81,5.34,-1.72,0.0,6.632,0.201,0.162,0.047,-0.851,,,,,0.318,,,-0.018,5.848,US-Hn1,US-Hn1,sagebrush,0.346,0.231,0.343,0.305,0.373,0.327,0.366,0.143,0.488,0.041,0.041,17.069,5.939,94.783,86.503,516.55,472.089
US-Hn1,2019-12-03,0.09,0.547,-1.481,0.173,0.466,9.509,-0.61,0.73,-1.95,0.0,6.632,-0.069,0.15,0.047,-2.231,,,,,0.041,,,-2.155,3.394,US-Hn1,US-Hn1,sagebrush,0.297,0.168,0.29,0.245,0.324,0.273,0.309,0.046,0.342,0.028,0.007,17.034,5.336,93.952,86.264,516.76,472.104
US-Hn1,2019-12-08,0.09,1.527,5.03,0.197,0.474,9.71,3.78,6.74,0.82,0.42,6.632,0.684,0.134,0.098,3.025,,,,,0.053,,,-12.208,-1.977,US-Hn1,US-Hn1,sagebrush,0.446,0.326,0.443,0.405,0.477,0.426,0.464,0.198,0.644,0.04,0.063,17.195,5.051,92.447,85.275,517.123,472.129
US-Hn1,2019-12-13,0.091,2.939,4.73,0.21,0.505,8.063,4.95,10.32,-0.42,0.0,6.632,-0.093,0.221,0.132,3.411,,,,,0.181,,,8.611,6.646,US-Hn1,US-Hn1,sagebrush,0.491,0.349,0.486,0.443,0.522,0.469,0.505,0.172,0.663,0.039,0.053,17.323,4.837,90.867,84.093,517.49,472.156
US-Hn1,2019-12-18,0.091,1.12,-1.996,0.2,0.508,9.565,-0.93,2.01,-3.87,0.0,6.632,3.469,0.625,0.163,1.286,,,,,0.155,,,9.364,-23.457,US-Hn1,US-Hn1,sagebrush,0.308,0.199,0.304,0.271,0.34,0.29,0.32,0.092,0.4,0.026,0.026,17.358,4.944,89.931,83.111,517.707,472.173
US-Hn1,2019-12-23,0.091,2.352,6.075,0.205,0.559,6.848,5.315,9.63,1.0,0.0,6.632,-0.021,0.225,0.19,3.08,,,,,0.148,,,-3.442,6.652,US-Hn1,US-Hn1,sagebrush,0.518,0.367,0.513,0.469,0.55,0.495,0.532,0.158,0.675,0.043,0.046,17.46,4.857,88.321,81.738,518.058,472.202
US-Hn1,2019-12-28,0.09,1.044,-0.718,0.199,0.558,6.776,0.56,3.01,-1.89,0.0,6.632,0.456,0.0,0.182,-0.238,,,,,0.064,,,-4.612,-1.556,US-Hn1,US-Hn1,sagebrush,0.348,0.219,0.342,0.307,0.373,0.328,0.359,0.067,0.414,0.028,0.015,17.455,4.647,87.33,80.973,518.271,472.221
US-Hn1,2020-01-02,0.09,1.527,2.587,0.2,0.561,7.133,7.285,9.62,4.95,2.62,6.632,-0.104,0.247,0.265,5.362,,,,,0.332,,,-13.552,2.97,US-Hn1,US-Hn1,sagebrush,0.401,0.281,0.397,0.367,0.426,0.384,0.413,0.128,0.529,0.034,0.037,17.527,4.546,86.101,79.951,518.524,472.244
US-Hn1,2020-01-07,0.09,2.266,6.518,0.199,0.572,8.56,10.645,13.52,7.77,0.0,6.632,-0.287,0.206,0.366,11.132,,,,,0.669,,,-15.076,12.081,US-Hn1,US-Hn1,sagebrush,0.468,0.358,0.464,0.432,0.498,0.449,0.481,0.2,0.668,0.043,0.063,17.686,4.584,84.584,78.606,518.82,472.273
US-Hn1,2020-01-12,0.101,1.796,4.09,0.194,0.566,5.135,6.52,9.45,3.59,0.05,6.632,0.026,0.285,0.345,5.948,,,,,0.343,,,-6.678,6.73,US-Hn1,US-Hn1,sagebrush,0.42,0.296,0.415,0.385,0.44,0.403,0.431,0.124,0.544,0.038,0.034,17.746,4.488,83.329,77.538,519.056,472.298
US-Hn1,2020-01-17,0.102,1.612,0.34,0.217,0.567,8.898,-3.09,2.18,-8.36,0.0,6.632,-0.096,0.386,0.281,-1.934,,,,,0.075,,,9.989,5.338,US-Hn1,US-Hn1,sagebrush,0.338,0.264,0.333,0.309,0.365,0.319,0.348,0.173,0.51,0.03,0.057,17.887,4.492,82.211,76.6,519.257,472.321
US-Hn1,2020-01-22,0.098,1.707,1.389,0.207,0.575,8.771,4.175,7.43,0.92,6.16,6.632,-0.611,0.234,0.421,6.667,,,,,0.212,,,-16.838,4.949,US-Hn1,US-Hn1,sagebrush,0.34,0.268,0.336,0.311,0.364,0.324,0.35,0.175,0.515,0.032,0.057,18.027,4.518,81.094,75.637,519.449,472.344
US-Hn1,2020-01-27,0.101,2.779,4.698,0.228,0.646,13.045,7.9,12.25,3.55,2.72,6.632,-0.997,0.421,0.417,7.721,,,,,0.333,,,-0.02,16.143,US-Hn1,US-Hn1,sagebrush,0.406,0.337,0.4,0.373,0.432,0.385,0.415,0.322,0.728,0.04,0.112,18.36,4.952,79.568,74.088,519.694,472.375
US-Hn1,2020-02-01,0.106,3.91,5.819,0.225,0.653,10.154,11.775,16.7,6.85,0.0,6.632,-1.15,0.213,0.33,12.827,,,,,0.808,,,-15.692,11.686,US-Hn1,US-Hn1,sagebrush,0.455,0.392,0.449,0.423,0.481,0.434,0.462,0.278,0.733,0.044,0.093,18.626,5.317,77.999,72.487,519.926,472.409
US-Hn1,2020-02-06,0.115,1.977,7.174,0.266,0.758,6.013,6.245,9.57,2.92,2.73,6.632,-0.32,0.201,0.134,6.114,,,,,0.096,,,-12.601,11.5,US-Hn1,US-Hn1,sagebrush,0.676,0.542,0.668,0.619,0.718,0.646,0.689,0.203,0.879,0.049,0.061,18.788,5.551,75.965,70.433,520.193,472.452
US-Hn1,2020-02-11,0.124,4.946,2.702,0.238,0.707,19.853,6.6,15.47,-2.27,0.0,6.632,-0.262,0.535,0.092,8.056,,,,,0.544,,,14.476,14.499,US-Hn1,US-Hn1,sagebrush,0.208,0.144,0.201,0.177,0.237,0.186,0.218,0.55,0.758,0.038,0.204,19.437,6.37,74.629,69.074,520.35,472.483
US-Hn1,2020-02-16,0.13,3.698,4.932,0.227,0.68,17.242,7.11,12.55,1.67,0.0,6.632,-0.416,0.724,0.169,7.074,,,,,0.51,,,28.357,18.012,US-Hn1,US-Hn1,sagebrush,0.223,0.17,0.217,0.195,0.244,0.204,0.23,0.589,0.812,0.046,0.216,20.125,7.236,73.216,67.639,520.499,472.515
US-Hn1,2020-02-21,0.132,3.924,0.834,0.226,0.656,23.438,2.445,10.91,-6.02,0.0,6.632,-0.499,0.802,0.085,0.879,,,,,0.306,,,41.878,10.535,US-Hn1,US-Hn1,sagebrush,0.062,0.011,0.056,0.026,0.092,0.043,0.072,0.636,0.697,0.038,0.238,20.885,8.188,72.154,66.555,520.6,472.54
US-Hn1,2020-02-26,0.134,5.586,4.046,0.214,0.648,22.653,7.525,15.23,-0.18,0.0,6.632,-0.605,0.771,0.105,7.608,,,,,0.498,,,32.793,7.836,US-Hn1,US-Hn1,sagebrush,0.06,0.019,0.054,0.033,0.08,0.042,0.068,0.739,0.798,0.049,0.274,21.767,9.276,70.961,65.352,520.699,472.569
US-Hn1,2020-03-02,0.145,5.288,5.681,0.206,0.637,20.558,7.74,14.55,0.93,0.0,6.632,-0.42,0.758,0.08,9.126,,,,,0.606,,,27.599,12.435,US-Hn1,US-Hn1,sagebrush,0.039,0.008,0.034,0.014,0.056,0.022,0.046,0.809,0.848,0.058,0.299,22.728,10.4,69.736,64.181,520.785,472.6
US-Hn1,2020-03-07,0.155,3.452,10.801,0.21,0.627,16.169,7.985,12.61,3.36,0.0,6.632,0.027,0.633,0.261,6.857,,,,,0.243,,,13.818,30.772,US-Hn1,US-Hn1,sagebrush,0.147,0.134,0.142,0.113,0.175,0.131,0.154,0.909,1.055,0.084,0.328,23.789,11.573,68.123,62.698,520.874,472.64
US-Hn1,2020-03-12,0.149,5.217,5.658,0.201,0.623,35.013,5.815,13.52,-1.89,0.0,6.632,-0.287,0.929,0.204,5.779,,,,,0.563,,,44.888,17.876,US-Hn1,US-Hn1,sagebrush,-0.357,-0.382,-0.362,-0.391,-0.33,-0.377,-0.346,1.427,1.071,0.066,0.542,25.582,13.579,66.996,61.732,520.921,472.669
US-Hn1,2020-03-17,0.154,5.651,4.165,0.227,0.662,37.101,5.065,13.9,-3.77,0.0,6.632,-0.47,0.885,0.138,3.862,,,,,0.393,,,46.97,18.208,US-Hn1,US-Hn1,sagebrush,-0.342,-0.38,-0.348,-0.385,-0.311,-0.367,-0.327,1.446,1.104,0.067,0.549,27.399,15.788,65.812,60.536,520.956,472.7
US-Hn1,2020-03-22,0.173,7.898,7.39,0.211,0.65,37.388,8.88,17.81,-0.05,0.0,6.632,-0.515,0.974,0.302,9.548,,,,,0.745,,,31.79,21.055,US-Hn1,US-Hn1,sagebrush,-0.547,-0.568,-0.552,-0.588,-0.515,-0.571,-0.536,1.872,1.325,0.09,0.71,29.76,18.645,64.547,59.264,520.974,472.735
US-Hn1,2020-03-27,0.174,6.26,7.856,0.206,0.637,22.88,8.785,14.39,3.18,0.0,6.632,-1.13,1.208,0.431,9.984,,,,,0.656,,,48.534,21.33,US-Hn1,US-Hn1,sagebrush,-0.156,-0.168,-0.161,-0.183,-0.133,-0.174,-0.146,1.224,1.068,0.103,0.446,31.205,20.274,63.318,58.168,520.972,472.769
US-Hn1,2020-04-01,0.169,5.303,8.787,0.197,0.627,26.389,6.455,11.54,1.37,0.42,6.632,-0.979,1.148,0.343,6.703,,,,,0.469,,,37.389,20.111,US-Hn1,US-Hn1,sagebrush,-0.299,-0.301,-0.302,-0.326,-0.277,-0.316,-0.288,1.456,1.158,0.116,0.534,32.944,22.122,62.131,57.245,520.953,472.802
US-Hn1,2020-04-06,0.156,10.515,9.678,0.191,0.617,42.81,10.82,19.8,1.84,0.0,6.632,-0.544,0.572,0.254,10.925,,,,,0.808,,,56.685,17.607,US-Hn1,US-Hn1,sagebrush,-0.602,-0.598,-0.606,-0.639,-0.572,-0.623,-0.59,1.972,1.37,0.131,0.733,35.363,24.633,60.969,56.492,520.917,472.836
US-Hn1,2020-04-11,0.152,9.64,13.932,0.182,0.606,46.505,11.48,17.38,5.58,0.0,6.632,-0.157,0.21,0.179,13.646,,,,,1.141,,,84.719,17.027,US-Hn1,US-Hn1,sagebrush,-0.827,-0.792,-0.829,-0.862,-0.794,-0.845,-0.813,2.505,1.679,0.185,0.924,38.43,27.718,59.668,55.793,520.857,472.875
US-Hn1,2020-04-16,0.148,9.885,11.61,0.174,0.597,48.259,10.115,18.21,2.02,0.0,6.632,0.126,0.103,0.1,10.207,,,,,0.924,,,93.927,13.117,US-Hn1,US-Hn1,sagebrush,-0.796,-0.772,-0.798,-0.833,-0.759,-0.815,-0.781,2.3,1.504,0.177,0.845,41.212,30.24,58.612,55.555,520.793,472.908
US-Hn1,2020-04-21,0.15,13.752,15.169,0.166,0.587,50.945,15.275,23.58,6.97,0.0,6.632,0.323,0.068,0.223,16.298,,,,,1.33,,,93.294,12.84,US-Hn1,US-Hn1,sagebrush,-0.859,-0.807,-0.859,-0.892,-0.825,-0.875,-0.846,2.543,1.684,0.237,0.918,44.233,32.809,57.469,55.451,520.709,472.944
US-Hn1,2020-04-26,0.151,13.133,12.44,0.17,0.58,51.579,14.42,23.1,5.74,0.0,6.632,0.134,0.122,0.222,15.209,,,,,1.345,,,84.196,10.186,US-Hn1,US-Hn1,sagebrush,-0.829,-0.797,-0.83,-0.868,-0.79,-0.848,-0.813,2.391,1.563,0.217,0.866,47.065,34.926,56.469,55.697,520.624,472.977
US-Hn1,2020-05-01,0.148,12.597,13.383,0.16,0.571,55.378,13.61,22.79,4.43,0.0,6.632,0.272,0.061,0.176,15.01,,,,,1.309,,,94.479,10.965,US-Hn1,US-Hn1,sagebrush,-0.979,-0.938,-0.979,-1.021,-0.932,-0.998,-0.96,2.636,1.657,0.244,0.952,50.181,37.126,55.544,56.256,520.537,473.009
US-Hn1,2020-05-06,0.133,12.293,17.301,0.188,0.563,45.077,14.31,20.17,8.45,0.0,6.632,0.669,0.021,0.175,15.049,,,,,1.025,,,83.811,52.531,US-Hn1,US-Hn1,sagebrush,-0.398,-0.33,-0.396,-0.425,-0.366,-0.412,-0.382,2.097,1.7,0.329,0.704,52.441,38.033,54.156,56.554,520.401,473.055
US-Hn1,2020-05-11,0.126,17.035,19.208,0.18,0.565,49.766,19.605,25.63,13.58,0.0,6.632,0.407,0.01,0.259,19.938,,,,,1.712,,,80.724,8.111,US-Hn1,US-Hn1,sagebrush,-0.24,-0.147,-0.236,-0.268,-0.201,-0.255,-0.219,1.903,1.663,0.383,0.605,54.349,38.526,52.791,56.823,520.25,473.102
US-Hn1,2020-05-16,0.123,14.477,16.392,0.171,0.555,38.867,16.18,24.26,8.1,0.0,6.632,0.186,0.067,0.322,16.679,,,,,1.019,,,60.889,11.284,US-Hn1,US-Hn1,sagebrush,-0.171,-0.105,-0.168,-0.191,-0.147,-0.18,-0.157,1.552,1.381,0.332,0.486,55.835,38.296,51.717,57.592,520.116,473.141
US-Hn1,2020-05-21,0.111,12.203,14.76,0.208,0.556,39.472,14.565,19.48,9.65,0.0,6.632,1.139,0.108,0.411,15.162,,,,,1.103,,,110.421,32.717,US-Hn1,US-Hn1,sagebrush,0.025,0.062,0.025,-0.016,0.068,0.006,0.045,1.377,1.402,0.305,0.427,57.13,37.851,50.42,58.035,519.949,473.187
US-Hn1,2020-05-26,0.105,18.249,18.02,0.182,0.554,55.126,20.165,27.8,12.53,0.0,6.632,1.125,0.094,0.657,21.148,,,,,1.595,,,93.856,14.588,US-Hn1,US-Hn1,sagebrush,-0.087,-0.01,-0.083,-0.115,-0.05,-0.101,-0.067,1.596,1.51,0.374,0.487,58.614,37.645,49.217,58.519,519.778,473.232
US-Hn1,2020-05-31,0.102,15.426,24.585,0.177,0.542,55.831,18.01,23.88,12.14,0.0,6.632,0.878,0.11,0.702,17.786,,,,,1.273,,,96.84,47.743,US-Hn1,US-Hn1,sagebrush,0.116,0.29,0.128,0.063,0.2,0.087,0.17,1.681,1.798,0.564,0.445,59.947,37.031,47.756,58.847,519.556,473.286
US-Hn1,2020-06-05,0.089,15.119,21.042,0.159,0.528,52.087,18.22,22.79,13.65,0.0,6.632,0.9,0.138,0.826,17.936,,,,,1.174,,,33.371,14.413,US-Hn1,US-Hn1,sagebrush,0.091,0.213,0.098,0.064,0.138,0.08,0.117,1.31,1.401,0.459,0.339,60.901,35.719,46.729,59.913,519.378,473.327
US-Hn1,2020-06-10,0.09,19.662,17.589,0.157,0.516,61.564,21.125,29.65,12.6,0.0,6.632,0.629,0.126,0.787,18.383,,,,,1.364,,,119.843,19.179,US-Hn1,US-Hn1,sagebrush,-0.086,-0.008,-0.082,-0.101,-0.061,-0.093,-0.072,1.384,1.297,0.371,0.403,62.071,34.54,45.896,61.304,519.225,473.363
US-Hn1,2020-06-15,0.093,13.107,16.982,0.191,0.513,32.184,15.855,20.46,11.25,0.0,6.632,1.053,0.2,0.659,16.432,,,,,0.802,,,42.615,25.152,US-Hn1,US-Hn1,sagebrush,0.327,0.383,0.33,0.289,0.373,0.307,0.352,0.905,1.232,0.358,0.218,62.617,32.645,44.81,62.248,519.036,473.408
US-Hn1,2020-06-20,0.091,20.097,25.633,0.168,0.507,31.23,22.44,28.4,16.48,1.25,6.632,0.762,0.064,0.817,23.676,,,,,1.64,,,33.987,32.384,US-Hn1,US-Hn1,sagebrush,0.69,0.565,0.686,0.599,0.772,0.641,0.734,0.709,1.398,0.595,0.045,62.553,30.087,43.574,62.829,518.813,473.459
US-Hn1,2020-06-25,0.096,25.92,26.434,0.156,0.496,64.486,25.64,34.95,16.33,0.0,6.632,0.549,0.007,0.833,25.895,,,,,2.369,,,124.162,13.264,US-Hn1,US-Hn1,sagebrush,0.298,0.511,0.313,0.238,0.395,0.272,0.367,1.282,1.58,0.607,0.269,63.252,28.48,42.482,63.504,518.598,473.506
US-Hn1,2020-06-30,0.091,19.171,22.99,0.144,0.483,59.819,21.52,27.75,15.29,0.0,6.632,0.951,0.019,0.679,21.811,,,,,1.833,,,144.543,21.57,US-Hn1,US-Hn1,sagebrush,0.03,0.181,0.039,-0.005,0.081,0.021,0.062,1.383,1.413,0.488,0.356,64.246,27.18,41.677,64.605,518.424,473.544
US-Hn1,2020-07-05,0.084,21.396,22.544,0.134,0.47,60.335,22.375,31.49,13.26,0.0,6.632,0.675,0.051,0.676,22.467,,,,,1.944,,,107.403,10.2,US-Hn1,US-Hn1,sagebrush,0.092,0.241,0.101,0.057,0.149,0.08,0.122,1.161,1.253,0.474,0.274,64.945,25.483,41.016,65.923,518.273,473.578
US-Hn1,2020-07-10,0.088,23.329,23.458,0.127,0.459,59.099,24.08,32.54,15.62,0.0,6.632,0.397,0.089,0.88,23.959,,,,,2.057,,,120.594,9.697,US-Hn1,US-Hn1,sagebrush,0.099,0.265,0.11,0.057,0.168,0.084,0.137,1.141,1.24,0.495,0.257,65.581,23.741,40.41,67.247,518.133,473.61
US-Hn1,2020-07-15,0.09,25.572,23.762,0.121,0.449,58.408,24.915,35.85,13.98,0.0,6.632,0.492,0.029,0.942,25.718,,,,,2.638,,,122.92,11.056,US-Hn1,US-Hn1,sagebrush,0.11,0.283,0.122,0.063,0.189,0.092,0.154,1.078,1.188,0.498,0.231,66.119,21.957,39.877,68.571,518.007,473.64
US-Hn1,2020-07-20,0.092,29.198,27.477,0.116,0.44,57.548,27.615,37.34,17.89,0.0,6.632,0.709,0.049,1.029,27.764,,,,,2.832,,,124.395,10.832,US-Hn1,US-Hn1,sagebrush,0.281,0.3,0.296,0.2,0.382,0.247,0.351,0.958,1.239,0.615,0.137,66.328,19.891,39.315,69.681,517.88,473.671
US-Hn1,2020-07-25,0.093,21.939,22.593,0.111,0.434,57.035,22.55,32.5,12.6,0.0,6.632,0.28,0.068,0.814,22.411,,,,,2.004,,,127.148,9.059,US-Hn1,US-Hn1,sagebrush,-0.093,0.064,-0.082,-0.136,-0.019,-0.109,-0.056,1.257,1.164,0.448,0.322,67.173,18.773,38.927,70.88,517.782,473.697
US-Hn1,2020-07-30,0.094,36.437,30.495,0.108,0.427,53.626,31.21,42.26,20.16,0.0,6.632,0.81,0.026,0.716,31.919,,,,,3.86,,,98.961,1.817,US-Hn1,US-Hn1,sagebrush,0.484,0.283,0.46,0.327,0.576,0.389,0.526,0.637,1.121,0.637,0.0,66.9,16.398,38.407,71.713,517.666,473.727
US-Hn1,2020-08-04,0.097,26.761,25.602,0.105,0.421,54.154,26.195,35.53,16.86,0.0,6.632,-0.065,0.326,0.446,25.425,,,,,2.321,,,109.571,15.148,US-Hn1,US-Hn1,sagebrush,0.067,0.225,0.083,0.001,0.183,0.039,0.129,1.071,1.137,0.519,0.22,67.385,15.17,38.037,72.559,517.575,473.753
US-Hn1,2020-08-09,0.097,22.403,22.923,0.102,0.413,52.506,23.225,32.15,14.3,0.0,6.632,0.161,0.287,0.328,23.022,,,,,2.038,,,113.205,8.48,US-Hn1,US-Hn1,sagebrush,-0.109,0.058,-0.097,-0.161,-0.024,-0.13,-0.065,1.201,1.092,0.438,0.304,68.157,14.392,37.757,73.448,517.498,473.775
US-Hn1,2020-08-14,0.094,22.559,20.458,0.099,0.407,51.156,22.74,33.7,11.78,0.0,6.632,0.232,0.194,0.288,22.317,,,,,2.039,,,99.43,7.616,US-Hn1,US-Hn1,sagebrush,-0.139,-0.009,-0.13,-0.185,-0.072,-0.162,-0.101,1.121,0.982,0.377,0.296,68.898,13.638,37.552,74.407,517.433,473.794
US-Hn1,2020-08-19,0.091,29.964,29.913,0.111,0.402,49.306,28.49,36.99,19.99,0.0,6.632,0.37,0.188,0.776,28.142,,,,,2.869,,,96.322,9.933,US-Hn1,US-Hn1,sagebrush,0.433,0.296,0.424,0.318,0.533,0.376,0.471,0.781,1.214,0.667,0.045,68.777,11.922,37.048,74.652,517.331,473.825
US-Hn1,2020-08-24,0.091,23.569,24.015,0.108,0.396,43.569,23.78,33.74,13.82,0.0,6.632,0.773,0.203,0.649,23.279,,,,,2.096,,,69.831,5.539,US-Hn1,US-Hn1,sagebrush,0.142,0.228,0.156,0.09,0.24,0.121,0.194,0.884,1.026,0.457,0.17,69.085,10.926,36.712,75.023,517.25,473.85
US-Hn1,2020-08-29,0.093,22.546,22.215,0.105,0.392,46.583,23.0,33.01,12.99,0.0,6.632,0.691,0.055,0.483,22.352,,,,,2.105,,,84.993,4.269,US-Hn1,US-Hn1,sagebrush,-0.001,0.147,0.01,-0.047,0.071,-0.023,0.038,1.01,1.009,0.406,0.241,69.633,10.333,36.441,75.396,517.177,473.872
US-Hn1,2020-09-03,0.092,25.045,23.462,0.106,0.387,42.919,24.935,34.57,15.3,0.0,6.632,0.336,0.002,0.34,20.563,,,,,1.792,,,81.463,10.62,US-Hn1,US-Hn1,sagebrush,0.146,0.214,0.158,0.095,0.231,0.124,0.194,0.829,0.975,0.438,0.156,63.152,9.453,42.884,75.64,517.1,473.895
US-Hn1,2020-09-08,0.088,15.514,17.367,0.103,0.383,42.602,17.5,25.02,9.98,0.0,6.632,0.162,0.057,0.249,17.182,,,,,1.547,,,94.659,9.086,US-Hn1,US-Hn1,sagebrush,-0.157,-0.071,-0.15,-0.197,-0.106,-0.181,-0.124,1.043,0.886,0.275,0.306,57.841,9.299,48.723,76.057,517.074,473.914
US-Hn1,2020-09-13,0.083,13.859,21.306,0.102,0.379,38.55,16.505,21.73,11.28,0.0,6.632,-0.182,0.12,0.179,14.835,,,,,0.676,,,11.114,-1.934,US-Hn1,US-Hn1,sagebrush,0.005,0.138,0.015,-0.046,0.089,-0.024,0.052,0.907,0.911,0.323,0.233,52.813,8.851,53.877,76.331,517.078,473.934
US-Hn1,2020-09-18,0.08,15.016,22.364,0.101,0.376,33.52,17.195,24.05,10.34,0.37,6.632,-0.18,0.091,0.175,17.603,,,,,0.759,,,15.271,16.988,US-Hn1,US-Hn1,sagebrush,0.124,0.194,0.136,0.062,0.226,0.09,0.177,0.727,0.851,0.316,0.164,48.054,8.174,58.441,76.529,517.112,473.955
US-Hn1,2020-09-23,0.082,17.907,21.281,0.102,0.373,24.718,20.82,26.5,15.14,4.97,6.632,-0.186,0.006,0.176,21.266,,,,,1.423,,,17.252,7.273,US-Hn1,US-Hn1,sagebrush,0.232,0.196,0.241,0.172,0.315,0.198,0.281,0.507,0.739,0.27,0.095,43.537,7.303,62.47,76.647,517.172,473.975
US-Hn1,2020-10-28,0.084,7.363,5.474,0.158,0.42,21.727,6.26,15.19,-2.67,0.0,6.632,-0.158,0.0,0.157,1.454,,,,,0.069,,,-14.273,-5.071,US-Hn1,US-Hn1,sagebrush,0.167,0.141,0.166,0.138,0.192,0.153,0.181,0.388,0.554,0.056,0.132,23.098,5.201,76.985,71.983,518.18,474.179
US-Hn1,2020-11-02,0.082,7.137,4.77,0.153,0.422,18.295,6.94,14.95,-1.07,0.0,6.632,0.542,0.037,0.254,4.61,,,,,0.329,,,31.362,-2.88,US-Hn1,US-Hn1,sagebrush,0.183,0.16,0.182,0.153,0.211,0.169,0.199,0.307,0.49,0.05,0.102,21.123,4.949,78.402,71.743,518.298,474.197
US-Hn1,2020-11-07,0.082,2.541,8.133,0.223,0.522,15.16,7.12,11.27,2.97,0.0,6.632,-0.567,0.026,0.332,6.151,,,,,0.503,,,12.888,23.761,US-Hn1,US-Hn1,sagebrush,0.492,0.416,0.488,0.449,0.529,0.468,0.506,0.329,0.821,0.057,0.108,19.368,5.019,78.739,70.364,518.529,474.232
US-Hn1,2020-11-12,0.073,2.189,2.324,0.207,0.547,14.187,2.12,7.15,-2.91,1.15,6.632,0.009,0.003,0.202,0.067,,,,,0.111,,,-1.802,44.963,US-Hn1,US-Hn1,sagebrush,0.339,0.272,0.336,0.314,0.367,0.321,0.349,0.19,0.53,0.037,0.061,17.626,4.957,79.501,69.538,518.679,474.255
US-Hn1,2020-11-17,0.069,2.459,6.106,0.206,0.558,9.12,8.01,11.77,4.25,0.0,6.632,-0.222,0.07,0.54,5.589,,,,,0.163,,,-8.141,24.4,US-Hn1,US-Hn1,sagebrush,0.477,0.347,0.472,0.447,0.502,0.456,0.486,0.138,0.615,0.043,0.038,15.98,4.834,79.79,68.424,518.862,474.283
US-Hn1,2020-11-22,0.075,1.374,0.885,0.195,0.556,13.014,0.89,4.13,-2.35,0.0,6.632,0.002,0.231,0.912,7.666,,,,,0.364,,,2.158,1.871,US-Hn1,US-Hn1,sagebrush,0.295,0.224,0.292,0.269,0.322,0.279,0.306,0.144,0.438,0.029,0.046,14.526,4.745,80.378,67.763,518.985,474.303
US-Hn1,2020-11-27,0.077,2.664,1.306,0.195,0.552,12.861,4.665,9.9,-0.57,0.0,6.632,-3.347,0.405,1.134,7.666,,,,,0.364,,,19.424,-2.522,US-Hn1,US-Hn1,sagebrush,0.284,0.232,0.282,0.259,0.311,0.269,0.294,0.176,0.461,0.028,0.059,13.267,4.705,80.783,67.091,519.112,474.323
US-Hn1,2020-12-02,0.077,1.847,-2.24,0.196,0.537,11.581,0.615,5.24,-4.01,0.0,6.632,-1.124,0.007,0.369,7.666,,,,,0.364,,,24.103,9.197,US-Hn1,US-Hn1,sagebrush,0.233,0.177,0.231,0.203,0.263,0.217,0.244,0.123,0.357,0.021,0.041,13.364,4.872,79.984,66.342,519.212,474.339
US-Hn1,2020-12-12,0.076,1.58,-0.693,0.195,0.522,10.545,2.255,5.68,-1.17,0.0,6.632,-0.013,0.004,0.46,2.709,,,,,0.169,,,2.075,2.511,US-Hn1,US-Hn1,sagebrush,0.262,0.199,0.26,0.234,0.291,0.248,0.272,0.122,0.385,0.023,0.039,13.437,4.69,78.334,65.174,519.401,474.373
US-Hn1,2020-12-17,0.075,2.489,3.942,0.218,0.532,5.458,7.49,11.44,3.54,0.0,6.632,0.069,0.004,0.827,7.396,,,,,0.362,,,-7.915,7.831,US-Hn1,US-Hn1,sagebrush,0.46,0.327,0.454,0.426,0.488,0.439,0.469,0.084,0.544,0.031,0.021,13.469,4.445,76.988,64.27,519.537,474.4
US-Hn1,2020-12-22,0.073,2.708,6.499,0.227,0.58,10.621,6.335,11.06,1.61,0.0,6.632,0.232,0.005,0.843,5.79,,,,,0.505,,,1.178,9.4,US-Hn1,US-Hn1,sagebrush,0.502,0.405,0.498,0.469,0.536,0.481,0.514,0.18,0.682,0.035,0.058,13.627,4.486,75.378,62.993,519.682,474.433
US-Hn1,2020-12-27,0.074,1.175,0.085,0.244,0.589,8.393,-0.36,2.62,-3.34,0.0,6.632,0.004,0.325,0.361,-1.293,,,,,0.07,,,-6.089,2.11,US-Hn1,US-Hn1,sagebrush,0.403,0.287,0.398,0.365,0.44,0.379,0.416,0.072,0.476,0.024,0.019,13.654,4.391,74.215,62.091,519.774,474.458
US-Hn1,2021-01-01,0.072,1.746,0.834,0.248,0.617,5.144,2.74,6.44,-0.96,0.0,6.632,-0.043,0.168,0.365,-0.515,,,,,0.035,,,-10.685,0.832,US-Hn1,US-Hn1,sagebrush,0.435,0.309,0.429,0.397,0.47,0.409,0.45,0.063,0.498,0.025,0.015,13.668,4.354,72.986,61.057,519.859,474.485
US-Hn1,2021-01-06,0.072,2.013,5.225,0.226,0.639,4.938,7.285,10.44,4.13,2.76,6.632,0.007,0.115,0.668,5.962,,,,,0.183,,,-8.386,-0.429,US-Hn1,US-Hn1,sagebrush,0.501,0.367,0.494,0.464,0.526,0.477,0.51,0.077,0.578,0.033,0.018,13.687,4.382,71.576,59.801,519.938,474.516
US-Hn1,2021-01-11,0.061,1.091,3.45,0.231,0.654,7.028,3.5,5.6,1.4,1.23,6.632,-0.05,0.113,0.519,7.677,,,,,0.3,,,-7.749,1.531,US-Hn1,US-Hn1,sagebrush,0.469,0.334,0.461,0.431,0.494,0.443,0.479,0.051,0.52,0.03,0.008,13.675,4.402,70.299,58.638,519.994,474.544
US-Hn1,2021-01-16,0.062,1.718,-0.243,0.225,0.641,11.295,1.26,5.31,-2.79,0.0,6.632,0.152,0.339,0.57,2.509,,,,,0.132,,,26.99,9.106,US-Hn1,US-Hn1,sagebrush,0.321,0.246,0.317,0.288,0.356,0.301,0.332,0.098,0.419,0.024,0.03,13.737,4.485,69.346,57.789,520.025,474.566
US-Hn1,2021-01-21,0.068,1.061,0.602,0.224,0.625,3.64,2.18,4.41,-0.05,1.63,6.632,0.013,0.106,0.445,1.975,,,,,0.134,,,-1.668,2.009,US-Hn1,US-Hn1,sagebrush,0.382,0.261,0.372,0.34,0.405,0.354,0.389,0.026,0.408,0.025,0.0,13.696,4.404,68.353,56.949,520.048,474.59
US-Hn1,2021-01-26,0.071,1.561,-0.054,0.236,0.617,12.915,2.85,6.09,-0.39,1.12,6.632,0.085,0.186,0.424,1.202,,,,,0.136,,,9.606,4.789,US-Hn1,US-Hn1,sagebrush,0.316,0.265,0.312,0.281,0.352,0.293,0.33,0.139,0.455,0.024,0.046,13.814,4.492,67.355,56.124,520.059,474.613
US-Hn1,2021-01-31,0.082,3.195,5.465,0.218,0.632,7.069,6.37,12.1,0.64,0.0,6.632,-0.092,,0.423,0.469,,,,,0.065,,,-8.448,1.458,US-Hn1,US-Hn1,sagebrush,0.426,0.349,0.422,0.393,0.453,0.406,0.435,0.134,0.56,0.034,0.04,13.908,4.592,66.096,55.027,520.059,474.644
US-Hn1,2021-02-10,0.09,1.806,1.716,0.202,0.613,19.513,-3.19,2.92,-9.3,0.0,6.632,-0.098,0.243,0.524,4.767,,,,,0.076,,,108.765,24.625,US-Hn1,US-Hn1,sagebrush,0.155,0.131,0.152,0.127,0.187,0.137,0.165,0.348,0.503,0.029,0.127,14.727,5.459,64.073,53.359,520.021,474.694
US-Hn1,2021-02-15,0.09,0.72,-2.242,0.215,0.588,7.038,-3.96,-1.69,-6.23,1.22,6.632,0.139,0.052,0.221,-3.908,,,,,0.069,,,1.006,1.702,US-Hn1,US-Hn1,sagebrush,0.274,0.194,0.269,0.241,0.303,0.253,0.286,0.042,0.316,0.023,0.007,14.706,5.489,63.368,52.69,519.996,474.712
US-Hn1,2021-02-20,0.099,1.98,0.922,0.275,0.695,20.95,0.375,5.46,-4.71,0.0,6.632,-0.0,0.221,0.541,-0.242,,,,,0.099,,,8.699,2.302,US-Hn1,US-Hn1,sagebrush,0.24,0.192,0.235,0.191,0.283,0.211,0.259,0.406,0.647,0.028,0.151,15.188,6.088,62.181,51.62,519.942,474.742
US-Hn1,2021-02-25,0.108,4.92,3.128,0.233,0.689,16.846,6.66,13.74,-0.42,0.0,6.632,0.055,0.316,0.948,7.605,,,,,0.587,,,26.197,17.008,US-Hn1,US-Hn1,sagebrush,0.219,0.19,0.214,0.184,0.25,0.195,0.232,0.398,0.617,0.034,0.145,15.643,6.663,61.087,50.629,519.875,474.77
US-Hn1,2021-03-02,0.109,6.807,6.341,0.218,0.664,26.421,9.55,18.11,0.99,0.0,6.632,-0.147,0.418,0.858,8.825,,,,,0.602,,,31.466,16.177,US-Hn1,US-Hn1,sagebrush,0.07,0.055,0.066,0.04,0.094,0.05,0.081,0.723,0.793,0.043,0.271,16.528,7.751,59.897,49.555,519.784,474.802
US-Hn1,2021-03-07,0.115,4.619,7.672,0.207,0.644,24.614,7.86,13.69,2.03,0.0,6.632,-0.134,0.519,0.631,8.047,,,,,0.649,,,48.551,17.757,US-Hn1,US-Hn1,sagebrush,0.02,0.016,0.017,-0.009,0.041,0.001,0.03,0.807,0.827,0.051,0.301,17.514,8.932,58.731,48.531,519.676,474.833
US-Hn1,2021-03-12,0.126,6.037,5.559,0.201,0.628,34.84,6.655,15.67,-2.36,0.0,6.632,-0.456,0.682,0.404,5.547,,,,,0.528,,,46.22,20.155,US-Hn1,US-Hn1,sagebrush,-0.246,-0.254,-0.25,-0.275,-0.22,-0.265,-0.233,1.129,0.883,0.049,0.43,18.941,10.551,57.758,47.768,519.569,474.86
US-Hn1,2021-03-17,0.142,6.609,7.482,0.195,0.616,34.596,7.745,16.62,-1.13,0.0,6.632,-0.481,0.837,0.249,5.351,,,,,0.43,,,43.655,23.1,US-Hn1,US-Hn1,sagebrush,-0.383,-0.383,-0.387,-0.411,-0.357,-0.402,-0.369,1.41,1.027,0.061,0.537,20.731,12.512,56.735,47.054,519.442,474.889
US-Hn1,2021-03-22,0.147,6.152,9.892,0.191,0.607,21.312,9.37,14.59,4.15,0.0,6.632,-0.823,0.842,0.312,9.605,,,,,0.705,,,31.31,32.933,US-Hn1,US-Hn1,sagebrush,-0.099,-0.083,-0.101,-0.124,-0.079,-0.114,-0.088,1.018,0.919,0.08,0.373,21.95,13.689,55.636,46.373,519.288,474.921
US-Hn1,2021-03-27,0.152,9.684,8.535,0.194,0.6,39.045,10.945,19.34,2.55,0.0,6.632,-0.292,0.877,0.802,11.926,,,,,0.77,,,43.894,22.227,US-Hn1,US-Hn1,sagebrush,-0.535,-0.528,-0.538,-0.568,-0.507,-0.555,-0.518,1.698,1.163,0.079,0.645,24.1,15.894,54.616,45.841,519.129,474.95
US-Hn1,2021-04-01,0.16,11.93,8.933,0.182,0.592,43.206,12.06,24.0,0.12,0.0,6.632,-0.262,0.577,0.148,11.834,,,,,1.112,,,30.974,32.063,US-Hn1,US-Hn1,sagebrush,-0.695,-0.683,-0.698,-0.732,-0.661,-0.716,-0.678,1.929,1.234,0.091,0.732,26.543,18.315,53.685,45.517,518.968,474.979
US-Hn1,2021-04-06,0.149,10.646,9.203,0.173,0.585,46.361,10.79,20.6,0.98,0.0,6.632,-0.334,1.022,0.559,10.825,,,,,0.956,,,58.79,24.117,US-Hn1,US-Hn1,sagebrush,-0.741,-0.725,-0.743,-0.778,-0.704,-0.761,-0.726,1.98,1.24,0.104,0.747,29.028,20.629,52.829,45.412,518.807,475.005
US-Hn1,2021-04-11,0.137,7.492,6.513,0.165,0.578,48.325,5.95,13.86,-1.96,0.0,6.632,-0.619,1.057,0.234,6.008,,,,,0.711,,,102.479,27.023,US-Hn1,US-Hn1,sagebrush,-0.691,-0.683,-0.693,-0.73,-0.651,-0.711,-0.673,1.77,1.08,0.098,0.666,31.222,22.432,52.168,45.643,518.671,475.027
US-Hn1,2021-06-15,0.129,15.38,24.946,0.118,0.476,42.81,18.66,22.89,14.43,0.9,6.632,0.208,0.388,0.84,18.729,,,,,0.992,,,63.451,37.061,US-Hn1,US-Hn1,sagebrush,-0.227,-0.046,-0.213,-0.273,-0.151,-0.245,-0.185,1.758,1.531,0.617,0.454,66.889,35.599,43.458,64.901,516.574,475.366
US-Hn1,2021-06-20,0.132,23.345,25.298,0.118,0.466,64.58,24.655,31.56,17.75,0.0,6.632,0.417,0.0,1.02,26.088,,,,,2.488,,,119.616,6.97,US-Hn1,US-Hn1,sagebrush,-0.445,-0.261,-0.431,-0.492,-0.37,-0.462,-0.406,2.147,1.702,0.627,0.605,68.712,34.308,42.853,67.288,516.456,475.394
US-Hn1,2021-06-25,0.124,29.156,28.53,0.113,0.457,62.149,28.37,35.87,20.87,0.0,6.632,0.536,0.0,0.941,28.112,,,,,2.933,,,108.485,9.035,US-Hn1,US-Hn1,sagebrush,0.025,0.283,0.046,-0.054,0.163,-0.007,0.091,1.538,1.563,0.766,0.307,69.496,31.756,42.245,69.618,516.346,475.423
US-Hn1,2021-06-30,0.119,40.472,36.009,0.108,0.449,63.65,33.58,43.3,23.86,0.0,6.632,0.684,0.0,0.93,33.848,,,,,4.156,,,107.865,10.062,US-Hn1,US-Hn1,sagebrush,0.573,0.343,0.569,0.39,0.741,0.469,0.656,0.778,1.35,0.778,0.0,69.215,28.095,41.519,71.503,516.233,475.456
US-Hn1,2021-07-05,0.117,30.151,27.874,0.104,0.44,59.911,28.53,37.24,19.82,0.0,6.632,0.221,0.0,0.816,27.723,,,,,2.364,,,-9.75,-2.773,US-Hn1,US-Hn1,sagebrush,0.054,0.245,0.075,-0.018,0.187,0.021,0.12,1.325,1.379,0.696,0.25,69.797,25.76,41.058,73.497,516.157,475.481
US-Hn1,2022-09-08,0.107,18.72,20.686,0.097,0.436,41.291,20.08,29.29,10.87,0.0,6.632,0.447,0.295,1.356,20.846,,,,,1.966,,,70.197,4.395,US-Hn1,US-Hn1,sagebrush,-0.08,0.07,-0.069,-0.134,0.0,-0.113,-0.032,1.221,1.141,0.531,0.275,79.844,24.718,49.698,93.952,513.398,478.003
US-Hn1,2022-09-13,0.107,17.036,21.569,0.095,0.431,37.241,19.055,26.56,11.55,0.0,6.632,0.536,0.192,0.65,18.81,,,,,1.04,,,54.286,0.198,US-Hn1,US-Hn1,sagebrush,-0.029,0.134,-0.017,-0.1,0.063,-0.06,0.031,1.147,1.117,0.511,0.253,72.669,22.682,57.125,95.773,513.492,478.018
US-Hn1,2022-09-18,0.106,14.395,19.0,0.099,0.426,29.034,16.805,22.84,10.77,0.0,6.632,0.234,0.054,0.389,17.764,,,,,0.979,,,37.174,13.219,US-Hn1,US-Hn1,sagebrush,0.025,0.141,0.035,-0.036,0.115,-0.01,0.078,0.954,0.979,0.399,0.221,66.107,20.707,63.754,97.407,513.627,478.032
US-Hn1,2022-09-23,0.099,16.3,16.735,0.1,0.422,34.612,18.23,26.0,10.46,0.0,6.632,0.52,0.064,0.509,18.09,,,,,1.212,,,52.455,3.222,US-Hn1,US-Hn1,sagebrush,-0.057,0.029,-0.049,-0.119,0.026,-0.095,-0.009,0.981,0.924,0.317,0.265,60.357,19.119,69.7,98.909,513.789,478.046
US-Hn1,2022-09-28,0.111,17.073,19.915,0.099,0.419,32.399,18.92,26.93,10.91,0.46,6.632,0.128,0.059,0.402,19.002,,,,,1.314,,,21.647,8.408,US-Hn1,US-Hn1,sagebrush,-0.023,0.102,-0.01,-0.097,0.087,-0.067,0.036,1.044,1.021,0.351,0.276,55.224,17.75,74.91,100.084,514.005,478.061
US-Hn1,2022-10-03,0.113,17.774,19.232,0.099,0.416,31.195,19.28,28.27,10.29,0.0,6.632,0.245,0.173,0.338,17.874,,,,,0.957,,,56.886,0.648,US-Hn1,US-Hn1,sagebrush,-0.027,0.086,-0.015,-0.107,0.08,-0.074,0.031,1.008,0.981,0.309,0.278,50.617,16.548,79.562,101.122,514.245,478.076
US-Hn1,2022-11-07,0.092,2.715,6.588,0.219,0.602,13.733,7.1,11.58,2.62,0.6,6.632,0.072,0.68,0.033,2.239,,,,,0.327,,,31.71,10.717,US-Hn1,US-Hn1,sagebrush,0.571,0.433,0.567,0.495,0.637,0.538,0.601,0.33,0.901,0.083,0.099,27.316,11.906,96.664,98.244,517.453,478.23
US-Hn1,2022-11-12,0.09,2.206,2.668,0.211,0.589,11.511,2.005,7.13,-3.12,0.0,6.632,-0.132,0.373,0.019,1.555,,,,,0.211,,,14.873,5.432,US-Hn1,US-Hn1,sagebrush,0.452,0.318,0.449,0.396,0.503,0.427,0.471,0.219,0.671,0.061,0.063,24.78,11.704,97.891,97.046,517.882,478.251
US-Hn1,2022-11-17,0.095,1.844,-1.801,0.209,0.573,14.679,1.59,5.88,-2.7,0.0,6.632,-0.307,0.346,0.012,1.536,,,,,0.212,,,12.658,5.166,US-Hn1,US-Hn1,sagebrush,0.296,0.209,0.293,0.251,0.336,0.272,0.311,0.221,0.517,0.043,0.071,22.526,11.995,99.249,95.836,518.2,478.266
US-Hn1,2022-11-22,0.109,0.888,-0.436,0.219,0.552,6.929,-2.24,0.27,-4.75,4.15,6.632,-0.565,0.101,0.005,-1.365,,,,,0.057,,,-0.352,7.772,US-Hn1,US-Hn1,sagebrush,0.449,0.269,0.443,0.376,0.49,0.423,0.464,0.077,0.526,0.045,0.013,20.3,11.33,100.175,95.165,518.57,478.285
US-Hn1,2022-11-27,0.118,2.668,1.42,0.221,0.579,11.071,3.83,9.42,-1.76,0.0,6.632,-0.013,0.378,0.223,5.704,,,,,0.412,,,-9.727,10.189,US-Hn1,US-Hn1,sagebrush,0.395,0.286,0.391,0.343,0.442,0.367,0.411,0.279,0.673,0.046,0.093,18.574,11.208,100.675,94.096,518.992,478.306
US-Hn1,2022-12-02,0.119,0.805,0.184,0.212,0.59,9.453,-6.165,-3.14,-9.19,0.0,6.632,-0.337,0.027,0.13,-8.056,,,,,0.069,,,-7.511,1.206,US-Hn1,US-Hn1,sagebrush,0.427,0.272,0.423,0.376,0.465,0.405,0.441,0.111,0.538,0.04,0.028,18.613,10.898,99.365,93.153,519.361,478.325
US-Hn1,2023-03-17,0.15,6.055,4.932,0.229,0.698,36.867,5.88,14.55,-2.79,0.0,6.632,-0.914,1.198,0.132,5.754,,,,,0.52,,,54.81,25.623,US-Hn1,US-Hn1,sagebrush,-0.279,-0.324,-0.285,-0.312,-0.253,-0.301,-0.267,1.437,1.158,0.078,0.541,26.642,21.127,70.278,63.948,524.617,478.864
US-Hn1,2023-03-22,0.153,8.197,7.098,0.229,0.686,38.144,8.845,17.46,0.23,0.0,6.632,-0.891,1.975,1.359,7.651,,,,,0.711,,,48.467,32.829,US-Hn1,US-Hn1,sagebrush,-0.316,-0.353,-0.322,-0.351,-0.29,-0.341,-0.304,1.613,1.297,0.097,0.603,28.644,23.532,68.789,62.495,524.695,478.899
US-Hn1,2023-03-27,0.157,6.758,5.832,0.216,0.67,39.119,6.18,14.07,-1.71,0.0,6.632,-0.87,1.365,0.227,6.905,,,,,0.655,,,44.313,29.7,US-Hn1,US-Hn1,sagebrush,-0.426,-0.457,-0.432,-0.463,-0.398,-0.45,-0.415,1.66,1.234,0.098,0.622,30.7,26.004,67.536,61.272,524.743,478.93
US-Hn1,2023-04-01,0.166,7.046,9.503,0.216,0.66,26.004,9.075,14.34,3.81,0.0,6.632,-0.885,1.199,0.297,9.278,,,,,0.658,,,50.281,39.508,US-Hn1,US-Hn1,sagebrush,-0.145,-0.159,-0.15,-0.175,-0.122,-0.165,-0.137,1.393,1.248,0.134,0.501,32.335,27.974,66.041,59.819,524.776,478.967
US-Hn1,2023-04-06,0.163,8.804,6.664,0.229,0.685,23.794,9.05,17.14,0.96,1.48,6.632,-0.645,1.549,1.056,9.173,,,,,0.571,,,32.741,30.012,US-Hn1,US-Hn1,sagebrush,-0.003,-0.027,-0.008,-0.035,0.021,-0.024,0.006,1.052,1.05,0.12,0.371,33.519,29.402,64.697,58.521,524.784,479.001
US-Hn1,2023-04-11,0.176,6.583,12.288,0.259,0.702,34.417,9.47,14.25,4.69,0.0,6.632,0.178,1.715,1.487,10.052,,,,,0.618,,,67.856,41.889,US-Hn1,US-Hn1,sagebrush,-0.397,-0.408,-0.405,-0.458,-0.342,-0.433,-0.374,2.231,1.834,0.175,0.818,36.251,32.661,62.642,56.547,524.753,479.053
US-Hn1,2023-04-16,0.182,9.658,13.531,0.226,0.698,26.141,11.475,17.15,5.8,0.0,6.632,0.115,0.968,0.294,12.081,,,,,0.753,,,13.957,21.603,US-Hn1,US-Hn1,sagebrush,-0.167,-0.149,-0.173,-0.214,-0.127,-0.195,-0.148,1.719,1.552,0.207,0.602,38.219,35.021,60.873,54.848,524.682,479.101
US-Hn1,2023-04-21,0.184,8.218,10.238,0.226,0.681,38.141,9.085,14.88,3.29,0.0,6.632,-0.536,1.604,0.551,9.546,,,,,0.53,,,38.56,41.503,US-Hn1,US-Hn1,sagebrush,-0.661,-0.662,-0.668,-0.711,-0.629,-0.689,-0.645,2.318,1.657,0.18,0.851,41.039,38.395,59.422,53.46,524.59,479.141
US-Hn1,2023-04-26,0.188,14.474,12.711,0.214,0.667,47.195,15.405,26.2,4.61,0.0,6.632,-0.547,1.855,0.969,14.491,,,,,1.086,,,56.761,40.154,US-Hn1,US-Hn1,sagebrush,-0.895,-0.875,-0.902,-0.945,-0.864,-0.922,-0.878,2.79,1.894,0.227,1.02,44.431,42.453,57.945,52.049,524.463,479.183
US-Hn1,2023-05-01,0.196,15.098,18.253,0.197,0.646,48.657,17.345,24.03,10.66,0.0,6.632,-0.647,1.069,0.441,16.433,,,,,1.06,,,63.851,30.424,US-Hn1,US-Hn1,sagebrush,-1.087,-1.009,-1.09,-1.131,-1.044,-1.116,-1.066,3.361,2.275,0.347,1.2,48.426,47.126,56.303,50.59,524.283,479.231
US-Hn1,2023-05-06,0.174,13.417,14.424,0.196,0.627,35.236,15.755,21.53,9.98,0.0,6.632,-0.431,0.648,0.122,15.645,,,,,0.95,,,54.842,20.096,US-Hn1,US-Hn1,sagebrush,-0.462,-0.413,-0.465,-0.503,-0.432,-0.481,-0.448,2.077,1.615,0.303,0.707,50.704,49.238,54.989,49.965,524.102,479.272
US-Hn1,2023-05-11,0.154,15.921,18.447,0.185,0.613,58.685,17.245,26.95,7.54,0.0,6.632,-0.121,0.174,0.343,17.337,,,,,1.434,,,104.582,21.827,US-Hn1,US-Hn1,sagebrush,-0.882,-0.793,-0.883,-0.924,-0.845,-0.903,-0.862,2.964,2.082,0.404,1.019,54.048,52.186,53.58,49.668,523.881,479.316
US-Hn1,2023-05-16,0.147,19.987,23.33,0.169,0.596,49.207,22.31,28.35,16.27,1.88,6.632,0.981,0.093,0.162,21.601,,,,,1.146,,,52.713,10.44,US-Hn1,US-Hn1,sagebrush,-0.215,-0.049,-0.209,-0.263,-0.146,-0.242,-0.179,2.088,1.873,0.577,0.602,55.934,52.833,52.132,49.868,523.624,479.363
US-Hn1,2023-05-21,0.14,20.996,27.388,0.158,0.58,57.855,22.885,29.61,16.16,0.0,6.632,0.372,0.207,0.424,24.422,,,,,1.985,,,75.57,11.84,US-Hn1,US-Hn1,sagebrush,-0.179,0.066,-0.166,-0.252,-0.061,-0.219,-0.115,2.243,2.064,0.755,0.593,57.776,52.95,50.678,50.491,523.342,479.412
US-Hn1,2023-05-26,0.134,17.851,21.5,0.147,0.565,49.498,19.71,27.59,11.83,0.0,6.632,-0.275,0.261,0.501,20.54,,,,,1.553,,,97.5,17.945,US-Hn1,US-Hn1,sagebrush,-0.343,-0.207,-0.338,-0.37,-0.304,-0.355,-0.32,2.0,1.657,0.538,0.582,59.569,52.567,49.679,51.972,523.126,479.448
US-Hn1,2023-05-31,0.13,16.383,20.384,0.139,0.55,63.803,18.545,25.65,11.44,0.0,6.632,-0.404,0.211,0.52,18.592,,,,,1.524,,,110.412,12.994,US-Hn1,US-Hn1,sagebrush,-0.765,-0.648,-0.761,-0.785,-0.734,-0.776,-0.748,2.573,1.809,0.51,0.822,62.178,52.758,48.851,53.978,522.94,479.479
US-Hn1,2023-06-05,0.129,22.244,23.097,0.131,0.536,64.788,22.9,32.48,13.32,0.0,6.632,0.567,0.01,0.733,24.063,,,,,2.593,,,114.554,14.076,US-Hn1,US-Hn1,sagebrush,-0.454,-0.295,-0.446,-0.49,-0.403,-0.465,-0.427,2.177,1.723,0.616,0.622,64.083,51.701,48.045,56.353,522.76,479.511
US-Hn1,2023-06-10,0.126,17.925,21.064,0.133,0.526,27.682,20.675,26.18,15.17,0.0,6.632,-0.031,0.22,0.541,19.709,,,,,1.042,,,89.203,15.775,US-Hn1,US-Hn1,sagebrush,0.18,0.31,0.187,0.149,0.228,0.166,0.209,1.028,1.208,0.548,0.191,64.496,48.662,47.308,58.944,522.6,479.542
US-Hn1,2023-06-15,0.118,17.827,20.093,0.126,0.513,64.679,19.84,27.28,12.4,0.0,6.632,0.374,0.121,0.497,20.077,,,,,1.654,,,99.289,9.2,US-Hn1,US-Hn1,sagebrush,-0.612,-0.5,-0.608,-0.637,-0.579,-0.621,-0.593,2.233,1.62,0.505,0.688,66.618,47.544,46.688,61.726,522.47,479.569
US-Hn1,2023-06-20,0.113,13.193,16.304,0.123,0.501,42.445,15.675,20.97,10.38,0.0,6.632,0.509,0.308,0.369,15.173,,,,,0.888,,,40.685,35.08,US-Hn1,US-Hn1,sagebrush,-0.343,-0.269,-0.34,-0.371,-0.308,-0.356,-0.323,1.568,1.226,0.406,0.463,67.953,45.284,46.241,64.884,522.375,479.591
US-Hn1,2023-06-25,0.117,23.306,24.027,0.116,0.489,64.962,24.095,32.47,15.72,0.0,6.632,0.615,0.038,0.568,25.329,,,,,2.485,,,129.561,12.767,US-Hn1,US-Hn1,sagebrush,-0.29,-0.114,-0.28,-0.344,-0.22,-0.307,-0.254,1.867,1.576,0.642,0.488,69.366,43.02,45.647,67.854,522.275,479.618
US-Hn1,2023-06-30,0.111,28.677,27.325,0.111,0.477,64.421,27.44,36.72,18.16,0.0,6.632,0.531,0.031,0.596,28.625,,,,,3.067,,,125.701,14.54,US-Hn1,US-Hn1,sagebrush,0.091,0.287,0.108,0.009,0.217,0.057,0.153,1.406,1.496,0.777,0.25,69.95,39.729,45.044,70.77,522.188,479.647
US-Hn1,2023-07-05,0.098,25.311,25.44,0.106,0.467,60.159,24.845,35.4,14.29,0.0,6.632,0.284,0.079,0.563,25.341,,,,,2.603,,,106.176,10.004,US-Hn1,US-Hn1,sagebrush,0.061,0.244,0.075,-0.008,0.162,0.036,0.117,1.273,1.334,0.677,0.237,70.484,36.513,44.558,73.668,522.127,479.671
US-Hn1,2023-07-10,0.096,24.596,29.377,0.107,0.459,53.073,25.65,32.36,18.94,1.13,6.632,1.577,0.112,0.588,26.26,,,,,2.146,,,65.466,51.162,US-Hn1,US-Hn1,sagebrush,0.327,0.285,0.338,0.222,0.435,0.281,0.389,1.106,1.433,0.838,0.107,70.567,32.934,43.971,76.141,522.072,479.7
US-Hn1,2023-07-15,0.095,29.608,27.309,0.11,0.449,56.597,27.64,38.09,17.19,0.0,6.632,0.551,0.017,0.676,28.403,,,,,3.103,,,113.187,14.076,US-Hn1,US-Hn1,sagebrush,0.339,0.284,0.347,0.256,0.428,0.304,0.388,0.956,1.294,0.715,0.096,70.613,29.543,43.412,78.364,522.031,479.728
US-Hn1,2023-07-20,0.099,28.834,27.73,0.106,0.441,57.871,27.045,37.91,16.18,0.0,6.632,0.415,0.06,0.668,28.58,,,,,3.203,,,120.454,9.47,US-Hn1,US-Hn1,sagebrush,0.249,0.263,0.264,0.162,0.355,0.213,0.319,1.071,1.32,0.71,0.144,70.823,26.602,42.905,80.361,522.003,479.754
US-Hn1,2023-07-25,0.099,23.873,25.045,0.103,0.433,52.42,24.955,32.1,17.81,0.0,6.632,0.056,0.101,0.536,25.146,,,,,2.312,,,121.307,6.328,US-Hn1,US-Hn1,sagebrush,0.055,0.221,0.07,-0.012,0.161,0.03,0.11,1.176,1.231,0.587,0.234,71.341,24.276,42.51,82.278,521.988,479.777
US-Hn1,2023-07-30,0.1,25.28,25.985,0.099,0.425,55.745,25.53,33.86,17.2,0.0,6.632,0.382,0.045,0.519,25.876,,,,,2.565,,,107.251,8.871,US-Hn1,US-Hn1,sagebrush,0.049,0.211,0.066,-0.028,0.169,0.019,0.11,1.201,1.25,0.61,0.235,71.858,22.14,42.141,84.006,521.982,479.8
US-Hn1,2023-08-04,0.09,23.636,26.116,0.097,0.418,47.679,24.92,31.7,18.14,1.41,6.632,0.195,0.001,0.671,25.211,,,,,2.089,,,21.276,-4.562,US-Hn1,US-Hn1,sagebrush,0.184,0.197,0.199,0.103,0.289,0.148,0.248,0.948,1.132,0.604,0.137,72.034,19.792,41.806,85.57,521.984,479.821
US-Hn1,2023-08-09,0.081,24.0,26.02,0.126,0.411,45.569,24.855,32.52,17.19,0.0,6.632,0.137,0.052,0.818,24.48,,,,,1.968,,,55.612,18.561,US-Hn1,US-Hn1,sagebrush,0.482,0.363,0.485,0.408,0.569,0.441,0.525,0.771,1.252,0.587,0.073,72.007,17.429,41.145,86.173,521.993,479.854
US-Hn1,2023-08-14,0.091,30.37,28.332,0.121,0.405,50.51,28.125,38.47,17.78,0.0,6.632,0.756,0.088,1.093,28.522,,,,,2.974,,,113.426,7.467,US-Hn1,US-Hn1,sagebrush,0.521,0.356,0.513,0.411,0.618,0.457,0.564,0.781,1.301,0.657,0.049,71.893,15.223,40.498,86.496,522.0,479.886
US-Hn1,2023-08-19,0.088,21.071,23.702,0.116,0.399,50.634,22.365,30.71,14.02,0.0,6.632,0.332,0.04,0.746,22.365,,,,,2.083,,,56.112,3.431,US-Hn1,US-Hn1,sagebrush,0.138,0.279,0.151,0.089,0.228,0.119,0.184,1.057,1.195,0.484,0.228,72.394,14.017,40.04,86.938,522.006,479.913
US-Hn1,2023-08-24,0.089,18.215,20.811,0.114,0.393,48.649,19.605,28.87,10.34,0.0,6.632,0.751,0.074,0.875,20.249,,,,,1.594,,,101.301,1.817,US-Hn1,US-Hn1,sagebrush,-0.007,0.116,0.002,-0.044,0.059,-0.028,0.03,1.127,1.12,0.403,0.288,73.099,13.184,39.675,87.435,522.011,479.936
US-Hn1,2023-08-29,0.088,20.668,27.288,0.115,0.388,39.317,23.345,28.32,18.37,0.0,6.632,0.409,0.042,1.064,24.01,,,,,1.78,,,36.18,3.232,US-Hn1,US-Hn1,sagebrush,0.389,0.309,0.398,0.312,0.488,0.356,0.435,0.836,1.225,0.595,0.096,73.137,11.647,39.161,87.466,522.016,479.966
US-Hn1,2023-09-03,0.083,22.577,25.726,0.123,0.384,40.428,24.365,30.54,18.19,0.0,6.632,0.377,0.013,0.894,25.644,,,,,1.986,,,62.105,5.477,US-Hn1,US-Hn1,sagebrush,0.44,0.341,0.445,0.377,0.52,0.41,0.478,0.741,1.181,0.532,0.083,66.052,10.259,45.69,87.181,522.017,479.997
US-Hn1,2023-09-08,0.085,19.261,21.23,0.121,0.379,40.816,21.115,28.64,13.59,0.0,6.632,0.453,0.042,0.802,20.689,,,,,1.445,,,92.206,4.233,US-Hn1,US-Hn1,sagebrush,0.187,0.283,0.195,0.145,0.256,0.163,0.223,0.861,1.048,0.365,0.198,60.076,9.522,51.526,87.053,522.064,480.022
US-Hn1,2023-09-13,0.09,19.595,21.404,0.117,0.375,39.453,21.655,28.5,14.81,0.0,6.632,0.242,0.013,0.894,21.764,,,,,1.574,,,79.492,2.809,US-Hn1,US-Hn1,sagebrush,0.146,0.272,0.155,0.096,0.225,0.117,0.188,0.889,1.035,0.337,0.22,54.78,8.968,56.69,86.9,522.148,480.047
US-Hn1,2023-09-18,0.089,18.628,21.367,0.114,0.371,36.495,20.665,27.87,13.46,0.0,6.632,0.23,0.013,0.767,20.561,,,,,1.735,,,59.907,1.406,US-Hn1,US-Hn1,sagebrush,0.154,0.263,0.163,0.096,0.241,0.12,0.198,0.835,0.988,0.308,0.21,49.982,8.439,61.268,86.742,522.263,480.071
US-Hn1,2023-09-23,0.079,13.557,15.959,0.129,0.369,31.866,15.54,22.35,8.73,0.0,6.632,0.469,0.09,0.649,15.363,,,,,0.852,,,48.118,5.283,US-Hn1,US-Hn1,sagebrush,0.167,0.212,0.171,0.116,0.219,0.145,0.195,0.698,0.865,0.203,0.197,45.623,7.93,65.319,86.564,522.401,480.094
US-Hn1,2023-09-28,0.07,12.92,12.194,0.147,0.368,17.827,14.78,21.54,8.02,0.0,6.632,0.696,0.053,0.643,14.58,,,,,0.822,,,40.626,9.867,US-Hn1,US-Hn1,sagebrush,0.397,0.29,0.396,0.347,0.435,0.375,0.42,0.288,0.685,0.148,0.055,41.215,6.918,68.845,86.283,522.567,480.118
US-Hn1,2023-10-03,0.066,15.041,16.615,0.163,0.369,21.794,17.38,23.81,10.95,0.0,6.632,0.884,0.063,0.84,17.323,,,,,0.636,,,27.508,18.114,US-Hn1,US-Hn1,sagebrush,0.571,0.426,0.569,0.512,0.631,0.538,0.598,0.343,0.914,0.174,0.067,37.293,6.115,71.44,85.27,522.822,480.151
US-Hn1,2023-10-08,0.075,16.396,18.361,0.157,0.377,29.402,18.215,26.33,10.1,0.0,6.632,0.133,0.036,0.936,16.734,,,,,0.909,,,59.098,-0.056,US-Hn1,US-Hn1,sagebrush,0.467,0.438,0.471,0.41,0.539,0.437,0.501,0.551,1.018,0.175,0.15,34.051,5.8,73.539,84.082,523.098,480.185
US-Hn1,2023-10-13,0.094,11.313,12.247,0.178,0.389,25.904,12.42,19.89,4.95,0.0,6.632,0.015,0.075,0.991,12.272,,,,,0.613,,,40.586,9.897,US-Hn1,US-Hn1,sagebrush,0.29,0.257,0.288,0.243,0.332,0.267,0.312,0.678,0.969,0.111,0.226,31.398,5.881,75.42,83.032,523.357,480.216
US-Hn1,2023-10-18,0.089,12.37,16.028,0.163,0.398,23.863,13.48,22.1,4.86,0.0,6.632,0.46,0.109,1.198,11.742,,,,,0.63,,,51.696,4.22,US-Hn1,US-Hn1,sagebrush,0.362,0.368,0.363,0.309,0.423,0.339,0.391,0.637,0.999,0.13,0.202,28.929,5.879,76.909,81.89,523.637,480.249
US-Hn1,2023-10-23,0.069,10.071,12.944,0.154,0.401,22.034,13.56,19.29,7.83,0.0,6.632,0.15,0.108,1.465,12.792,,,,,0.699,,,18.281,1.471,US-Hn1,US-Hn1,sagebrush,0.372,0.332,0.373,0.322,0.42,0.351,0.394,0.382,0.754,0.101,0.112,26.4,5.517,78.439,81.132,523.869,480.276
US-Hn1,2023-10-28,0.062,2.9,7.424,0.189,0.448,18.244,2.605,8.76,-3.55,0.0,6.632,0.27,0.183,0.648,0.573,,,,,0.275,,,35.422,6.54,US-Hn1,US-Hn1,sagebrush,0.436,0.34,0.433,0.401,0.464,0.417,0.449,0.24,0.676,0.066,0.069,23.977,5.162,79.692,80.213,524.105,480.302
US-Hn1,2023-11-02,0.061,2.392,8.993,0.211,0.464,12.121,5.85,10.09,1.61,0.0,6.632,-0.2,0.072,1.065,5.891,,,,,0.079,,,0.448,20.294,US-Hn1,US-Hn1,sagebrush,0.61,0.438,0.603,0.555,0.647,0.582,0.628,0.169,0.779,0.067,0.041,21.701,4.777,80.333,78.854,524.399,480.336
US-Hn1,2023-11-07,0.056,3.196,11.333,0.224,0.579,10.691,10.69,14.9,6.48,0.0,6.632,1.006,0.116,1.605,11.635,,,,,0.673,,,10.418,17.495,US-Hn1,US-Hn1,sagebrush,0.764,0.539,0.752,0.67,0.819,0.722,0.785,0.141,0.905,0.07,0.028,19.612,4.68,80.365,76.805,524.742,480.377
US-Hn1,2023-11-12,0.052,2.432,7.659,0.198,0.579,12.711,7.98,11.7,4.26,0.0,6.632,0.866,0.082,0.98,8.12,,,,,0.329,,,8.279,4.641,US-Hn1,US-Hn1,sagebrush,0.531,0.369,0.523,0.473,0.556,0.508,0.542,0.125,0.655,0.051,0.029,17.736,4.592,80.79,75.426,524.979,480.406
US-Hn1,2023-11-17,0.052,1.085,7.134,0.196,0.571,12.546,0.765,3.28,-1.75,0.0,6.632,-0.919,0.067,0.363,0.698,,,,,0.046,,,13.747,6.917,US-Hn1,US-Hn1,sagebrush,0.529,0.353,0.519,0.454,0.551,0.503,0.539,0.079,0.609,0.046,0.013,15.995,4.423,81.078,74.152,525.199,480.434
US-Hn1,2023-11-22,0.053,2.168,4.245,0.202,0.565,11.625,3.485,7.98,-1.01,0.0,6.632,-0.649,0.07,0.368,3.648,,,,,0.1,,,12.0,4.723,US-Hn1,US-Hn1,sagebrush,0.446,0.307,0.44,0.403,0.471,0.427,0.454,0.098,0.544,0.035,0.025,14.469,4.296,81.358,73.079,525.389,480.46
US-Hn1,2023-11-27,0.056,0.799,-2.672,0.204,0.55,13.175,-2.12,0.1,-4.34,0.0,6.632,-0.074,0.121,0.276,-2.471,,,,,0.006,,,76.644,20.809,US-Hn1,US-Hn1,sagebrush,0.301,0.186,0.295,0.257,0.329,0.279,0.311,0.039,0.341,0.021,0.007,13.036,4.326,81.951,72.247,525.511,480.476
US-Hn1,2023-12-02,0.062,3.153,1.965,0.22,0.545,10.357,4.515,11.02,-1.99,2.76,6.632,0.365,0.295,0.963,5.726,,,,,0.309,,,-12.399,12.847,US-Hn1,US-Hn1,sagebrush,0.42,0.298,0.415,0.387,0.451,0.399,0.432,0.103,0.523,0.026,0.031,13.101,4.177,80.685,71.29,525.689,480.5
US-Hn1,2023-12-07,0.069,1.522,7.908,0.261,0.671,9.455,8.32,10.5,6.14,0.0,6.632,0.128,0.431,1.473,7.961,,,,,0.313,,,-3.074,11.517,US-Hn1,US-Hn1,sagebrush,0.723,0.547,0.715,0.656,0.772,0.686,0.741,0.15,0.873,0.037,0.045,13.221,4.347,78.524,69.229,525.964,480.543
US-Hn1,2023-12-12,0.071,0.661,3.095,0.241,0.696,8.27,5.125,6.23,4.02,1.32,6.632,0.384,0.431,1.217,5.263,,,,,0.083,,,0.648,14.671,US-Hn1,US-Hn1,sagebrush,0.531,0.36,0.52,0.474,0.56,0.5,0.542,0.046,0.577,0.028,0.007,13.207,4.36,77.069,67.835,526.128,480.572
US-Hn1,2023-12-17,0.073,0.497,-1.226,0.241,0.667,10.515,3.08,4.02,2.14,0.0,6.632,0.487,0.239,0.713,3.214,,,,,0.123,,,-0.555,2.539,US-Hn1,US-Hn1,sagebrush,0.396,0.259,0.386,0.348,0.429,0.367,0.406,0.035,0.43,0.022,0.005,13.187,4.366,76.0,66.808,526.238,480.595
US-Hn1,2023-12-22,0.076,1.144,-0.714,0.246,0.688,4.241,4.15,6.26,2.04,1.4,6.632,0.279,0.364,1.353,3.594,,,,,0.049,,,-4.662,-2.943,US-Hn1,US-Hn1,sagebrush,0.418,0.278,0.408,0.369,0.451,0.388,0.427,0.035,0.453,0.022,0.005,13.167,4.372,74.876,65.73,526.342,480.619
US-Hn1,2023-12-27,0.078,1.658,-0.569,0.283,0.664,6.384,3.455,6.77,0.14,1.98,6.632,0.858,0.477,1.413,3.375,,,,,0.088,,,-1.911,21.702,US-Hn1,US-Hn1,sagebrush,0.466,0.336,0.458,0.416,0.51,0.432,0.483,0.079,0.545,0.022,0.022,13.211,4.449,73.55,64.469,526.449,480.647
US-Hn1,2024-01-01,0.074,0.806,-0.197,0.238,0.687,9.334,3.69,5.19,2.19,0.0,6.632,0.67,0.361,1.045,3.782,,,,,0.073,,,3.123,5.644,US-Hn1,US-Hn1,sagebrush,0.395,0.275,0.387,0.355,0.428,0.368,0.407,0.054,0.449,0.023,0.012,13.216,4.485,72.471,63.436,526.525,480.671
US-Hn1,2024-01-06,0.071,2.058,0.797,0.248,0.715,9.051,5.175,8.92,1.43,0.0,6.632,0.448,0.124,0.215,5.933,,,,,0.405,,,-4.356,7.75,US-Hn1,US-Hn1,sagebrush,0.408,0.311,0.402,0.369,0.444,0.38,0.421,0.107,0.515,0.025,0.033,13.292,4.604,71.277,62.299,526.596,480.698
US-Hn1,2024-01-11,0.08,2.422,0.69,0.263,0.734,7.571,0.56,7.0,-5.88,0.0,6.632,0.225,0.549,0.051,0.071,,,,,0.202,,,-11.079,10.47,US-Hn1,US-Hn1,sagebrush,0.433,0.333,0.426,0.388,0.472,0.403,0.449,0.106,0.538,0.025,0.032,13.367,4.721,70.024,61.11,526.654,480.726
US-Hn1,2024-01-16,0.081,0.674,-10.368,0.285,0.706,12.002,-10.555,-7.05,-14.06,0.0,6.632,-0.091,1.264,0.007,-10.83,,,,,0.089,,,22.098,4.555,US-Hn1,US-Hn1,sagebrush,0.217,0.129,0.211,0.166,0.254,0.192,0.234,0.0,0.217,0.0,0.0,13.334,4.721,69.478,60.569,526.675,480.739
US-Hn1,2024-01-21,0.081,0.589,-0.431,0.312,0.741,6.365,-0.165,1.24,-1.57,5.63,6.632,-1.881,1.278,0.013,0.235,,,,,0.043,,,1.589,21.213,US-Hn1,US-Hn1,sagebrush,0.531,0.377,0.518,0.47,0.575,0.49,0.548,0.031,0.562,0.023,0.003,13.314,4.717,68.087,59.26,526.712,480.772
US-Hn1,2024-01-26,0.083,0.823,0.811,0.281,0.836,11.053,1.175,2.99,-0.64,4.24,6.632,-0.988,0.441,0.009,1.747,,,,,0.038,,,6.505,-2.524,US-Hn1,US-Hn1,sagebrush,0.472,0.361,0.465,0.423,0.514,0.438,0.489,0.084,0.557,0.025,0.024,13.362,4.797,66.781,58.029,526.728,480.803
US-Hn1,2024-01-31,0.082,1.652,3.225,0.263,0.779,7.822,4.22,7.35,1.09,5.21,6.632,1.001,0.857,2.071,4.102,,,,,0.015,,,1.254,-2.431,US-Hn1,US-Hn1,sagebrush,0.475,0.392,0.469,0.431,0.511,0.442,0.489,0.136,0.611,0.029,0.042,13.472,4.955,65.404,56.731,526.725,480.836
US-Hn1,2024-02-05,0.079,1.205,3.9,0.261,0.756,6.502,4.855,6.98,2.73,1.53,6.632,0.652,0.816,1.735,5.55,,,,,0.064,,,-2.518,-0.224,US-Hn1,US-Hn1,sagebrush,0.519,0.404,0.511,0.467,0.553,0.483,0.534,0.081,0.601,0.031,0.02,13.505,5.02,64.011,55.422,526.698,480.871
US-Hn1,2024-02-10,0.085,3.232,1.987,0.247,0.742,16.211,4.075,11.02,-2.87,0.0,6.632,1.741,0.838,1.13,3.107,,,,,0.247,,,26.443,7.986,US-Hn1,US-Hn1,sagebrush,0.31,0.277,0.304,0.27,0.346,0.282,0.323,0.265,0.575,0.028,0.095,13.793,5.391,62.878,54.355,526.659,480.899
US-Hn1,2024-02-15,0.091,0.958,4.106,0.253,0.732,6.71,1.015,3.18,-1.15,0.61,6.632,3.639,0.397,0.495,0.471,,,,,0.081,,,43.356,91.577,US-Hn1,US-Hn1,sagebrush,0.493,0.39,0.485,0.442,0.527,0.461,0.507,0.083,0.576,0.033,0.02,13.824,5.455,61.573,53.131,526.593,480.933
US-Hn1,2024-02-20,0.094,2.238,3.47,0.259,0.749,15.434,6.625,10.34,2.91,0.0,6.632,0.161,0.142,0.069,6.055,,,,,0.155,,,18.279,8.732,US-Hn1,US-Hn1,sagebrush,0.332,0.303,0.326,0.288,0.369,0.299,0.349,0.327,0.66,0.032,0.118,14.193,5.92,60.311,51.95,526.509,480.966
US-Hn1,2024-02-25,0.103,3.163,6.498,0.242,0.732,15.782,9.84,14.25,5.43,0.0,6.632,0.336,0.086,0.117,10.647,,,,,0.536,,,2.591,10.041,US-Hn1,US-Hn1,sagebrush,0.313,0.301,0.307,0.267,0.342,0.282,0.329,0.434,0.747,0.04,0.157,14.695,6.545,58.96,50.689,526.394,481.002
US-Hn1,2024-03-01,0.109,2.544,6.387,0.235,0.713,25.939,6.655,10.95,2.36,0.65,6.632,-0.125,0.218,0.087,6.357,,,,,0.499,,,10.516,12.986,US-Hn1,US-Hn1,sagebrush,0.081,0.073,0.075,0.04,0.108,0.053,0.095,0.775,0.857,0.041,0.292,15.659,7.723,57.692,49.505,526.263,481.037
US-Hn1,2024-03-06,0.112,3.188,2.479,0.233,0.704,32.55,2.52,10.28,-5.24,0.0,6.632,-0.059,0.419,0.084,1.673,,,,,0.358,,,54.815,13.125,US-Hn1,US-Hn1,sagebrush,-0.055,-0.071,-0.061,-0.094,-0.023,-0.081,-0.04,0.805,0.75,0.036,0.306,16.67,8.954,56.723,48.6,526.144,481.064
US-Hn1,2024-03-11,0.112,3.995,6.62,0.226,0.693,21.89,8.31,14.81,1.81,0.61,6.632,0.188,0.399,0.196,10.137,,,,,0.611,,,13.448,12.845,US-Hn1,US-Hn1,sagebrush,0.122,0.123,0.116,0.081,0.149,0.094,0.135,0.667,0.788,0.051,0.245,17.465,9.93,55.556,47.516,525.982,481.097
US-Hn1,2024-03-16,0.112,6.488,8.351,0.219,0.683,35.691,10.635,20.57,0.7,0.0,6.632,0.445,0.767,0.498,9.823,,,,,0.665,,,61.199,22.743,US-Hn1,US-Hn1,sagebrush,-0.124,-0.112,-0.129,-0.162,-0.097,-0.15,-0.112,1.118,0.994,0.06,0.421,18.865,11.627,54.351,46.399,525.792,481.132
US-Hn1,2024-03-21,0.112,5.145,13.181,0.211,0.67,28.936,13.93,19.8,8.06,0.0,6.632,0.665,1.145,1.072,13.63,,,,,0.879,,,59.485,26.917,US-Hn1,US-Hn1,sagebrush,-0.021,0.027,-0.025,-0.068,0.015,-0.044,-0.008,1.132,1.112,0.09,0.415,20.238,13.292,52.936,45.093,525.538,481.174
US-Hn1,2024-03-26,0.114,5.637,10.338,0.216,0.664,28.161,9.92,17.16,2.68,0.0,6.632,-0.437,0.992,0.59,10.115,,,,,0.692,,,67.171,31.219,US-Hn1,US-Hn1,sagebrush,-0.018,0.012,-0.023,-0.06,0.009,-0.044,-0.002,1.009,0.991,0.083,0.369,21.447,14.76,51.7,43.956,525.285,481.211
US-Hn1,2024-03-31,0.126,6.066,9.169,0.222,0.681,43.372,11.2,17.49,4.91,0.0,6.632,-0.505,0.821,0.343,11.356,,,,,0.926,,,70.841,38.659,US-Hn1,US-Hn1,sagebrush,-0.431,-0.409,-0.437,-0.472,-0.395,-0.456,-0.415,1.66,1.23,0.084,0.628,23.547,17.287,50.53,42.883,525.018,481.248
US-Hn1,2024-04-05,0.137,2.757,7.358,0.226,0.67,30.967,8.72,12.63,4.81,0.0,6.632,0.213,0.795,0.411,8.419,,,,,0.519,,,28.38,26.433,US-Hn1,US-Hn1,sagebrush,-0.257,-0.242,-0.263,-0.302,-0.221,-0.284,-0.242,1.306,1.049,0.084,0.486,25.154,19.225,49.471,41.917,524.75,481.281
US-Hn1,2024-04-10,0.143,8.439,10.962,0.21,0.661,45.678,10.34,19.04,1.64,0.0,6.632,-0.215,1.105,0.413,10.272,,,,,0.798,,,64.795,29.144,US-Hn1,US-Hn1,sagebrush,-0.676,-0.639,-0.682,-0.721,-0.64,-0.701,-0.66,2.093,1.416,0.114,0.788,27.792,22.394,48.345,40.892,524.439,481.317
US-Hn1,2024-04-15,0.144,9.595,15.237,0.199,0.646,48.343,14.68,21.06,8.3,0.0,6.632,-0.114,1.002,0.381,14.644,,,,,1.148,,,62.844,21.9,US-Hn1,US-Hn1,sagebrush,-0.858,-0.784,-0.862,-0.902,-0.823,-0.883,-0.84,2.55,1.692,0.167,0.949,30.974,26.157,47.099,39.818,524.063,481.358
US-Hn1,2024-04-20,0.145,11.276,10.727,0.19,0.632,48.062,12.805,21.14,4.47,0.0,6.632,-0.24,0.9,0.273,13.488,,,,,1.209,,,85.666,25.247,US-Hn1,US-Hn1,sagebrush,-0.733,-0.691,-0.737,-0.777,-0.699,-0.755,-0.716,2.091,1.357,0.145,0.775,33.543,28.969,46.197,39.279,523.757,481.39
US-Hn1,2024-04-25,0.152,10.375,14.85,0.183,0.62,21.309,13.325,18.75,7.9,0.0,6.632,-0.637,0.589,0.168,13.319,,,,,0.652,,,33.675,17.612,US-Hn1,US-Hn1,sagebrush,-0.085,-0.006,-0.087,-0.123,-0.052,-0.107,-0.07,1.17,1.085,0.203,0.385,34.757,29.938,45.183,38.866,523.393,481.425
US-Hn1,2024-04-30,0.154,8.997,9.803,0.182,0.611,26.793,9.545,14.99,4.1,0.0,6.632,-0.104,0.682,0.139,9.799,,,,,0.697,,,92.874,19.755,US-Hn1,US-Hn1,sagebrush,-0.281,-0.239,-0.283,-0.32,-0.251,-0.299,-0.265,1.269,0.988,0.155,0.443,36.169,30.972,44.427,38.849,523.096,481.453
US-Hn1,2024-05-05,0.147,5.38,14.9,0.212,0.606,29.066,11.8,14.21,9.39,4.46,6.632,-0.27,0.255,0.185,11.445,,,,,0.237,,,-6.601,39.336,US-Hn1,US-Hn1,sagebrush,-0.308,-0.231,-0.31,-0.357,-0.267,-0.338,-0.287,1.71,1.402,0.219,0.594,38.103,32.505,43.236,38.535,522.632,481.495
US-Hn1,2024-05-10,0.134,17.986,18.072,0.206,0.647,59.007,19.04,29.54,8.54,0.0,6.632,0.053,0.126,0.299,20.163,,,,,1.648,,,103.207,31.081,US-Hn1,US-Hn1,sagebrush,-0.622,-0.514,-0.623,-0.672,-0.582,-0.647,-0.599,2.377,1.755,0.279,0.835,40.863,35.76,41.966,37.384,522.103,481.54
US-Hn1,2024-05-15,0.127,19.228,19.7,0.186,0.623,59.267,20.49,29.83,11.15,0.0,6.632,0.236,0.305,0.574,21.822,,,,,1.922,,,88.267,23.873,US-Hn1,US-Hn1,sagebrush,-0.499,-0.37,-0.497,-0.543,-0.46,-0.521,-0.476,2.146,1.647,0.334,0.721,43.213,38.034,40.835,36.864,521.581,481.582
US-Hn1,2024-05-20,0.13,14.428,15.224,0.171,0.604,61.321,16.36,23.73,8.99,0.0,6.632,-0.026,0.493,0.289,16.627,,,,,1.391,,,104.047,33.786,US-Hn1,US-Hn1,sagebrush,-0.919,-0.841,-0.919,-0.965,-0.883,-0.94,-0.9,2.531,1.612,0.27,0.9,46.166,40.573,40.053,37.122,521.177,481.613
US-Hn1,2024-05-25,0.12,13.188,16.137,0.197,0.6,51.059,15.28,21.58,8.98,0.0,6.632,0.025,0.239,0.055,15.91,,,,,1.217,,,105.48,23.881,US-Hn1,US-Hn1,sagebrush,-0.491,-0.403,-0.491,-0.542,-0.452,-0.515,-0.469,2.026,1.535,0.305,0.685,48.379,42.069,39.073,37.32,520.669,481.651
US-Hn1,2024-05-30,0.109,13.251,14.937,0.177,0.586,63.201,14.745,22.83,6.66,0.0,6.632,0.112,0.245,0.088,15.165,,,,,1.182,,,121.935,22.572,US-Hn1,US-Hn1,sagebrush,-0.641,-0.566,-0.641,-0.686,-0.606,-0.66,-0.624,2.114,1.472,0.296,0.724,50.709,43.34,38.316,38.078,520.24,481.683
US-Hn1,2024-06-04,0.1,15.73,16.213,0.226,0.613,34.265,18.415,24.08,12.75,0.0,6.632,-0.091,0.266,0.176,18.265,,,,,1.221,,,46.408,14.95,US-Hn1,US-Hn1,sagebrush,0.239,0.329,0.241,0.17,0.305,0.205,0.28,1.002,1.241,0.332,0.267,51.476,43.343,37.189,37.81,519.627,481.727
US-Hn1,2024-06-09,0.09,20.518,25.654,0.19,0.603,54.482,22.305,29.52,15.09,0.0,6.632,0.194,0.14,0.262,23.257,,,,,1.839,,,55.482,11.377,US-Hn1,US-Hn1,sagebrush,0.365,0.586,0.376,0.283,0.487,0.327,0.431,1.19,1.555,0.593,0.238,52.126,42.999,35.946,37.594,518.907,481.776
US-Hn1,2024-06-14,0.09,16.954,22.239,0.169,0.58,60.757,19.305,25.9,12.71,0.0,6.632,0.993,0.201,0.55,20.357,,,,,1.79,,,108.187,14.799,US-Hn1,US-Hn1,sagebrush,-0.039,0.116,-0.033,-0.083,0.029,-0.063,-0.006,1.47,1.43,0.484,0.393,53.297,42.715,35.072,38.308,518.341,481.813
US-Hn1,2024-06-19,0.097,18.284,19.47,0.158,0.562,65.527,19.255,29.98,8.53,0.0,6.632,0.311,0.118,0.688,20.424,,,,,1.793,,,118.036,26.739,US-Hn1,US-Hn1,sagebrush,-0.326,-0.211,-0.322,-0.354,-0.288,-0.34,-0.305,1.712,1.386,0.413,0.517,54.888,42.533,34.413,39.621,517.875,481.843
US-Hn1,2024-06-24,0.102,18.435,21.704,0.146,0.545,65.496,20.04,28.56,11.52,0.0,6.632,0.381,0.118,0.357,20.499,,,,,1.672,,,127.363,16.88,US-Hn1,US-Hn1,sagebrush,-0.365,-0.226,-0.36,-0.393,-0.322,-0.378,-0.345,1.831,1.465,0.48,0.538,56.54,42.053,33.802,41.306,517.428,481.872
US-Hn1,2024-06-29,0.101,20.031,22.9,0.136,0.53,44.111,21.635,29.58,13.69,0.0,6.632,0.157,0.091,0.259,22.043,,,,,1.728,,,65.346,8.799,US-Hn1,US-Hn1,sagebrush,0.048,0.205,0.056,0.01,0.113,0.036,0.079,1.154,1.202,0.522,0.252,57.193,40.071,33.257,43.328,517.012,481.899
US-Hn1,2024-07-04,0.1,22.923,23.064,0.128,0.516,60.299,23.375,33.09,13.66,0.0,6.632,0.113,0.135,0.418,23.999,,,,,2.388,,,117.85,14.308,US-Hn1,US-Hn1,sagebrush,-0.143,0.013,-0.135,-0.178,-0.087,-0.152,-0.116,1.423,1.28,0.52,0.359,58.211,38.357,32.786,45.554,516.641,481.924
US-Hn1,2024-07-09,0.104,32.261,29.977,0.122,0.505,59.443,28.745,40.7,16.79,0.0,6.632,0.354,0.084,0.649,29.341,,,,,3.32,,,114.319,17.392,US-Hn1,US-Hn1,sagebrush,0.334,0.334,0.343,0.226,0.432,0.294,0.393,1.009,1.342,0.784,0.09,58.291,35.445,32.228,47.663,516.226,481.952
US-Hn1,2024-07-14,0.103,31.106,29.306,0.116,0.495,58.79,28.61,38.78,18.44,0.0,6.632,0.743,0.004,0.814,30.92,,,,,3.773,,,114.301,18.503,US-Hn1,US-Hn1,sagebrush,0.248,0.296,0.262,0.151,0.359,0.212,0.311,1.04,1.287,0.731,0.123,58.484,32.726,31.751,49.767,515.86,481.977
US-Hn1,2024-07-19,0.104,31.09,28.745,0.114,0.485,57.945,28.91,38.12,19.7,0.0,6.632,0.487,0.085,0.626,29.928,,,,,3.468,,,104.843,20.131,US-Hn1,US-Hn1,sagebrush,0.21,0.282,0.224,0.124,0.313,0.179,0.27,1.04,1.25,0.687,0.14,58.735,30.164,31.313,51.78,515.521,482.002
US-Hn1,2024-07-24,0.102,25.283,25.574,0.11,0.476,54.891,24.855,35.31,14.4,0.0,6.632,0.126,0.075,0.429,25.196,,,,,2.476,,,96.476,21.884,US-Hn1,US-Hn1,sagebrush,-0.041,0.156,-0.03,-0.095,0.036,-0.059,0.003,1.226,1.185,0.553,0.268,59.422,28.224,30.986,53.822,515.244,482.022
US-Hn1,2024-07-29,0.103,20.76,23.869,0.106,0.466,25.729,23.09,28.83,17.35,0.0,6.632,0.667,0.078,0.378,24.038,,,,,1.737,,,71.635,7.659,US-Hn1,US-Hn1,sagebrush,0.218,0.199,0.225,0.171,0.274,0.197,0.254,0.673,0.892,0.492,0.072,59.429,25.529,30.731,55.889,515.009,482.04
US-Hn1,2024-08-03,0.105,28.224,31.527,0.104,0.459,39.867,28.48,34.28,22.68,0.0,6.632,0.251,0.065,0.626,29.55,,,,,2.701,,,44.162,15.87,US-Hn1,US-Hn1,sagebrush,0.372,0.25,0.354,0.252,0.45,0.306,0.404,0.825,1.197,0.757,0.027,59.28,22.839,30.36,57.498,514.728,482.062
US-Hn1,2024-08-08,0.103,27.169,26.86,0.111,0.452,52.643,26.175,36.43,15.92,0.0,6.632,0.714,0.216,0.77,27.129,,,,,2.805,,,101.833,11.819,US-Hn1,US-Hn1,sagebrush,0.061,0.247,0.075,0.001,0.151,0.038,0.115,1.11,1.171,0.552,0.222,59.808,21.16,30.022,58.921,514.469,482.083
US-Hn1,2024-08-13,0.109,20.511,24.486,0.107,0.445,50.92,22.645,28.96,16.33,0.0,6.632,0.256,0.379,0.216,22.049,,,,,1.673,,,82.404,24.24,US-Hn1,US-Hn1,sagebrush,-0.236,-0.061,-0.225,-0.281,-0.165,-0.252,-0.2,1.448,1.212,0.472,0.389,60.906,20.275,29.763,60.348,514.249,482.101
US-Hn1,2024-08-18,0.111,24.753,26.42,0.107,0.437,49.583,25.335,33.17,17.5,0.0,6.632,0.248,0.489,0.7,25.021,,,,,2.21,,,87.483,10.662,US-Hn1,US-Hn1,sagebrush,-0.065,0.144,-0.051,-0.122,0.024,-0.087,-0.013,1.266,1.201,0.532,0.292,61.668,19.016,29.48,61.659,514.023,482.12
US-Hn1,2024-08-23,0.111,15.789,23.779,0.108,0.43,35.531,19.01,23.43,14.59,1.41,6.632,1.151,0.473,0.485,18.598,,,,,1.0,,,11.419,19.801,US-Hn1,US-Hn1,sagebrush,-0.091,0.068,-0.08,-0.131,-0.023,-0.107,-0.057,1.19,1.099,0.45,0.295,62.434,17.85,29.241,62.94,513.818,482.138
US-Hn1,2024-08-28,0.114,15.447,17.74,0.11,0.423,47.45,17.21,25.39,9.03,0.0,6.632,0.437,0.29,0.309,17.665,,,,,1.374,,,85.423,9.973,US-Hn1,US-Hn1,sagebrush,-0.523,-0.444,-0.519,-0.555,-0.478,-0.54,-0.499,1.672,1.149,0.311,0.542,64.052,17.783,29.089,64.306,513.655,482.153
US-Hn1,2024-09-02,0.112,25.871,26.68,0.108,0.418,38.857,25.475,35.2,15.75,0.0,6.632,0.688,0.041,0.256,26.173,,,,,2.313,,,36.998,8.705,US-Hn1,US-Hn1,sagebrush,0.143,0.232,0.158,0.083,0.232,0.119,0.202,0.96,1.103,0.544,0.165,58.167,16.128,35.018,65.393,513.446,482.172
US-Hn1,2024-09-07,0.106,24.844,26.863,0.106,0.413,41.376,24.795,34.43,15.16,0.0,6.632,0.037,0.145,0.303,25.128,,,,,2.236,,,54.743,1.885,US-Hn1,US-Hn1,sagebrush,0.103,0.228,0.119,0.035,0.207,0.079,0.16,0.992,1.094,0.5,0.196,52.98,14.778,40.261,66.31,513.291,482.19
US-Hn1,2024-09-12,0.106,17.744,19.763,0.119,0.41,37.376,20.615,25.85,15.38,0.0,6.632,0.527,0.115,0.448,20.143,,,,,1.398,,,26.004,29.505,US-Hn1,US-Hn1,sagebrush,-0.104,-0.013,-0.097,-0.139,-0.055,-0.124,-0.074,1.116,1.012,0.297,0.326,48.764,14.114,44.929,67.129,513.186,482.208
US-Hn1,2024-09-17,0.097,15.64,20.21,0.118,0.405,34.955,17.445,25.53,9.36,0.0,6.632,1.393,0.478,1.706,18.597,,,,,1.21,,,43.335,10.157,US-Hn1,US-Hn1,sagebrush,-0.023,0.072,-0.015,-0.064,0.034,-0.046,0.009,0.985,0.962,0.283,0.279,44.813,13.312,49.096,67.882,513.116,482.225
US-Hn1,2024-09-22,0.098,17.113,16.858,0.115,0.4,35.191,18.225,28.69,7.76,0.0,6.632,0.151,0.171,0.593,19.09,,,,,1.608,,,49.58,17.957,US-Hn1,US-Hn1,sagebrush,-0.103,-0.04,-0.097,-0.146,-0.051,-0.126,-0.069,0.961,0.859,0.214,0.298,41.323,12.667,52.919,68.723,513.085,482.24
US-Hn1,2024-09-27,0.097,17.542,18.419,0.114,0.397,32.595,19.455,27.22,11.69,0.0,6.632,0.06,0.129,0.501,19.917,,,,,1.38,,,60.153,5.924,US-Hn1,US-Hn1,sagebrush,-0.018,0.059,-0.011,-0.065,0.042,-0.046,0.019,0.867,0.85,0.218,0.259,38.05,11.932,56.299,69.429,513.08,482.255
US-Hn1,2024-10-02,0.102,13.083,15.515,0.112,0.395,31.788,14.67,22.35,6.99,0.0,6.632,-0.357,0.08,0.343,16.337,,,,,1.287,,,50.868,7.009,US-Hn1,US-Hn1,sagebrush,-0.166,-0.115,-0.161,-0.219,-0.11,-0.194,-0.13,0.995,0.829,0.169,0.329,35.349,11.574,59.409,70.181,513.096,482.268
US-Hn1,2024-10-07,0.101,13.491,14.041,0.115,0.393,29.898,14.68,23.95,5.41,0.0,6.632,-0.556,0.036,0.21,12.911,,,,,0.826,,,54.438,3.468,US-Hn1,US-Hn1,sagebrush,-0.11,-0.072,-0.105,-0.163,-0.055,-0.137,-0.077,0.872,0.762,0.145,0.289,32.783,11.095,62.229,70.908,513.13,482.281
US-Hn1,2024-10-12,0.1,12.772,14.981,0.115,0.391,25.92,13.94,22.73,5.15,0.0,6.632,0.25,0.004,0.117,13.09,,,,,0.898,,,46.593,1.597,US-Hn1,US-Hn1,sagebrush,-0.038,0.006,-0.032,-0.093,0.024,-0.067,-0.002,0.783,0.745,0.144,0.254,30.356,10.533,64.722,71.525,513.184,482.295
US-Hn1,2024-10-17,0.101,9.197,12.104,0.116,0.39,20.211,11.95,17.54,6.36,0.0,6.632,0.271,0.025,0.144,11.408,,,,,0.82,,,43.46,3.017,US-Hn1,US-Hn1,sagebrush,0.018,0.043,0.022,-0.034,0.07,-0.008,0.05,0.605,0.624,0.113,0.196,27.973,9.809,67.027,72.163,513.246,482.307
US-Hn1,2024-10-22,0.097,8.546,10.775,0.166,0.391,24.419,10.245,16.62,3.87,0.0,6.632,0.283,0.129,0.317,9.132,,,,,0.469,,,29.394,12.237,US-Hn1,US-Hn1,sagebrush,0.153,0.124,0.153,0.109,0.191,0.135,0.175,0.665,0.817,0.096,0.226,25.934,9.319,68.634,72.186,513.361,482.325
US-Hn1,2024-10-27,0.09,9.506,14.585,0.156,0.397,14.893,12.23,18.55,5.91,0.0,6.632,0.149,0.293,0.505,7.179,,,,,0.425,,,40.555,7.737,US-Hn1,US-Hn1,sagebrush,0.362,0.339,0.365,0.31,0.419,0.343,0.393,0.417,0.779,0.113,0.121,23.737,8.491,69.893,71.985,513.498,482.346
US-Hn1,2024-11-06,0.082,5.149,6.221,0.189,0.471,16.597,5.485,12.69,-1.72,0.0,6.632,0.293,0.309,0.752,4.041,,,,,0.324,,,24.009,5.197,US-Hn1,US-Hn1,sagebrush,0.313,0.258,0.311,0.278,0.345,0.296,0.326,0.316,0.629,0.056,0.104,19.701,7.16,71.799,71.04,513.779,482.386
US-Hn1,2024-11-11,0.079,4.237,10.552,0.184,0.481,13.49,10.255,14.74,5.77,0.0,6.632,0.988,0.189,1.36,9.58,,,,,0.387,,,-2.239,7.879,US-Hn1,US-Hn1,sagebrush,0.426,0.361,0.426,0.385,0.467,0.406,0.449,0.3,0.726,0.067,0.093,18.034,6.837,72.323,70.197,513.937,482.407
US-Hn1,2024-11-16,0.076,2.702,3.393,0.21,0.577,12.344,4.205,9.72,-1.31,1.83,6.632,0.35,0.21,0.951,5.445,,,,,0.331,,,1.654,11.332,US-Hn1,US-Hn1,sagebrush,0.366,0.285,0.363,0.332,0.395,0.349,0.377,0.189,0.555,0.041,0.059,16.421,6.77,72.954,69.275,514.063,482.424
US-Hn1,2024-11-21,0.072,1.208,7.11,0.247,0.646,4.752,6.38,8.31,4.45,9.5,6.632,-0.01,0.069,0.421,6.32,,,,,0.126,,,4.922,13.594,US-Hn1,US-Hn1,sagebrush,0.67,0.45,0.657,0.563,0.703,0.635,0.686,0.062,0.731,0.047,0.006,14.785,6.755,72.825,67.5,514.244,482.45
US-Hn1,2024-11-26,0.073,2.355,3.402,0.243,0.714,12.853,5.05,9.46,0.64,0.0,6.632,0.032,0.179,0.302,4.067,,,,,0.134,,,0.234,20.746,US-Hn1,US-Hn1,sagebrush,0.446,0.347,0.442,0.407,0.481,0.427,0.461,0.185,0.631,0.035,0.06,13.501,6.977,72.89,66.111,514.377,482.471
US-Hn1,2024-12-01,0.074,0.425,0.422,0.242,0.678,11.514,2.63,3.46,1.8,0.0,6.632,0.128,0.076,0.263,2.69,,,,,0.178,,,1.496,4.762,US-Hn1,US-Hn1,sagebrush,0.433,0.278,0.425,0.371,0.462,0.408,0.445,0.037,0.47,0.028,0.004,13.475,6.968,71.754,64.995,514.481,482.488
US-Hn1,2024-12-06,0.074,0.234,-4.495,0.265,0.639,8.336,0.9,1.4,0.4,0.0,6.632,0.238,0.042,0.241,1.106,,,,,0.151,,,-0.245,3.695,US-Hn1,US-Hn1,sagebrush,0.341,0.208,0.334,0.288,0.376,0.313,0.355,0.01,0.351,0.01,0.0,13.439,6.968,70.881,64.113,514.552,482.502
US-Rls,2014-09-15,0.097,16.988,17.578,0.14,0.567,40.19,19.2,28.34,10.06,0.0,29.303,-0.381,0.965,0.568,21.77,239.056,,83.967,19.774,2.159,84.108,2.949,64.773,11.093,US-Rls,US-Rls,sagebrush,0.338,0.367,0.331,0.287,0.405,0.304,0.355,1.082,1.42,0.785,0.118,98.677,100.952,31.031,103.052,620.439,534.946
US-Rls,2014-09-20,0.099,14.758,16.347,0.139,0.566,38.243,17.79,25.13,10.45,0.0,29.303,-0.555,0.912,0.262,18.569,236.125,,84.17,40.0,1.365,80.425,2.404,56.02,7.413,US-Rls,US-Rls,sagebrush,0.239,0.313,0.234,0.19,0.3,0.206,0.257,1.134,1.374,0.711,0.168,89.311,96.396,40.412,106.292,620.496,534.991
US-Rls,2014-09-25,0.102,13.842,17.053,0.139,0.564,33.907,15.745,22.94,8.55,0.0,29.303,-0.457,0.665,0.226,16.22,199.495,,83.521,31.515,1.304,59.56,2.76,63.169,5.658,US-Rls,US-Rls,sagebrush,0.308,0.367,0.303,0.257,0.394,0.271,0.331,1.075,1.383,0.69,0.153,80.837,91.923,48.655,109.257,620.647,535.038
US-Rls,2014-09-30,0.097,2.527,11.609,0.247,0.675,24.67,7.85,11.55,4.15,0.0,29.303,1.03,0.377,1.288,7.949,149.5,,83.667,69.049,0.334,60.387,3.119,25.322,48.215,US-Rls,US-Rls,sagebrush,0.723,0.673,0.729,0.638,0.82,0.681,0.779,0.794,1.517,0.462,0.132,73.144,92.145,55.316,106.006,621.014,535.115
US-Rls,2014-10-05,0.098,9.25,11.831,0.211,0.661,32.788,14.925,22.33,7.52,0.0,29.303,0.772,0.847,2.251,17.162,205.141,,84.319,27.62,1.451,62.403,2.48,29.077,34.248,US-Rls,US-Rls,sagebrush,0.484,0.459,0.486,0.421,0.555,0.448,0.522,0.94,1.424,0.448,0.196,66.447,92.629,61.275,103.428,621.361,535.179
US-Rls,2014-10-10,0.106,6.297,10.913,0.2,0.64,31.149,11.82,18.1,5.54,0.0,29.303,0.418,1.238,1.487,13.139,195.163,,84.012,34.625,1.026,49.601,2.275,34.127,25.076,US-Rls,US-Rls,sagebrush,0.337,0.315,0.339,0.274,0.401,0.308,0.373,1.022,1.36,0.408,0.245,60.593,92.758,66.57,101.771,621.705,535.236
US-Rls,2014-10-15,0.113,4.237,10.962,0.197,0.626,18.394,8.46,14.99,1.93,4.02,29.303,0.548,0.967,1.45,8.262,111.897,,83.343,55.422,0.565,22.755,4.449,-15.34,38.311,US-Rls,US-Rls,sagebrush,0.536,0.515,0.538,0.473,0.609,0.506,0.572,0.681,1.217,0.395,0.114,54.879,91.591,71.171,100.942,622.078,535.294
US-Rls,2014-10-20,0.115,7.0,10.489,0.199,0.627,26.998,13.1,21.21,4.99,4.2,29.303,0.311,1.152,1.555,15.64,151.666,,83.318,28.737,1.301,26.907,2.983,1.65,22.807,US-Rls,US-Rls,sagebrush,0.359,0.332,0.362,0.292,0.433,0.331,0.397,0.951,1.31,0.366,0.233,50.15,90.976,75.107,100.092,622.481,535.35
US-Rls,2014-10-25,0.114,5.632,9.256,0.212,0.643,23.754,11.71,19.09,4.33,0.0,29.303,0.622,0.997,1.448,13.27,101.005,,83.257,32.649,1.074,-11.6,6.243,-23.623,34.534,US-Rls,US-Rls,sagebrush,0.439,0.397,0.443,0.378,0.512,0.412,0.477,0.813,1.252,0.328,0.193,45.762,91.093,78.451,98.33,622.918,535.408
US-Rls,2014-10-30,0.115,4.603,8.35,0.207,0.636,23.092,10.535,17.08,3.99,0.0,29.303,0.255,1.13,1.114,11.469,118.613,,83.922,46.518,0.759,18.158,2.504,2.889,17.032,US-Rls,US-Rls,sagebrush,0.393,0.353,0.397,0.334,0.461,0.368,0.427,0.78,1.173,0.301,0.191,41.807,90.805,81.405,97.177,623.338,535.462
US-Rls,2014-11-04,0.121,1.799,3.19,0.234,0.681,8.192,4.38,7.79,0.97,0.0,29.303,0.241,0.87,1.261,5.487,66.398,,84.473,70.386,0.266,16.071,4.185,3.886,19.004,US-Rls,US-Rls,sagebrush,0.581,0.428,0.581,0.531,0.627,0.559,0.605,0.242,0.822,0.213,0.011,37.632,90.535,84.119,95.578,623.719,535.51
US-Rls,2014-11-09,0.121,4.381,3.931,0.223,0.667,15.275,7.82,15.4,0.24,1.76,29.303,0.458,0.903,1.237,10.93,90.5,,83.403,50.316,0.711,-2.258,5.752,-15.038,23.439,US-Rls,US-Rls,sagebrush,0.451,0.395,0.455,0.414,0.498,0.432,0.481,0.447,0.898,0.216,0.092,34.157,90.599,86.386,94.037,624.102,535.556
US-Rls,2014-11-14,0.12,1.712,-0.893,0.299,0.642,8.359,-3.785,2.23,-9.8,17.46,29.303,0.78,0.489,0.986,0.692,36.158,,,90.851,0.113,,,,,US-Rls,US-Rls,sagebrush,0.598,0.442,0.602,0.552,0.656,0.577,0.622,0.185,0.784,0.157,0.011,30.753,89.885,88.198,92.898,624.506,535.605
US-Rls,2015-02-17,0.104,2.514,-0.48,0.268,0.752,23.786,1.895,7.95,-4.16,0.0,29.303,-0.215,0.807,0.306,1.404,166.879,,,52.12,0.334,45.942,1.63,36.061,18.036,US-Rls,US-Rls,sagebrush,0.278,0.263,0.276,0.244,0.324,0.259,0.294,0.445,0.722,0.136,0.123,17.86,87.885,71.173,65.501,630.174,536.621
US-Rls,2015-02-22,0.114,1.174,-0.685,0.261,0.73,25.49,-4.62,-0.51,-8.73,0.0,29.303,-0.125,1.007,0.521,-5.478,176.535,,83.921,52.498,0.195,65.487,3.852,46.373,23.519,US-Rls,US-Rls,sagebrush,0.288,0.276,0.286,0.252,0.333,0.269,0.304,0.387,0.675,0.135,0.101,18.159,87.993,70.052,64.655,630.25,536.666
US-Rls,2015-02-27,0.115,1.603,0.763,0.272,0.742,21.857,0.77,4.65,-3.11,5.33,29.303,-0.047,0.713,0.809,0.169,90.393,,,83.774,0.102,38.55,3.8,7.956,15.478,US-Rls,US-Rls,sagebrush,0.282,0.277,0.28,0.25,0.33,0.263,0.297,0.512,0.795,0.147,0.145,18.612,88.283,68.775,63.653,630.322,536.718
US-Rls,2015-03-14,0.129,2.996,6.503,0.225,0.722,17.857,10.435,14.42,6.45,3.4,29.303,0.991,0.898,1.236,11.956,53.591,,83.571,47.158,0.756,11.571,5.282,-23.662,32.661,US-Rls,US-Rls,sagebrush,0.276,0.312,0.272,0.232,0.31,0.253,0.292,0.666,0.942,0.217,0.179,20.91,90.592,65.157,60.532,630.437,536.871
US-Rls,2015-03-19,0.14,4.12,4.925,0.223,0.708,38.22,6.33,14.23,-1.57,0.0,29.303,-0.748,2.179,1.054,6.737,235.605,,83.697,50.673,0.515,91.293,2.303,45.213,28.641,US-Rls,US-Rls,sagebrush,-0.245,-0.219,-0.25,-0.276,-0.215,-0.265,-0.233,1.417,1.172,0.199,0.485,22.519,92.269,63.967,59.601,630.443,536.923
US-Rls,2015-03-24,0.147,1.815,5.148,0.237,0.704,25.387,1.965,6.06,-2.13,8.1,29.303,-0.609,2.22,1.013,1.821,165.32,,83.333,73.665,0.192,88.06,5.827,15.299,52.912,US-Rls,US-Rls,sagebrush,0.011,0.042,0.006,-0.021,0.043,-0.011,0.022,1.063,1.074,0.208,0.341,23.628,93.347,62.693,58.587,630.433,536.981
US-Rls,2015-03-29,0.157,4.662,6.666,0.221,0.707,41.544,7.145,14.86,-0.57,0.0,29.303,-1.195,3.295,2.148,7.632,261.576,,83.923,40.659,0.654,112.049,2.294,53.629,39.427,US-Rls,US-Rls,sagebrush,-0.497,-0.457,-0.502,-0.531,-0.468,-0.518,-0.488,1.921,1.425,0.232,0.672,25.876,95.784,61.451,57.598,630.405,537.038
US-Rls,2015-04-03,0.175,3.283,3.205,0.216,0.686,44.621,2.44,10.04,-5.16,0.0,29.303,-1.106,2.603,1.273,3.469,242.917,,83.623,36.637,0.538,88.172,4.046,54.724,37.326,US-Rls,US-Rls,sagebrush,-0.686,-0.666,-0.692,-0.725,-0.65,-0.71,-0.672,2.018,1.332,0.196,0.725,28.298,98.431,60.5,56.897,630.369,537.084
US-Rls,2015-04-08,0.19,2.201,6.362,0.273,0.751,37.683,3.78,8.25,-0.69,20.06,29.303,-0.593,1.399,1.039,1.549,192.196,,,83.139,0.134,11.652,,-24.627,22.912,US-Rls,US-Rls,sagebrush,-0.578,-0.53,-0.583,-0.612,-0.545,-0.602,-0.559,2.271,1.694,0.247,0.806,31.005,101.4,58.98,55.636,630.291,537.156
US-Rls,2015-04-13,0.199,6.276,6.397,0.241,0.747,48.22,9.72,18.79,0.65,0.0,29.303,-1.167,2.982,2.212,11.671,275.962,,83.036,27.29,1.07,123.249,4.18,31.546,90.486,US-Rls,US-Rls,sagebrush,-0.998,-0.954,-1.005,-1.043,-0.965,-1.026,-0.984,2.827,1.829,0.259,1.023,34.442,105.247,57.72,54.628,630.201,537.218
US-Rls,2015-04-18,0.202,4.269,8.281,0.224,0.709,50.948,9.905,15.35,4.46,0.0,29.303,-1.782,3.422,1.652,10.188,291.359,,83.612,34.933,0.83,125.131,3.762,51.934,67.462,US-Rls,US-Rls,sagebrush,-1.345,-1.29,-1.354,-1.401,-1.303,-1.376,-1.328,3.453,2.107,0.306,1.253,38.661,110.028,56.486,53.639,630.09,537.281
US-Rls,2015-04-23,0.209,5.393,8.715,0.209,0.688,51.983,7.66,15.43,-0.11,0.0,29.303,-2.293,4.924,3.011,8.412,313.616,,82.674,31.46,0.787,146.704,2.218,73.212,70.252,US-Rls,US-Rls,sagebrush,-1.491,-1.434,-1.5,-1.553,-1.44,-1.527,-1.474,3.654,2.163,0.334,1.322,43.099,115.077,55.382,52.776,629.968,537.34
US-Rls,2015-04-28,0.213,8.321,9.255,0.208,0.674,53.169,12.2,21.04,3.36,0.0,29.303,-1.465,4.308,2.699,13.757,324.045,,83.474,30.412,1.14,149.363,4.584,46.896,82.366,US-Rls,US-Rls,sagebrush,-1.473,-1.409,-1.482,-1.532,-1.424,-1.509,-1.459,3.666,2.194,0.367,1.314,47.494,120.073,54.289,51.923,629.827,537.4
US-Rls,2015-05-13,0.213,5.724,12.815,0.196,0.65,55.476,7.765,13.66,1.87,0.0,29.303,-2.44,4.765,2.141,6.037,243.222,,82.757,67.493,0.34,117.552,3.577,,,US-Rls,US-Rls,sagebrush,-1.944,-1.85,-1.954,-2.017,-1.873,-1.989,-1.922,4.67,2.726,0.532,1.648,61.115,135.569,51.117,49.474,629.286,537.587
US-Rls,2015-05-18,0.221,3.306,12.675,0.223,0.656,45.451,10.44,14.32,6.56,2.6,29.303,-1.638,4.896,3.369,9.798,200.406,,83.226,77.471,0.302,121.583,2.252,34.837,55.796,US-Rls,US-Rls,sagebrush,-1.542,-1.431,-1.547,-1.598,-1.492,-1.573,-1.519,4.167,2.625,0.561,1.436,65.882,140.995,49.852,48.444,629.021,537.663
US-Rls,2015-05-23,0.23,7.66,13.718,0.227,0.706,41.645,13.33,18.91,7.75,0.0,29.303,-1.071,4.613,3.78,12.574,197.847,,83.037,69.112,0.5,105.501,2.994,23.067,76.159,US-Rls,US-Rls,sagebrush,-1.245,-1.115,-1.248,-1.298,-1.207,-1.27,-1.224,3.798,2.553,0.629,1.262,70.037,145.688,48.539,47.364,628.711,537.745
US-Rls,2015-05-28,0.23,8.772,14.525,0.218,0.684,59.723,12.975,20.08,5.87,0.0,29.303,-2.439,5.834,3.622,13.425,344.061,,83.544,53.894,0.768,179.856,2.3,60.417,107.85,US-Rls,US-Rls,sagebrush,-2.229,-2.099,-2.235,-2.315,-2.157,-2.276,-2.199,5.464,3.235,0.688,1.902,76.38,152.992,47.301,46.354,628.378,537.825
US-Rls,2015-06-02,0.227,7.924,16.76,0.21,0.664,54.041,12.515,18.34,6.69,0.0,29.303,-2.794,5.961,3.261,12.055,277.469,,83.238,61.763,0.59,150.108,3.212,64.271,78.216,US-Rls,US-Rls,sagebrush,-2.004,-1.846,-2.011,-2.085,-1.939,-2.049,-1.973,5.271,3.267,0.838,1.765,82.228,159.71,46.062,45.336,628.004,537.908
US-Rls,2015-06-07,0.216,13.918,18.794,0.191,0.647,57.577,18.68,26.24,11.12,0.0,29.303,-1.607,5.915,3.899,19.198,337.165,,83.522,45.327,1.284,166.874,2.173,61.305,88.207,US-Rls,US-Rls,sagebrush,-1.519,-1.343,-1.527,-1.593,-1.455,-1.566,-1.495,4.577,3.058,0.999,1.425,86.869,164.699,44.94,44.731,627.617,537.988
US-Rls,2015-06-12,0.203,12.973,18.439,0.178,0.63,59.582,18.165,25.35,10.98,0.0,29.303,-1.087,4.136,3.159,19.125,372.02,,83.317,26.398,1.686,175.865,2.915,67.44,113.4,US-Rls,US-Rls,sagebrush,-1.55,-1.39,-1.558,-1.63,-1.49,-1.599,-1.524,4.53,2.98,1.017,1.399,91.396,167.974,44.013,45.897,627.254,538.059
US-Rls,2015-06-17,0.194,15.504,20.073,0.161,0.617,58.309,20.01,28.04,11.98,0.0,29.303,-1.117,3.471,2.264,21.576,358.138,,83.323,26.796,1.948,160.762,2.394,69.641,70.89,US-Rls,US-Rls,sagebrush,-1.144,-0.976,-1.152,-1.22,-1.078,-1.195,-1.115,3.935,2.791,1.157,1.106,94.883,168.713,43.22,48.452,626.917,538.126
US-Rls,2015-06-22,0.183,12.867,19.587,0.145,0.608,59.266,16.96,24.99,8.93,0.0,29.303,-1.124,5.078,4.483,17.887,341.412,,83.502,34.709,1.428,149.042,2.409,77.833,44.126,US-Rls,US-Rls,sagebrush,-1.256,-1.114,-1.267,-1.343,-1.194,-1.306,-1.227,3.989,2.733,1.142,1.134,98.44,168.671,42.632,52.022,626.645,538.182
US-Rls,2015-06-27,0.169,23.432,24.139,0.133,0.602,54.979,25.965,34.17,17.76,0.0,29.303,0.098,2.43,3.343,27.927,265.248,,83.646,18.439,3.178,104.937,2.73,48.009,39.403,US-Rls,US-Rls,sagebrush,-0.095,0.111,-0.106,-0.237,0.045,-0.169,-0.043,2.487,2.393,1.524,0.384,99.386,164.924,42.044,56.084,626.387,538.241
US-Rls,2015-07-02,0.16,22.471,25.477,0.122,0.596,58.925,26.115,33.69,18.54,0.0,29.303,-0.153,1.391,1.012,27.408,317.852,,83.552,18.025,3.094,143.64,2.37,93.909,40.974,US-Rls,US-Rls,sagebrush,-0.103,0.113,-0.117,-0.266,0.063,-0.191,-0.048,2.569,2.466,1.635,0.372,100.28,160.766,41.554,60.515,626.175,538.295
US-Rls,2015-07-07,0.157,16.544,23.241,0.114,0.592,53.768,22.08,28.09,16.07,0.0,29.303,0.656,1.267,0.926,22.253,292.251,,,36.161,1.775,145.59,2.769,67.0,70.323,US-Rls,US-Rls,sagebrush,-0.398,-0.23,-0.413,-0.511,-0.292,-0.469,-0.37,2.73,2.332,1.41,0.525,101.691,156.943,41.221,65.354,626.023,538.34
US-Rls,2015-07-17,0.166,10.605,18.893,0.178,0.576,57.908,14.87,20.62,9.12,0.0,29.303,0.958,2.192,3.744,14.949,212.046,,83.314,39.928,1.051,80.7,2.935,40.992,56.323,US-Rls,US-Rls,sagebrush,-0.912,-0.79,-0.911,-0.981,-0.845,-0.943,-0.883,3.676,2.764,1.068,1.039,106.926,150.535,39.69,74.866,625.666,538.481
US-Rls,2015-07-22,0.154,12.161,22.588,0.157,0.566,47.308,18.58,24.93,12.23,3.6,29.303,1.374,2.55,3.976,18.033,158.176,,82.992,55.923,0.953,74.034,3.212,15.863,54.834,US-Rls,US-Rls,sagebrush,-0.132,0.04,-0.133,-0.235,-0.033,-0.184,-0.092,2.646,2.514,1.337,0.521,108.336,144.923,39.007,80.46,625.55,538.55
US-Rls,2015-07-27,0.148,9.152,19.132,0.149,0.557,56.372,13.235,18.83,7.64,0.0,29.303,-0.728,2.347,1.816,12.697,311.922,,83.468,46.342,0.851,142.509,3.69,109.971,45.056,US-Rls,US-Rls,sagebrush,-0.739,-0.63,-0.743,-0.812,-0.69,-0.772,-0.711,3.218,2.479,1.067,0.856,110.89,140.251,38.54,86.737,625.496,538.606
US-Rls,2015-08-06,0.134,13.898,19.904,0.132,0.547,52.543,17.555,24.36,10.75,0.0,29.303,-0.411,1.824,1.177,17.75,312.156,,83.404,27.019,1.525,123.801,2.253,69.817,33.514,US-Rls,US-Rls,sagebrush,-0.254,-0.136,-0.259,-0.325,-0.196,-0.296,-0.225,2.356,2.102,1.077,0.509,112.537,126.564,37.777,99.364,625.525,538.713
US-Rls,2015-08-11,0.132,22.507,22.052,0.124,0.543,50.905,24.5,31.89,17.11,0.0,29.303,0.525,1.686,1.753,25.228,251.164,,83.238,24.274,2.544,77.336,6.143,38.421,41.278,US-Rls,US-Rls,sagebrush,0.195,0.351,0.191,0.112,0.292,0.148,0.234,1.754,1.95,1.202,0.22,112.855,119.296,37.492,105.495,625.602,538.761
US-Rls,2015-08-16,0.137,15.66,17.998,0.115,0.541,51.22,18.05,25.42,10.68,0.0,29.303,-0.26,1.441,0.795,19.026,289.454,,83.676,29.591,1.587,105.007,2.372,72.902,21.978,US-Rls,US-Rls,sagebrush,-0.387,-0.29,-0.393,-0.459,-0.324,-0.43,-0.36,2.252,1.865,0.914,0.533,114.243,113.622,37.389,111.691,625.695,538.799
US-Rls,2015-08-21,0.13,16.908,19.295,0.109,0.538,49.174,18.72,26.85,10.59,0.0,29.303,-0.652,1.358,0.634,21.261,302.428,,82.998,20.212,2.083,113.286,3.495,91.566,22.871,US-Rls,US-Rls,sagebrush,-0.185,-0.064,-0.19,-0.261,-0.109,-0.229,-0.153,1.967,1.783,0.97,0.397,115.15,107.621,37.319,117.621,625.816,538.835
US-Rls,2015-08-26,0.128,20.874,21.47,0.104,0.537,40.157,22.31,30.34,14.28,0.0,29.303,-0.115,1.23,1.039,24.449,240.757,,83.56,16.867,2.612,71.874,3.043,38.919,19.25,US-Rls,US-Rls,sagebrush,0.237,0.239,0.232,0.152,0.336,0.183,0.282,1.403,1.64,1.081,0.128,115.121,100.845,37.254,123.118,625.968,538.871
US-Rls,2015-08-31,0.127,13.521,15.82,0.101,0.536,45.565,15.14,23.01,7.27,0.0,29.303,-0.396,1.529,0.996,15.33,276.649,,83.396,48.866,0.98,106.525,2.53,76.257,14.009,US-Rls,US-Rls,sagebrush,-0.356,-0.271,-0.36,-0.439,-0.279,-0.397,-0.319,1.903,1.547,0.745,0.461,116.237,95.859,37.315,128.538,626.108,538.899
US-Rls,2015-09-05,0.123,7.786,13.302,0.101,0.535,41.502,7.24,12.94,1.54,0.0,29.303,-0.599,1.364,0.919,7.257,227.92,,83.327,59.244,0.455,93.77,3.526,84.092,18.354,US-Rls,US-Rls,sagebrush,-0.356,-0.295,-0.36,-0.438,-0.281,-0.397,-0.318,1.742,1.386,0.629,0.443,117.289,91.088,37.422,133.762,626.253,538.924
US-Rls,2015-09-15,0.118,5.062,15.978,0.121,0.536,26.839,9.28,12.63,5.93,11.13,29.303,1.455,0.499,1.724,8.694,94.001,,82.641,89.717,0.122,59.228,1.55,12.5,44.968,US-Rls,US-Rls,sagebrush,0.161,0.226,0.161,0.096,0.252,0.122,0.2,1.249,1.409,0.71,0.215,118.029,80.937,37.405,142.162,626.704,538.99
US-Rls,2015-09-25,0.11,18.543,16.968,0.162,0.538,35.826,19.845,29.31,10.38,0.0,29.303,0.217,0.81,1.021,23.578,210.199,,83.411,14.329,2.557,47.259,2.808,27.6,20.994,US-Rls,US-Rls,sagebrush,0.551,0.504,0.554,0.467,0.681,0.496,0.603,1.099,1.649,0.679,0.167,96.802,72.11,58.146,145.804,627.691,539.106
US-Rls,2015-09-30,0.108,11.948,16.068,0.151,0.535,29.816,16.37,22.78,9.96,0.0,29.303,0.463,0.444,0.742,19.16,117.381,,83.295,27.12,1.63,17.987,2.017,9.452,14.145,US-Rls,US-Rls,sagebrush,0.451,0.445,0.453,0.367,0.578,0.4,0.509,1.063,1.514,0.592,0.188,87.693,67.905,66.734,147.645,628.27,539.158
US-Rls,2015-10-05,0.106,9.204,11.217,0.163,0.534,32.73,13.0,19.86,6.14,0.0,29.303,0.415,0.654,0.445,13.378,201.074,,83.227,52.441,0.777,63.286,2.541,37.362,11.103,US-Rls,US-Rls,sagebrush,0.318,0.274,0.318,0.224,0.429,0.271,0.368,1.01,1.328,0.407,0.24,79.682,64.154,74.373,149.541,628.861,539.205
US-Rls,2015-10-10,0.104,16.001,14.974,0.155,0.532,31.06,18.565,26.25,10.88,0.0,29.303,0.15,0.437,0.846,21.744,195.053,,83.227,19.159,2.166,32.412,5.365,14.964,10.687,US-Rls,US-Rls,sagebrush,0.517,0.466,0.519,0.416,0.659,0.457,0.58,0.905,1.422,0.472,0.173,72.246,60.331,80.924,150.888,629.587,539.257
US-Rls,2015-10-15,0.103,13.776,12.618,0.149,0.531,29.101,15.45,23.29,7.61,0.0,29.303,0.353,0.525,1.389,17.349,173.809,,83.755,24.553,1.519,35.148,1.852,30.096,8.584,US-Rls,US-Rls,sagebrush,0.415,0.393,0.416,0.312,0.544,0.363,0.47,0.818,1.233,0.377,0.176,65.57,56.747,86.83,152.448,630.259,539.302
US-Rls,2015-10-20,0.104,2.704,9.857,0.268,0.758,26.039,8.65,12.65,4.65,0.0,29.303,1.681,0.921,1.27,8.039,141.725,,83.637,76.933,0.264,52.823,2.974,17.961,33.277,US-Rls,US-Rls,sagebrush,0.929,0.708,0.927,0.741,1.083,0.842,1.017,0.853,1.782,0.294,0.222,59.727,57.463,90.761,147.616,631.557,539.384
US-Rls,2015-10-25,0.109,4.206,10.213,0.227,0.699,21.352,10.415,16.33,4.5,1.82,29.303,1.417,0.328,1.804,12.903,91.569,,83.072,33.766,1.03,-0.565,4.474,-21.333,39.72,US-Rls,US-Rls,sagebrush,0.789,0.638,0.788,0.65,0.922,0.719,0.859,0.732,1.521,0.288,0.177,54.317,57.989,94.433,143.73,632.64,539.454
US-Rls,2015-10-30,0.109,2.563,4.26,0.233,0.685,11.848,5.69,10.33,1.05,3.6,29.303,1.442,0.299,1.28,7.294,35.048,,83.264,70.815,0.299,-9.233,5.191,-32.284,38.523,US-Rls,US-Rls,sagebrush,0.722,0.496,0.717,0.61,0.802,0.675,0.76,0.316,1.038,0.193,0.049,49.012,57.99,98.061,140.924,633.462,539.507
US-Rls,2015-11-04,0.11,1.415,3.328,0.227,0.69,16.826,0.085,3.63,-3.46,0.0,29.303,0.303,0.584,0.796,-0.48,86.465,,83.024,70.006,0.182,9.137,3.539,16.875,22.297,US-Rls,US-Rls,sagebrush,0.605,0.453,0.601,0.518,0.678,0.562,0.639,0.382,0.986,0.174,0.083,44.357,58.128,101.244,138.424,634.221,539.556
US-Rls,2015-11-09,0.107,1.719,2.754,0.239,0.67,14.201,0.78,4.98,-3.42,4.33,29.303,0.313,0.644,0.926,1.233,57.332,,82.529,86.327,0.095,14.01,3.325,-7.444,31.596,US-Rls,US-Rls,sagebrush,0.641,0.473,0.637,0.557,0.71,0.599,0.672,0.345,0.987,0.161,0.074,40.14,58.228,103.847,135.894,635.007,539.607
US-Rls,2015-11-14,0.111,3.288,1.286,0.241,0.671,17.561,6.34,12.28,0.4,0.0,29.303,0.928,0.736,0.95,8.342,119.551,,,38.81,0.676,15.387,2.105,-2.512,37.058,US-Rls,US-Rls,sagebrush,0.538,0.406,0.533,0.463,0.6,0.501,0.569,0.398,0.936,0.141,0.102,36.447,58.446,106.129,133.626,635.734,539.655
US-Rls,2015-11-19,0.113,1.944,1.073,0.259,0.684,8.602,2.14,6.52,-2.24,12.62,29.303,0.988,0.632,1.667,3.317,41.861,,83.201,86.137,0.106,14.767,5.32,-24.005,27.393,US-Rls,US-Rls,sagebrush,0.703,0.473,0.697,0.616,0.766,0.669,0.732,0.202,0.905,0.134,0.027,32.866,58.353,107.864,131.218,636.514,539.706
US-Rls,2015-11-29,0.082,0.986,-6.923,0.312,0.751,15.451,-8.375,-3.82,-12.93,0.0,29.303,1.117,0.401,0.124,-9.407,99.543,,83.433,71.436,0.091,-8.351,1.075,8.429,6.871,US-Rls,US-Rls,sagebrush,0.506,0.301,0.497,0.434,0.564,0.465,0.526,0.067,0.573,0.067,0.0,26.688,58.3,110.689,126.945,637.873,539.797
US-Rls,2015-12-04,0.062,1.388,-1.54,0.323,0.781,11.139,0.085,3.56,-3.39,3.17,29.303,1.212,0.105,0.427,0.936,47.39,,83.149,79.2,0.138,-31.375,5.509,-37.802,35.35,US-Rls,US-Rls,sagebrush,0.797,0.514,0.789,0.708,0.866,0.754,0.821,0.075,0.872,0.075,0.0,23.998,58.3,111.192,124.262,638.701,539.854
US-Rls,2015-12-19,0.018,1.352,-0.144,0.39,0.878,10.204,0.525,3.79,-2.74,5.53,29.303,0.512,0.067,0.822,0.544,32.635,,82.567,90.728,0.066,1.8,,-42.926,33.786,US-Rls,US-Rls,sagebrush,1.052,0.719,1.046,0.951,1.151,1.006,1.08,0.0,1.052,0.0,0.0,19.373,57.694,108.303,116.089,641.398,540.051
US-Rls,2016-01-13,-0.001,1.671,-5.642,0.437,1.039,11.539,0.715,4.8,-3.37,3.3,29.303,1.048,0.053,0.729,0.55,40.267,,,74.527,0.173,-8.941,5.055,-37.598,20.476,US-Rls,US-Rls,sagebrush,0.734,0.489,0.726,0.651,0.783,0.695,0.753,0.0,0.734,0.0,0.0,19.25,57.493,97.833,104.165,644.778,540.358
US-Rls,2016-01-18,0.015,1.627,-1.942,0.438,1.079,14.885,1.265,5.07,-2.54,2.65,29.303,1.021,0.222,0.754,2.255,98.653,,83.399,75.97,0.176,2.99,4.026,-35.517,27.217,US-Rls,US-Rls,sagebrush,0.957,0.675,0.948,0.89,1.01,0.916,0.977,0.0,0.957,0.0,0.0,19.228,57.493,95.23,101.176,645.525,540.44
US-Rls,2016-01-28,0.042,2.043,-1.771,0.4,1.191,10.766,0.355,5.67,-4.96,7.2,29.303,0.617,0.395,1.509,1.436,76.411,,83.738,76.599,0.168,18.409,2.101,-12.176,16.392,US-Rls,US-Rls,sagebrush,0.841,0.606,0.833,0.784,0.886,0.805,0.858,0.036,0.877,0.036,0.0,19.177,57.293,90.209,95.613,646.855,540.607
US-Rls,2016-02-02,0.056,1.239,-5.255,0.431,1.245,18.084,-5.38,-0.73,-10.03,0.0,29.303,0.261,0.498,0.979,-1.836,117.97,,,64.177,0.215,,,0.607,17.742,US-Rls,US-Rls,sagebrush,0.69,0.483,0.679,0.616,0.732,0.65,0.705,0.063,0.754,0.063,0.0,19.154,57.293,88.376,93.508,647.303,540.671
US-Rls,2016-02-12,0.084,2.822,-0.086,0.371,1.312,19.908,4.435,10.15,-1.28,0.0,29.303,0.512,0.706,1.186,5.805,115.445,,84.018,70.093,0.292,38.405,1.147,4.6,20.69,US-Rls,US-Rls,sagebrush,0.715,0.618,0.709,0.665,0.759,0.684,0.734,0.279,0.995,0.101,0.071,19.468,57.534,83.942,88.633,648.288,540.833
US-Rls,2016-02-17,0.098,2.557,2.066,0.257,1.305,19.263,6.6,10.94,2.26,0.0,29.303,1.002,0.583,1.473,7.478,67.858,,82.373,57.174,0.474,10.692,4.297,-21.433,40.024,US-Rls,US-Rls,sagebrush,0.446,0.413,0.441,0.407,0.48,0.424,0.458,0.391,0.837,0.116,0.11,19.793,57.784,82.381,87.009,648.608,540.894
US-Rls,2016-02-22,0.111,1.629,0.687,0.26,1.226,25.134,-0.325,3.97,-4.62,0.0,29.303,0.282,0.775,0.88,-0.115,138.737,,83.95,65.764,0.213,46.025,2.992,32.743,25.885,US-Rls,US-Rls,sagebrush,0.284,0.25,0.279,0.249,0.317,0.263,0.294,0.568,0.851,0.107,0.183,20.372,58.336,80.963,85.546,648.884,540.95
US-Rls,2016-02-27,0.12,2.279,1.542,0.269,1.169,16.197,4.165,8.69,-0.36,2.19,29.303,0.707,1.14,1.468,4.673,138.533,,83.772,68.094,0.294,46.36,4.451,10.926,39.492,US-Rls,US-Rls,sagebrush,0.425,0.394,0.419,0.389,0.46,0.401,0.437,0.422,0.846,0.115,0.122,20.74,58.636,79.425,83.95,649.165,541.012
US-Rls,2016-03-03,0.123,3.002,4.062,0.251,1.104,27.695,7.18,12.19,2.17,0.0,29.303,0.417,1.028,1.58,8.457,108.498,,83.686,51.291,0.572,28.962,2.716,7.999,25.411,US-Rls,US-Rls,sagebrush,0.212,0.201,0.207,0.173,0.246,0.188,0.224,0.855,1.067,0.135,0.287,21.671,59.609,77.807,82.26,649.44,541.079
US-Rls,2016-03-08,0.129,1.954,2.41,0.264,0.863,28.764,2.355,6.69,-1.98,2.22,29.303,0.2,1.441,1.672,1.231,157.671,,83.243,75.737,0.178,70.769,2.477,11.918,37.882,US-Rls,US-Rls,sagebrush,0.161,0.143,0.156,0.125,0.193,0.138,0.17,0.873,1.035,0.125,0.298,22.642,60.626,76.287,80.682,649.679,541.144
US-Rls,2016-03-13,0.135,1.776,5.65,0.256,0.779,22.318,3.965,7.42,0.51,11.56,29.303,0.635,0.731,0.849,3.31,109.281,,82.754,85.392,0.123,74.819,7.243,-23.944,72.299,US-Rls,US-Rls,sagebrush,0.274,0.279,0.269,0.228,0.313,0.247,0.29,0.865,1.139,0.155,0.283,23.554,61.576,74.553,78.861,649.927,541.219
US-Rls,2016-03-18,0.138,2.524,1.507,0.261,0.775,38.218,1.355,7.71,-5.0,0.0,29.303,0.034,1.358,0.63,1.161,239.687,,83.91,55.16,0.314,101.68,3.981,47.863,41.432,US-Rls,US-Rls,sagebrush,-0.082,-0.095,-0.088,-0.117,-0.052,-0.105,-0.071,1.18,1.098,0.124,0.421,24.942,63.09,73.207,77.48,650.102,541.279
US-Rls,2016-03-23,0.145,2.4,2.751,0.244,0.754,38.953,3.115,8.32,-2.09,0.0,29.303,-0.474,1.673,0.698,3.181,238.728,,84.138,58.215,0.351,113.458,3.767,65.012,44.993,US-Rls,US-Rls,sagebrush,-0.203,-0.203,-0.209,-0.238,-0.176,-0.224,-0.191,1.381,1.178,0.138,0.495,26.578,64.904,71.899,76.137,650.257,541.339
US-Rls,2016-03-28,0.166,1.949,3.366,0.238,0.724,38.236,0.485,5.46,-4.49,0.0,29.303,-0.327,1.489,0.803,-0.462,233.546,,83.048,64.694,0.225,102.943,4.26,60.964,42.628,US-Rls,US-Rls,sagebrush,-0.375,-0.368,-0.381,-0.409,-0.346,-0.398,-0.363,1.674,1.299,0.149,0.607,28.595,67.173,70.612,74.817,650.394,541.4
US-Rls,2016-04-02,0.173,6.139,7.429,0.223,0.701,44.475,9.845,17.58,2.11,0.0,29.303,-0.506,1.835,1.286,11.313,269.87,,84.035,45.942,0.77,118.644,2.847,45.238,50.2,US-Rls,US-Rls,sagebrush,-0.66,-0.623,-0.666,-0.708,-0.632,-0.684,-0.648,2.331,1.671,0.199,0.849,31.437,70.426,69.142,73.286,650.53,541.471
US-Rls,2016-04-07,0.178,7.466,8.163,0.211,0.685,46.874,11.805,20.04,3.57,0.0,29.303,-0.636,2.851,1.713,13.547,286.789,,84.145,33.044,1.09,126.058,3.28,45.568,60.429,US-Rls,US-Rls,sagebrush,-0.804,-0.757,-0.81,-0.855,-0.775,-0.83,-0.79,2.546,1.742,0.221,0.926,34.531,73.984,67.764,71.857,650.636,541.539
US-Rls,2016-04-12,0.189,3.384,10.304,0.201,0.671,33.827,9.01,14.07,3.95,4.53,29.303,-0.545,2.617,2.333,10.298,99.341,,83.71,66.909,0.448,41.981,3.309,6.322,38.392,US-Rls,US-Rls,sagebrush,-0.64,-0.569,-0.646,-0.689,-0.609,-0.666,-0.626,2.355,1.714,0.268,0.831,37.284,77.139,66.36,70.395,650.724,541.611
US-Rls,2016-04-17,0.198,5.813,7.082,0.231,0.697,50.731,9.385,16.44,2.33,0.0,29.303,-1.908,2.899,0.252,9.852,307.376,,84.454,41.855,0.751,140.16,2.462,68.493,62.585,US-Rls,US-Rls,sagebrush,-1.105,-1.064,-1.112,-1.155,-1.067,-1.134,-1.088,3.086,1.981,0.233,1.136,41.092,81.537,64.973,68.963,650.787,541.683
US-Rls,2016-04-22,0.198,4.976,12.808,0.205,0.684,46.145,10.925,16.99,4.86,7.93,29.303,-0.441,2.66,2.526,11.687,106.865,,82.852,50.223,0.744,39.025,3.38,-14.419,57.689,US-Rls,US-Rls,sagebrush,-1.273,-1.172,-1.279,-1.334,-1.233,-1.301,-1.257,3.616,2.343,0.353,1.299,45.443,86.59,63.427,67.343,650.83,541.766
US-Rls,2016-04-27,0.209,2.13,9.191,0.223,0.698,34.688,6.09,9.74,2.44,0.0,29.303,-1.243,2.662,1.46,5.928,108.275,,83.123,62.418,0.364,32.695,2.285,19.173,43.652,US-Rls,US-Rls,sagebrush,-0.779,-0.71,-0.786,-0.82,-0.753,-0.8,-0.77,2.655,1.876,0.305,0.936,48.532,90.132,62.037,65.909,650.842,541.843
US-Rls,2016-05-02,0.232,7.016,9.418,0.215,0.696,56.168,10.635,17.85,3.42,0.0,29.303,-2.531,4.583,1.621,11.497,337.908,,84.034,36.455,0.916,157.424,4.413,61.115,73.109,US-Rls,US-Rls,sagebrush,-1.866,-1.798,-1.874,-1.938,-1.797,-1.906,-1.841,4.432,2.566,0.325,1.635,54.021,96.535,60.741,64.578,650.83,541.918
US-Rls,2016-05-12,0.234,10.108,10.662,0.226,0.723,57.872,14.1,23.13,5.07,0.0,29.303,-2.649,5.029,2.439,17.113,335.512,,83.96,25.801,1.53,156.119,3.257,58.011,115.109,US-Rls,US-Rls,sagebrush,-1.816,-1.727,-1.824,-1.884,-1.757,-1.856,-1.793,4.531,2.715,0.417,1.638,66.123,110.646,57.278,60.961,650.674,542.122
US-Rls,2016-05-17,0.231,7.609,10.608,0.227,0.701,57.645,11.36,18.55,4.17,0.0,29.303,-2.71,5.404,2.639,12.069,351.896,,84.032,57.661,0.665,180.366,2.223,81.845,90.273,US-Rls,US-Rls,sagebrush,-1.9,-1.808,-1.909,-1.977,-1.837,-1.942,-1.874,4.687,2.787,0.445,1.689,71.751,117.199,55.964,59.624,650.561,542.206
US-Rls,2016-05-22,0.223,3.074,9.536,0.248,0.726,42.08,6.28,10.59,1.97,0.0,29.303,-2.602,3.982,2.448,5.507,223.324,,83.419,70.971,0.275,119.304,3.74,41.746,91.149,US-Rls,US-Rls,sagebrush,-1.138,-1.046,-1.145,-1.201,-1.089,-1.171,-1.119,3.461,2.322,0.446,1.2,75.689,121.722,54.615,58.263,650.414,542.294
US-Rls,2016-05-27,0.203,5.356,12.391,0.217,0.705,60.138,9.03,14.88,3.18,0.0,29.303,-3.417,4.733,1.737,9.986,343.598,,83.56,45.623,0.705,172.256,2.515,91.385,74.341,US-Rls,US-Rls,sagebrush,-1.878,-1.76,-1.886,-1.956,-1.821,-1.921,-1.85,4.757,2.879,0.554,1.674,81.228,128.173,53.367,56.996,650.242,542.381
US-Rls,2016-06-01,0.203,13.129,14.459,0.2,0.68,57.562,17.77,26.65,8.89,0.0,29.303,-1.498,4.907,3.084,19.855,299.917,,83.682,24.031,1.851,137.358,2.595,46.664,77.73,US-Rls,US-Rls,sagebrush,-1.427,-1.28,-1.433,-1.49,-1.384,-1.462,-1.408,4.096,2.668,0.666,1.366,85.677,133.338,52.195,55.802,650.047,542.466
US-Rls,2016-06-06,0.2,14.59,21.406,0.185,0.661,57.182,21.915,28.59,15.24,0.0,29.303,-0.937,5.009,4.188,22.971,262.498,,83.546,33.973,1.915,120.81,2.327,40.716,69.928,US-Rls,US-Rls,sagebrush,-1.082,-0.816,-1.082,-1.163,-0.986,-1.132,-1.043,4.097,3.016,1.059,1.21,89.56,137.843,50.817,54.361,649.784,542.567
US-Rls,2016-06-11,0.195,6.692,15.995,0.171,0.646,58.981,10.45,16.58,4.32,0.0,29.303,-2.555,3.484,0.638,10.539,330.726,,83.96,41.157,0.797,148.088,3.056,105.42,44.876,US-Rls,US-Rls,sagebrush,-1.927,-1.772,-1.932,-2.008,-1.869,-1.969,-1.901,4.897,2.969,0.793,1.634,94.883,143.775,49.931,53.769,649.569,542.642
US-Rls,2016-06-16,0.18,5.637,11.049,0.175,0.638,40.203,8.07,14.67,1.47,2.78,29.303,-2.084,3.466,0.747,8.093,306.598,,83.733,57.753,0.505,162.54,2.745,97.41,58.583,US-Rls,US-Rls,sagebrush,-0.75,-0.646,-0.753,-0.814,-0.692,-0.783,-0.721,2.602,1.852,0.617,0.79,97.281,145.53,49.286,54.137,649.383,542.703
US-Rls,2016-06-21,0.171,12.407,18.283,0.167,0.629,59.168,17.465,23.64,11.29,0.0,29.303,-1.042,3.434,2.402,18.469,370.407,,84.183,27.246,1.588,162.603,2.711,114.149,42.972,US-Rls,US-Rls,sagebrush,-1.091,-0.898,-1.091,-1.158,-1.037,-1.122,-1.055,3.734,2.642,0.972,1.1,100.73,147.73,48.394,55.003,649.137,542.781
US-Rls,2016-06-26,0.166,16.503,16.383,0.155,0.62,59.612,18.68,27.62,9.74,0.0,29.303,-0.631,2.839,2.191,20.959,368.432,,84.241,20.846,2.051,160.483,2.542,97.742,32.321,US-Rls,US-Rls,sagebrush,-0.943,-0.787,-0.943,-1.008,-0.893,-0.975,-0.915,3.249,2.306,0.887,0.94,103.607,148.516,47.743,56.844,648.933,542.847
US-Rls,2016-07-06,0.15,10.71,17.122,0.13,0.609,58.407,15.115,21.44,8.79,0.0,29.303,-0.658,1.613,0.47,15.822,308.969,,83.705,37.99,1.161,127.195,2.43,115.094,23.225,US-Rls,US-Rls,sagebrush,-1.009,-0.863,-1.01,-1.074,-0.956,-1.042,-0.979,3.278,2.269,0.942,0.93,107.971,147.091,46.6,61.888,648.563,542.974
US-Rls,2016-07-11,0.156,8.759,13.16,0.145,0.605,56.991,11.525,18.77,4.28,0.0,29.303,-0.288,1.171,0.125,11.684,316.993,,83.867,58.914,0.61,147.286,2.148,91.563,38.637,US-Rls,US-Rls,sagebrush,-1.053,-0.952,-1.052,-1.114,-0.99,-1.085,-1.019,3.153,2.1,0.749,0.957,110.869,146.706,46.222,65.095,648.432,543.026
US-Rls,2016-07-16,0.141,13.849,17.937,0.133,0.599,58.95,17.035,24.45,9.62,0.0,29.303,-0.424,1.566,0.648,17.582,360.99,,83.689,28.858,1.502,147.012,2.432,124.563,26.348,US-Rls,US-Rls,sagebrush,-0.655,-0.499,-0.653,-0.718,-0.598,-0.683,-0.623,2.825,2.17,1.01,0.723,112.937,144.848,45.801,68.647,648.308,543.082
US-Rls,2016-07-21,0.131,21.719,20.828,0.125,0.595,57.438,22.82,31.87,13.77,0.0,29.303,-0.226,1.372,1.005,25.568,335.682,,83.987,18.006,2.783,119.331,2.582,71.864,21.494,US-Rls,US-Rls,sagebrush,-0.025,0.176,-0.021,-0.093,0.065,-0.061,0.024,1.997,1.972,1.204,0.316,113.586,141.037,45.39,72.39,648.203,543.14
US-Rls,2016-07-26,0.124,22.614,22.484,0.116,0.592,56.298,23.77,31.57,15.97,0.0,29.303,0.007,0.825,0.431,25.873,319.717,,83.95,20.41,2.708,118.685,2.263,98.943,19.954,US-Rls,US-Rls,sagebrush,0.165,0.334,0.168,0.07,0.281,0.12,0.217,1.771,1.936,1.314,0.182,113.761,136.547,45.038,76.255,648.125,543.194
US-Rls,2016-08-05,0.125,20.02,19.238,0.103,0.588,34.84,21.945,29.0,14.89,1.16,29.303,0.5,0.563,0.691,22.207,181.107,,83.502,26.832,2.011,69.422,3.736,36.077,33.311,US-Rls,US-Rls,sagebrush,0.245,0.227,0.24,0.171,0.302,0.206,0.274,1.205,1.45,1.046,0.063,113.978,127.479,44.659,84.258,648.053,543.283
US-Rls,2016-08-10,0.132,12.955,14.942,0.102,0.587,52.0,14.54,22.13,6.95,0.0,29.303,-0.431,0.891,0.348,14.96,317.318,,83.844,41.213,1.072,131.931,2.343,113.161,12.222,US-Rls,US-Rls,sagebrush,-0.588,-0.486,-0.59,-0.666,-0.529,-0.62,-0.553,2.243,1.655,0.79,0.579,115.507,124.734,44.642,88.401,648.05,543.316
US-Rls,2016-08-30,0.117,21.442,20.631,0.09,0.583,41.247,22.945,30.48,15.41,0.0,29.303,0.175,0.329,0.274,24.461,165.07,,83.823,15.598,2.648,28.042,2.345,27.766,12.111,US-Rls,US-Rls,sagebrush,0.201,0.168,0.195,0.109,0.269,0.153,0.241,1.256,1.457,1.067,0.075,117.154,109.293,44.527,103.512,648.193,543.456
US-Rls,2016-09-04,0.12,8.67,12.97,0.096,0.583,32.42,9.655,13.43,5.88,1.72,29.303,0.421,0.345,0.296,10.268,110.925,,83.178,56.808,0.547,44.877,2.072,21.453,20.953,US-Rls,US-Rls,sagebrush,-0.111,-0.027,-0.112,-0.189,-0.046,-0.146,-0.073,1.278,1.167,0.658,0.247,117.522,105.714,44.61,107.107,648.254,543.484
US-Rls,2016-09-09,0.121,11.549,11.842,0.115,0.583,43.663,12.71,20.29,5.13,0.0,29.303,-0.019,0.712,0.379,13.117,269.989,,84.52,28.964,1.108,88.858,1.803,79.174,8.649,US-Rls,US-Rls,sagebrush,-0.24,-0.176,-0.238,-0.297,-0.176,-0.271,-0.203,1.57,1.33,0.606,0.384,118.378,102.817,44.566,110.266,648.346,543.519
US-Rls,2016-09-19,0.12,14.383,15.517,0.147,0.578,38.401,16.46,23.39,9.53,0.0,29.303,0.34,0.668,0.872,17.099,188.271,,83.912,51.072,0.993,72.289,1.978,49.579,10.12,US-Rls,US-Rls,sagebrush,0.154,0.238,0.164,0.102,0.227,0.137,0.19,1.441,1.594,0.736,0.281,107.32,95.536,55.346,114.842,648.682,543.629
US-Rls,2016-09-24,0.117,9.395,9.994,0.158,0.575,36.93,10.105,15.85,4.36,0.0,29.303,0.178,0.52,0.73,10.715,216.536,,84.451,51.462,0.688,79.102,3.119,66.33,18.159,US-Rls,US-Rls,sagebrush,0.077,0.098,0.086,0.03,0.141,0.055,0.118,1.233,1.31,0.492,0.295,97.52,92.271,65.261,117.313,648.925,543.679
US-Rls,2016-09-29,0.112,17.275,16.028,0.152,0.571,32.269,19.35,26.68,12.02,0.0,29.303,0.526,0.434,0.748,21.727,196.046,,83.826,24.298,2.001,45.789,3.351,22.093,14.975,US-Rls,US-Rls,sagebrush,0.453,0.478,0.466,0.396,0.545,0.422,0.503,1.041,1.493,0.663,0.15,88.208,88.379,73.77,119.283,649.323,543.741
US-Rls,2016-10-04,0.109,6.042,6.101,0.145,0.569,23.548,5.505,10.02,0.99,0.0,29.303,0.311,0.246,0.428,5.52,80.193,,83.352,62.55,0.347,3.048,3.227,16.022,6.104,US-Rls,US-Rls,sagebrush,0.229,0.23,0.235,0.173,0.288,0.205,0.265,0.648,0.877,0.339,0.123,79.742,84.46,81.784,122.19,649.607,543.778
US-Rls,2016-10-09,0.11,13.18,11.06,0.145,0.568,30.792,14.925,22.2,7.65,0.0,29.303,0.55,0.475,0.676,17.52,189.609,,83.715,27.961,1.482,43.645,3.196,27.49,11.318,US-Rls,US-Rls,sagebrush,0.266,0.287,0.274,0.195,0.353,0.235,0.312,0.903,1.169,0.425,0.19,72.361,80.977,88.574,124.46,650.034,543.825
US-Rls,2016-10-14,0.11,8.713,11.731,0.152,0.564,14.339,11.23,16.22,6.24,5.95,29.303,3.442,0.375,1.909,10.267,46.367,,82.882,65.662,0.535,-2.192,6.251,-29.758,51.312,US-Rls,US-Rls,sagebrush,0.589,0.419,0.592,0.498,0.685,0.547,0.636,0.482,1.071,0.413,0.027,65.161,76.831,94.376,126.475,650.563,543.878
US-Rls,2016-10-19,0.11,3.99,5.339,0.223,0.596,27.674,4.745,9.95,-0.46,0.0,29.303,1.922,0.509,1.773,4.493,157.324,,84.643,68.411,0.28,36.126,2.484,12.598,23.739,US-Rls,US-Rls,sagebrush,0.451,0.372,0.463,0.385,0.537,0.424,0.498,0.771,1.222,0.26,0.203,59.294,74.99,99.083,126.482,651.24,543.939
US-Rls,2016-10-24,0.106,3.5,10.016,0.197,0.605,20.806,10.695,14.74,6.65,4.51,29.303,1.836,0.253,1.749,12.041,45.693,,83.419,47.479,0.77,-11.032,3.839,-31.877,31.661,US-Rls,US-Rls,sagebrush,0.619,0.575,0.633,0.536,0.721,0.583,0.682,0.696,1.315,0.326,0.147,53.825,73.394,102.923,125.766,652.019,544.007
US-Rls,2016-10-29,0.113,4.49,9.315,0.204,0.607,22.498,8.185,13.39,2.98,0.0,29.303,1.506,0.714,1.244,9.261,115.283,,83.6,71.373,0.352,23.457,3.204,7.524,25.242,US-Rls,US-Rls,sagebrush,0.567,0.512,0.58,0.484,0.669,0.532,0.63,0.777,1.343,0.296,0.191,49.059,72.074,106.113,124.948,652.829,544.076
US-Rls,2016-11-03,0.116,4.092,3.548,0.215,0.631,20.432,7.205,13.12,1.29,0.0,29.303,1.299,0.848,1.335,7.038,140.701,,84.582,55.347,0.486,19.999,1.175,10.539,19.414,US-Rls,US-Rls,sagebrush,0.46,0.383,0.468,0.403,0.531,0.44,0.498,0.555,1.015,0.199,0.142,44.603,71.606,109.254,123.727,653.48,544.13
US-Rls,2016-11-08,0.108,5.807,5.876,0.21,0.627,18.349,10.7,17.51,3.89,0.0,29.303,0.297,0.833,0.901,11.322,125.392,,84.551,49.069,0.702,19.154,1.382,10.774,11.861,US-Rls,US-Rls,sagebrush,0.585,0.516,0.596,0.521,0.669,0.559,0.631,0.495,1.08,0.22,0.109,40.485,70.857,111.694,122.432,654.214,544.191
US-Rls,2016-11-13,0.112,3.988,4.285,0.203,0.624,11.559,7.595,13.7,1.49,0.0,29.303,0.356,0.871,1.017,8.797,94.861,,84.241,54.829,0.533,3.308,2.087,-2.485,10.38,US-Rls,US-Rls,sagebrush,0.591,0.449,0.599,0.537,0.664,0.569,0.627,0.312,0.903,0.191,0.048,36.569,69.713,113.921,121.599,654.869,544.244
US-Rls,2016-11-18,0.107,1.831,-2.262,0.227,0.612,13.598,-0.995,4.19,-6.18,0.0,29.303,0.576,0.55,0.898,-0.625,87.258,,83.814,55.035,0.272,11.014,6.131,13.324,13.046,US-Rls,US-Rls,sagebrush,0.433,0.323,0.438,0.387,0.485,0.418,0.463,0.233,0.666,0.123,0.044,33.034,69.893,116.189,119.98,655.369,544.285
US-Rls,2016-11-23,0.089,1.565,0.739,0.217,0.616,13.394,0.61,4.43,-3.21,0.0,29.303,0.232,0.607,0.849,1.307,95.596,,83.624,64.361,0.244,7.737,4.317,-2.039,19.058,US-Rls,US-Rls,sagebrush,0.537,0.388,0.543,0.494,0.592,0.522,0.571,0.215,0.752,0.143,0.029,29.803,68.397,117.841,119.738,655.952,544.332
US-Rls,2016-11-28,0.07,0.75,0.352,0.225,0.612,5.642,-1.12,0.81,-3.05,4.31,29.303,0.597,0.319,0.725,-1.328,56.708,,82.703,75.051,0.139,-5.443,5.976,-14.629,20.228,US-Rls,US-Rls,sagebrush,0.596,0.4,0.606,0.538,0.655,0.575,0.634,0.029,0.625,0.029,0.0,26.799,66.656,119.106,119.589,656.555,544.38
US-Rls,2016-12-03,0.052,1.416,-2.1,0.265,0.594,12.008,-0.065,3.52,-3.65,0.0,29.303,0.343,0.622,1.029,0.647,82.207,,84.046,65.179,0.227,4.726,3.808,-7.474,14.739,US-Rls,US-Rls,sagebrush,0.612,0.409,0.62,0.562,0.666,0.589,0.645,0.057,0.669,0.057,0.0,24.097,66.656,120.008,117.656,657.178,544.429
US-Rls,2016-12-08,0.034,1.393,-8.39,0.318,0.62,6.373,-6.015,-0.37,-11.66,9.24,29.303,0.851,0.035,0.435,-8.172,33.002,,83.564,83.2,0.06,6.621,3.776,-9.086,15.404,US-Rls,US-Rls,sagebrush,0.454,0.284,0.46,0.395,0.522,0.436,0.484,0.004,0.458,0.004,0.0,21.668,66.656,121.087,116.239,657.638,544.467
US-Rls,2016-12-13,0.016,1.239,-3.705,0.43,0.751,13.246,-4.36,-0.08,-8.64,0.0,29.303,0.548,0.453,1.001,-4.915,82.627,,83.696,72.438,0.118,-4.128,0.973,13.07,4.836,US-Rls,US-Rls,sagebrush,0.932,0.645,0.947,0.87,1.034,0.915,0.984,0.0,0.932,0.0,0.0,19.484,66.656,120.471,113.364,658.576,544.544
US-Rls,2016-12-23,-0.015,1.353,-8.103,0.439,0.998,10.812,-5.525,-0.3,-10.75,8.04,29.303,0.661,0.064,0.905,-4.975,30.576,,82.649,85.5,0.059,-10.661,1.244,-16.452,9.116,US-Rls,US-Rls,sagebrush,0.651,0.424,0.66,0.574,0.734,0.628,0.689,0.0,0.651,0.0,0.0,19.44,66.656,116.985,109.812,659.718,544.642
US-Rls,2016-12-28,0.003,1.411,-6.238,0.438,1.009,13.025,-4.815,0.37,-10.0,0.0,29.303,0.762,0.186,1.042,-3.329,96.619,,84.489,66.112,0.166,-18.805,2.773,-19.123,5.127,US-Rls,US-Rls,sagebrush,0.753,0.509,0.764,0.689,0.829,0.729,0.792,0.0,0.753,0.0,0.0,19.418,66.656,114.743,107.537,660.425,544.708
US-Rls,2017-01-02,0.005,0.834,-7.731,0.439,1.013,10.595,-8.715,-4.86,-12.57,3.43,29.303,1.071,1.226,3.264,-7.824,56.008,,82.698,81.52,0.064,20.055,1.88,-12.551,5.26,US-Rls,US-Rls,sagebrush,0.654,0.432,0.662,0.583,0.729,0.631,0.69,0.0,0.654,0.0,0.0,19.395,66.656,112.807,105.574,661.018,544.766
US-Rls,2017-01-07,-0.004,1.275,-9.724,0.438,1.013,10.996,-11.46,-3.1,-19.82,7.34,29.303,1.114,0.584,1.005,-10.786,31.992,,83.489,74.813,0.067,-16.16,2.451,-21.986,10.267,US-Rls,US-Rls,sagebrush,0.538,0.343,0.544,0.459,0.613,0.515,0.571,0.0,0.538,0.0,0.0,19.373,66.656,111.226,103.968,661.493,544.814
US-Rls,2017-01-22,-0.024,1.274,-4.81,0.439,1.315,11.072,-2.02,1.67,-5.71,3.07,29.303,0.866,0.107,1.049,-1.37,61.106,,82.424,69.573,0.17,-29.202,6.596,-38.446,16.77,US-Rls,US-Rls,sagebrush,0.791,0.559,0.802,0.739,0.85,0.775,0.832,0.0,0.791,0.0,0.0,19.307,66.656,104.997,97.682,663.243,545.013
US-Rls,2017-01-27,-0.022,1.32,-7.209,0.439,1.31,18.422,-6.56,-1.03,-12.09,0.0,29.303,0.488,0.182,0.572,-5.274,128.278,,85.227,67.654,0.136,-23.433,1.519,-8.773,-1.598,US-Rls,US-Rls,sagebrush,0.639,0.437,0.647,0.579,0.703,0.622,0.674,0.0,0.639,0.0,0.0,19.285,66.656,103.143,95.815,663.728,545.075
US-Rls,2017-02-06,-0.001,1.585,-2.183,0.439,1.317,16.914,2.0,5.5,-1.5,4.41,29.303,1.986,0.152,2.121,2.974,75.612,,82.055,68.928,0.243,8.324,10.322,-71.382,69.052,US-Rls,US-Rls,sagebrush,0.919,0.683,0.933,0.87,0.992,0.901,0.963,0.0,0.919,0.0,0.0,19.241,66.656,98.324,90.987,664.902,545.242
US-Rls,2017-02-11,0.012,1.414,-0.523,0.352,1.317,22.525,-2.01,2.14,-6.16,0.0,29.303,0.965,0.776,0.932,-1.978,157.229,,84.273,62.009,0.202,29.825,2.477,22.574,23.708,US-Rls,US-Rls,sagebrush,0.793,0.598,0.806,0.747,0.85,0.782,0.831,0.0,0.793,0.0,0.0,19.204,66.424,96.073,88.954,665.41,545.324
US-Rls,2017-02-16,0.025,2.438,-0.156,0.351,1.317,16.171,5.34,9.83,0.85,3.36,29.303,1.383,0.456,1.196,6.609,81.46,,82.722,51.014,0.504,28.862,6.269,-44.669,60.218,US-Rls,US-Rls,sagebrush,0.797,0.61,0.81,0.751,0.855,0.786,0.836,0.0,0.797,0.0,0.0,19.168,66.193,93.823,86.92,665.889,545.408
US-Rls,2017-02-21,0.038,1.492,2.547,0.264,1.317,21.684,1.965,5.25,-1.32,0.0,29.303,1.063,0.296,0.976,2.74,117.987,,83.143,67.274,0.246,25.892,8.104,-18.991,61.864,US-Rls,US-Rls,sagebrush,0.672,0.517,0.683,0.624,0.727,0.658,0.712,0.067,0.739,0.067,0.0,19.116,65.962,91.961,85.254,666.268,545.481
US-Rls,2017-02-26,0.051,1.017,-5.102,0.307,1.259,24.312,-4.365,-0.95,-7.78,0.0,29.303,0.465,0.366,0.855,-4.321,106.573,,82.609,64.085,0.162,3.25,5.319,-4.228,26.774,US-Rls,US-Rls,sagebrush,0.463,0.335,0.467,0.428,0.496,0.449,0.485,0.06,0.523,0.06,0.0,19.072,65.962,90.692,83.952,666.516,545.531
US-Rls,2017-03-03,0.064,2.277,-1.495,0.324,1.26,32.313,4.315,8.79,-0.16,0.0,29.303,0.6,1.074,2.074,5.35,147.43,,83.627,48.318,0.471,68.414,3.29,-3.531,30.662,US-Rls,US-Rls,sagebrush,0.538,0.49,0.544,0.512,0.587,0.525,0.562,0.271,0.809,0.103,0.067,19.261,66.007,88.93,82.395,666.838,545.602
US-Rls,2017-03-08,0.077,2.097,0.574,0.296,1.305,26.588,5.655,9.35,1.96,3.86,29.303,0.436,0.874,0.988,5.302,161.738,,83.901,69.146,0.295,91.096,5.586,-18.072,72.765,US-Rls,US-Rls,sagebrush,0.512,0.485,0.517,0.481,0.559,0.5,0.536,0.352,0.863,0.117,0.093,19.537,66.161,87.145,80.811,667.145,545.675
US-Rls,2017-03-13,0.09,4.773,2.293,0.253,1.223,35.891,9.2,16.78,1.62,0.0,29.303,0.468,1.531,1.836,10.627,223.304,,84.09,38.704,0.822,92.673,2.042,26.6,45.426,US-Rls,US-Rls,sagebrush,0.297,0.295,0.3,0.268,0.336,0.284,0.317,0.633,0.93,0.131,0.2,20.173,66.752,85.53,79.385,667.407,545.744
US-Rls,2017-03-18,0.103,3.261,5.646,0.245,0.981,32.163,10.215,14.67,5.76,1.97,29.303,0.781,1.505,2.419,12.289,101.365,,83.48,45.815,0.814,33.046,5.267,-15.291,51.492,US-Rls,US-Rls,sagebrush,0.277,0.301,0.282,0.241,0.336,0.26,0.303,0.852,1.129,0.162,0.274,21.063,67.648,83.672,77.715,667.684,545.824
US-Rls,2017-03-23,0.116,2.305,4.522,0.248,0.794,39.753,3.56,8.36,-1.24,0.0,29.303,-0.329,1.856,0.993,3.374,242.286,,83.508,59.479,0.34,102.348,3.415,54.49,41.094,US-Rls,US-Rls,sagebrush,0.03,0.048,0.033,-0.001,0.073,0.015,0.052,1.184,1.214,0.155,0.41,22.417,69.096,81.946,76.176,667.92,545.9
US-Rls,2017-03-28,0.129,2.322,2.556,0.258,0.774,37.117,2.705,7.87,-2.46,0.0,29.303,-0.432,1.853,0.729,2.93,221.452,,84.207,63.582,0.291,108.536,2.466,58.814,44.337,US-Rls,US-Rls,sagebrush,0.002,0.011,0.005,-0.024,0.036,-0.008,0.019,1.132,1.135,0.142,0.394,23.717,70.476,80.372,74.791,668.116,545.972
US-Rls,2017-04-02,0.142,2.655,5.35,0.262,0.825,44.959,4.23,9.62,-1.16,0.0,29.303,-0.444,1.451,0.489,5.219,278.944,,83.689,54.731,0.419,143.501,3.22,70.461,63.332,US-Rls,US-Rls,sagebrush,-0.272,-0.244,-0.269,-0.306,-0.23,-0.287,-0.25,1.796,1.525,0.173,0.647,25.883,72.887,78.523,73.132,668.321,546.058
US-Rls,2017-04-07,0.155,2.338,8.467,0.236,0.756,31.522,7.005,10.81,3.2,2.09,29.303,0.02,2.088,2.293,7.317,126.292,,82.543,61.368,0.403,53.602,7.019,-4.951,69.079,US-Rls,US-Rls,sagebrush,-0.131,-0.066,-0.128,-0.173,-0.072,-0.151,-0.101,1.639,1.508,0.219,0.566,27.758,74.957,76.652,71.445,668.5,546.147
US-Rls,2017-04-12,0.168,4.213,6.628,0.228,0.72,35.718,8.795,15.48,2.11,0.0,29.303,-0.349,2.469,2.112,9.986,209.629,,83.127,48.443,0.662,95.916,4.989,25.222,54.574,US-Rls,US-Rls,sagebrush,-0.342,-0.29,-0.34,-0.374,-0.307,-0.36,-0.324,1.809,1.467,0.203,0.639,29.88,77.322,75.068,70.044,668.629,546.225
US-Rls,2017-04-17,0.181,2.694,6.95,0.262,0.755,39.111,7.645,11.92,3.37,4.6,29.303,-0.401,2.556,2.106,7.337,220.165,,83.351,63.252,0.401,121.156,4.207,40.098,78.591,US-Rls,US-Rls,sagebrush,-0.495,-0.441,-0.493,-0.533,-0.452,-0.512,-0.471,2.264,1.769,0.216,0.815,32.613,80.402,73.196,68.365,668.751,546.319
US-Rls,2017-04-22,0.195,4.203,4.929,0.242,0.755,48.667,7.985,15.08,0.89,0.0,29.303,-0.701,3.083,2.013,8.796,243.254,,83.553,39.125,0.707,121.248,7.205,55.205,59.757,US-Rls,US-Rls,sagebrush,-0.907,-0.866,-0.907,-0.944,-0.865,-0.928,-0.887,2.692,1.785,0.202,0.991,35.938,84.195,71.736,67.092,668.824,546.396
US-Rls,2017-04-27,0.209,1.585,3.552,0.273,0.813,25.02,2.03,5.52,-1.46,0.0,29.303,-0.64,2.354,1.207,0.969,186.98,,83.257,65.486,0.236,96.71,4.962,48.827,61.541,US-Rls,US-Rls,sagebrush,-0.12,-0.083,-0.118,-0.154,-0.077,-0.135,-0.102,1.428,1.309,0.198,0.49,37.535,85.915,70.21,65.765,668.878,546.477
US-Rls,2017-05-02,0.225,3.409,7.851,0.234,0.754,49.172,9.13,14.19,4.07,0.0,29.303,-1.662,3.351,2.196,8.584,235.349,,84.025,63.144,0.435,121.438,3.027,66.984,54.802,US-Rls,US-Rls,sagebrush,-1.457,-1.386,-1.458,-1.512,-1.4,-1.482,-1.431,3.76,2.303,0.263,1.392,42.227,91.334,68.646,64.386,668.908,546.563
US-Rls,2017-05-12,0.225,3.242,12.519,0.205,0.691,35.373,5.72,11.85,-0.41,2.54,29.303,-1.241,2.929,0.627,5.829,146.01,,83.269,65.88,0.344,69.252,2.964,46.203,47.616,US-Rls,US-Rls,sagebrush,-1.064,-0.932,-1.065,-1.106,-1.021,-1.082,-1.042,3.295,2.231,0.41,1.149,51.313,101.829,65.561,61.667,668.885,546.742
US-Rls,2017-05-17,0.233,1.177,5.559,0.267,0.72,36.447,0.8,3.54,-1.94,0.0,29.303,0.599,1.694,1.415,0.423,107.418,,83.166,85.298,0.091,53.663,4.993,0.073,52.431,US-Rls,US-Rls,sagebrush,-0.363,-0.294,-0.362,-0.4,-0.316,-0.382,-0.34,1.949,1.587,0.284,0.663,53.463,104.198,64.086,60.399,668.834,546.83
US-Rls,2017-05-22,0.23,7.574,13.51,0.224,0.718,60.368,14.85,22.19,7.51,0.0,29.303,-2.383,3.879,0.641,15.739,354.877,,84.271,44.763,1.041,180.1,2.465,56.28,106.866,US-Rls,US-Rls,sagebrush,-2.251,-2.102,-2.253,-2.321,-2.177,-2.289,-2.214,5.472,3.221,0.473,1.991,60.167,112.012,62.357,58.855,668.738,546.937
US-Rls,2017-06-01,0.216,3.703,16.898,0.196,0.681,42.146,12.475,16.89,8.06,2.76,29.303,-1.66,4.579,2.836,13.063,171.897,,83.458,65.098,0.534,86.607,2.343,35.098,84.66,US-Rls,US-Rls,sagebrush,-1.414,-1.208,-1.415,-1.463,-1.36,-1.44,-1.391,4.229,2.815,0.683,1.412,71.006,124.601,59.449,56.308,668.472,547.13
US-Rls,2017-06-06,0.207,10.09,14.527,0.206,0.672,56.165,16.58,25.22,7.94,0.0,29.303,-2.251,6.582,3.959,18.04,316.277,,83.765,28.985,1.539,154.674,2.327,53.541,85.716,US-Rls,US-Rls,sagebrush,-1.596,-1.424,-1.598,-1.644,-1.544,-1.628,-1.572,4.414,2.818,0.624,1.509,75.984,130.366,58.014,55.06,668.29,547.23
US-Rls,2017-06-11,0.203,3.3,10.376,0.209,0.663,37.533,7.66,13.07,2.25,16.51,29.303,0.031,2.47,2.281,6.422,140.335,,82.971,71.431,0.288,71.294,1.987,26.746,39.657,US-Rls,US-Rls,sagebrush,-0.846,-0.724,-0.848,-0.894,-0.802,-0.871,-0.822,2.864,2.018,0.512,0.936,78.973,133.758,56.888,54.126,668.116,547.314
US-Rls,2017-06-26,0.207,13.945,20.841,0.2,0.686,58.148,22.385,30.79,13.98,0.0,29.303,-0.544,3.765,2.771,23.829,308.521,,83.668,27.333,2.219,140.406,2.262,30.118,98.436,US-Rls,US-Rls,sagebrush,-1.197,-0.899,-1.196,-1.284,-1.091,-1.252,-1.153,4.396,3.2,1.088,1.317,92.578,149.427,51.832,49.634,667.093,547.69
US-Rls,2017-07-01,0.193,14.319,18.861,0.184,0.665,57.386,21.045,29.2,12.89,0.0,29.303,-1.322,4.692,2.062,22.905,322.429,,83.693,23.881,2.191,142.902,2.558,52.879,75.562,US-Rls,US-Rls,sagebrush,-1.129,-0.887,-1.13,-1.206,-1.056,-1.169,-1.092,3.964,2.836,1.003,1.179,96.331,153.75,50.65,48.623,666.751,547.792
US-Rls,2017-07-06,0.186,16.639,23.81,0.168,0.653,57.276,24.36,32.03,16.69,0.0,29.303,0.073,1.954,0.891,26.35,315.091,,84.37,19.41,2.827,129.519,2.226,53.633,59.503,US-Rls,US-Rls,sagebrush,-0.619,-0.28,-0.616,-0.741,-0.472,-0.688,-0.547,3.565,2.947,1.398,0.863,98.968,156.76,49.437,47.564,666.361,547.9
US-Rls,2017-07-16,0.146,12.727,24.11,0.139,0.64,57.219,21.33,27.75,14.91,0.0,29.303,-0.231,0.948,0.252,21.701,348.882,,84.006,28.372,1.895,146.68,2.31,112.689,34.325,US-Rls,US-Rls,sagebrush,-0.348,-0.042,-0.347,-0.478,-0.209,-0.414,-0.285,2.943,2.596,1.49,0.579,103.56,160.58,47.778,47.611,665.694,548.071
US-Rls,2017-07-21,0.147,14.508,20.279,0.127,0.636,57.682,20.27,27.96,12.58,0.0,29.303,-0.328,1.502,0.935,21.655,345.802,,84.019,26.682,1.964,139.783,2.555,108.824,25.427,US-Rls,US-Rls,sagebrush,-0.603,-0.395,-0.607,-0.666,-0.531,-0.654,-0.566,2.873,2.27,1.193,0.669,105.465,161.415,47.287,48.571,665.435,548.135
US-Rls,2017-07-26,0.148,16.505,23.16,0.119,0.633,54.296,21.38,27.87,14.89,0.0,29.303,-0.047,0.682,0.315,21.804,239.739,,84.106,42.023,1.564,111.334,3.147,43.827,28.313,US-Rls,US-Rls,sagebrush,-0.283,-0.033,-0.287,-0.396,-0.171,-0.343,-0.233,2.585,2.302,1.435,0.458,106.628,161.153,46.821,49.744,665.18,548.2
US-Rls,2017-07-31,0.149,21.555,23.953,0.114,0.631,55.686,24.44,32.02,16.86,0.0,29.303,0.081,1.07,0.713,26.005,324.877,,84.444,20.756,2.763,121.639,2.457,78.784,21.79,US-Rls,US-Rls,sagebrush,-0.076,0.181,-0.081,-0.208,0.05,-0.143,-0.023,2.298,2.221,1.51,0.313,107.283,160.108,46.401,51.114,664.938,548.262
US-Rls,2017-08-05,0.142,18.912,21.249,0.107,0.63,54.129,22.29,29.59,14.99,0.0,29.303,0.187,0.624,0.43,23.754,310.591,,83.652,18.602,2.47,106.277,2.84,81.935,18.514,US-Rls,US-Rls,sagebrush,-0.273,-0.08,-0.28,-0.355,-0.197,-0.324,-0.238,2.286,2.014,1.281,0.4,108.228,159.317,46.139,52.728,664.744,548.313
US-Rls,2017-08-10,0.14,17.041,21.549,0.111,0.629,50.257,20.805,28.05,13.56,0.0,29.303,0.432,0.729,0.945,22.471,214.786,,84.002,29.794,1.966,66.429,2.931,49.37,13.96,US-Rls,US-Rls,sagebrush,-0.177,0.021,-0.184,-0.261,-0.095,-0.227,-0.143,2.189,2.013,1.305,0.352,109.007,158.222,45.84,54.371,664.545,548.367
US-Rls,2017-08-15,0.136,15.162,18.056,0.138,0.627,50.762,17.13,24.63,9.63,0.0,29.303,0.124,1.084,0.316,18.233,296.212,,,40.42,1.333,118.452,2.406,84.749,16.475,US-Rls,US-Rls,sagebrush,-0.286,-0.122,-0.285,-0.348,-0.226,-0.312,-0.256,2.251,1.966,1.055,0.476,110.237,157.474,45.37,55.955,664.312,548.433
US-Rls,2017-08-25,0.124,18.088,20.143,0.16,0.619,46.469,20.49,27.91,13.07,0.0,29.303,-0.525,2.435,1.032,20.739,269.723,,,38.804,1.552,102.368,2.225,86.265,13.54,US-Rls,US-Rls,sagebrush,0.284,0.495,0.294,0.219,0.381,0.253,0.34,1.693,1.977,1.197,0.198,111.431,153.416,44.263,59.799,663.826,548.579
US-Rls,2017-08-30,0.122,17.385,23.293,0.152,0.613,41.499,23.0,30.11,15.89,2.17,29.303,0.307,1.597,1.256,24.648,175.956,,83.814,27.776,2.302,47.809,4.696,20.769,12.226,US-Rls,US-Rls,sagebrush,0.573,0.58,0.565,0.463,0.656,0.518,0.625,1.5,2.074,1.435,0.026,111.112,149.643,43.499,61.986,663.539,548.669
US-Rls,2017-09-04,0.13,23.754,23.138,0.158,0.606,44.389,24.295,33.06,15.53,0.0,29.303,-0.183,3.224,2.538,26.699,239.439,,84.174,18.775,2.933,64.061,2.335,44.593,12.956,US-Rls,US-Rls,sagebrush,0.632,0.614,0.621,0.515,0.716,0.574,0.682,1.428,2.06,1.4,0.011,110.75,145.326,42.692,64.507,663.252,548.763
US-Rls,2017-09-09,0.14,16.599,21.747,0.147,0.601,40.013,21.335,26.93,15.74,0.0,29.303,0.042,2.342,0.369,21.807,216.365,,83.886,37.867,1.662,83.287,1.984,52.756,17.969,US-Rls,US-Rls,sagebrush,0.26,0.481,0.267,0.186,0.355,0.227,0.31,1.775,2.035,1.264,0.203,111.04,141.548,42.076,67.461,663.02,548.844
US-Rls,2017-09-14,0.132,11.563,17.833,0.146,0.598,31.55,13.37,19.12,7.62,0.0,29.303,0.44,1.171,0.751,14.704,149.28,,83.145,46.929,0.925,52.659,2.585,35.946,40.915,US-Rls,US-Rls,sagebrush,0.197,0.349,0.203,0.151,0.258,0.178,0.231,1.476,1.673,0.984,0.196,111.302,137.572,41.621,70.753,662.84,548.913
US-Rls,2017-09-19,0.119,5.622,10.816,0.185,0.596,12.605,6.17,9.93,2.41,2.76,29.303,0.98,1.704,2.067,5.877,168.501,,83.156,65.987,0.331,69.497,5.126,18.075,56.871,US-Rls,US-Rls,sagebrush,0.506,0.456,0.538,0.445,0.627,0.487,0.582,0.486,0.992,0.486,0.0,100.083,132.809,51.975,73.941,662.681,548.983
US-Rls,2017-09-24,0.118,7.201,6.38,0.208,0.623,36.894,6.495,12.86,0.13,0.0,29.303,0.553,1.392,1.452,6.619,224.394,,83.727,53.424,0.489,81.774,3.327,63.072,19.943,US-Rls,US-Rls,sagebrush,0.104,0.14,0.119,0.062,0.174,0.087,0.153,1.112,1.216,0.454,0.262,90.899,131.322,61.065,74.986,662.635,549.047
US-Rls,2017-09-29,0.117,12.606,10.833,0.191,0.618,35.092,13.92,22.09,5.75,0.0,29.303,-0.091,1.437,1.258,16.207,210.512,,83.672,27.999,1.358,68.472,2.56,42.385,12.67,US-Rls,US-Rls,sagebrush,0.257,0.32,0.274,0.222,0.322,0.245,0.303,1.122,1.379,0.567,0.221,82.499,129.301,68.905,76.178,662.668,549.119
US-Rls,2017-10-04,0.101,5.924,5.764,0.193,0.61,26.856,6.605,11.7,1.51,0.0,29.303,0.16,0.821,0.993,6.643,91.633,,83.883,49.683,0.515,18.004,1.921,25.988,10.541,US-Rls,US-Rls,sagebrush,0.324,0.345,0.337,0.29,0.383,0.309,0.371,0.658,0.982,0.398,0.103,74.54,126.243,76.055,78.282,662.755,549.175
US-Rls,2017-10-09,0.101,5.483,3.428,0.192,0.603,32.197,3.71,10.75,-3.33,0.0,29.303,-0.555,1.557,0.832,4.31,191.828,,84.302,49.01,0.456,53.917,2.748,41.714,6.08,US-Rls,US-Rls,sagebrush,0.206,0.21,0.218,0.169,0.269,0.192,0.249,0.705,0.911,0.328,0.15,67.545,122.987,82.452,80.925,662.884,549.224
US-Rls,2017-10-14,0.109,3.403,3.393,0.203,0.596,29.888,0.105,6.24,-6.03,0.0,29.303,-0.477,0.997,0.266,0.024,185.783,,84.779,65.43,0.228,55.512,1.846,22.996,32.481,US-Rls,US-Rls,sagebrush,0.217,0.211,0.229,0.184,0.281,0.203,0.259,0.752,0.969,0.31,0.176,61.343,119.447,87.964,83.825,663.076,549.276
US-Rls,2017-10-19,0.122,8.106,7.059,0.195,0.596,28.163,12.385,19.67,5.1,4.34,29.303,0.298,1.607,2.014,15.427,165.668,,82.952,17.023,1.484,14.068,4.913,2.833,11.198,US-Rls,US-Rls,sagebrush,0.267,0.272,0.281,0.226,0.334,0.253,0.312,0.896,1.163,0.367,0.211,55.886,116.162,92.528,86.325,663.36,549.338
US-Rls,2017-10-24,0.108,5.892,5.509,0.213,0.627,26.389,8.36,16.25,0.47,0.0,29.303,0.672,1.605,2.201,9.787,161.377,,85.213,35.959,0.77,39.064,1.654,33.128,11.059,US-Rls,US-Rls,sagebrush,0.386,0.372,0.401,0.349,0.457,0.373,0.432,0.701,1.087,0.318,0.153,50.779,114.806,96.417,86.566,663.7,549.401
US-Rls,2017-10-29,0.102,6.228,7.093,0.203,0.625,24.228,10.42,17.8,3.04,0.0,29.303,0.66,1.446,2.889,12.721,146.693,,83.543,44.896,0.819,33.879,1.216,27.1,9.241,US-Rls,US-Rls,sagebrush,0.46,0.454,0.475,0.414,0.534,0.445,0.506,0.639,1.099,0.337,0.12,46.075,113.248,99.673,86.829,664.08,549.466
US-Rls,2017-11-03,0.102,2.246,6.762,0.211,0.618,10.817,3.445,8.14,-1.25,9.31,29.303,1.571,0.188,1.667,3.506,36.068,,82.968,79.387,0.197,19.492,,-41.491,36.185,US-Rls,US-Rls,sagebrush,0.668,0.521,0.681,0.601,0.759,0.641,0.725,0.304,0.972,0.304,0.0,41.431,110.757,102.337,87.475,664.497,549.533
US-Rls,2017-11-08,0.095,1.912,-0.801,0.286,0.727,16.376,0.945,5.64,-3.75,0.0,29.303,1.488,0.124,1.387,-0.335,54.574,,83.608,64.274,0.219,-9.954,2.614,-35.108,25.591,US-Rls,US-Rls,sagebrush,0.573,0.468,0.589,0.54,0.654,0.565,0.611,0.265,0.838,0.192,0.029,37.355,110.49,104.66,86.165,664.901,549.594
US-Rls,2017-11-13,0.083,2.805,2.836,0.255,0.755,16.894,5.495,10.73,0.26,3.42,29.303,1.277,0.209,1.042,7.143,111.311,,83.556,46.554,0.548,10.533,5.139,-11.971,37.024,US-Rls,US-Rls,sagebrush,0.649,0.53,0.665,0.613,0.727,0.635,0.692,0.286,0.935,0.233,0.021,33.662,110.193,106.338,84.711,665.352,549.661
US-Rls,2017-11-18,0.072,1.687,0.967,0.27,0.808,16.072,-1.21,3.58,-6.0,0.0,29.303,1.066,0.171,0.79,-1.389,107.668,,84.312,61.003,0.221,-4.913,2.495,-0.113,12.38,US-Rls,US-Rls,sagebrush,0.65,0.503,0.662,0.606,0.715,0.636,0.685,0.198,0.848,0.198,0.0,30.269,109.809,107.707,83.37,665.786,549.726
US-Rls,2017-11-23,0.061,3.235,7.501,0.257,0.782,14.17,11.19,15.32,7.06,0.0,29.303,2.01,0.614,2.363,13.162,75.712,,83.721,49.826,0.778,-4.935,6.898,-30.873,32.808,US-Rls,US-Rls,sagebrush,0.892,0.726,0.929,0.832,1.039,0.872,0.993,0.183,1.075,0.183,0.0,27.218,109.427,107.948,81.426,666.376,549.815
US-Rls,2017-11-28,0.05,1.808,1.343,0.266,0.798,14.635,0.12,4.81,-4.57,3.58,29.303,0.958,0.454,0.884,0.323,98.713,,83.81,58.721,0.261,3.646,3.114,-4.239,14.364,US-Rls,US-Rls,sagebrush,0.65,0.509,0.675,0.615,0.729,0.646,0.699,0.093,0.743,0.093,0.0,24.475,109.046,108.624,80.137,666.8,549.881
US-Rls,2017-12-03,0.038,1.425,0.04,0.297,0.758,6.679,-0.92,2.93,-4.77,7.51,29.303,1.028,0.063,0.714,-2.407,51.104,,83.138,84.52,0.081,1.541,,-19.816,18.149,US-Rls,US-Rls,sagebrush,0.675,0.531,0.7,0.641,0.753,0.676,0.727,0.017,0.692,0.017,0.0,22.008,108.666,108.923,78.806,667.237,549.949
US-Rls,2017-12-13,0.034,1.366,-5.691,0.342,0.779,12.542,-2.355,1.74,-6.45,0.0,29.303,0.862,0.128,0.88,-0.067,68.09,,84.397,53.842,0.296,-7.541,1.227,-4.228,7.721,US-Rls,US-Rls,sagebrush,0.515,0.384,0.533,0.482,0.575,0.506,0.557,0.01,0.526,0.01,0.0,17.795,108.666,109.53,76.042,667.943,550.063
US-Rls,2017-12-18,0.04,2.033,-3.125,0.338,0.815,12.797,1.24,6.18,-3.7,0.0,29.303,1.252,0.085,1.053,3.32,78.459,,83.903,60.415,0.318,-3.631,3.124,-38.854,26.868,US-Rls,US-Rls,sagebrush,0.619,0.479,0.641,0.599,0.692,0.618,0.664,0.032,0.65,0.032,0.0,16.001,108.666,109.291,74.532,668.327,550.128
US-Rls,2017-12-23,0.037,1.331,-2.544,0.35,0.845,10.715,-7.195,-1.29,-13.1,3.36,29.303,0.777,0.017,0.405,-5.235,43.784,,84.012,72.249,0.109,-21.697,4.781,-19.111,9.658,US-Rls,US-Rls,sagebrush,0.665,0.524,0.69,0.641,0.753,0.665,0.716,0.018,0.683,0.018,0.0,15.97,108.666,107.127,72.931,668.728,550.197
US-Rls,2017-12-28,0.034,2.059,-3.889,0.381,0.866,12.464,-0.54,5.22,-6.3,0.0,29.303,1.789,0.285,1.309,4.314,82.401,,84.026,55.066,0.41,5.495,3.083,-60.046,56.412,US-Rls,US-Rls,sagebrush,0.653,0.515,0.678,0.624,0.746,0.649,0.706,0.017,0.67,0.017,0.0,15.944,108.666,105.008,71.369,669.099,550.267
US-Rls,2018-01-07,0.031,1.928,-2.086,0.419,0.929,11.688,1.42,5.99,-3.15,0.0,29.303,0.418,0.576,0.463,1.199,98.531,,83.882,76.678,0.16,1.635,1.689,-2.401,9.225,US-Rls,US-Rls,sagebrush,0.803,0.658,0.834,0.763,0.917,0.799,0.865,0.01,0.813,0.01,0.0,15.9,108.666,100.466,68.037,669.817,550.422
US-Rls,2018-01-12,0.029,1.637,-0.064,0.373,1.075,13.399,3.565,6.81,0.32,0.0,29.303,0.769,0.407,0.794,3.252,70.358,,84.361,59.948,0.311,12.484,4.27,-12.72,27.979,US-Rls,US-Rls,sagebrush,0.797,0.67,0.829,0.756,0.898,0.798,0.859,0.008,0.806,0.008,0.0,15.873,108.288,97.923,66.553,670.173,550.512
US-Rls,2018-01-17,0.028,2.124,-0.909,0.361,1.077,12.925,2.49,7.21,-2.23,0.0,29.303,0.805,0.676,0.802,1.517,66.053,,84.203,83.977,0.123,27.423,1.217,-7.878,12.061,US-Rls,US-Rls,sagebrush,0.715,0.6,0.742,0.678,0.813,0.716,0.772,0.002,0.717,0.002,0.0,15.844,107.911,95.666,65.268,670.462,550.594
US-Rls,2018-01-22,0.026,1.363,-1.287,0.327,1.161,13.829,-2.345,1.74,-6.43,0.0,29.303,0.671,0.346,1.145,-1.523,91.877,,83.991,72.648,0.149,-4.039,4.464,-14.502,16.042,US-Rls,US-Rls,sagebrush,0.614,0.512,0.635,0.583,0.7,0.613,0.661,0.0,0.614,0.0,0.0,15.81,107.536,93.755,64.224,670.687,550.666
US-Rls,2018-01-27,0.024,1.587,-0.656,0.324,1.167,9.139,-0.08,4.01,-4.17,0.0,29.303,1.068,0.108,0.287,0.311,46.678,,84.087,70.826,0.186,-1.238,6.362,-23.963,27.378,US-Rls,US-Rls,sagebrush,0.626,0.531,0.648,0.593,0.715,0.623,0.674,0.0,0.626,0.0,0.0,15.776,107.161,91.819,63.155,670.895,550.74
US-Rls,2018-02-01,0.022,1.799,0.335,0.256,1.195,11.784,2.365,6.3,-1.57,0.0,29.303,0.691,0.442,0.783,2.572,54.569,,84.083,58.15,0.306,19.067,1.949,-1.285,14.087,US-Rls,US-Rls,sagebrush,0.506,0.425,0.523,0.478,0.57,0.5,0.545,0.0,0.506,0.0,0.0,15.733,106.788,90.283,62.366,671.047,550.801
US-Rls,2018-02-06,0.021,1.83,0.405,0.254,1.081,18.77,1.88,6.04,-2.28,0.0,29.303,0.338,0.551,0.371,1.64,113.694,,84.062,58.93,0.289,18.552,3.244,7.579,17.66,US-Rls,US-Rls,sagebrush,0.497,0.42,0.513,0.468,0.561,0.489,0.536,0.0,0.497,0.0,0.0,15.689,106.417,88.786,61.599,671.182,550.861
US-Rls,2018-02-11,0.019,1.362,-2.326,0.267,0.989,19.057,-2.665,1.52,-6.85,1.73,29.303,0.483,0.14,0.361,-2.919,49.509,,82.927,56.364,0.227,-4.522,1.922,-11.395,11.778,US-Rls,US-Rls,sagebrush,0.433,0.361,0.446,0.408,0.491,0.427,0.466,0.0,0.433,0.0,0.0,15.648,106.417,87.494,60.608,671.289,550.914
US-Rls,2018-02-16,0.017,1.507,-2.297,0.335,0.957,13.436,-3.4,1.59,-8.39,0.0,29.303,0.502,0.236,0.263,-2.298,93.027,,83.988,57.068,0.223,-0.826,4.253,-15.654,31.38,US-Rls,US-Rls,sagebrush,0.556,0.48,0.573,0.523,0.646,0.547,0.592,0.0,0.556,0.0,0.0,15.615,106.417,85.821,59.345,671.408,550.983
US-Rls,2018-02-21,0.015,1.087,-6.233,0.343,0.991,15.874,-6.745,-2.29,-11.2,2.97,29.303,0.709,0.205,0.656,-7.06,83.054,,83.462,57.484,0.152,15.389,1.726,16.338,11.776,US-Rls,US-Rls,sagebrush,0.416,0.343,0.428,0.382,0.495,0.403,0.451,0.0,0.416,0.0,0.0,15.584,106.417,84.583,58.406,671.484,551.035
US-Rls,2018-02-26,0.014,1.166,-3.252,0.354,1.01,22.897,-6.495,-1.75,-11.24,3.03,29.303,0.928,0.386,1.538,-6.222,129.641,,83.017,78.181,0.082,0.419,4.01,-10.467,10.691,US-Rls,US-Rls,sagebrush,0.539,0.467,0.555,0.506,0.634,0.527,0.577,0.0,0.539,0.0,0.0,15.555,106.417,82.977,57.198,671.564,551.103
US-Rls,2018-03-03,0.015,1.361,-1.344,0.394,1.029,25.372,-3.38,1.04,-7.8,0.0,29.303,0.932,0.106,0.775,-4.498,140.307,,82.887,64.728,0.156,-3.251,2.061,-7.134,8.6,US-Rls,US-Rls,sagebrush,0.687,0.622,0.71,0.642,0.822,0.676,0.739,0.0,0.687,0.0,0.0,15.531,106.046,80.93,56.041,671.638,551.192
US-Rls,2018-03-08,0.019,2.699,0.042,0.346,1.068,27.628,4.5,9.89,-0.89,0.0,29.303,1.262,0.615,1.85,5.481,162.118,,83.317,43.887,0.514,57.775,4.726,-46.372,55.178,US-Rls,US-Rls,sagebrush,0.642,0.588,0.662,0.601,0.762,0.628,0.69,0.0,0.642,0.0,0.0,15.501,105.677,79.044,54.991,671.679,551.276
US-Rls,2018-03-13,0.034,3.313,3.233,0.244,1.106,33.054,7.84,13.2,2.48,5.37,29.303,1.559,0.918,2.192,6.827,161.712,,83.227,56.242,0.449,74.438,7.947,9.214,52.752,US-Rls,US-Rls,sagebrush,0.52,0.475,0.536,0.476,0.603,0.503,0.567,0.069,0.589,0.069,0.0,15.456,105.309,77.551,54.215,671.693,551.345
US-Rls,2018-03-18,0.055,1.614,1.588,0.256,0.995,28.338,0.43,4.44,-3.58,0.0,29.303,0.043,0.846,0.649,-0.934,198.762,,83.544,66.684,0.206,91.231,3.139,45.928,43.728,US-Rls,US-Rls,sagebrush,0.465,0.45,0.468,0.424,0.529,0.443,0.491,0.223,0.687,0.176,0.018,15.477,105.018,76.149,53.501,671.69,551.411
US-Rls,2018-03-23,0.075,2.01,3.282,0.292,0.894,29.293,2.46,6.9,-1.98,0.0,29.303,0.166,0.99,0.997,2.524,187.295,,83.166,53.177,0.354,87.845,3.632,37.871,56.056,US-Rls,US-Rls,sagebrush,0.482,0.537,0.489,0.434,0.568,0.46,0.515,0.44,0.921,0.195,0.098,15.776,105.053,74.358,52.491,671.664,551.496
US-Rls,2018-03-28,0.095,3.016,2.964,0.258,0.77,38.774,5.99,11.0,0.98,0.0,29.303,0.317,1.242,1.429,5.051,224.741,,84.064,53.65,0.442,96.598,4.137,47.742,47.566,US-Rls,US-Rls,sagebrush,0.162,0.212,0.165,0.129,0.223,0.145,0.183,0.796,0.958,0.192,0.241,16.563,105.677,72.885,51.713,671.622,551.568
US-Rls,2018-04-02,0.115,2.234,5.325,0.238,0.734,25.06,0.265,6.24,-5.71,5.08,29.303,0.655,0.939,0.737,-1.027,223.384,,83.055,56.037,0.254,113.703,5.703,49.918,62.808,US-Rls,US-Rls,sagebrush,0.213,0.282,0.215,0.171,0.276,0.193,0.238,0.773,0.985,0.224,0.219,17.269,106.207,71.383,50.903,671.56,551.643
US-Rls,2018-04-07,0.136,3.062,7.695,0.247,0.734,30.01,8.93,13.46,4.4,6.21,29.303,0.436,2.151,2.683,8.085,157.784,,82.628,65.429,0.389,87.54,6.941,3.979,81.607,US-Rls,US-Rls,sagebrush,0.037,0.132,0.04,-0.006,0.106,0.016,0.064,1.258,1.295,0.261,0.397,18.59,107.468,69.63,49.899,671.46,551.732
US-Rls,2018-04-12,0.155,1.579,6.98,0.226,0.726,34.572,0.87,4.66,-2.92,3.26,29.303,0.499,1.598,1.07,-0.791,178.626,,83.005,69.923,0.181,80.01,6.508,22.478,58.113,US-Rls,US-Rls,sagebrush,-0.296,-0.214,-0.296,-0.329,-0.248,-0.314,-0.278,1.651,1.355,0.255,0.556,20.451,109.377,68.163,49.105,671.353,551.809
US-Rls,2018-04-17,0.178,2.35,3.402,0.254,0.731,44.474,1.12,6.62,-4.38,0.0,29.303,-0.626,1.97,1.103,0.228,251.957,,83.72,51.62,0.33,136.413,4.652,91.767,51.7,US-Rls,US-Rls,sagebrush,-0.636,-0.58,-0.636,-0.664,-0.59,-0.655,-0.612,2.107,1.471,0.212,0.755,22.997,112.096,66.82,48.407,671.236,551.881
US-Rls,2018-04-22,0.205,4.453,8.23,0.217,0.714,50.072,7.165,13.14,1.19,0.0,29.303,-0.777,2.673,1.857,6.938,266.355,,83.852,44.166,0.575,126.168,2.467,72.124,53.072,US-Rls,US-Rls,sagebrush,-1.344,-1.257,-1.347,-1.395,-1.297,-1.37,-1.323,3.424,2.08,0.295,1.246,27.224,116.824,65.41,47.649,671.091,551.959
US-Rls,2018-04-27,0.213,11.35,12.049,0.205,0.69,52.873,15.855,25.07,6.64,0.0,29.303,-0.307,2.856,2.494,16.024,263.847,,83.172,27.653,1.371,129.659,5.315,38.155,81.492,US-Rls,US-Rls,sagebrush,-1.45,-1.325,-1.454,-1.509,-1.404,-1.477,-1.432,3.804,2.354,0.396,1.357,31.818,121.992,63.862,46.782,670.906,552.047
US-Rls,2018-05-02,0.213,5.136,7.623,0.211,0.685,52.761,7.08,14.2,-0.04,0.0,29.303,-1.707,2.792,0.462,7.358,330.258,,83.533,50.508,0.566,162.594,2.621,93.921,58.967,US-Rls,US-Rls,sagebrush,-1.498,-1.416,-1.502,-1.554,-1.443,-1.528,-1.476,3.633,2.135,0.323,1.318,36.263,126.981,62.632,46.164,670.734,552.12
US-Rls,2018-05-07,0.206,8.22,14.657,0.195,0.677,56.804,12.84,20.53,5.15,0.0,29.303,-1.577,5.099,2.483,13.363,316.032,,84.096,44.519,0.906,153.061,2.472,68.413,82.675,US-Rls,US-Rls,sagebrush,-1.875,-1.724,-1.883,-1.942,-1.818,-1.912,-1.855,4.665,2.789,0.525,1.648,41.83,133.31,61.111,45.312,670.497,552.211
US-Rls,2018-05-12,0.205,2.398,8.567,0.219,0.672,37.349,7.515,11.29,3.74,6.32,29.303,-1.059,1.896,0.908,6.235,108.144,,83.153,79.191,0.217,73.597,3.25,9.134,63.196,US-Rls,US-Rls,sagebrush,-0.866,-0.764,-0.869,-0.899,-0.829,-0.886,-0.847,2.709,1.843,0.39,0.923,44.886,136.638,59.844,44.669,670.271,552.291
US-Rls,2018-05-22,0.209,6.656,15.52,0.245,0.763,57.801,14.395,20.53,8.26,0.0,29.303,-0.369,4.87,3.771,13.385,206.393,,83.372,67.975,0.507,108.385,2.562,14.117,98.212,US-Rls,US-Rls,sagebrush,-1.888,-1.68,-1.892,-1.945,-1.832,-1.925,-1.856,5.127,3.239,0.649,1.783,55.625,148.776,55.871,42.245,669.441,552.542
US-Rls,2018-05-27,0.199,5.659,14.182,0.251,0.764,57.682,14.0,20.31,7.69,7.12,29.303,-1.74,6.978,4.639,13.251,357.033,,83.681,64.909,0.608,229.586,3.233,56.125,154.295,US-Rls,US-Rls,sagebrush,-1.693,-1.499,-1.697,-1.75,-1.636,-1.729,-1.668,4.737,3.044,0.639,1.632,61.099,154.961,54.078,41.188,668.978,552.662
US-Rls,2018-06-01,0.203,5.43,14.3,0.224,0.728,57.25,9.86,16.43,3.29,0.0,29.303,-2.282,5.046,1.842,9.005,339.459,,84.012,56.111,0.566,178.322,2.784,82.48,102.852,US-Rls,US-Rls,sagebrush,-1.839,-1.665,-1.846,-1.897,-1.785,-1.878,-1.818,4.844,3.005,0.68,1.658,66.633,161.233,52.609,40.379,668.543,552.767
US-Rls,2018-06-06,0.229,10.403,16.994,0.205,0.693,46.631,17.695,25.17,10.22,0.0,29.303,-1.614,6.795,4.96,17.218,318.413,,83.326,37.174,1.293,164.404,2.446,29.278,115.151,US-Rls,US-Rls,sagebrush,-1.436,-1.232,-1.444,-1.5,-1.397,-1.468,-1.416,4.33,2.894,0.844,1.388,71.208,166.374,51.201,39.61,668.079,552.873
US-Rls,2018-06-11,0.227,5.205,12.666,0.194,0.671,45.338,10.41,16.47,4.35,0.0,29.303,-2.436,4.989,2.388,9.924,255.212,,83.822,48.32,0.666,128.829,2.676,63.337,74.534,US-Rls,US-Rls,sagebrush,-1.571,-1.439,-1.58,-1.643,-1.518,-1.61,-1.551,4.13,2.558,0.678,1.375,75.715,171.441,50.212,39.176,667.703,552.954
US-Rls,2018-06-16,0.229,4.657,16.972,0.181,0.655,51.426,12.07,17.78,6.36,5.49,29.303,-2.062,3.52,1.349,12.332,238.652,,82.994,48.69,0.758,121.466,2.455,34.502,70.592,US-Rls,US-Rls,sagebrush,-2.167,-1.993,-2.179,-2.263,-2.108,-2.222,-2.14,5.433,3.266,0.914,1.799,81.663,178.236,49.15,38.671,667.275,553.042
US-Rls,2018-06-21,0.221,7.06,18.068,0.233,0.734,57.875,16.22,21.91,10.53,0.0,29.303,-2.111,4.688,3.679,16.237,311.954,,83.908,56.31,0.858,181.204,3.207,68.124,118.04,US-Rls,US-Rls,sagebrush,-1.947,-1.698,-1.951,-2.033,-1.876,-1.998,-1.908,5.558,3.611,1.027,1.804,87.645,185.026,47.553,37.746,666.636,553.169
US-Rls,2018-06-26,0.198,8.471,18.799,0.205,0.688,59.21,15.905,22.79,9.02,0.0,29.303,-1.693,4.102,2.619,15.318,365.355,,83.863,37.304,1.14,171.438,2.212,97.237,61.725,US-Rls,US-Rls,sagebrush,-1.567,-1.334,-1.574,-1.66,-1.5,-1.615,-1.528,4.849,3.283,1.126,1.482,92.477,190.471,46.271,37.063,666.046,553.279
US-Rls,2018-07-01,0.166,9.977,16.97,0.186,0.662,59.114,17.2,24.69,9.71,0.0,29.303,-1.525,2.598,0.944,17.8,359.415,,84.006,40.29,1.301,169.98,2.446,118.846,54.804,US-Rls,US-Rls,sagebrush,-1.108,-0.922,-1.116,-1.198,-1.057,-1.157,-1.073,3.799,2.692,1.047,1.096,95.947,194.311,45.326,36.649,665.544,553.369
US-Rls,2018-07-06,0.169,12.155,21.381,0.167,0.645,53.741,21.575,28.06,15.09,0.0,29.303,0.276,1.752,2.066,21.586,213.535,,84.387,20.605,2.102,73.769,2.758,43.862,26.794,US-Rls,US-Rls,sagebrush,-0.612,-0.376,-0.621,-0.715,-0.512,-0.68,-0.57,3.354,2.742,1.402,0.777,98.289,196.313,44.391,36.739,665.01,553.462
US-Rls,2018-07-16,0.161,15.942,24.645,0.139,0.629,56.171,22.955,30.49,15.42,0.0,29.303,0.322,1.423,1.247,23.709,307.018,,84.026,30.432,2.125,132.096,2.417,92.575,22.135,US-Rls,US-Rls,sagebrush,-0.253,-0.004,-0.265,-0.412,-0.092,-0.341,-0.197,2.998,2.746,1.759,0.493,102.546,196.839,43.033,40.255,664.102,553.618
US-Rls,2018-07-26,0.138,15.96,24.746,0.118,0.622,55.533,24.17,31.44,16.9,0.0,29.303,0.098,1.016,0.936,25.04,313.523,,84.197,17.823,2.69,116.861,2.321,97.476,17.715,US-Rls,US-Rls,sagebrush,-0.001,0.211,-0.018,-0.168,0.152,-0.086,0.057,2.444,2.444,1.773,0.267,104.596,192.85,42.161,45.901,663.4,553.745
US-Rls,2018-07-31,0.138,19.16,23.731,0.111,0.62,37.426,25.925,33.79,18.06,0.0,29.303,0.565,0.737,1.068,27.507,155.944,,83.93,17.009,3.09,28.249,2.0,27.541,13.225,US-Rls,US-Rls,sagebrush,0.359,0.311,0.358,0.258,0.445,0.301,0.408,1.506,1.864,1.506,0.0,104.175,188.804,41.859,49.103,663.117,553.8
US-Rls,2018-08-05,0.134,11.319,19.779,0.104,0.618,53.351,18.91,25.86,11.96,0.0,29.303,-0.402,1.297,0.42,19.181,301.935,,83.861,29.577,1.625,118.033,2.334,103.25,11.687,US-Rls,US-Rls,sagebrush,-0.471,-0.354,-0.49,-0.577,-0.414,-0.533,-0.447,2.55,2.079,1.284,0.504,105.488,186.687,41.712,52.573,662.908,553.844
US-Rls,2018-08-10,0.123,23.396,25.158,0.1,0.616,51.954,27.33,36.66,18.0,0.0,29.303,0.175,1.055,0.972,29.473,281.924,,83.904,13.375,3.672,86.44,2.469,50.569,13.456,US-Rls,US-Rls,sagebrush,0.333,0.257,0.335,0.221,0.444,0.268,0.396,1.578,1.91,1.578,0.0,105.053,182.374,41.51,56.027,662.692,553.893
US-Rls,2018-08-15,0.129,18.63,22.037,0.096,0.615,46.196,22.79,31.36,14.22,0.0,29.303,-0.11,1.205,0.977,24.913,270.568,,83.774,15.61,2.733,93.901,2.698,52.933,10.074,US-Rls,US-Rls,sagebrush,0.111,0.206,0.087,-0.01,0.191,0.033,0.139,1.734,1.844,1.444,0.115,105.017,178.51,41.411,59.596,662.527,553.933
US-Rls,2018-08-20,0.132,14.777,20.666,0.094,0.615,49.156,19.21,25.63,12.79,0.0,29.303,-0.269,1.125,0.679,19.323,234.079,,83.653,31.441,1.586,76.286,3.242,73.195,9.234,US-Rls,US-Rls,sagebrush,-0.218,-0.101,-0.241,-0.326,-0.157,-0.291,-0.202,2.123,1.904,1.311,0.323,105.698,175.533,41.353,63.143,662.39,553.971
US-Rls,2018-08-25,0.116,15.478,16.647,0.091,0.613,48.181,17.295,25.31,9.28,0.0,29.303,-0.72,1.232,0.536,17.308,263.834,,83.609,27.623,1.483,98.403,2.304,74.173,9.106,US-Rls,US-Rls,sagebrush,-0.204,-0.131,-0.223,-0.317,-0.147,-0.26,-0.187,1.729,1.525,1.02,0.282,106.234,172.285,41.393,66.902,662.291,554.001
US-Rls,2018-08-30,0.118,16.43,17.268,0.097,0.612,46.001,18.685,25.54,11.83,0.0,29.303,-0.368,1.074,0.546,19.829,239.959,,83.582,26.51,1.734,78.04,2.201,63.729,8.403,US-Rls,US-Rls,sagebrush,-0.094,-0.012,-0.111,-0.194,-0.04,-0.144,-0.08,1.638,1.544,1.049,0.234,106.604,168.853,41.379,70.512,662.194,554.036
US-Rls,2018-09-09,0.115,15.106,15.771,0.091,0.61,42.957,17.02,24.66,9.38,0.0,29.303,-0.423,1.309,0.855,17.89,243.678,,83.714,24.037,1.58,69.452,2.599,52.984,8.211,US-Rls,US-Rls,sagebrush,-0.117,-0.051,-0.134,-0.224,-0.065,-0.173,-0.094,1.517,1.4,0.938,0.231,107.413,162.039,41.459,77.841,662.06,554.097
US-Rls,2018-09-14,0.114,12.887,12.954,0.089,0.61,40.706,14.375,22.22,6.53,0.0,29.303,-0.2,1.362,0.989,14.989,224.533,,83.49,26.156,1.341,71.653,2.534,64.013,6.746,US-Rls,US-Rls,sagebrush,-0.145,-0.101,-0.16,-0.255,-0.088,-0.199,-0.114,1.359,1.214,0.782,0.23,107.762,158.63,41.572,81.528,662.022,554.122
US-Rls,2018-09-19,0.116,11.176,11.92,0.088,0.61,39.283,12.475,19.2,5.75,0.0,29.303,-0.17,1.199,0.603,12.978,237.748,,83.456,31.837,1.062,76.683,2.268,71.944,6.413,US-Rls,US-Rls,sagebrush,-0.18,-0.142,-0.194,-0.29,-0.12,-0.232,-0.147,1.342,1.162,0.726,0.245,97.746,155.359,52.127,85.162,661.997,554.146
US-Rls,2018-10-04,0.099,6.066,11.668,0.109,0.612,16.447,7.22,11.51,2.93,11.41,29.303,1.865,0.17,0.582,6.653,24.316,,83.297,83.725,0.182,-10.782,,-14.187,20.09,US-Rls,US-Rls,sagebrush,0.32,0.211,0.337,0.234,0.426,0.273,0.387,0.507,0.827,0.507,0.0,72.072,144.815,77.481,94.825,662.186,554.222
US-Rls,2018-10-09,0.099,2.501,8.999,0.227,0.637,20.147,5.41,8.02,2.8,6.16,29.303,1.759,0.097,1.197,4.524,40.425,,82.888,91.174,0.076,30.765,4.093,-11.423,39.783,US-Rls,US-Rls,sagebrush,0.721,0.654,0.75,0.664,0.854,0.704,0.799,0.598,1.319,0.496,0.041,64.948,143.368,82.858,93.968,662.555,554.299
US-Rls,2018-10-14,0.103,3.858,2.994,0.214,0.649,30.394,0.77,6.38,-4.84,0.0,29.303,0.581,0.699,0.622,-0.357,190.486,,84.427,51.852,0.312,47.28,2.134,46.932,14.278,US-Rls,US-Rls,sagebrush,0.322,0.29,0.341,0.281,0.417,0.305,0.377,0.683,1.005,0.331,0.14,58.885,143.375,88.048,92.891,662.836,554.351
US-Rls,2018-10-19,0.106,9.537,6.834,0.21,0.635,27.821,10.555,18.39,2.72,0.0,29.303,0.572,0.521,0.542,11.709,169.629,,84.593,33.669,0.935,35.614,2.282,28.527,13.586,US-Rls,US-Rls,sagebrush,0.474,0.455,0.497,0.42,0.577,0.459,0.538,0.709,1.182,0.405,0.121,53.365,142.096,92.238,92.696,663.207,554.414
US-Rls,2018-10-24,0.107,7.87,8.595,0.201,0.629,23.431,9.89,16.14,3.64,0.0,29.303,0.413,0.407,0.739,10.187,112.396,,83.753,41.883,0.757,25.929,2.516,9.488,12.107,US-Rls,US-Rls,sagebrush,0.547,0.536,0.571,0.485,0.659,0.527,0.613,0.679,1.227,0.436,0.097,48.32,140.291,95.713,92.851,663.625,554.48
US-Rls,2018-10-29,0.112,3.415,10.173,0.195,0.623,12.844,3.415,7.69,-0.86,0.0,29.303,0.14,0.592,0.514,3.938,104.645,,83.904,62.944,0.309,9.129,3.349,18.598,5.385,US-Rls,US-Rls,sagebrush,0.729,0.591,0.745,0.647,0.853,0.69,0.798,0.463,1.192,0.463,0.0,43.45,137.557,98.532,93.456,664.088,554.549
US-Rls,2018-11-03,0.11,3.762,3.51,0.207,0.62,16.38,4.725,9.14,0.31,0.0,29.303,0.045,0.666,0.584,5.077,114.055,,84.208,54.319,0.42,24.551,2.336,18.936,6.388,US-Rls,US-Rls,sagebrush,0.488,0.436,0.506,0.445,0.576,0.475,0.538,0.417,0.905,0.297,0.048,39.236,134.857,101.311,94.728,664.462,554.601
US-Rls,2018-11-08,0.109,2.69,-1.135,0.212,0.609,19.555,-1.625,4.39,-7.64,0.0,29.303,0.023,0.405,0.214,-1.929,133.414,,84.671,51.703,0.278,7.867,1.874,18.461,4.452,US-Rls,US-Rls,sagebrush,0.343,0.297,0.355,0.307,0.41,0.328,0.389,0.368,0.711,0.216,0.061,35.49,131.454,104.007,97.121,664.769,554.641
US-Rls,2018-11-13,0.105,3.433,-3.092,0.24,0.592,17.589,0.435,7.43,-6.56,0.0,29.303,0.109,0.341,0.349,0.522,107.583,,85.016,37.242,0.407,15.481,1.146,22.348,2.556,US-Rls,US-Rls,sagebrush,0.397,0.327,0.409,0.356,0.464,0.382,0.443,0.265,0.662,0.184,0.032,32.024,131.587,106.283,95.82,665.101,554.681
US-Rls,2018-11-18,0.105,2.839,-1.406,0.228,0.617,17.13,-0.785,5.75,-7.32,0.0,29.303,0.908,0.493,0.234,-1.116,118.642,,84.182,62.199,0.22,3.774,1.669,15.505,3.646,US-Rls,US-Rls,sagebrush,0.413,0.354,0.428,0.379,0.481,0.402,0.46,0.302,0.715,0.199,0.041,28.936,128.796,108.098,97.416,665.459,554.724
US-Rls,2018-11-23,0.111,1.245,1.488,0.253,0.633,9.01,1.6,4.36,-1.16,8.27,29.303,1.095,0.051,0.465,1.279,26.092,,82.903,82.794,0.114,-15.178,5.832,-45.647,19.706,US-Rls,US-Rls,sagebrush,0.661,0.514,0.697,0.623,0.772,0.658,0.732,0.163,0.824,0.163,0.0,26.02,127.078,109.042,97.231,665.972,554.783
US-Rls,2018-11-28,0.071,1.441,0.399,0.297,0.733,12.627,2.76,5.74,-0.22,3.7,29.303,0.988,0.453,1.454,1.962,87.757,,82.959,77.209,0.169,24.738,1.776,-3.589,30.323,US-Rls,US-Rls,sagebrush,0.742,0.582,0.783,0.713,0.866,0.748,0.824,0.128,0.87,0.128,0.0,23.397,126.636,109.436,95.547,666.551,554.85
US-Rls,2018-12-03,0.027,1.415,-0.939,0.303,0.774,11.106,-5.37,0.07,-10.81,0.0,29.303,1.308,0.189,1.226,-4.872,102.747,,84.024,73.527,0.116,-3.497,1.702,-7.95,8.15,US-Rls,US-Rls,sagebrush,0.69,0.538,0.729,0.667,0.806,0.698,0.762,0.0,0.69,0.0,0.0,21.039,126.195,109.702,94.033,667.083,554.913
US-Rls,2018-12-08,0.034,1.163,-5.967,0.343,0.743,13.306,-3.615,0.14,-7.37,0.0,29.303,1.084,0.224,1.446,-3.438,37.947,,84.448,87.695,0.059,6.368,0.671,-3.133,4.268,US-Rls,US-Rls,sagebrush,0.543,0.403,0.571,0.517,0.634,0.547,0.595,0.01,0.553,0.01,0.0,18.918,126.195,110.163,92.511,667.499,554.962
US-Rls,2018-12-13,0.037,1.856,-5.862,0.395,0.784,13.716,-2.0,3.72,-7.72,0.0,29.303,0.848,0.0,0.942,-1.686,78.658,,84.387,48.658,0.282,-22.025,1.677,-14.015,7.391,US-Rls,US-Rls,sagebrush,0.637,0.48,0.67,0.602,0.745,0.643,0.698,0.02,0.657,0.02,0.0,17.011,126.195,110.107,90.747,667.979,555.021
US-Rls,2018-12-18,0.045,1.554,-1.854,0.425,0.821,7.927,2.995,6.19,-0.2,2.54,29.303,2.476,0.153,2.89,3.377,48.548,,83.589,69.683,0.242,6.957,7.315,-37.235,37.805,US-Rls,US-Rls,sagebrush,0.929,0.744,0.979,0.902,1.084,0.943,1.023,0.031,0.959,0.031,0.0,15.296,126.195,108.945,88.212,668.661,555.108
US-Rls,2018-12-23,0.051,1.053,-2.16,0.437,0.895,8.277,-0.85,1.88,-3.58,5.07,29.303,1.381,0.094,0.804,-0.154,19.958,,83.764,77.516,0.136,3.977,2.889,-16.368,21.743,US-Rls,US-Rls,sagebrush,0.924,0.745,0.973,0.898,1.079,0.936,1.011,0.028,0.952,0.028,0.0,15.279,126.195,106.093,85.726,669.31,555.196
US-Rls,2018-12-28,0.056,0.878,-4.893,0.425,0.955,13.71,-6.53,-3.1,-9.96,0.0,29.303,0.443,0.133,0.302,-6.44,87.2,,84.041,69.614,0.12,0.918,2.603,-7.94,12.328,US-Rls,US-Rls,sagebrush,0.716,0.562,0.753,0.684,0.822,0.722,0.781,0.036,0.752,0.036,0.0,15.259,126.195,103.901,83.814,669.783,555.266
US-Rls,2019-01-02,0.062,1.371,-6.165,0.429,0.971,11.685,-5.35,-0.12,-10.58,0.0,29.303,0.838,0.206,1.365,-5.708,91.761,,84.181,58.594,0.166,2.317,1.076,8.055,4.802,US-Rls,US-Rls,sagebrush,0.643,0.498,0.676,0.606,0.737,0.647,0.706,0.049,0.691,0.049,0.0,15.241,126.195,101.945,82.109,670.185,555.33
US-Rls,2019-01-07,0.067,1.229,-2.665,0.437,0.99,11.141,-3.125,0.73,-6.98,0.0,29.303,1.485,0.315,1.292,-3.569,96.12,,83.419,67.546,0.154,-10.529,4.273,-13.3,14.141,US-Rls,US-Rls,sagebrush,0.848,0.694,0.893,0.822,0.988,0.859,0.926,0.069,0.917,0.069,0.0,15.223,126.195,99.372,79.878,670.683,555.416
US-Rls,2019-01-12,0.072,1.722,-6.066,0.438,1.024,14.917,-1.205,3.7,-6.11,0.0,29.303,1.674,0.834,1.776,-2.517,107.637,,83.907,74.404,0.135,-16.717,1.221,0.212,5.478,US-Rls,US-Rls,sagebrush,0.642,0.507,0.671,0.605,0.743,0.643,0.702,0.097,0.74,0.097,0.0,15.205,126.195,97.438,78.2,671.033,555.482
US-Rls,2019-01-17,0.078,1.307,-3.398,0.434,1.033,13.551,2.055,4.87,-0.76,0.0,29.303,1.961,0.858,3.269,1.868,71.537,,82.748,77.194,0.164,2.02,7.973,-42.147,53.01,US-Rls,US-Rls,sagebrush,0.772,0.635,0.81,0.743,0.899,0.777,0.839,0.106,0.878,0.106,0.0,15.187,126.195,95.126,76.199,671.424,555.564
US-Rls,2019-01-22,0.084,1.235,-4.423,0.438,1.186,15.587,-4.225,0.0,-8.45,0.0,29.303,0.594,0.374,0.553,-3.709,81.388,,84.414,53.407,0.234,-1.706,3.379,1.958,26.24,US-Rls,US-Rls,sagebrush,0.708,0.581,0.738,0.677,0.826,0.708,0.767,0.116,0.825,0.116,0.0,15.17,126.195,93.018,74.378,671.753,555.64
US-Rls,2019-01-27,0.089,2.466,-2.769,0.437,1.188,17.169,3.725,8.86,-1.41,0.0,29.303,1.352,0.255,0.407,6.471,119.504,,84.23,42.928,0.565,15.506,2.414,-6.171,15.167,US-Rls,US-Rls,sagebrush,0.755,0.665,0.781,0.725,0.868,0.747,0.814,0.214,0.969,0.159,0.022,15.228,126.286,90.687,72.369,672.084,555.726
US-Rls,2019-02-01,0.088,2.505,-2.939,0.428,1.193,18.498,2.6,8.3,-3.1,0.0,29.303,1.389,0.708,1.746,3.196,97.957,,83.023,63.753,0.298,18.97,1.409,0.364,11.597,US-Rls,US-Rls,sagebrush,0.705,0.634,0.73,0.674,0.812,0.696,0.763,0.225,0.93,0.157,0.027,15.303,126.397,88.499,70.485,672.364,555.809
US-Rls,2019-02-06,0.085,0.653,-2.075,0.321,1.305,11.912,-8.655,-5.75,-11.56,0.0,29.303,0.604,0.275,0.617,-8.889,77.83,,83.039,73.526,0.083,8.48,3.464,11.859,15.578,US-Rls,US-Rls,sagebrush,0.567,0.48,0.597,0.551,0.653,0.571,0.621,0.06,0.627,0.06,0.0,15.269,126.397,86.866,69.065,672.553,555.874
US-Rls,2019-02-11,0.09,0.971,-3.734,0.346,1.27,16.568,-5.335,-1.84,-8.83,0.0,29.303,1.246,0.163,0.869,-5.34,80.266,,82.956,66.846,0.139,-11.276,9.437,-23.504,39.948,US-Rls,US-Rls,sagebrush,0.539,0.455,0.563,0.521,0.631,0.539,0.587,0.116,0.655,0.116,0.0,15.239,126.397,85.317,67.722,672.714,555.936
US-Rls,2019-02-16,0.096,1.067,-0.98,0.302,1.313,19.426,-3.32,0.01,-6.65,0.0,29.303,0.629,0.454,0.48,-3.785,109.75,,82.69,69.824,0.14,2.032,4.396,-6.202,23.452,US-Rls,US-Rls,sagebrush,0.538,0.481,0.551,0.514,0.602,0.531,0.572,0.207,0.745,0.177,0.012,15.245,126.006,83.735,66.788,672.861,556.001
US-Rls,2019-02-21,0.101,1.037,-2.877,0.327,1.275,13.25,-7.785,-3.19,-12.38,9.19,29.303,0.129,0.18,0.146,-7.858,133.152,,82.749,87.929,0.041,11.074,2.474,-4.721,11.8,US-Rls,US-Rls,sagebrush,0.528,0.453,0.549,0.508,0.612,0.526,0.57,0.127,0.654,0.127,0.0,15.212,126.006,82.243,65.487,672.985,556.063
US-Rls,2019-02-26,0.106,1.323,0.458,0.324,1.303,16.588,0.365,3.59,-2.86,18.32,29.303,1.153,0.159,1.082,-2.393,60.659,,82.872,92.335,0.043,2.274,,-16.652,32.99,US-Rls,US-Rls,sagebrush,0.595,0.584,0.612,0.564,0.677,0.589,0.635,0.282,0.878,0.193,0.036,15.303,125.714,80.412,64.338,673.112,556.141
US-Rls,2019-03-08,0.117,1.416,1.021,0.25,1.281,27.859,-3.04,1.47,-7.55,0.0,29.303,0.144,0.693,0.803,-3.414,161.317,,82.76,61.371,0.187,76.09,2.364,43.351,57.211,US-Rls,US-Rls,sagebrush,0.248,0.26,0.256,0.225,0.294,0.24,0.273,0.6,0.848,0.201,0.159,16.375,126.653,77.881,62.54,673.249,556.254
US-Rls,2019-03-13,0.123,1.23,-0.158,0.266,1.232,17.897,-3.0,0.82,-6.82,0.0,29.303,0.264,0.422,0.508,-4.401,152.354,,83.512,67.346,0.149,33.611,5.132,12.218,41.8,US-Rls,US-Rls,sagebrush,0.396,0.405,0.404,0.369,0.447,0.383,0.423,0.328,0.724,0.188,0.056,16.523,126.44,76.574,61.82,673.299,556.313
US-Rls,2019-03-18,0.128,2.974,1.63,0.254,1.219,38.471,4.17,10.39,-2.05,0.0,29.303,0.813,0.923,1.775,4.235,242.222,,84.081,52.267,0.415,106.407,2.819,33.47,43.579,US-Rls,US-Rls,sagebrush,-0.02,-0.002,-0.013,-0.041,0.023,-0.03,0.002,1.084,1.064,0.209,0.348,17.679,127.431,75.205,61.038,673.339,556.377
US-Rls,2019-03-23,0.134,1.716,5.612,0.237,1.156,24.354,4.33,7.57,1.09,5.26,29.303,1.057,0.657,1.551,3.355,68.92,,83.525,84.395,0.124,52.925,,-3.905,29.37,US-Rls,US-Rls,sagebrush,0.187,0.234,0.193,0.153,0.239,0.173,0.214,0.931,1.118,0.27,0.263,18.535,128.068,73.638,60.076,673.365,556.451
US-Rls,2019-03-28,0.143,1.953,4.541,0.283,0.972,38.937,3.605,7.55,-0.34,2.45,29.303,-0.138,1.428,1.282,2.128,182.421,,83.629,71.693,0.217,97.608,3.638,33.415,68.448,US-Rls,US-Rls,sagebrush,-0.093,-0.047,-0.083,-0.123,-0.036,-0.101,-0.065,1.521,1.427,0.256,0.504,20.225,129.691,71.853,58.924,673.369,556.537
US-Rls,2019-04-02,0.155,0.915,7.865,0.247,0.783,21.597,4.965,6.54,3.39,4.33,29.303,0.766,0.77,1.947,3.741,46.467,,82.957,88.427,0.095,35.187,3.482,-6.172,33.151,US-Rls,US-Rls,sagebrush,0.492,0.568,0.499,0.436,0.553,0.473,0.53,0.623,1.115,0.32,0.121,20.584,129.735,70.08,57.77,673.345,556.624
US-Rls,2019-04-07,0.169,2.827,7.923,0.226,0.745,25.356,10.04,13.87,6.21,7.4,29.303,0.342,1.75,2.309,9.264,139.449,,83.696,58.589,0.51,66.713,6.066,-3.203,76.35,US-Rls,US-Rls,sagebrush,-0.061,0.008,-0.059,-0.094,-0.02,-0.079,-0.039,1.416,1.355,0.322,0.436,22.025,131.073,68.537,56.806,673.298,556.703
US-Rls,2019-04-12,0.187,1.963,4.925,0.251,0.786,26.608,3.35,7.4,-0.7,0.0,29.303,-0.808,2.119,1.213,2.017,157.555,,83.243,79.26,0.155,106.613,2.161,27.474,52.548,US-Rls,US-Rls,sagebrush,-0.15,-0.099,-0.147,-0.177,-0.112,-0.163,-0.131,1.469,1.319,0.273,0.476,23.606,132.573,67.083,55.919,673.233,556.779
US-Rls,2019-04-17,0.188,3.325,6.466,0.258,0.833,47.324,7.005,12.74,1.27,0.0,29.303,-0.457,2.661,2.175,6.909,227.692,,84.166,60.59,0.403,118.454,2.95,54.998,55.81,US-Rls,US-Rls,sagebrush,-0.849,-0.785,-0.846,-0.884,-0.81,-0.867,-0.825,2.77,1.921,0.306,0.981,26.925,136.141,65.48,54.892,673.136,556.864
US-Rls,2019-04-22,0.186,4.391,7.615,0.235,0.76,51.548,9.085,15.97,2.2,0.0,29.303,-0.483,3.015,2.576,9.198,307.094,,84.152,48.004,0.662,151.092,2.304,64.049,75.094,US-Rls,US-Rls,sagebrush,-1.051,-0.982,-1.052,-1.096,-1.013,-1.072,-1.032,3.077,2.026,0.343,1.089,30.602,140.14,64.009,53.977,673.02,556.945
US-Rls,2019-04-27,0.203,4.373,8.273,0.211,0.718,53.098,6.935,15.06,-1.19,0.0,29.303,-1.195,2.603,1.36,8.024,324.891,,83.388,40.387,0.707,160.624,4.284,88.546,81.779,US-Rls,US-Rls,sagebrush,-1.409,-1.344,-1.415,-1.471,-1.357,-1.44,-1.388,3.603,2.194,0.373,1.286,34.941,144.935,62.727,53.221,672.897,557.018
US-Rls,2019-05-02,0.207,3.734,7.221,0.209,0.681,56.241,7.14,13.68,0.6,0.0,29.303,-1.631,3.365,1.898,7.772,336.067,,83.536,28.47,0.786,158.243,4.186,93.76,63.604,US-Rls,US-Rls,sagebrush,-1.556,-1.5,-1.562,-1.625,-1.495,-1.593,-1.532,3.776,2.219,0.369,1.356,39.509,150.002,61.576,52.58,672.766,557.087
US-Rls,2019-05-07,0.213,4.802,11.479,0.194,0.66,57.178,11.445,17.89,5.0,0.0,29.303,-1.844,4.254,2.089,11.751,328.671,,83.45,40.452,0.866,161.674,4.779,77.95,70.39,US-Rls,US-Rls,sagebrush,-1.953,-1.868,-1.964,-2.032,-1.884,-1.999,-1.929,4.664,2.711,0.503,1.657,45.094,156.286,60.311,51.828,672.603,557.164
US-Rls,2019-05-12,0.214,7.831,14.168,0.184,0.647,58.409,16.17,24.37,7.97,0.0,29.303,-1.751,5.059,3.139,17.999,322.742,,83.423,27.171,1.562,151.44,2.864,49.174,92.401,US-Rls,US-Rls,sagebrush,-2.026,-1.919,-2.04,-2.106,-1.959,-2.074,-2.004,4.952,2.925,0.629,1.721,50.879,162.525,59.023,51.335,672.412,557.245
US-Rls,2019-05-17,0.23,0.86,11.651,0.206,0.648,36.107,3.835,5.43,2.24,16.8,29.303,-0.751,2.572,2.774,3.386,64.866,,82.941,87.145,0.102,40.971,3.876,-3.541,55.598,US-Rls,US-Rls,sagebrush,-0.163,-0.053,-0.167,-0.202,-0.127,-0.186,-0.149,1.822,1.659,0.572,0.498,52.433,163.847,57.728,50.702,672.197,557.328
US-Rls,2019-05-22,0.249,1.874,9.495,0.262,0.812,43.818,6.52,9.59,3.45,4.97,29.303,-0.08,2.924,3.014,5.358,99.041,,82.878,84.887,0.142,65.936,2.985,14.18,54.54,US-Rls,US-Rls,sagebrush,-1.509,-1.399,-1.505,-1.556,-1.443,-1.536,-1.478,4.18,2.671,0.509,1.462,57.334,169.281,56.16,49.666,671.915,557.429
US-Rls,2019-05-27,0.231,4.276,12.83,0.254,0.785,56.136,11.02,16.8,5.24,0.0,29.303,-1.215,4.576,2.804,10.109,248.859,,83.098,71.027,0.387,144.427,3.502,50.051,98.999,US-Rls,US-Rls,sagebrush,-2.058,-1.911,-2.056,-2.125,-1.975,-2.096,-2.018,5.362,3.304,0.653,1.875,63.643,176.395,54.448,48.486,671.561,557.541
US-Rls,2019-06-01,0.218,5.49,16.067,0.246,0.77,53.417,14.945,20.86,9.03,0.0,29.303,-1.155,4.32,2.528,14.513,319.811,,83.65,63.054,0.656,201.927,2.132,34.729,123.737,US-Rls,US-Rls,sagebrush,-1.783,-1.59,-1.783,-1.844,-1.713,-1.82,-1.747,5.207,3.424,0.841,1.739,69.46,182.923,52.623,47.191,671.128,557.666
US-Rls,2019-06-11,0.221,8.256,16.127,0.222,0.714,58.703,16.57,24.16,8.98,0.0,29.303,-1.898,7.549,4.903,17.582,362.065,,84.423,40.205,1.239,196.036,2.496,34.816,146.754,US-Rls,US-Rls,sagebrush,-2.02,-1.848,-2.029,-2.096,-1.957,-2.072,-1.992,5.491,3.47,0.934,1.814,81.774,196.817,49.563,45.117,670.226,557.891
US-Rls,2019-06-16,0.23,7.788,17.189,0.206,0.69,59.133,17.665,24.83,10.5,0.0,29.303,-1.837,6.205,3.327,18.527,360.738,,83.578,33.891,1.462,187.732,2.598,30.362,143.646,US-Rls,US-Rls,sagebrush,-2.217,-2.044,-2.23,-2.307,-2.15,-2.28,-2.189,5.861,3.645,1.044,1.918,88.13,204.012,48.275,44.295,669.767,557.995
US-Rls,2019-06-21,0.23,3.261,9.07,0.19,0.67,51.562,6.96,12.58,1.34,0.0,29.303,-1.218,4.831,1.631,6.593,192.215,,83.707,58.865,0.419,83.548,2.201,40.836,55.63,US-Rls,US-Rls,sagebrush,-1.759,-1.688,-1.769,-1.862,-1.682,-1.813,-1.724,4.297,2.538,0.67,1.444,92.818,209.233,47.617,44.071,669.468,558.059
US-Rls,2019-06-26,0.226,7.444,17.099,0.183,0.657,56.823,16.7,23.85,9.55,0.0,29.303,-2.239,6.513,3.779,16.949,332.924,,83.245,35.633,1.357,170.853,3.329,50.367,102.071,US-Rls,US-Rls,sagebrush,-2.089,-1.94,-2.106,-2.204,-2.024,-2.154,-2.06,5.553,3.464,1.126,1.763,98.583,215.746,46.653,43.534,669.047,558.147
US-Rls,2019-07-01,0.211,9.6,18.804,0.167,0.647,58.506,18.775,26.91,10.64,0.0,29.303,-2.127,5.477,3.321,19.729,315.64,,83.691,27.146,1.777,138.342,2.466,41.5,89.641,US-Rls,US-Rls,sagebrush,-1.702,-1.546,-1.722,-1.821,-1.636,-1.771,-1.67,5.03,3.328,1.299,1.486,103.359,220.666,45.807,43.524,668.634,558.231
US-Rls,2019-07-06,0.204,9.262,19.448,0.154,0.639,58.831,20.295,27.35,13.24,0.0,29.303,-1.323,4.463,2.796,21.461,300.858,,83.714,30.643,1.805,122.923,3.318,38.663,75.712,US-Rls,US-Rls,sagebrush,-1.612,-1.464,-1.634,-1.738,-1.537,-1.685,-1.58,4.9,3.287,1.392,1.397,107.8,224.263,45.102,44.565,668.245,558.308
US-Rls,2019-07-11,0.195,11.718,22.465,0.142,0.635,57.725,21.89,29.15,14.63,0.0,29.303,-1.439,4.595,2.76,22.777,342.45,,83.974,36.476,1.79,158.031,2.433,77.507,57.548,US-Rls,US-Rls,sagebrush,-1.068,-0.893,-1.096,-1.207,-0.944,-1.165,-1.028,4.313,3.244,1.712,1.036,110.967,225.727,44.448,46.235,667.863,558.383
US-Rls,2019-07-16,0.187,8.24,20.659,0.132,0.632,54.749,17.595,23.45,11.74,0.0,29.303,-1.455,4.328,1.914,17.273,262.375,,83.662,51.668,0.999,116.065,2.156,76.681,35.488,US-Rls,US-Rls,sagebrush,-1.183,-1.049,-1.21,-1.308,-1.096,-1.27,-1.144,4.23,3.048,1.556,1.065,114.214,226.889,43.984,48.457,667.545,558.448
US-Rls,2019-07-21,0.185,14.48,19.67,0.122,0.628,56.279,20.815,29.42,12.21,0.0,29.303,-1.264,3.25,1.592,21.773,338.033,,83.861,22.655,2.129,148.052,3.022,78.587,33.988,US-Rls,US-Rls,sagebrush,-0.947,-0.839,-0.976,-1.074,-0.872,-1.032,-0.919,3.678,2.73,1.485,0.873,116.777,226.737,43.673,51.299,667.284,558.503
US-Rls,2019-07-26,0.176,9.232,22.789,0.116,0.627,36.243,20.275,25.81,14.74,0.0,29.303,-0.336,1.535,1.28,20.951,113.089,,84.137,35.465,1.647,27.217,2.891,2.276,37.607,US-Rls,US-Rls,sagebrush,-0.053,0.09,-0.087,-0.214,0.074,-0.16,-0.023,2.545,2.492,1.806,0.294,117.327,224.054,43.356,54.209,667.03,558.56
US-Rls,2019-07-31,0.162,14.474,22.338,0.127,0.625,55.752,22.72,30.42,15.02,0.0,29.303,-1.19,2.63,1.118,23.356,315.424,,83.739,26.197,2.188,122.987,2.663,77.927,27.333,US-Rls,US-Rls,sagebrush,-0.371,-0.226,-0.4,-0.504,-0.256,-0.467,-0.337,3.11,2.739,1.746,0.543,118.745,222.255,42.937,57.069,666.762,558.624
US-Rls,2019-08-05,0.159,15.736,23.718,0.119,0.623,52.868,24.43,32.15,16.71,0.0,29.303,-0.874,2.318,0.888,24.39,311.56,,83.926,27.358,2.305,119.615,2.222,93.7,24.113,US-Rls,US-Rls,sagebrush,-0.104,0.049,-0.138,-0.282,0.043,-0.214,-0.062,2.79,2.686,1.896,0.356,119.504,219.43,42.584,60.188,666.524,558.685
US-Rls,2019-08-10,0.155,6.982,21.49,0.146,0.621,45.012,15.79,21.74,9.84,0.0,29.303,0.174,1.802,0.732,15.15,230.197,,83.561,63.589,0.645,111.09,2.259,38.748,61.468,US-Rls,US-Rls,sagebrush,-0.177,-0.028,-0.194,-0.292,-0.082,-0.252,-0.137,2.844,2.668,1.647,0.477,120.704,216.915,42.025,63.142,666.254,558.759
US-Rls,2019-08-15,0.15,11.766,20.62,0.15,0.613,50.42,20.325,27.38,13.27,0.0,29.303,-1.049,2.231,1.311,20.788,306.599,,84.078,31.481,1.756,123.74,2.154,103.479,28.05,US-Rls,US-Rls,sagebrush,-0.156,-0.02,-0.17,-0.265,-0.081,-0.216,-0.116,2.739,2.582,1.557,0.471,121.882,213.449,41.473,66.94,666.002,558.834
US-Rls,2019-08-20,0.144,20.21,22.05,0.138,0.608,47.349,22.625,30.46,14.79,0.0,29.303,-0.632,2.371,1.22,24.022,288.806,,83.789,23.651,2.366,106.179,2.453,71.52,19.825,US-Rls,US-Rls,sagebrush,0.377,0.481,0.355,0.242,0.451,0.301,0.411,1.943,2.32,1.686,0.102,121.773,207.962,41.011,71.252,665.792,558.904
US-Rls,2019-08-25,0.138,16.151,19.457,0.128,0.606,48.026,18.4,25.25,11.55,0.0,29.303,-1.152,2.053,0.604,19.074,296.184,,83.892,27.578,1.662,110.22,3.307,107.195,19.765,US-Rls,US-Rls,sagebrush,0.027,0.127,0.007,-0.072,0.083,-0.037,0.049,2.115,2.143,1.417,0.278,122.26,203.038,40.731,75.92,665.648,558.962
US-Rls,2019-08-30,0.137,18.251,21.909,0.121,0.605,45.764,20.58,27.08,14.08,0.0,29.303,-0.823,1.853,0.738,20.689,274.648,,83.941,41.196,1.492,111.063,2.425,90.702,14.593,US-Rls,US-Rls,sagebrush,0.312,0.376,0.283,0.181,0.38,0.237,0.336,1.87,2.183,1.622,0.099,122.121,197.383,40.46,80.482,665.531,559.019
US-Rls,2019-09-04,0.136,20.021,21.658,0.115,0.604,42.805,21.805,29.24,14.37,0.0,29.303,-0.136,1.827,1.363,23.36,203.391,,83.911,24.869,2.174,49.804,2.327,37.576,14.088,US-Rls,US-Rls,sagebrush,0.384,0.335,0.345,0.255,0.424,0.301,0.395,1.652,2.037,1.569,0.033,121.749,191.608,40.261,84.934,665.451,559.072
US-Rls,2019-09-09,0.137,6.649,14.215,0.211,0.61,40.582,11.93,16.75,7.11,0.0,29.303,0.408,1.175,1.426,11.086,170.281,,83.461,68.82,0.43,61.668,2.421,28.967,40.0,US-Rls,US-Rls,sagebrush,0.086,0.148,0.104,0.015,0.192,0.061,0.148,2.078,2.164,0.981,0.437,122.872,188.331,39.501,87.427,665.353,559.161
US-Rls,2019-09-14,0.131,16.833,16.355,0.193,0.614,40.654,18.53,27.02,10.04,0.0,29.303,-0.068,1.979,1.786,20.517,246.325,,83.836,25.083,1.856,77.781,3.053,32.398,19.628,US-Rls,US-Rls,sagebrush,0.416,0.493,0.427,0.335,0.52,0.384,0.465,1.646,2.062,1.109,0.214,123.204,184.607,38.807,89.426,665.275,559.248
US-Rls,2019-09-19,0.12,4.638,11.133,0.195,0.607,35.179,7.675,12.15,3.2,2.91,29.303,0.692,1.185,1.311,6.766,140.487,,83.388,80.091,0.214,73.427,2.062,24.128,43.939,US-Rls,US-Rls,sagebrush,0.226,0.253,0.237,0.168,0.311,0.196,0.281,1.419,1.646,0.8,0.247,111.636,180.324,50.356,92.576,665.225,559.318
US-Rls,2019-09-24,0.119,10.63,13.068,0.185,0.604,34.269,14.72,20.24,9.2,0.0,29.303,-0.342,1.628,1.478,14.853,199.58,,84.261,51.049,0.854,87.14,2.652,63.488,20.26,US-Rls,US-Rls,sagebrush,0.392,0.42,0.401,0.325,0.469,0.364,0.44,1.292,1.684,0.853,0.175,100.986,175.577,60.451,95.766,665.305,559.389
US-Rls,2019-10-04,0.114,3.279,6.435,0.192,0.598,25.299,3.895,7.92,-0.13,0.0,29.303,0.062,0.835,0.871,3.553,90.169,,83.825,71.439,0.238,24.556,3.068,13.105,26.531,US-Rls,US-Rls,sagebrush,0.386,0.357,0.396,0.324,0.466,0.35,0.438,0.794,1.18,0.511,0.112,82.318,164.84,77.535,103.659,665.699,559.498
US-Rls,2019-10-09,0.112,2.028,7.621,0.188,0.593,15.301,-1.325,2.95,-5.6,0.0,29.303,0.066,0.707,0.512,-2.223,91.495,,83.647,63.136,0.197,7.357,4.491,17.689,15.266,US-Rls,US-Rls,sagebrush,0.602,0.458,0.605,0.516,0.682,0.559,0.652,0.512,1.114,0.512,0.0,74.02,158.863,84.435,107.638,666.029,559.554
US-Rls,2019-10-14,0.102,6.283,5.131,0.194,0.579,29.896,7.265,14.51,0.02,0.0,29.303,-0.096,1.333,2.102,8.1,172.9,,83.628,42.423,0.629,47.441,1.953,43.128,4.896,US-Rls,US-Rls,sagebrush,0.4,0.35,0.409,0.334,0.479,0.372,0.45,0.709,1.109,0.421,0.115,66.954,152.291,90.505,112.783,666.4,559.605
US-Rls,2019-10-19,0.096,2.082,6.193,0.192,0.581,17.832,3.025,7.36,-1.31,4.78,29.303,0.778,0.962,1.524,2.767,77.816,,82.982,66.924,0.249,11.238,7.654,-28.768,34.804,US-Rls,US-Rls,sagebrush,0.607,0.453,0.609,0.523,0.688,0.568,0.655,0.451,1.058,0.423,0.011,60.244,145.774,95.698,117.271,666.859,559.659
US-Rls,2019-10-24,0.097,5.01,2.619,0.202,0.595,25.898,5.25,12.78,-2.28,0.0,29.303,0.103,1.106,0.928,5.604,154.542,,84.749,32.288,0.656,37.269,1.944,34.602,10.416,US-Rls,US-Rls,sagebrush,0.442,0.371,0.448,0.376,0.517,0.414,0.484,0.514,0.955,0.32,0.077,54.437,140.928,100.347,120.567,667.311,559.706
US-Rls,2019-10-29,0.096,1.054,-1.033,0.206,0.584,25.599,-8.36,-3.44,-13.28,0.0,29.303,0.084,1.036,0.22,-8.953,156.772,,83.91,45.443,0.172,28.984,4.309,37.708,2.609,US-Rls,US-Rls,sagebrush,0.451,0.312,0.45,0.388,0.519,0.419,0.483,0.268,0.719,0.243,0.01,48.984,135.085,104.622,124.892,667.715,559.744
US-Rls,2019-11-13,0.112,3.785,2.08,0.215,0.597,17.477,5.785,11.89,-0.32,0.0,29.303,-0.042,0.528,0.257,5.727,110.119,,83.893,62.537,0.353,15.043,1.29,20.652,3.081,US-Rls,US-Rls,sagebrush,0.546,0.436,0.542,0.469,0.611,0.503,0.58,0.416,0.962,0.248,0.067,36.029,120.802,113.376,133.791,669.406,559.88
US-Rls,2019-11-18,0.12,3.975,3.485,0.21,0.601,15.936,7.36,13.29,1.43,0.0,29.303,0.1,0.4,0.655,9.337,90.358,,83.619,52.171,0.572,2.503,1.792,-0.888,4.988,US-Rls,US-Rls,sagebrush,0.577,0.467,0.573,0.49,0.655,0.527,0.615,0.45,1.027,0.257,0.077,32.663,117.288,115.138,135.259,670.118,559.933
US-Rls,2019-11-23,0.112,2.965,-2.364,0.224,0.588,15.783,1.77,8.86,-5.32,0.0,29.303,0.607,0.557,0.664,2.863,106.622,,84.323,49.441,0.391,2.786,1.69,7.464,3.922,US-Rls,US-Rls,sagebrush,0.454,0.331,0.448,0.394,0.506,0.417,0.48,0.278,0.732,0.172,0.042,29.515,117.461,117.027,133.494,670.66,559.972
US-Rls,2019-11-28,0.103,1.275,-2.557,0.249,0.585,10.718,-3.885,0.38,-8.15,0.0,29.303,0.425,0.072,0.811,-4.099,76.064,,82.262,86.595,0.061,2.836,1.534,-2.347,3.043,US-Rls,US-Rls,sagebrush,0.577,0.377,0.578,0.507,0.645,0.538,0.611,0.132,0.709,0.132,0.0,26.54,117.461,118.412,131.553,671.264,560.016
US-Rls,2019-12-03,0.085,1.104,-1.607,0.321,0.601,14.538,1.32,3.79,-1.15,0.0,29.303,1.604,0.0,1.095,1.332,63.512,,84.109,87.884,0.086,9.729,1.433,-9.858,5.757,US-Rls,US-Rls,sagebrush,0.826,0.568,0.837,0.743,0.922,0.789,0.886,0.128,0.954,0.128,0.0,23.865,117.461,118.777,128.808,672.124,560.08
US-Rls,2019-12-08,0.063,0.835,-0.886,0.375,0.641,7.709,1.855,3.62,0.09,7.34,29.303,1.31,0.136,1.455,1.633,32.73,,83.276,87.117,0.09,7.099,3.995,-21.663,19.214,US-Rls,US-Rls,sagebrush,1.024,0.727,1.05,0.935,1.151,0.984,1.121,0.034,1.058,0.034,0.0,21.459,116.408,118.288,126.504,673.174,560.16
US-Rls,2019-12-13,0.042,0.703,-0.25,0.428,0.719,9.443,-0.485,1.24,-2.21,10.09,29.303,1.182,0.065,0.7,-1.177,19.432,,83.533,89.701,0.064,-11.672,4.317,-19.492,17.782,US-Rls,US-Rls,sagebrush,1.224,0.89,1.253,1.128,1.376,1.183,1.336,0.015,1.239,0.015,0.0,19.296,116.002,116.978,122.936,674.402,560.258
US-Rls,2019-12-18,0.021,1.415,-5.909,0.419,0.806,12.42,-3.0,1.49,-7.49,0.0,29.303,1.043,0.346,1.229,-4.818,71.917,,83.484,61.86,0.172,-8.167,2.151,-22.878,18.341,US-Rls,US-Rls,sagebrush,0.776,0.528,0.792,0.713,0.871,0.751,0.834,0.0,0.776,0.0,0.0,17.351,116.002,116.708,120.445,675.163,560.321
US-Rls,2019-12-23,0.015,1.585,-1.935,0.399,0.846,4.575,1.145,4.87,-2.58,1.96,29.303,1.342,0.365,1.412,0.383,27.5,,82.993,82.484,0.126,-1.57,2.199,-10.02,11.355,US-Rls,US-Rls,sagebrush,0.987,0.71,1.01,0.921,1.093,0.953,1.065,0.0,0.987,0.0,0.0,17.325,116.002,113.899,117.316,676.11,560.403
US-Rls,2019-12-28,0.011,0.778,-5.083,0.398,0.868,11.877,-3.1,-0.78,-5.42,0.0,29.303,0.174,0.139,0.411,-3.517,52.13,,83.797,67.328,0.155,2.577,2.709,1.479,7.823,US-Rls,US-Rls,sagebrush,0.762,0.532,0.778,0.702,0.849,0.744,0.815,0.0,0.762,0.0,0.0,17.299,116.002,111.745,114.914,676.815,560.468
US-Rls,2020-01-07,0.005,2.105,-2.689,0.423,0.938,13.79,2.615,7.25,-2.02,0.0,29.303,1.015,0.272,0.953,4.344,84.126,,83.679,51.665,0.41,-9.651,4.668,-42.082,30.826,US-Rls,US-Rls,sagebrush,0.942,0.693,0.961,0.88,1.039,0.919,1.003,0.0,0.942,0.0,0.0,17.256,115.599,105.91,108.847,678.611,560.651
US-Rls,2020-01-12,0.002,0.731,-2.676,0.428,0.953,9.995,-2.865,-0.74,-4.99,7.25,29.303,0.892,0.281,1.059,-3.771,79.637,,82.738,78.718,0.1,-0.898,9.06,-16.411,37.741,US-Rls,US-Rls,sagebrush,0.936,0.698,0.955,0.872,1.033,0.916,0.994,0.0,0.936,0.0,0.0,17.234,115.599,103.304,105.959,679.361,560.738
US-Rls,2020-01-17,0.0,0.893,-4.778,0.436,0.958,13.099,-3.8,-0.97,-6.63,0.0,29.303,0.784,0.192,0.83,-4.45,109.847,,83.582,65.864,0.151,-16.724,4.94,-24.228,12.922,US-Rls,US-Rls,sagebrush,0.8,0.587,0.815,0.731,0.884,0.783,0.85,0.0,0.8,0.0,0.0,17.214,115.599,101.091,103.508,679.97,560.813
US-Rls,2020-01-22,-0.0,1.383,-1.809,0.438,1.022,13.167,0.325,3.72,-3.07,0.0,29.303,0.941,0.441,1.543,0.033,91.229,,83.806,74.778,0.155,23.039,2.896,-12.747,22.556,US-Rls,US-Rls,sagebrush,0.986,0.757,1.006,0.922,1.08,0.959,1.048,0.0,0.986,0.0,0.0,17.195,115.599,98.374,100.511,680.68,560.908
US-Rls,2020-01-27,0.0,1.426,-0.506,0.436,1.183,13.777,1.955,5.08,-1.17,0.0,29.303,0.851,0.862,2.184,1.372,68.94,,83.995,73.593,0.179,8.018,4.039,-16.616,28.511,US-Rls,US-Rls,sagebrush,1.052,0.83,1.075,0.98,1.151,1.02,1.124,0.0,1.052,0.0,0.0,17.175,115.196,95.493,97.743,681.387,561.012
US-Rls,2020-02-01,0.019,2.298,-0.403,0.374,1.267,17.101,5.06,9.34,0.78,2.1,29.303,1.476,0.2,1.314,8.431,72.739,,84.063,37.451,0.695,-14.653,6.22,-53.061,52.076,US-Rls,US-Rls,sagebrush,0.876,0.691,0.894,0.812,0.961,0.851,0.929,0.0,0.876,0.0,0.0,17.145,114.795,93.128,95.522,681.935,561.101
US-Rls,2020-02-06,0.038,0.923,-0.388,0.4,1.25,7.734,3.225,5.01,1.44,0.0,29.303,0.872,0.306,0.413,3.553,61.451,,83.415,76.174,0.191,23.73,9.051,-23.416,50.05,US-Rls,US-Rls,sagebrush,0.928,0.744,0.946,0.856,1.016,0.901,0.984,0.012,0.94,0.012,0.0,17.12,114.396,90.636,93.16,682.477,561.197
US-Rls,2020-02-11,0.057,2.122,-3.573,0.372,1.271,21.922,-1.19,5.12,-7.5,0.0,29.303,0.179,0.501,0.509,0.145,144.983,,83.907,54.721,0.301,29.66,3.79,14.862,22.539,US-Rls,US-Rls,sagebrush,0.672,0.521,0.673,0.607,0.718,0.648,0.701,0.124,0.796,0.124,0.0,17.09,114.396,88.858,91.172,682.843,561.269
US-Rls,2020-02-16,0.075,1.558,-0.165,0.378,1.271,16.84,-1.655,2.86,-6.17,8.65,29.303,0.467,0.319,0.471,-0.428,96.519,,83.526,79.971,0.114,13.638,4.179,-19.202,30.849,US-Rls,US-Rls,sagebrush,0.843,0.696,0.842,0.783,0.894,0.814,0.871,0.196,1.039,0.173,0.009,17.093,114.035,86.594,89.054,683.275,561.361
US-Rls,2020-02-21,0.089,2.151,-5.428,0.379,1.288,25.14,-0.345,5.64,-6.33,0.0,29.303,0.133,0.771,1.059,-1.847,148.335,,84.099,49.49,0.278,37.442,0.928,36.88,12.173,US-Rls,US-Rls,sagebrush,0.506,0.431,0.505,0.453,0.551,0.481,0.538,0.24,0.746,0.125,0.046,17.222,114.223,85.094,87.373,683.544,561.424
US-Rls,2020-02-26,0.103,2.585,-2.181,0.371,1.283,26.624,2.2,8.31,-3.91,0.0,29.303,0.036,0.942,1.258,2.155,178.535,,84.573,44.217,0.408,66.0,1.387,49.896,16.105,US-Rls,US-Rls,sagebrush,0.542,0.476,0.541,0.504,0.585,0.52,0.566,0.429,0.971,0.153,0.11,17.571,114.675,83.253,85.317,683.85,561.503
US-Rls,2020-03-02,0.115,2.287,-1.632,0.328,1.296,28.872,-0.075,6.24,-6.39,0.0,29.303,-0.004,1.136,0.928,0.652,168.006,,83.792,50.11,0.318,67.348,3.131,39.172,19.738,US-Rls,US-Rls,sagebrush,0.387,0.339,0.385,0.354,0.421,0.364,0.406,0.566,0.953,0.159,0.162,18.094,115.341,81.63,83.497,684.099,561.575
US-Rls,2020-03-07,0.127,2.565,3.177,0.253,1.306,26.336,4.655,9.67,-0.36,0.0,29.303,0.542,1.0,1.57,5.786,92.817,,82.719,49.602,0.507,38.21,3.981,4.912,27.379,US-Rls,US-Rls,sagebrush,0.272,0.264,0.267,0.235,0.301,0.246,0.288,0.809,1.081,0.214,0.237,18.861,115.913,80.034,82.097,684.324,561.648
US-Rls,2020-03-17,0.117,2.434,3.352,0.266,1.182,32.214,3.65,8.73,-1.43,3.07,29.303,0.483,2.125,2.482,3.519,172.619,,82.741,72.072,0.222,92.037,3.164,37.817,47.43,US-Rls,US-Rls,sagebrush,0.253,0.252,0.248,0.214,0.282,0.229,0.268,0.899,1.153,0.222,0.27,20.744,117.471,77.063,79.525,684.692,561.788
US-Rls,2020-03-22,0.124,3.169,2.138,0.264,1.016,39.931,4.685,11.14,-1.77,0.0,29.303,-0.32,2.438,2.221,5.121,242.164,,83.586,36.917,0.579,91.485,2.742,53.324,44.264,US-Rls,US-Rls,sagebrush,0.062,0.058,0.056,0.026,0.087,0.04,0.073,1.102,1.164,0.209,0.356,21.915,118.524,75.585,78.24,684.849,561.86
US-Rls,2020-03-27,0.125,2.002,0.48,0.256,0.888,29.353,-0.3,5.17,-5.77,0.0,29.303,-0.621,1.449,0.344,-0.539,203.678,,83.201,56.78,0.263,99.056,2.446,66.473,29.925,US-Rls,US-Rls,sagebrush,0.175,0.169,0.168,0.141,0.201,0.15,0.185,0.757,0.931,0.192,0.225,22.631,119.035,74.338,77.205,684.967,561.922
US-Rls,2020-04-01,0.134,1.302,2.979,0.276,0.821,24.171,-2.31,1.55,-6.17,3.47,29.303,-0.239,1.048,0.16,-3.833,139.137,,83.104,80.476,0.095,65.464,2.084,32.158,36.628,US-Rls,US-Rls,sagebrush,0.401,0.409,0.395,0.356,0.43,0.373,0.417,0.643,1.043,0.225,0.166,23.146,119.304,72.752,75.793,685.097,562.002
US-Rls,2020-04-06,0.135,2.568,4.539,0.259,0.768,41.174,5.215,10.03,0.4,0.0,29.303,-0.27,1.264,0.818,4.207,102.678,,82.9,79.882,0.173,43.173,1.775,10.373,26.585,US-Rls,US-Rls,sagebrush,-0.086,-0.066,-0.094,-0.13,-0.061,-0.112,-0.075,1.476,1.39,0.249,0.489,24.769,120.896,71.183,74.388,685.203,562.083
US-Rls,2020-04-11,0.145,3.767,7.149,0.228,0.733,46.431,6.06,12.53,-0.41,0.0,29.303,-0.922,2.09,0.907,6.565,246.367,,83.209,49.147,0.507,116.63,4.757,77.856,49.305,US-Rls,US-Rls,sagebrush,-0.405,-0.365,-0.417,-0.459,-0.38,-0.438,-0.396,2.034,1.628,0.298,0.691,27.079,123.315,69.672,73.037,685.283,562.164
US-Rls,2020-04-16,0.159,2.42,3.885,0.247,0.705,49.371,1.62,7.19,-3.95,0.0,29.303,-1.018,2.689,0.775,0.14,294.349,,83.811,57.373,0.284,164.673,2.401,69.562,64.955,US-Rls,US-Rls,sagebrush,-0.532,-0.512,-0.542,-0.575,-0.504,-0.558,-0.526,2.1,1.568,0.252,0.736,29.54,125.908,68.322,71.866,685.335,562.238
US-Rls,2020-04-21,0.169,5.969,8.309,0.217,0.697,45.943,10.32,17.06,3.58,0.0,29.303,-1.179,3.239,2.253,10.333,247.861,,83.87,40.913,0.77,116.903,2.364,56.957,47.138,US-Rls,US-Rls,sagebrush,-0.637,-0.583,-0.65,-0.695,-0.612,-0.673,-0.631,2.44,1.803,0.341,0.836,32.332,128.903,66.886,70.586,685.369,562.319
US-Rls,2020-04-26,0.179,6.877,12.49,0.228,0.712,51.26,11.74,17.79,5.69,0.0,29.303,-1.518,4.804,2.13,11.008,308.019,,83.752,59.674,0.597,177.334,1.734,82.321,83.807,US-Rls,US-Rls,sagebrush,-0.966,-0.866,-0.981,-1.041,-0.93,-1.009,-0.951,3.389,2.423,0.455,1.168,36.264,133.253,65.05,68.853,685.378,562.424
US-Rls,2020-05-06,0.203,5.861,10.525,0.201,0.676,48.304,7.605,14.0,1.21,1.72,29.303,-2.576,5.521,3.294,8.614,325.794,,84.089,35.19,0.763,159.454,5.713,87.921,66.839,US-Rls,US-Rls,sagebrush,-1.232,-1.157,-1.25,-1.301,-1.199,-1.274,-1.228,3.503,2.27,0.445,1.218,44.131,141.966,62.187,66.275,685.308,562.599
US-Rls,2020-05-11,0.214,10.461,14.962,0.193,0.662,53.996,14.885,21.84,7.93,0.0,29.303,-1.932,5.452,3.393,16.706,279.646,,82.937,22.926,1.507,122.019,3.391,43.568,98.86,US-Rls,US-Rls,sagebrush,-1.605,-1.484,-1.626,-1.697,-1.57,-1.656,-1.592,4.434,2.829,0.61,1.523,49.238,147.726,60.698,64.906,685.229,562.694
US-Rls,2020-05-16,0.221,7.38,9.352,0.214,0.664,45.979,9.395,17.09,1.7,0.0,29.303,-2.138,4.755,1.709,10.38,246.51,,83.45,41.513,0.791,118.348,6.215,59.688,60.241,US-Rls,US-Rls,sagebrush,-1.161,-1.087,-1.176,-1.221,-1.127,-1.197,-1.155,3.39,2.23,0.46,1.167,53.109,152.006,59.449,63.816,685.136,562.777
US-Rls,2020-05-21,0.225,2.68,8.668,0.27,0.804,43.521,6.875,11.36,2.39,4.82,29.303,-1.61,3.875,1.821,5.264,193.39,,83.409,75.538,0.236,101.553,3.539,29.306,87.326,US-Rls,US-Rls,sagebrush,-1.082,-0.995,-1.094,-1.139,-1.046,-1.12,-1.068,3.519,2.437,0.459,1.218,57.172,156.482,57.84,62.338,684.987,562.883
US-Rls,2020-05-26,0.238,6.193,15.373,0.236,0.743,46.458,15.015,20.17,9.86,0.0,29.303,-0.933,4.216,2.73,13.426,221.879,,83.858,71.997,0.456,135.66,2.046,33.118,88.102,US-Rls,US-Rls,sagebrush,-1.604,-1.444,-1.622,-1.681,-1.57,-1.654,-1.59,4.821,3.217,0.718,1.634,62.641,162.649,56.04,60.614,684.771,563.006
US-Rls,2020-05-31,0.245,7.132,17.931,0.214,0.706,59.158,14.06,20.27,7.85,0.0,29.303,-1.366,7.877,4.679,12.988,319.19,,83.516,57.764,0.663,172.828,2.914,65.379,97.539,US-Rls,US-Rls,sagebrush,-2.48,-2.298,-2.504,-2.572,-2.425,-2.551,-2.453,6.395,3.915,0.883,2.195,70.017,171.099,54.358,59.009,684.515,563.127
US-Rls,2020-06-05,0.258,13.509,17.515,0.204,0.682,57.442,18.67,28.46,8.88,0.0,29.303,-0.718,4.603,2.609,20.026,275.176,,82.791,31.788,1.757,127.579,2.466,20.081,120.193,US-Rls,US-Rls,sagebrush,-2.095,-1.921,-2.119,-2.185,-2.051,-2.158,-2.076,5.674,3.579,0.922,1.892,76.319,178.276,52.888,57.638,684.24,563.239
US-Rls,2020-06-10,0.265,8.383,14.708,0.233,0.727,58.478,14.535,22.07,7.0,0.0,29.303,-2.22,6.029,4.474,14.684,332.096,,84.162,55.686,0.811,173.767,2.393,60.703,80.675,US-Rls,US-Rls,sagebrush,-2.565,-2.414,-2.586,-2.671,-2.491,-2.634,-2.542,6.393,3.827,0.821,2.218,83.745,186.768,51.39,56.25,683.917,563.355
US-Rls,2020-06-15,0.255,3.517,12.364,0.233,0.713,38.151,10.155,15.03,5.28,3.44,29.303,-1.355,3.541,2.92,9.453,123.947,,83.49,69.985,0.378,68.165,1.7,21.233,42.98,US-Rls,US-Rls,sagebrush,-1.293,-1.163,-1.31,-1.382,-1.257,-1.339,-1.282,4.069,2.775,0.757,1.318,88.045,191.534,50.126,55.13,683.596,563.46
US-Rls,2020-06-30,0.191,4.359,12.23,0.268,0.743,51.035,12.54,17.85,7.23,2.02,29.303,-0.784,5.277,4.066,12.033,314.561,,83.435,63.372,0.583,191.951,3.108,65.651,119.836,US-Rls,US-Rls,sagebrush,-1.01,-0.852,-1.026,-1.127,-0.939,-1.067,-0.985,3.82,2.81,0.839,1.187,102.38,207.514,45.804,51.122,682.224,563.833
US-Rls,2020-07-05,0.173,8.694,17.799,0.217,0.708,59.554,17.655,24.52,10.79,0.0,29.303,-1.849,5.568,4.704,18.123,356.839,,83.892,37.888,1.351,171.4,2.267,78.301,78.731,US-Rls,US-Rls,sagebrush,-1.01,-0.801,-1.031,-1.124,-0.942,-1.08,-0.982,4.147,3.137,1.205,1.171,106.104,211.604,44.564,49.987,681.716,563.952
US-Rls,2020-07-20,0.144,11.314,20.842,0.164,0.639,57.156,21.22,28.77,13.67,0.0,29.303,-1.366,3.274,1.946,22.69,344.345,,83.92,29.796,2.006,148.602,2.538,105.987,29.989,US-Rls,US-Rls,sagebrush,-0.292,-0.087,-0.314,-0.425,-0.193,-0.377,-0.257,2.989,2.698,1.541,0.577,113.417,217.985,42.014,49.225,680.349,564.242
US-Rls,2020-07-25,0.135,9.175,20.551,0.191,0.631,55.818,19.155,26.01,12.3,0.0,29.303,-1.207,2.301,2.556,19.413,316.724,,83.827,29.286,1.664,135.457,2.163,96.004,42.412,US-Rls,US-Rls,sagebrush,-0.095,0.134,-0.111,-0.224,0.008,-0.183,-0.049,2.839,2.744,1.522,0.524,114.849,216.926,41.036,50.741,679.802,564.353
US-Rls,2020-07-30,0.129,14.396,23.6,0.173,0.62,55.257,25.0,32.68,17.32,0.0,29.303,-0.314,2.576,1.693,26.364,313.488,,83.93,24.705,2.697,124.894,7.339,87.264,29.031,US-Rls,US-Rls,sagebrush,0.378,0.638,0.361,0.206,0.539,0.27,0.443,2.344,2.722,1.832,0.204,115.153,213.169,40.139,53.621,679.273,564.46
US-Rls,2020-08-04,0.126,10.902,20.335,0.155,0.612,53.394,20.565,28.19,12.94,0.0,29.303,-1.049,2.672,1.025,21.633,325.266,,83.931,28.642,1.943,131.33,2.336,103.969,17.069,US-Rls,US-Rls,sagebrush,0.0,0.174,-0.018,-0.118,0.085,-0.065,0.036,2.386,2.386,1.488,0.357,115.967,209.184,39.571,57.664,678.884,564.543
US-Rls,2020-08-09,0.12,8.899,18.968,0.143,0.607,51.701,18.935,25.89,11.98,0.0,29.303,-1.289,2.561,1.285,19.69,316.693,,84.036,34.966,1.57,132.639,2.475,115.654,12.391,US-Rls,US-Rls,sagebrush,-0.079,0.058,-0.097,-0.173,-0.012,-0.131,-0.055,2.269,2.19,1.357,0.363,116.785,204.682,39.178,62.368,678.582,564.614
US-Rls,2020-08-14,0.113,10.118,18.031,0.132,0.604,51.105,18.33,26.48,10.18,0.0,29.303,-1.201,2.626,0.921,19.333,313.645,,84.209,19.524,1.869,119.716,2.188,101.226,13.055,US-Rls,US-Rls,sagebrush,-0.036,0.077,-0.055,-0.118,0.024,-0.093,-0.017,2.021,1.984,1.268,0.3,117.371,199.695,38.919,67.382,678.351,564.674
US-Rls,2020-08-19,0.108,12.495,24.572,0.132,0.603,46.956,24.085,29.92,18.25,0.0,29.303,0.56,1.353,1.531,25.03,130.334,,83.796,31.776,2.209,20.158,3.748,12.797,19.606,US-Rls,US-Rls,sagebrush,0.543,0.475,0.55,0.423,0.67,0.481,0.624,1.646,2.189,1.646,0.0,116.921,193.605,38.48,71.824,678.095,564.75
US-Rls,2020-08-24,0.12,9.51,23.164,0.124,0.603,39.489,21.425,27.34,15.51,3.16,29.303,0.487,1.384,1.748,23.219,126.819,,83.718,26.699,2.19,25.556,3.229,15.502,19.279,US-Rls,US-Rls,sagebrush,0.461,0.399,0.415,0.3,0.51,0.369,0.465,1.709,2.17,1.67,0.016,116.517,187.67,38.172,76.294,677.903,564.816
US-Rls,2020-09-08,0.122,6.172,13.164,0.143,0.589,43.766,9.04,16.3,1.78,0.0,29.303,-0.585,2.444,1.739,8.049,270.118,,84.226,31.767,0.803,92.336,2.008,85.671,7.508,US-Rls,US-Rls,sagebrush,-0.182,-0.127,-0.191,-0.256,-0.128,-0.221,-0.159,1.876,1.693,0.861,0.404,117.845,171.019,36.989,90.47,677.444,565.032
US-Rls,2020-09-13,0.112,15.59,17.154,0.136,0.588,41.913,19.475,28.91,10.04,0.0,29.303,-0.154,1.367,0.673,22.346,223.96,,83.876,12.633,2.386,48.771,2.914,32.698,8.908,US-Rls,US-Rls,sagebrush,0.278,0.37,0.267,0.211,0.345,0.238,0.296,1.426,1.704,1.08,0.138,117.871,164.883,36.766,95.415,677.383,565.092
US-Rls,2020-09-18,0.102,10.394,17.52,0.129,0.588,27.074,16.51,22.26,10.76,0.0,29.303,0.881,0.846,1.468,18.696,71.776,,83.577,29.007,1.589,-21.339,4.518,-18.904,10.044,US-Rls,US-Rls,sagebrush,0.47,0.347,0.483,0.36,0.597,0.416,0.541,0.929,1.399,0.929,0.0,105.99,158.445,48.017,100.105,677.355,565.149
US-Rls,2020-09-23,0.102,11.407,15.956,0.125,0.589,36.995,17.535,23.74,11.33,0.0,29.303,-0.031,1.663,1.647,19.607,157.187,,83.875,20.118,1.874,25.655,3.472,24.102,8.325,US-Rls,US-Rls,sagebrush,0.267,0.319,0.256,0.194,0.35,0.221,0.288,1.23,1.498,0.92,0.124,95.733,152.799,57.96,104.606,677.426,565.199
US-Rls,2020-10-08,0.104,13.69,12.205,0.124,0.591,32.13,15.29,23.32,7.26,0.0,29.303,0.395,1.436,1.24,17.631,164.77,,83.509,15.396,1.728,15.472,2.267,13.284,5.135,US-Rls,US-Rls,sagebrush,0.271,0.289,0.264,0.193,0.369,0.223,0.306,0.906,1.177,0.611,0.117,70.685,137.477,81.578,116.749,678.025,565.329
US-Rls,2020-10-13,0.104,10.53,10.604,0.188,0.593,23.079,11.78,17.82,5.74,0.81,29.303,1.327,0.659,1.93,12.841,68.273,,83.923,51.685,0.737,1.011,4.835,-12.065,21.627,US-Rls,US-Rls,sagebrush,0.669,0.548,0.674,0.579,0.793,0.622,0.722,0.663,1.333,0.524,0.055,63.751,132.664,86.991,119.17,678.521,565.399
US-Rls,2020-10-18,0.099,10.527,8.759,0.182,0.589,18.282,11.95,17.52,6.38,0.0,29.303,0.096,1.646,1.881,12.626,170.564,,83.834,43.733,0.836,57.047,4.047,39.342,17.171,US-Rls,US-Rls,sagebrush,0.676,0.481,0.671,0.571,0.787,0.621,0.715,0.45,1.126,0.442,0.003,57.335,127.517,91.812,121.977,679.014,565.46
US-Rls,2020-10-23,0.099,6.165,1.346,0.18,0.584,26.614,3.46,10.91,-3.99,0.0,29.303,0.036,1.319,1.109,3.885,160.49,,83.751,28.565,0.624,50.05,2.832,33.741,10.708,US-Rls,US-Rls,sagebrush,0.32,0.266,0.322,0.252,0.392,0.285,0.356,0.486,0.806,0.266,0.088,51.858,122.566,96.494,125.726,679.37,565.5
US-Rls,2020-10-28,0.097,8.661,2.34,0.204,0.575,24.624,8.105,16.13,0.08,0.0,29.303,0.072,0.42,1.542,11.035,151.237,,84.301,31.359,0.916,25.574,2.077,13.147,13.286,US-Rls,US-Rls,sagebrush,0.472,0.39,0.475,0.403,0.55,0.439,0.508,0.446,0.918,0.267,0.071,46.877,117.156,100.286,129.428,679.859,565.549
US-Rls,2020-11-07,0.09,2.112,6.112,0.194,0.584,15.442,0.3,4.27,-3.67,4.52,29.303,1.185,0.305,0.603,0.996,30.529,,81.876,85.282,0.104,-12.087,2.294,-2.53,11.371,US-Rls,US-Rls,sagebrush,0.671,0.474,0.668,0.571,0.773,0.624,0.719,0.354,1.025,0.296,0.023,38.111,107.464,105.912,134.76,681.074,565.66
US-Rls,2020-11-12,0.088,2.143,-1.015,0.255,0.598,18.867,-4.1,2.09,-10.29,0.0,29.303,0.39,0.804,1.074,-3.305,116.572,,83.603,60.86,0.194,5.611,2.329,-0.036,15.742,US-Rls,US-Rls,sagebrush,0.594,0.423,0.593,0.523,0.67,0.563,0.627,0.269,0.863,0.182,0.035,34.39,104.02,108.1,136.096,681.694,565.713
US-Rls,2020-11-17,0.088,2.999,2.291,0.264,0.784,15.495,7.86,12.62,3.1,8.51,29.303,2.212,0.527,2.93,7.586,44.87,,83.091,54.967,0.512,-14.459,3.601,-49.854,48.797,US-Rls,US-Rls,sagebrush,0.803,0.571,0.8,0.708,0.895,0.761,0.842,0.275,1.078,0.211,0.026,31.012,103.763,109.393,133.531,682.516,565.781
US-Rls,2020-11-27,0.107,1.87,-2.719,0.345,0.732,15.674,-1.15,4.24,-6.54,0.0,29.303,0.889,0.712,1.26,-1.938,105.351,,84.466,67.534,0.175,-6.627,1.542,1.536,6.266,US-Rls,US-Rls,sagebrush,0.748,0.543,0.747,0.668,0.836,0.713,0.786,0.257,1.004,0.148,0.043,25.337,104.089,111.568,128.684,683.898,565.899
US-Rls,2020-12-02,0.105,1.518,-5.257,0.351,0.755,14.598,-2.26,2.34,-6.86,0.0,29.303,0.605,0.449,0.639,-2.165,102.827,,84.631,54.579,0.248,-5.448,3.184,-4.503,16.189,US-Rls,US-Rls,sagebrush,0.65,0.442,0.648,0.577,0.724,0.616,0.68,0.169,0.82,0.125,0.018,22.844,104.162,112.291,126.424,684.546,565.956
US-Rls,2020-12-07,0.105,2.479,-5.612,0.346,0.793,14.671,0.625,7.22,-5.97,0.0,29.303,0.898,0.482,1.675,0.678,96.743,,84.843,53.524,0.302,-2.83,1.43,3.622,4.404,US-Rls,US-Rls,sagebrush,0.612,0.418,0.61,0.543,0.679,0.581,0.646,0.171,0.784,0.12,0.02,20.612,104.246,112.833,124.303,685.156,566.01
US-Rls,2020-12-12,0.104,1.304,-3.912,0.34,0.818,13.77,-5.2,-0.33,-10.07,0.0,29.303,0.381,0.512,0.844,-5.49,84.551,,83.648,65.462,0.144,-19.74,2.217,-4.245,3.168,US-Rls,US-Rls,sagebrush,0.702,0.478,0.699,0.634,0.772,0.666,0.729,0.156,0.858,0.131,0.01,18.569,104.287,112.928,121.966,685.829,566.072
US-Rls,2020-12-17,0.103,1.164,-1.615,0.361,0.837,11.527,1.115,3.77,-1.54,2.8,29.303,1.083,0.4,1.424,0.824,52.642,,83.083,78.975,0.135,13.813,4.631,-17.362,20.656,US-Rls,US-Rls,sagebrush,0.901,0.623,0.899,0.822,0.991,0.864,0.933,0.142,1.043,0.142,0.0,16.697,104.287,112.289,119.066,686.658,566.15
US-Rls,2020-12-22,0.103,2.141,-1.151,0.39,0.874,10.563,-1.135,5.22,-7.49,0.0,29.303,1.49,0.345,0.81,-2.585,66.504,,83.478,60.702,0.217,-20.627,6.21,-15.374,19.765,US-Rls,US-Rls,sagebrush,0.98,0.709,0.982,0.894,1.089,0.942,1.024,0.186,1.166,0.15,0.014,16.72,103.983,109.507,116.243,687.555,566.239
US-Rls,2020-12-27,0.102,1.516,-3.112,0.394,0.891,13.808,-3.38,1.64,-8.4,0.0,29.303,1.199,0.396,1.087,-3.262,88.744,,83.74,76.5,0.118,-23.762,2.198,,,US-Rls,US-Rls,sagebrush,0.83,0.605,0.83,0.762,0.906,0.795,0.861,0.191,1.021,0.133,0.023,16.775,104.078,107.123,113.506,688.298,566.317
US-Rls,2021-01-01,0.101,1.429,-3.479,0.386,0.909,12.935,-1.745,2.37,-5.86,0.0,29.303,1.238,0.771,2.054,-1.193,68.127,,83.812,72.337,0.159,2.105,1.457,,,US-Rls,US-Rls,sagebrush,0.79,0.568,0.789,0.729,0.856,0.755,0.814,0.162,0.951,0.13,0.013,16.791,104.13,104.907,110.964,688.963,566.392
US-Rls,2021-01-06,0.1,1.785,-1.264,0.398,0.972,12.065,0.25,4.82,-4.32,0.0,29.303,1.152,0.83,2.155,-0.148,50.746,,83.831,62.61,0.235,-10.187,1.688,-11.031,16.376,US-Rls,US-Rls,sagebrush,0.93,0.702,0.931,0.862,1.018,0.899,0.967,0.205,1.135,0.149,0.022,16.844,103.86,102.273,108.318,689.719,566.484
US-Rls,2021-01-11,0.1,1.689,-3.054,0.396,0.986,13.175,-2.33,2.92,-7.58,0.0,29.303,1.054,0.695,0.113,-3.889,91.224,,84.238,77.195,0.104,-0.413,0.961,12.836,5.331,US-Rls,US-Rls,sagebrush,0.793,0.596,0.792,0.736,0.853,0.761,0.816,0.192,0.985,0.133,0.023,16.899,103.957,100.03,105.748,690.337,566.564
US-Rls,2021-01-21,0.09,1.376,-3.995,0.4,1.04,9.673,0.4,3.76,-2.96,0.0,29.303,1.143,0.233,0.42,1.536,43.133,,83.416,62.074,0.265,11.24,1.287,-4.608,10.158,US-Rls,US-Rls,sagebrush,0.753,0.549,0.757,0.703,0.805,0.732,0.781,0.093,0.847,0.093,0.0,17.004,104.14,95.563,100.645,691.479,566.731
US-Rls,2021-01-26,0.072,0.984,-5.282,0.389,1.049,16.054,-5.66,-2.02,-9.3,0.0,29.303,0.467,0.549,0.59,-5.814,88.299,,82.509,69.264,0.13,28.139,3.17,19.952,12.775,US-Rls,US-Rls,sagebrush,0.65,0.466,0.654,0.6,0.697,0.632,0.676,0.07,0.719,0.07,0.0,16.977,104.14,93.838,98.671,691.889,566.798
US-Rls,2021-01-31,0.03,2.036,-2.351,0.412,1.069,18.441,0.475,5.72,-4.77,0.0,29.303,1.308,0.668,1.565,0.08,129.064,,84.01,64.443,0.223,13.387,4.269,-4.183,26.72,US-Rls,US-Rls,sagebrush,0.853,0.643,0.861,0.81,0.918,0.834,0.888,0.012,0.865,0.012,0.0,16.954,104.14,91.574,96.097,692.396,566.888
US-Rls,2021-02-05,0.034,1.14,-1.474,0.402,1.093,12.454,1.515,4.04,-1.01,0.0,29.303,1.822,0.743,2.61,1.177,66.976,,83.6,67.574,0.216,-12.681,7.302,-49.504,50.59,US-Rls,US-Rls,sagebrush,0.867,0.668,0.876,0.828,0.937,0.852,0.905,0.013,0.88,0.013,0.0,16.929,103.778,89.286,93.864,692.873,566.982
US-Rls,2021-02-10,0.042,2.116,-2.182,0.383,1.105,21.918,-0.295,5.55,-6.14,0.0,29.303,0.796,1.154,3.064,1.336,160.914,,83.354,36.84,0.431,34.837,3.476,6.982,31.954,US-Rls,US-Rls,sagebrush,0.769,0.591,0.775,0.729,0.825,0.753,0.805,0.069,0.838,0.069,0.0,16.901,103.778,87.279,91.576,693.266,567.066
US-Rls,2021-02-15,0.049,1.234,0.027,0.288,1.299,15.673,0.33,3.32,-2.66,6.38,29.303,1.696,1.034,3.791,0.645,72.138,,82.532,80.103,0.132,-5.266,7.562,-44.57,44.802,US-Rls,US-Rls,sagebrush,0.638,0.495,0.644,0.602,0.683,0.622,0.669,0.067,0.706,0.067,0.0,16.859,103.417,85.643,90.053,693.567,567.137
US-Rls,2021-02-20,0.058,1.14,-0.335,0.359,1.255,17.747,-2.735,0.7,-6.17,0.0,29.303,0.915,0.362,0.947,-3.081,124.732,,83.687,76.932,0.113,-14.867,4.39,-22.524,9.152,US-Rls,US-Rls,sagebrush,0.79,0.63,0.797,0.743,0.844,0.772,0.825,0.095,0.885,0.095,0.0,16.828,103.057,83.609,88.091,693.911,567.227
US-Rls,2021-02-25,0.066,1.705,-3.525,0.374,1.241,18.811,-4.19,2.0,-10.38,0.0,29.303,0.84,0.632,1.301,-3.397,115.68,,83.946,46.651,0.255,-6.831,4.768,-26.096,34.818,US-Rls,US-Rls,sagebrush,0.643,0.505,0.637,0.591,0.683,0.61,0.661,0.139,0.782,0.129,0.004,16.813,103.073,81.956,86.194,694.17,567.302
US-Rls,2021-03-02,0.073,2.856,-1.217,0.385,1.237,32.524,2.93,9.45,-3.59,0.0,29.303,1.162,0.803,2.042,3.874,203.709,,83.54,43.608,0.463,45.198,1.275,-3.523,17.652,US-Rls,US-Rls,sagebrush,0.664,0.599,0.662,0.62,0.717,0.636,0.687,0.339,1.003,0.148,0.076,17.049,103.028,79.976,84.295,694.449,567.394
US-Rls,2021-03-07,0.092,2.566,0.291,0.286,1.304,26.913,1.88,8.1,-4.34,0.0,29.303,0.918,1.784,2.202,1.806,168.39,,83.584,54.718,0.332,64.874,2.312,24.166,39.38,US-Rls,US-Rls,sagebrush,0.436,0.411,0.432,0.398,0.475,0.413,0.453,0.448,0.884,0.162,0.114,17.399,103.136,78.463,82.9,694.644,567.466
US-Rls,2021-03-22,0.111,1.408,0.775,0.261,1.122,16.383,0.0,3.55,-3.55,9.46,29.303,0.475,0.854,0.636,-0.807,120.506,,83.341,79.78,0.127,57.535,3.649,7.377,38.17,US-Rls,US-Rls,sagebrush,0.456,0.448,0.451,0.411,0.49,0.432,0.473,0.321,0.778,0.172,0.059,19.221,104.4,74.517,79.343,695.068,567.665
US-Rls,2021-03-27,0.121,3.587,1.631,0.271,1.078,41.137,5.155,12.42,-2.11,0.0,29.303,-0.663,2.246,1.237,6.182,261.653,,84.327,45.988,0.556,119.135,2.4,63.049,47.06,US-Rls,US-Rls,sagebrush,0.063,0.06,0.057,0.025,0.093,0.038,0.076,1.065,1.128,0.181,0.352,20.385,105.482,73.086,78.018,695.188,567.739
US-Rls,2021-04-01,0.12,6.316,2.403,0.253,0.963,44.385,9.155,18.7,-0.39,0.0,29.303,-0.37,2.702,1.518,10.405,276.058,,83.614,24.233,1.044,112.727,3.113,52.263,48.746,US-Rls,US-Rls,sagebrush,0.015,0.022,0.008,-0.025,0.043,-0.012,0.027,1.118,1.132,0.193,0.368,21.598,106.627,71.731,76.773,695.284,567.812
US-Rls,2021-04-06,0.117,3.952,3.197,0.234,0.79,46.018,4.3,11.72,-3.12,0.0,29.303,-1.282,2.903,1.176,4.177,284.74,,83.604,36.063,0.584,118.846,3.027,81.411,33.045,US-Rls,US-Rls,sagebrush,-0.086,-0.069,-0.094,-0.128,-0.06,-0.113,-0.077,1.244,1.158,0.206,0.413,22.96,107.953,70.474,75.632,695.357,567.881
US-Rls,2021-04-16,0.123,4.18,4.408,0.221,0.694,44.03,5.49,11.44,-0.46,0.0,29.303,-0.745,2.569,0.892,5.151,247.712,,83.895,47.922,0.493,108.592,1.991,73.156,17.878,US-Rls,US-Rls,sagebrush,-0.142,-0.112,-0.151,-0.186,-0.117,-0.169,-0.132,1.347,1.205,0.232,0.444,26.038,111.034,68.075,73.464,695.454,568.017
US-Rls,2021-04-21,0.112,4.833,5.256,0.208,0.676,52.408,5.94,12.66,-0.78,0.0,29.303,-1.295,3.447,1.228,6.634,321.035,,83.317,24.06,0.765,135.349,4.357,103.198,26.045,US-Rls,US-Rls,sagebrush,-0.223,-0.185,-0.232,-0.267,-0.197,-0.253,-0.212,1.47,1.247,0.25,0.486,27.632,112.644,66.928,72.431,695.479,568.085
US-Rls,2021-04-26,0.121,1.45,7.041,0.243,0.683,42.936,2.535,5.59,-0.52,11.01,29.303,0.506,2.023,2.315,1.348,106.942,,82.698,82.855,0.124,59.14,2.353,41.508,25.549,US-Rls,US-Rls,sagebrush,0.014,0.071,0.005,-0.042,0.047,-0.019,0.028,1.378,1.392,0.285,0.435,29.054,114.04,65.404,70.968,695.488,568.175
US-Rls,2021-05-01,0.131,5.501,13.338,0.225,0.749,41.346,11.34,16.84,5.84,0.0,29.303,-0.962,3.438,2.423,11.742,238.323,,83.358,49.802,0.709,127.08,3.353,71.968,50.983,US-Rls,US-Rls,sagebrush,-0.123,0.003,-0.134,-0.208,-0.052,-0.176,-0.096,1.988,1.865,0.425,0.622,31.112,116.198,63.561,69.124,695.461,568.286
US-Rls,2021-05-06,0.132,12.283,11.443,0.208,0.708,56.898,16.495,25.94,7.05,0.0,29.303,-0.519,3.364,2.812,17.278,270.653,,83.552,25.688,1.555,123.737,3.164,45.089,64.707,US-Rls,US-Rls,sagebrush,-0.422,-0.322,-0.434,-0.482,-0.384,-0.461,-0.405,2.209,1.787,0.39,0.724,33.511,118.769,62.087,67.699,695.407,568.379
US-Rls,2021-05-21,0.159,1.034,6.247,0.184,0.659,33.92,2.9,4.96,0.84,6.36,29.303,1.687,0.998,0.856,1.75,44.916,,83.053,90.598,0.064,29.561,2.689,-17.024,25.681,US-Rls,US-Rls,sagebrush,-0.015,0.042,-0.024,-0.06,0.017,-0.045,-0.004,1.052,1.038,0.316,0.293,39.762,125.371,58.774,64.673,695.168,568.603
US-Rls,2021-05-26,0.171,5.501,10.679,0.239,0.704,58.793,9.605,15.8,3.41,0.0,29.303,-2.34,4.491,1.039,9.037,308.256,,83.979,67.136,0.408,169.03,2.083,72.409,75.956,US-Rls,US-Rls,sagebrush,-1.151,-1.045,-1.162,-1.208,-1.115,-1.188,-1.141,3.545,2.395,0.418,1.245,43.943,130.051,57.235,63.162,695.006,568.709
US-Rls,2021-06-05,0.177,11.691,19.087,0.189,0.665,58.743,16.5,24.97,8.03,0.0,29.303,-3.007,5.71,2.285,18.487,354.079,,83.383,31.749,1.538,163.846,3.65,85.217,83.838,US-Rls,US-Rls,sagebrush,-1.129,-0.922,-1.144,-1.222,-1.06,-1.186,-1.104,3.907,2.777,0.77,1.249,52.416,139.578,54.235,60.183,694.568,568.926
US-Rls,2021-06-10,0.181,3.361,14.369,0.229,0.667,43.475,7.545,12.93,2.16,16.04,29.303,-0.98,3.403,1.36,6.732,216.776,,83.738,68.428,0.364,124.719,4.031,76.939,75.595,US-Rls,US-Rls,sagebrush,-0.881,-0.72,-0.892,-0.941,-0.843,-0.918,-0.864,3.37,2.489,0.607,1.1,56.055,143.612,52.683,58.64,694.278,569.043
US-Rls,2021-06-15,0.187,11.149,19.959,0.21,0.689,58.55,17.58,25.59,9.57,0.0,29.303,-3.303,4.806,3.5,19.019,232.762,,83.912,34.361,1.605,167.995,3.503,123.329,68.22,US-Rls,US-Rls,sagebrush,-1.148,-0.905,-1.161,-1.24,-1.07,-1.212,-1.123,4.226,3.078,0.885,1.33,60.466,148.576,50.998,56.925,693.909,569.174
US-Rls,2021-06-20,0.162,11.059,20.221,0.188,0.66,58.43,19.495,26.35,12.64,0.0,29.303,-2.136,4.58,0.722,20.295,363.181,,83.709,33.881,1.63,166.52,3.014,126.893,35.281,US-Rls,US-Rls,sagebrush,-0.833,-0.601,-0.847,-0.923,-0.763,-0.888,-0.8,3.567,2.734,0.941,1.046,63.871,152.354,49.61,55.543,693.546,569.289
US-Rls,2021-06-25,0.141,11.607,20.22,0.181,0.641,57.972,20.31,26.56,14.06,0.0,29.303,-1.846,3.529,1.428,21.427,350.593,,83.816,36.281,1.698,161.607,3.745,135.231,26.339,US-Rls,US-Rls,sagebrush,-0.482,-0.254,-0.495,-0.584,-0.416,-0.535,-0.446,2.942,2.46,0.973,0.784,66.357,154.28,48.349,55.067,693.171,569.399
US-Rls,2021-06-30,0.14,16.787,25.048,0.163,0.628,56.449,26.4,32.72,20.08,0.0,29.303,-0.643,2.815,2.029,27.089,343.92,,83.593,20.16,2.959,159.681,4.971,84.421,38.29,US-Rls,US-Rls,sagebrush,0.028,0.336,0.016,-0.145,0.172,-0.074,0.112,2.48,2.508,1.33,0.458,67.7,153.605,47.096,55.808,692.762,569.511
US-Rls,2021-07-10,0.121,19.805,22.666,0.135,0.612,58.811,25.065,33.78,16.35,0.0,29.303,-1.348,2.529,1.414,27.006,330.575,,84.119,11.654,3.239,123.596,2.553,90.556,15.091,US-Rls,US-Rls,sagebrush,0.026,0.243,0.013,-0.095,0.122,-0.04,0.07,1.967,1.993,1.151,0.325,69.655,149.306,45.294,60.043,692.106,569.691
US-Rls,2021-07-30,0.12,18.929,25.105,0.11,0.598,50.891,24.11,31.51,16.71,0.0,29.303,-0.635,1.907,2.048,25.813,239.938,,84.024,28.936,2.416,98.041,3.515,76.882,11.02,US-Rls,US-Rls,sagebrush,0.177,0.34,0.162,0.023,0.303,0.088,0.233,1.724,1.901,1.285,0.175,72.651,136.181,43.096,72.913,691.284,569.959
US-Rls,2021-08-04,0.106,19.346,24.416,0.135,0.593,52.309,24.705,33.08,16.33,0.0,29.303,-0.432,1.938,1.926,25.817,235.857,,83.951,24.447,2.586,87.903,2.68,53.046,24.154,US-Rls,US-Rls,sagebrush,0.419,0.504,0.408,0.288,0.536,0.344,0.476,1.499,1.918,1.211,0.114,72.768,131.722,42.362,76.012,691.084,570.043
US-Rls,2021-08-09,0.108,11.009,17.9,0.124,0.588,52.71,15.57,24.16,6.98,0.0,29.303,-0.996,2.667,0.816,16.173,314.426,,83.955,31.634,1.333,121.496,2.143,104.751,7.251,US-Rls,US-Rls,sagebrush,-0.258,-0.141,-0.268,-0.324,-0.191,-0.295,-0.245,1.93,1.672,0.8,0.45,74.037,128.427,41.946,79.811,690.96,570.102
US-Rls,2021-08-14,0.098,16.567,24.79,0.117,0.586,49.394,24.985,31.91,18.06,0.0,29.303,-0.622,1.864,0.957,26.21,244.654,,84.313,18.06,2.847,75.144,2.421,67.378,6.402,US-Rls,US-Rls,sagebrush,0.404,0.382,0.384,0.27,0.515,0.325,0.442,1.361,1.766,1.201,0.064,73.962,123.467,41.433,83.39,690.838,570.17
US-Rls,2021-08-19,0.074,8.696,14.747,0.11,0.584,49.305,13.91,20.85,6.97,0.0,29.303,-0.975,2.22,0.546,14.148,268.451,,83.635,48.691,0.925,104.091,3.091,97.431,3.88,US-Rls,US-Rls,sagebrush,0.069,0.151,0.061,-0.001,0.135,0.031,0.091,1.055,1.124,0.638,0.166,74.236,118.988,41.23,87.471,690.777,570.213
US-Rls,2021-08-24,0.108,14.359,16.343,0.106,0.582,48.174,16.16,23.89,8.43,0.0,29.303,-1.074,2.254,1.591,16.37,264.801,,83.626,22.664,1.491,94.105,2.323,86.8,5.835,US-Rls,US-Rls,sagebrush,-0.23,-0.136,-0.239,-0.306,-0.156,-0.271,-0.207,1.618,1.388,0.688,0.37,75.212,115.392,41.028,91.445,690.733,570.256
US-Rls,2021-08-29,0.122,16.919,15.265,0.102,0.58,47.46,18.53,27.29,9.77,0.0,29.303,-1.181,1.973,1.61,20.325,268.939,,83.674,23.168,1.933,92.847,2.422,72.301,5.545,US-Rls,US-Rls,sagebrush,-0.331,-0.248,-0.34,-0.413,-0.259,-0.373,-0.302,1.687,1.356,0.636,0.419,76.347,112.06,40.887,95.422,690.708,570.295
US-Rls,2021-09-18,0.092,14.0,15.139,0.111,0.578,30.615,15.965,23.06,8.87,5.9,29.303,-0.007,1.346,1.705,16.345,185.096,,83.292,34.621,1.367,65.307,5.57,48.297,8.973,US-Rls,US-Rls,sagebrush,0.242,0.237,0.237,0.172,0.332,0.2,0.274,0.799,1.041,0.591,0.083,77.843,96.465,40.2,109.114,690.765,570.463
US-Rls,2021-09-23,0.089,11.635,12.948,0.18,0.577,37.32,13.195,19.69,6.7,0.0,29.303,-0.486,1.769,1.478,13.328,222.744,,84.257,45.529,0.894,75.592,2.332,64.715,13.099,US-Rls,US-Rls,sagebrush,0.42,0.458,0.424,0.369,0.525,0.39,0.46,0.909,1.329,0.506,0.16,70.55,92.75,47.157,110.905,690.844,570.542
US-Rls,2021-10-03,0.087,12.61,10.568,0.174,0.569,33.519,14.365,22.79,5.94,0.0,29.303,-0.318,1.82,1.107,16.624,206.44,,84.037,20.735,1.551,49.097,3.234,33.186,8.285,US-Rls,US-Rls,sagebrush,0.409,0.419,0.411,0.35,0.509,0.379,0.446,0.713,1.122,0.384,0.131,57.88,84.919,58.69,114.963,691.185,570.684
US-Rls,2021-10-08,0.087,1.789,12.173,0.182,0.566,21.856,7.64,10.35,4.93,7.51,29.303,1.55,0.227,0.552,7.616,39.555,,83.32,78.075,0.239,19.32,2.249,-17.116,42.101,US-Rls,US-Rls,sagebrush,0.574,0.527,0.578,0.509,0.688,0.541,0.622,0.628,1.202,0.395,0.093,52.366,80.928,63.256,116.677,691.466,570.761
US-Rls,2021-10-13,0.097,1.616,2.432,0.222,0.621,21.705,1.09,4.92,-2.74,0.0,29.303,0.882,0.526,1.23,1.277,64.647,,83.384,58.676,0.279,11.612,2.546,13.589,16.141,US-Rls,US-Rls,sagebrush,0.41,0.356,0.413,0.364,0.479,0.385,0.438,0.451,0.861,0.205,0.098,47.425,79.672,67.49,116.274,691.722,570.819
US-Rls,2021-10-18,0.095,2.98,8.86,0.203,0.622,24.261,8.775,12.66,4.89,0.0,29.303,0.801,1.068,1.87,9.56,82.752,,82.824,39.03,0.744,6.729,1.99,9.127,8.384,US-Rls,US-Rls,sagebrush,0.492,0.462,0.496,0.429,0.595,0.462,0.533,0.675,1.167,0.288,0.154,43.176,78.724,70.844,115.226,692.079,570.894
US-Rls,2021-10-23,0.096,1.5,9.651,0.216,0.617,19.571,4.83,7.53,2.13,4.62,29.303,1.264,0.652,1.555,4.251,59.78,,82.969,76.815,0.196,9.042,3.482,-0.46,27.656,US-Rls,US-Rls,sagebrush,0.671,0.608,0.678,0.6,0.786,0.637,0.717,0.536,1.207,0.29,0.098,39.162,77.343,73.516,114.087,692.499,570.979
US-Rls,2021-10-28,0.098,3.925,6.623,0.245,0.746,19.574,11.685,16.67,6.7,0.0,29.303,0.854,1.62,2.691,11.954,150.239,,84.363,60.851,0.568,45.97,3.849,20.462,25.123,US-Rls,US-Rls,sagebrush,0.657,0.591,0.664,0.595,0.762,0.625,0.696,0.501,1.157,0.231,0.108,35.585,77.515,75.73,111.477,692.932,571.063
US-Rls,2021-11-02,0.103,2.267,7.73,0.241,0.709,18.106,7.005,10.68,3.33,0.0,29.303,1.198,1.208,2.289,7.024,85.778,,84.226,79.929,0.206,29.644,1.616,11.2,16.633,US-Rls,US-Rls,sagebrush,0.667,0.611,0.674,0.601,0.784,0.634,0.705,0.542,1.208,0.239,0.12,32.414,77.74,77.461,108.825,693.379,571.151
US-Rls,2021-11-07,0.104,1.788,6.867,0.231,0.696,11.697,0.71,5.13,-3.71,0.0,29.303,0.802,1.083,1.556,0.391,115.005,,83.842,65.74,0.225,21.704,1.855,16.284,21.089,US-Rls,US-Rls,sagebrush,0.696,0.574,0.702,0.64,0.799,0.668,0.735,0.342,1.039,0.221,0.048,29.313,77.668,78.999,106.497,693.78,571.231
US-Rls,2021-11-12,0.102,3.757,4.515,0.27,0.812,16.997,9.39,14.96,3.82,0.0,29.303,0.818,2.149,3.168,11.024,117.78,,84.452,60.911,0.543,22.906,2.611,-10.412,28.313,US-Rls,US-Rls,sagebrush,0.671,0.597,0.677,0.623,0.767,0.649,0.704,0.415,1.086,0.186,0.091,26.672,77.771,80.094,104.085,694.196,571.316
US-Rls,2021-11-17,0.106,1.611,0.261,0.247,0.74,17.499,-2.98,2.24,-8.2,0.0,29.303,0.556,0.885,1.184,-3.647,120.006,,84.307,55.306,0.223,6.397,2.976,15.039,9.533,US-Rls,US-Rls,sagebrush,0.43,0.368,0.433,0.394,0.494,0.411,0.453,0.354,0.784,0.141,0.085,24.277,77.849,81.471,102.532,694.48,571.375
US-Rls,2021-11-22,0.108,2.562,-1.524,0.277,0.729,16.427,2.805,8.57,-2.96,0.0,29.303,0.567,0.477,1.629,2.076,109.343,,84.08,50.625,0.355,2.769,0.971,15.379,7.694,US-Rls,US-Rls,sagebrush,0.461,0.388,0.464,0.421,0.524,0.44,0.488,0.297,0.758,0.124,0.069,22.068,77.862,82.565,100.981,694.768,571.435
US-Rls,2021-11-27,0.106,2.936,-0.444,0.318,0.708,10.102,5.685,11.13,0.24,0.0,29.303,0.636,1.073,1.206,6.733,98.69,,84.256,61.529,0.386,19.715,1.602,4.682,5.765,US-Rls,US-Rls,sagebrush,0.672,0.529,0.676,0.631,0.741,0.646,0.702,0.191,0.863,0.129,0.025,19.928,77.692,83.066,98.998,695.124,571.511
US-Rls,2021-12-02,0.101,3.472,1.215,0.267,0.757,14.047,6.94,13.01,0.87,0.0,29.303,1.03,1.657,2.459,10.093,98.339,,84.065,52.106,0.608,-4.448,1.621,-9.719,9.898,US-Rls,US-Rls,sagebrush,0.56,0.482,0.564,0.526,0.631,0.539,0.587,0.278,0.839,0.139,0.055,18.111,77.649,83.49,97.247,695.439,571.58
US-Rls,2021-12-07,0.106,1.621,0.731,0.282,0.73,10.845,2.535,5.99,-0.92,0.0,29.303,1.135,0.773,1.364,3.36,87.268,,83.572,81.599,0.149,28.528,1.925,-2.84,18.944,US-Rls,US-Rls,sagebrush,0.602,0.497,0.606,0.564,0.675,0.581,0.63,0.23,0.831,0.133,0.039,16.418,77.538,83.675,95.472,695.755,571.652
US-Rls,2021-12-12,0.102,1.269,-0.212,0.304,0.71,5.45,2.065,4.79,-0.66,2.84,29.303,1.867,0.562,1.967,1.439,39.689,,82.589,72.01,0.194,-5.155,7.625,-39.348,42.897,US-Rls,US-Rls,sagebrush,0.673,0.51,0.682,0.641,0.746,0.653,0.709,0.08,0.753,0.08,0.0,14.763,77.268,83.64,93.679,696.066,571.725
US-Rls,2021-12-17,0.087,1.149,-1.118,0.298,0.745,13.802,-5.21,-1.01,-9.41,0.0,29.303,0.951,0.271,0.985,-2.502,47.889,,83.887,73.54,0.233,-28.7,3.102,-8.891,10.6,US-Rls,US-Rls,sagebrush,0.601,0.463,0.602,0.558,0.664,0.574,0.626,0.137,0.738,0.114,0.009,13.307,77.037,83.574,92.087,696.341,571.793
US-Rls,2021-12-22,0.073,1.587,-0.601,0.368,0.743,8.127,1.285,4.98,-2.41,3.62,29.303,1.362,0.801,1.688,2.637,82.471,,83.042,68.299,0.244,0.86,7.341,-19.934,22.677,US-Rls,US-Rls,sagebrush,0.799,0.621,0.807,0.751,0.895,0.771,0.836,0.089,0.887,0.089,0.0,13.284,76.769,81.567,89.961,696.682,571.882
US-Rls,2021-12-27,0.059,0.712,-2.876,0.404,0.855,9.632,-8.545,-5.37,-11.72,3.77,29.303,1.714,0.019,1.283,-9.254,59.388,,82.012,78.431,0.064,-18.682,4.485,-13.175,3.787,US-Rls,US-Rls,sagebrush,0.743,0.573,0.752,0.686,0.817,0.716,0.785,0.027,0.77,0.027,0.0,13.264,76.769,79.711,87.749,696.968,571.967
US-Rls,2022-01-01,0.044,0.82,-5.558,0.439,0.822,14.599,-12.83,-7.45,-18.21,0.0,29.303,1.808,0.0,0.222,-11.822,100.172,,83.727,51.874,0.121,-31.428,1.89,,,US-Rls,US-Rls,sagebrush,0.651,0.491,0.658,0.585,0.727,0.622,0.694,0.02,0.671,0.02,0.0,13.249,76.769,78.093,85.825,697.193,572.042
US-Rls,2022-01-06,0.03,1.096,-1.001,0.439,1.207,9.242,3.025,5.2,0.85,6.6,29.303,2.69,0.079,2.853,4.272,41.373,,83.113,76.158,0.2,-7.004,7.648,-96.313,6.764,US-Rls,US-Rls,sagebrush,0.9,0.725,0.911,0.834,0.996,0.873,0.95,0.005,0.905,0.005,0.0,13.234,76.501,75.866,83.457,697.462,572.148
US-Rls,2022-01-11,0.016,1.556,-5.297,0.439,1.172,12.899,-1.195,3.16,-5.55,0.0,29.303,2.261,1.071,3.335,0.06,57.48,,84.721,70.894,0.186,-8.749,1.029,-8.894,6.594,US-Rls,US-Rls,sagebrush,0.643,0.494,0.649,0.582,0.717,0.613,0.682,0.0,0.643,0.0,0.0,13.219,76.501,74.294,81.589,697.626,572.225
US-Rls,2022-01-26,0.001,1.376,-8.639,0.439,1.283,15.334,-4.075,0.66,-8.81,0.0,29.303,1.402,0.365,0.666,-5.223,73.225,,84.152,70.685,0.131,-4.91,1.182,14.401,6.874,US-Rls,US-Rls,sagebrush,0.462,0.342,0.465,0.394,0.535,0.428,0.496,0.0,0.462,0.0,0.0,13.174,76.501,69.93,76.417,697.948,572.449
US-Rls,2022-01-31,-0.001,1.515,-7.466,0.439,1.284,15.557,-3.14,1.78,-8.06,0.0,29.303,0.943,0.767,1.772,-2.267,107.802,,83.668,58.562,0.223,9.619,5.063,-7.293,22.059,US-Rls,US-Rls,sagebrush,0.507,0.385,0.511,0.441,0.582,0.476,0.542,0.0,0.507,0.0,0.0,13.159,76.501,68.723,74.988,698.001,572.513
US-Rls,2022-02-05,-0.0,1.769,-5.221,0.439,1.286,20.392,-1.45,3.71,-6.61,0.0,29.303,0.903,0.866,1.52,1.348,137.362,,84.614,54.781,0.309,11.38,2.914,-11.475,15.774,US-Rls,US-Rls,sagebrush,0.603,0.477,0.609,0.542,0.679,0.571,0.644,0.0,0.603,0.0,0.0,13.144,76.501,67.292,73.301,698.041,572.591
US-Rls,2022-02-10,0.002,2.904,-1.894,0.432,1.304,21.359,4.315,10.28,-1.65,0.0,29.303,0.984,1.078,1.787,8.102,152.089,,84.542,52.413,0.548,36.027,2.997,-28.935,30.011,US-Rls,US-Rls,sagebrush,0.751,0.623,0.759,0.691,0.829,0.721,0.801,0.0,0.751,0.0,0.0,13.128,76.501,65.522,71.22,698.056,572.689
US-Rls,2022-02-15,0.005,1.071,-0.467,0.408,1.317,22.619,-1.28,1.6,-4.16,0.0,29.303,0.302,0.548,0.47,-2.595,99.746,,83.194,79.722,0.104,22.472,3.778,0.242,27.614,US-Rls,US-Rls,sagebrush,0.764,0.649,0.773,0.702,0.845,0.734,0.814,0.0,0.764,0.0,0.0,13.109,76.235,63.739,69.392,698.031,572.791
US-Rls,2022-02-20,0.008,2.04,-0.837,0.379,1.316,18.593,-0.45,5.21,-6.11,0.0,29.303,0.54,0.729,0.776,0.489,122.424,,82.864,62.097,0.277,45.326,4.839,0.776,27.1,US-Rls,US-Rls,sagebrush,0.675,0.574,0.683,0.62,0.748,0.648,0.723,0.0,0.675,0.0,0.0,13.088,75.97,62.184,67.82,697.977,572.882
US-Rls,2022-02-25,0.015,1.231,-7.703,0.394,1.294,26.809,-8.855,-2.64,-15.07,0.0,29.303,0.075,0.709,0.399,-9.737,192.415,,84.242,65.335,0.105,19.698,1.657,16.02,8.508,US-Rls,US-Rls,sagebrush,0.408,0.318,0.411,0.351,0.478,0.383,0.438,0.0,0.408,0.0,0.0,13.067,75.97,61.259,66.717,697.929,572.938
US-Rls,2022-03-02,0.025,3.666,0.588,0.319,1.317,27.945,8.675,14.37,2.98,0.0,29.303,0.965,1.421,2.188,10.643,142.572,,83.722,43.503,0.742,52.98,3.487,-9.981,40.386,US-Rls,US-Rls,sagebrush,0.598,0.514,0.604,0.548,0.661,0.573,0.634,0.0,0.598,0.0,0.0,13.039,75.705,59.912,65.378,697.837,573.02
US-Rls,2022-03-07,0.064,2.269,-3.331,0.255,1.289,30.562,-0.865,5.82,-7.55,0.0,29.303,-0.48,1.308,0.409,-0.55,201.436,,84.254,51.718,0.315,76.501,2.719,41.093,30.127,US-Rls,US-Rls,sagebrush,0.276,0.274,0.274,0.233,0.326,0.253,0.294,0.214,0.49,0.096,0.047,13.165,75.898,59.156,64.454,697.773,573.069
US-Rls,2022-03-12,0.107,3.729,-0.656,0.285,1.26,35.61,5.945,13.04,-1.15,0.0,29.303,0.309,2.269,2.127,8.375,225.712,,83.596,27.423,0.819,98.257,6.188,6.188,67.789,US-Rls,US-Rls,sagebrush,0.139,0.143,0.138,0.099,0.188,0.113,0.159,0.668,0.806,0.114,0.221,13.893,76.54,58.115,63.466,697.671,573.135
US-Rls,2022-03-17,0.112,2.638,1.426,0.239,1.272,35.694,2.58,8.66,-3.5,0.0,29.303,-0.268,1.904,1.146,3.132,183.948,,83.905,49.383,0.4,79.227,2.474,39.422,28.855,US-Rls,US-Rls,sagebrush,0.015,0.036,0.013,-0.023,0.056,-0.007,0.034,0.833,0.848,0.131,0.28,14.817,77.422,57.167,62.578,697.563,573.197
US-Rls,2022-03-22,0.103,3.303,2.468,0.249,1.175,35.69,6.34,12.32,0.36,0.0,29.303,-0.496,1.579,0.846,5.796,198.637,,84.579,71.897,0.285,100.962,2.133,57.064,28.398,US-Rls,US-Rls,sagebrush,0.094,0.123,0.093,0.054,0.138,0.07,0.115,0.79,0.884,0.142,0.258,15.665,78.212,56.124,61.577,697.428,573.267
US-Rls,2022-04-01,0.135,4.123,2.852,0.242,0.765,42.763,3.285,11.14,-4.57,0.0,29.303,-1.463,3.008,1.351,2.928,258.222,,83.543,50.137,0.416,113.679,1.861,65.934,22.21,US-Rls,US-Rls,sagebrush,-0.257,-0.223,-0.26,-0.293,-0.22,-0.279,-0.241,1.357,1.1,0.152,0.48,18.594,81.263,53.803,59.289,697.065,573.425
US-Rls,2022-04-06,0.149,4.804,2.884,0.228,0.728,46.003,1.535,9.66,-6.59,0.0,29.303,-1.455,3.492,1.63,1.198,277.264,,84.699,42.667,0.42,119.805,2.239,84.801,22.128,US-Rls,US-Rls,sagebrush,-0.454,-0.419,-0.457,-0.489,-0.418,-0.477,-0.437,1.63,1.176,0.158,0.586,20.56,83.388,52.915,58.459,696.897,573.489
US-Rls,2022-04-11,0.161,1.215,2.527,0.278,0.72,35.224,-1.88,1.32,-5.08,13.27,29.303,0.839,1.067,1.489,-3.114,174.777,,81.855,80.952,0.09,16.634,6.964,-6.409,38.543,US-Rls,US-Rls,sagebrush,-0.016,0.022,-0.018,-0.057,0.033,-0.043,0.004,1.065,1.049,0.161,0.36,21.749,84.577,51.823,57.397,696.675,573.568
US-Rls,2022-04-16,0.174,2.351,3.525,0.274,0.793,31.021,2.045,6.56,-2.47,4.89,29.303,-0.041,1.658,2.274,1.415,116.822,,82.865,74.588,0.176,45.677,5.312,-3.838,78.319,US-Rls,US-Rls,sagebrush,-0.215,-0.168,-0.218,-0.257,-0.17,-0.242,-0.197,1.438,1.223,0.175,0.503,23.428,86.349,50.709,56.304,696.424,573.649
US-Rls,2022-04-21,0.186,2.25,7.18,0.248,0.777,31.04,4.56,8.62,0.5,4.07,29.303,-0.146,1.747,1.394,3.751,160.108,,82.792,75.651,0.206,100.097,3.916,13.485,83.731,US-Rls,US-Rls,sagebrush,-0.412,-0.335,-0.415,-0.456,-0.375,-0.439,-0.39,1.886,1.475,0.225,0.662,25.644,88.767,49.525,55.12,696.129,573.739
US-Rls,2022-04-26,0.196,4.009,8.86,0.232,0.741,40.284,7.17,12.47,1.87,3.59,29.303,-0.713,3.139,1.946,7.096,169.745,,83.379,62.856,0.4,91.373,2.534,45.041,57.825,US-Rls,US-Rls,sagebrush,-0.895,-0.806,-0.9,-0.937,-0.855,-0.924,-0.877,2.717,1.822,0.259,0.978,28.944,92.477,48.372,53.966,695.81,573.828
US-Rls,2022-05-01,0.207,3.836,6.385,0.278,0.752,35.442,6.465,11.46,1.47,0.0,29.303,-0.895,3.686,2.399,5.489,214.17,,83.278,76.368,0.264,132.371,3.202,50.0,66.496,US-Rls,US-Rls,sagebrush,-0.602,-0.524,-0.606,-0.646,-0.561,-0.63,-0.581,2.281,1.679,0.237,0.814,31.677,95.499,47.14,52.729,695.438,573.925
US-Rls,2022-05-06,0.218,5.268,11.117,0.261,0.783,33.586,9.67,16.67,2.67,4.1,29.303,-1.627,4.884,4.076,11.093,221.087,,83.058,52.671,0.688,142.318,4.94,46.873,94.552,US-Rls,US-Rls,sagebrush,-0.724,-0.593,-0.728,-0.78,-0.676,-0.757,-0.701,2.747,2.023,0.33,0.962,34.911,99.12,45.724,51.265,694.967,574.039
US-Rls,2022-05-11,0.224,3.007,4.471,0.267,0.801,53.924,3.72,9.34,-1.9,0.0,29.303,-1.292,2.909,1.624,2.964,187.988,,83.64,57.115,0.362,91.983,2.551,46.187,44.389,US-Rls,US-Rls,sagebrush,-1.441,-1.383,-1.447,-1.504,-1.385,-1.475,-1.413,3.496,2.055,0.233,1.299,39.301,104.112,44.756,50.338,694.605,574.122
US-Rls,2022-05-16,0.21,7.017,14.925,0.227,0.754,54.444,13.545,19.85,7.24,0.0,29.303,-1.288,5.389,3.632,14.521,230.719,,83.543,50.542,0.85,109.519,2.541,37.86,71.845,US-Rls,US-Rls,sagebrush,-1.846,-1.681,-1.853,-1.912,-1.79,-1.884,-1.822,4.719,2.873,0.469,1.692,45.02,110.702,43.446,48.983,694.077,574.235
US-Rls,2022-05-21,0.208,4.227,7.37,0.211,0.706,45.54,7.345,13.24,1.45,0.0,29.303,-2.422,4.24,1.808,6.234,225.682,,83.776,48.845,0.509,105.762,2.924,63.956,45.822,US-Rls,US-Rls,sagebrush,-1.2,-1.123,-1.206,-1.246,-1.158,-1.231,-1.179,3.065,1.865,0.322,1.092,48.646,114.802,42.694,48.29,693.723,574.308
US-Rls,2022-06-05,0.242,4.172,13.532,0.252,0.757,38.395,12.18,17.35,7.01,10.66,29.303,-2.412,4.988,1.215,11.714,161.821,,83.19,77.913,0.323,105.556,3.191,17.387,78.896,US-Rls,US-Rls,sagebrush,-1.336,-1.166,-1.342,-1.387,-1.296,-1.369,-1.315,3.973,2.637,0.556,1.36,63.299,131.546,39.319,44.891,691.983,574.632
US-Rls,2022-06-10,0.24,11.237,17.995,0.235,0.749,56.389,19.85,27.5,12.2,0.0,29.303,-1.652,7.45,6.246,20.715,320.413,,83.718,43.143,1.496,165.356,2.022,59.68,103.747,US-Rls,US-Rls,sagebrush,-2.009,-1.78,-2.017,-2.08,-1.954,-2.058,-1.978,5.411,3.401,0.767,1.849,69.491,138.684,38.026,43.545,691.208,574.762
US-Rls,2022-06-15,0.224,6.6,9.047,0.248,0.78,58.644,10.105,19.65,0.56,0.0,29.303,-2.285,4.663,2.565,11.125,243.441,,83.717,43.852,0.835,200.512,5.346,67.371,105.933,US-Rls,US-Rls,sagebrush,-1.807,-1.697,-1.814,-1.891,-1.737,-1.846,-1.782,4.404,2.597,0.477,1.564,74.689,144.624,37.19,42.763,690.63,574.855
US-Rls,2022-06-20,0.212,5.313,11.286,0.225,0.731,58.472,11.025,17.83,4.22,0.0,29.303,-2.586,6.173,2.933,10.376,280.347,,84.18,57.127,0.585,141.626,1.947,64.065,66.072,US-Rls,US-Rls,sagebrush,-1.917,-1.791,-1.924,-2.002,-1.849,-1.959,-1.89,4.667,2.751,0.575,1.629,80.083,150.813,36.414,42.035,690.041,574.947
US-Rls,2022-07-05,0.186,8.995,18.425,0.181,0.668,44.459,18.395,25.75,11.04,0.0,29.303,-1.415,5.156,3.121,18.32,273.273,,83.544,45.148,1.248,141.119,2.363,64.717,54.203,US-Rls,US-Rls,sagebrush,-0.85,-0.649,-0.857,-0.925,-0.788,-0.894,-0.82,3.35,2.499,1.027,0.925,93.87,166.6,34.225,39.914,688.088,575.234
US-Rls,2022-07-10,0.176,8.472,20.716,0.167,0.656,58.684,19.22,25.77,12.67,0.0,29.303,-2.76,4.137,1.385,19.863,352.871,,84.391,38.624,1.484,161.245,2.383,129.031,33.13,US-Rls,US-Rls,sagebrush,-1.266,-1.046,-1.273,-1.358,-1.183,-1.322,-1.226,4.202,2.936,1.208,1.192,97.652,170.918,33.616,39.321,687.432,575.325
US-Rls,2022-07-15,0.166,14.128,24.381,0.153,0.649,54.295,24.405,31.82,16.99,0.0,29.303,-1.414,3.313,1.965,26.762,347.31,,83.881,14.302,3.099,136.121,3.338,103.559,36.833,US-Rls,US-Rls,sagebrush,-0.425,-0.152,-0.429,-0.563,-0.274,-0.505,-0.363,3.153,2.727,1.555,0.636,99.49,172.869,33.04,38.816,686.758,575.416
US-Rls,2022-07-20,0.148,14.606,23.452,0.15,0.645,57.022,23.71,31.6,15.82,0.0,29.303,-1.135,3.266,1.711,25.653,342.833,,84.073,19.79,2.718,135.17,2.337,88.522,21.213,US-Rls,US-Rls,sagebrush,-0.321,-0.074,-0.325,-0.44,-0.186,-0.389,-0.269,2.859,2.538,1.49,0.545,101.003,174.008,32.541,38.828,686.113,575.502
US-Rls,2022-07-25,0.14,13.804,20.634,0.137,0.642,57.385,21.86,30.21,13.51,0.0,29.303,-0.926,2.424,0.708,23.326,342.142,,83.854,24.457,2.268,135.547,2.318,110.46,15.143,US-Rls,US-Rls,sagebrush,-0.473,-0.294,-0.479,-0.554,-0.387,-0.534,-0.435,2.723,2.249,1.269,0.579,102.616,174.957,32.24,39.383,685.596,575.57
US-Rls,2022-07-30,0.136,17.949,25.027,0.126,0.641,55.31,25.81,33.74,17.88,0.0,29.303,-0.56,1.978,1.302,27.763,308.144,,83.974,16.568,3.229,108.007,2.74,79.806,15.237,US-Rls,US-Rls,sagebrush,0.059,0.296,0.054,-0.098,0.226,-0.019,0.119,2.265,2.324,1.671,0.237,103.033,174.381,31.937,40.013,685.061,575.641
US-Rls,2022-08-04,0.124,15.265,24.27,0.123,0.64,52.182,25.25,31.56,18.94,0.0,29.303,-0.339,1.53,1.576,26.272,272.087,,83.672,24.84,2.635,111.368,2.544,65.262,28.293,US-Rls,US-Rls,sagebrush,0.118,0.33,0.11,-0.025,0.269,0.047,0.17,2.049,2.167,1.595,0.181,103.253,173.467,31.689,40.797,684.565,575.706
US-Rls,2022-08-09,0.129,15.731,24.056,0.129,0.638,41.732,23.705,30.09,17.32,0.0,29.303,0.563,1.071,1.537,24.369,130.556,,83.959,39.274,1.926,42.866,4.046,24.559,29.963,US-Rls,US-Rls,sagebrush,0.338,0.408,0.322,0.195,0.411,0.264,0.379,1.705,2.043,1.571,0.054,103.039,171.848,31.399,41.687,684.04,575.775
US-Rls,2022-08-14,0.138,14.81,21.203,0.152,0.633,50.882,21.53,29.07,13.99,0.0,29.303,0.111,2.066,3.592,21.786,309.199,,84.006,29.197,1.927,132.729,2.341,67.954,64.007,US-Rls,US-Rls,sagebrush,-0.124,0.067,-0.123,-0.204,-0.033,-0.167,-0.081,2.314,2.19,1.313,0.398,104.036,171.158,31.001,42.912,683.447,575.854
US-Rls,2022-08-19,0.13,12.531,25.383,0.141,0.628,44.252,21.97,28.09,15.85,0.0,29.303,0.949,1.921,2.598,21.067,195.637,,83.706,49.677,1.308,93.628,2.991,21.28,69.842,US-Rls,US-Rls,sagebrush,0.331,0.505,0.326,0.172,0.456,0.254,0.401,1.976,2.307,1.692,0.113,104.035,168.854,30.594,44.499,682.838,575.935
US-Rls,2022-08-24,0.132,16.496,22.142,0.134,0.625,40.751,23.31,31.25,15.37,0.0,29.303,0.145,2.19,2.127,24.234,252.593,,83.563,25.567,2.327,84.956,2.607,53.524,37.054,US-Rls,US-Rls,sagebrush,0.24,0.408,0.236,0.143,0.324,0.191,0.286,1.683,1.923,1.38,0.121,104.054,166.312,30.333,46.513,682.341,576.003
US-Rls,2022-09-03,0.133,21.814,22.284,0.119,0.623,42.863,25.29,33.47,17.11,0.0,29.303,-0.048,1.709,1.269,27.668,227.781,,83.874,12.321,3.323,71.03,3.635,41.218,30.016,US-Rls,US-Rls,sagebrush,0.276,0.328,0.263,0.178,0.329,0.227,0.306,1.526,1.803,1.373,0.061,104.561,161.57,30.076,51.02,681.562,576.113
US-Rls,2022-09-08,0.136,13.538,22.296,0.124,0.623,42.795,17.115,23.99,10.24,0.0,29.303,-0.711,1.996,0.758,19.249,261.34,,83.928,24.378,1.713,90.521,2.661,,,US-Rls,US-Rls,sagebrush,0.028,0.185,0.022,-0.058,0.108,-0.017,0.061,1.969,1.998,1.358,0.243,104.992,159.491,29.903,53.042,681.16,576.173
US-Rls,2022-09-13,0.134,13.327,20.141,0.121,0.622,27.637,16.18,20.66,11.7,0.0,29.303,1.025,0.855,1.127,16.435,111.468,,83.306,58.093,0.803,39.692,2.227,,,US-Rls,US-Rls,sagebrush,0.315,0.313,0.301,0.244,0.355,0.271,0.325,1.257,1.572,1.185,0.029,104.677,156.496,29.798,55.173,680.813,576.226
US-Rls,2022-09-18,0.119,12.809,16.538,0.136,0.621,33.661,15.145,20.56,9.73,0.0,29.303,0.959,1.202,0.911,13.766,159.277,,82.864,58.78,0.675,53.918,4.017,,,US-Rls,US-Rls,sagebrush,0.134,0.23,0.134,0.081,0.184,0.106,0.158,1.337,1.47,0.941,0.158,104.822,153.978,29.67,57.292,680.471,576.28
US-Rls,2022-09-23,0.126,11.933,11.369,0.132,0.62,37.784,13.305,20.66,5.95,0.0,29.303,-0.099,2.495,1.473,13.727,230.721,,84.132,43.02,0.931,71.798,2.456,52.935,17.067,US-Rls,US-Rls,sagebrush,-0.134,-0.083,-0.134,-0.196,-0.074,-0.166,-0.102,1.388,1.254,0.682,0.281,95.226,151.861,39.83,59.727,680.22,576.322
US-Rls,2022-09-28,0.124,17.424,16.939,0.128,0.619,35.329,19.41,26.98,11.84,0.0,29.303,-0.258,1.827,1.574,21.817,186.392,,83.783,18.951,2.163,37.595,3.314,29.94,21.745,US-Rls,US-Rls,sagebrush,0.14,0.226,0.139,0.094,0.186,0.109,0.165,1.312,1.452,0.912,0.159,86.176,149.209,48.765,61.969,679.993,576.372
US-Rls,2022-10-13,0.126,12.884,10.358,0.122,0.62,30.076,14.485,21.98,6.99,0.0,29.303,0.16,1.598,1.853,15.144,185.825,,84.315,28.354,1.26,39.79,2.342,43.11,7.359,US-Rls,US-Rls,sagebrush,0.006,0.03,0.005,-0.055,0.06,-0.03,0.038,1.039,1.045,0.536,0.2,64.822,142.609,70.436,68.877,679.791,576.485
US-Rls,2022-10-18,0.117,12.101,9.644,0.12,0.62,28.484,13.225,21.53,4.92,0.0,29.303,0.261,1.431,1.611,14.951,169.478,,84.388,18.932,1.397,30.645,2.049,,,US-Rls,US-Rls,sagebrush,0.073,0.091,0.072,0.011,0.129,0.037,0.109,0.88,0.953,0.493,0.154,58.821,140.292,76.194,71.017,679.812,576.519
US-Rls,2022-10-23,0.119,1.483,3.555,0.241,0.669,16.914,0.465,4.01,-3.08,0.0,29.303,0.737,0.573,1.125,-0.601,74.846,,83.32,73.177,0.162,1.158,3.5,,,US-Rls,US-Rls,sagebrush,0.488,0.47,0.514,0.458,0.583,0.482,0.545,0.452,0.94,0.327,0.05,53.063,140.008,80.638,70.024,679.906,576.578
US-Rls,2022-10-28,0.121,3.735,1.7,0.237,0.679,18.646,4.035,10.08,-2.01,0.0,29.303,0.809,0.68,1.534,2.38,95.312,,84.148,50.95,0.38,3.017,1.16,,,US-Rls,US-Rls,sagebrush,0.382,0.357,0.404,0.353,0.47,0.374,0.434,0.481,0.862,0.284,0.078,47.985,139.843,84.608,69.23,680.013,576.629
US-Rls,2022-11-02,0.118,1.474,5.538,0.231,0.674,16.942,-0.785,3.18,-4.75,0.0,29.303,0.579,1.222,1.521,-1.624,122.069,,83.082,72.985,0.154,33.415,3.179,,,US-Rls,US-Rls,sagebrush,0.526,0.515,0.552,0.492,0.624,0.521,0.586,0.499,1.025,0.348,0.06,43.355,139.602,87.684,68.176,680.167,576.692
US-Rls,2022-11-07,0.093,1.564,2.626,0.279,0.82,13.07,0.68,4.48,-3.12,5.56,29.303,1.037,0.507,1.241,-0.289,120.063,,82.425,67.71,0.205,15.532,4.458,,,US-Rls,US-Rls,sagebrush,0.655,0.561,0.691,0.624,0.773,0.656,0.731,0.25,0.905,0.25,0.0,38.984,139.116,90.132,67.063,680.348,576.759
US-Rls,2022-11-12,0.063,1.277,-2.426,0.32,0.755,15.41,-3.635,0.55,-7.82,0.0,29.303,1.379,0.401,1.095,-5.625,82.353,,83.558,79.93,0.082,-6.137,0.991,,,US-Rls,US-Rls,sagebrush,0.55,0.454,0.587,0.53,0.657,0.554,0.614,0.091,0.641,0.091,0.0,35.055,139.116,92.408,65.746,680.51,576.814
US-Rls,2022-11-22,0.016,2.26,-5.076,0.373,0.791,15.898,-1.075,5.69,-7.84,0.0,29.303,1.369,0.623,1.974,-0.414,87.57,,83.894,54.054,0.281,-3.234,2.478,,,US-Rls,US-Rls,sagebrush,0.536,0.434,0.571,0.518,0.647,0.54,0.601,0.0,0.536,0.0,0.0,28.344,139.116,95.752,63.233,680.849,576.924
US-Rls,2022-11-27,0.015,1.522,-2.704,0.378,0.834,11.158,-0.56,3.48,-4.6,4.25,29.303,1.628,0.606,2.394,0.576,57.566,,83.29,56.221,0.29,-7.03,5.612,,,US-Rls,US-Rls,sagebrush,0.652,0.544,0.694,0.634,0.786,0.66,0.73,0.0,0.652,0.0,0.0,25.487,139.116,96.54,61.771,681.055,576.989
US-Rls,2022-12-02,0.013,0.962,-1.532,0.437,0.937,14.555,-6.94,-3.01,-10.87,0.0,29.303,0.966,0.407,1.093,-7.807,103.89,,83.518,65.981,0.119,-28.72,4.214,,,US-Rls,US-Rls,sagebrush,0.829,0.715,0.883,0.796,0.992,0.843,0.928,0.0,0.829,0.0,0.0,22.918,138.632,96.448,60.434,681.308,577.074
US-Rls,2022-12-07,0.007,1.485,-6.122,0.439,0.957,14.635,-4.45,0.89,-9.79,0.0,29.303,2.004,0.183,1.13,-5.037,96.556,,83.748,79.189,0.091,-9.004,1.579,,,US-Rls,US-Rls,sagebrush,0.584,0.475,0.619,0.556,0.7,0.582,0.656,0.0,0.584,0.0,0.0,20.608,138.632,96.87,59.169,681.481,577.133
US-Rls,2022-12-12,-0.0,0.509,-1.956,0.439,1.155,11.42,-2.49,-1.08,-3.9,12.66,29.303,1.76,0.341,2.06,-3.539,31.865,,82.525,94.895,0.024,0.368,,,,US-Rls,US-Rls,sagebrush,0.799,0.689,0.849,0.762,0.969,0.806,0.89,0.0,0.799,0.0,0.0,18.531,138.632,96.344,57.468,681.705,577.216
US-Rls,2022-12-17,0.003,1.092,-9.287,0.439,1.15,14.453,-8.425,-3.26,-13.59,0.0,29.303,2.006,0.247,1.319,-12.829,43.491,,83.692,88.775,0.026,6.345,,,,US-Rls,US-Rls,sagebrush,0.436,0.337,0.462,0.392,0.538,0.43,0.498,0.0,0.436,0.0,0.0,16.663,138.632,96.783,56.556,681.821,577.261
US-Rls,2022-12-22,0.009,0.673,-6.19,0.439,1.177,12.782,-12.095,-8.11,-16.08,0.0,29.303,2.221,0.502,1.717,-14.317,64.749,,84.033,75.46,0.05,-17.3,1.186,,,US-Rls,US-Rls,sagebrush,0.571,0.467,0.605,0.541,0.69,0.569,0.644,0.0,0.571,0.0,0.0,16.644,138.632,94.918,55.378,681.967,577.32
US-Rls,2022-12-27,0.019,2.2,-1.425,0.439,1.291,10.379,4.17,8.52,-0.18,6.13,29.303,1.928,0.321,3.094,4.919,41.418,,82.0,70.048,0.269,5.272,9.962,,,US-Rls,US-Rls,sagebrush,0.808,0.709,0.859,0.764,0.986,0.814,0.9,0.0,0.808,0.0,0.0,16.625,138.15,92.291,54.209,682.138,577.406
US-Rls,2023-01-01,0.022,1.0,-4.197,0.439,1.316,14.301,-4.225,-0.91,-7.54,0.0,29.303,1.306,0.308,1.157,-0.981,57.963,,,78.655,0.23,,,,,US-Rls,US-Rls,sagebrush,0.649,0.554,0.687,0.617,0.787,0.651,0.726,0.0,0.649,0.0,0.0,16.606,138.15,90.205,52.887,682.247,577.476
US-Rls,2023-01-06,0.013,1.446,-2.917,0.439,1.317,13.759,0.295,3.87,-3.28,0.0,29.303,0.94,0.742,2.078,0.819,82.629,,83.734,77.879,0.143,1.184,2.992,,,US-Rls,US-Rls,sagebrush,0.704,0.613,0.745,0.667,0.855,0.704,0.784,0.0,0.704,0.0,0.0,16.587,138.15,87.962,51.468,682.333,577.553
US-Rls,2023-01-11,0.015,1.362,-2.931,0.439,1.317,14.671,0.25,3.61,-3.11,0.0,29.303,1.062,0.39,1.007,1.264,93.684,,,64.129,0.253,,,,,US-Rls,US-Rls,sagebrush,0.691,0.609,0.732,0.655,0.84,0.692,0.771,0.0,0.691,0.0,0.0,16.568,138.15,85.777,50.089,682.383,577.63
US-Rls,2023-01-16,0.014,1.118,-1.189,0.433,1.316,14.321,-1.925,1.24,-5.09,0.0,29.303,0.484,0.557,1.088,-1.72,67.842,,82.346,78.439,0.118,8.681,1.176,,,US-Rls,US-Rls,sagebrush,0.758,0.689,0.804,0.716,0.92,0.762,0.845,0.0,0.758,0.0,0.0,16.548,137.669,83.401,49.073,682.399,577.716
US-Rls,2023-01-21,0.014,1.526,-8.311,0.439,1.31,16.976,-4.51,1.04,-10.06,2.68,29.303,0.14,0.415,0.866,-4.029,115.305,,84.187,50.887,0.227,10.8,1.419,,,US-Rls,US-Rls,sagebrush,0.432,0.357,0.456,0.392,0.546,0.424,0.489,0.0,0.432,0.0,0.0,16.529,137.669,82.067,48.221,682.392,577.766
US-Rls,2023-01-26,0.016,1.37,-7.307,0.439,1.317,16.71,0.475,3.8,-2.85,0.0,29.303,0.884,0.991,1.936,1.856,112.726,,84.703,65.784,0.246,19.422,4.128,,,US-Rls,US-Rls,sagebrush,0.467,0.394,0.493,0.431,0.587,0.462,0.528,0.0,0.467,0.0,0.0,16.511,137.669,80.632,47.307,682.369,577.82
US-Rls,2023-02-05,0.025,1.355,-4.338,0.439,1.317,16.991,1.13,4.26,-2.0,2.48,29.303,0.591,0.742,0.996,1.068,132.875,,83.095,67.722,0.22,40.991,5.893,,,US-Rls,US-Rls,sagebrush,0.584,0.519,0.617,0.549,0.715,0.584,0.655,0.0,0.584,0.0,0.0,16.473,137.669,78.003,45.634,682.282,577.922
US-Rls,2023-02-10,0.027,2.46,-7.066,0.439,1.315,22.011,0.635,7.16,-5.89,0.0,29.303,0.347,0.853,0.98,-2.622,145.667,,83.916,62.746,0.197,30.657,0.794,,,US-Rls,US-Rls,sagebrush,0.462,0.394,0.487,0.426,0.578,0.455,0.521,0.0,0.462,0.0,0.0,16.454,137.669,76.611,44.752,682.212,577.977
US-Rls,2023-02-15,0.027,1.356,-6.545,0.439,1.316,23.72,-4.845,0.11,-9.8,0.0,29.303,0.087,0.719,0.885,-5.53,152.33,,83.81,64.95,0.147,4.166,2.881,,,US-Rls,US-Rls,sagebrush,0.477,0.412,0.502,0.44,0.593,0.472,0.537,0.0,0.477,0.0,0.0,16.435,137.669,75.183,43.847,682.123,578.035
US-Rls,2023-02-20,0.025,1.645,-3.24,0.438,1.317,22.802,3.455,6.75,0.16,0.0,29.303,0.662,1.02,1.454,4.079,144.678,,83.591,66.271,0.279,68.998,5.574,-9.519,34.721,US-Rls,US-Rls,sagebrush,0.61,0.556,0.644,0.57,0.754,0.608,0.682,0.0,0.61,0.0,0.0,16.416,137.669,73.363,42.7,681.982,578.109
US-Rls,2023-02-25,0.025,2.081,-6.137,0.429,1.309,27.152,-1.775,4.7,-8.25,0.0,29.303,0.12,1.138,1.126,-1.571,187.559,,83.067,63.321,0.214,63.937,2.641,25.805,21.85,US-Rls,US-Rls,sagebrush,0.468,0.413,0.494,0.432,0.582,0.463,0.529,0.0,0.468,0.0,0.0,16.396,137.669,71.984,41.829,681.853,578.167
US-Rls,2023-03-02,0.026,1.559,-5.444,0.434,1.308,22.395,-4.065,1.42,-9.55,0.0,29.303,0.786,0.173,0.897,-3.006,126.171,,83.218,62.099,0.185,-4.489,5.462,-26.54,31.782,US-Rls,US-Rls,sagebrush,0.496,0.443,0.523,0.457,0.617,0.49,0.559,0.0,0.496,0.0,0.0,16.377,137.669,70.533,40.915,681.697,578.229
US-Rls,2023-03-07,0.027,1.446,-7.03,0.439,1.317,29.054,-4.65,0.61,-9.91,5.24,29.303,0.822,0.352,0.857,-5.325,140.307,,83.335,74.393,0.106,-6.79,3.696,-11.855,7.503,US-Rls,US-Rls,sagebrush,0.435,0.38,0.458,0.395,0.551,0.426,0.493,0.0,0.435,0.0,0.0,16.358,137.669,69.272,40.12,681.543,578.284
US-Rls,2023-03-12,0.027,2.203,-4.019,0.439,1.317,28.557,2.185,7.23,-2.86,8.67,29.303,1.24,0.576,2.576,1.151,87.507,,83.284,80.163,0.13,45.237,2.196,-19.406,20.757,US-Rls,US-Rls,sagebrush,0.548,0.504,0.578,0.506,0.685,0.539,0.614,0.001,0.549,0.001,0.0,16.34,137.669,67.69,39.129,681.326,578.354
US-Rls,2023-03-17,0.027,2.012,-2.011,0.344,1.315,39.275,-1.19,4.72,-7.1,0.0,29.303,-0.028,1.125,0.728,-1.339,246.09,,83.962,49.992,0.279,92.136,4.456,39.735,57.079,US-Rls,US-Rls,sagebrush,0.479,0.444,0.506,0.449,0.592,0.475,0.538,0.003,0.482,0.003,0.0,16.307,137.669,66.335,38.271,681.115,578.416
US-Rls,2023-03-22,0.028,1.935,1.125,0.259,1.316,37.197,1.56,6.11,-2.99,0.0,29.303,-0.02,1.356,0.779,0.897,183.251,,82.654,67.983,0.216,93.457,3.964,41.072,46.011,US-Rls,US-Rls,sagebrush,0.423,0.397,0.448,0.396,0.514,0.415,0.475,0.01,0.433,0.01,0.0,16.263,137.19,65.165,38.0,680.913,578.471
US-Rls,2023-03-27,0.042,1.79,-3.323,0.283,1.283,40.655,-2.985,2.96,-8.93,0.0,29.303,-0.473,1.62,1.1,-2.498,243.344,,83.918,49.965,0.269,119.763,3.895,58.222,56.661,US-Rls,US-Rls,sagebrush,0.342,0.311,0.359,0.325,0.421,0.334,0.382,0.118,0.46,0.118,0.0,16.222,137.19,64.231,37.392,680.74,578.515
US-Rls,2023-04-01,0.067,1.391,2.141,0.248,1.317,20.193,1.2,4.41,-2.01,5.89,29.303,0.564,0.92,0.998,-0.02,125.5,,83.173,77.782,0.141,53.792,5.427,-4.904,63.269,US-Rls,US-Rls,sagebrush,0.421,0.403,0.435,0.391,0.487,0.408,0.459,0.204,0.625,0.204,0.0,16.176,136.712,63.084,37.127,680.514,578.571
US-Rls,2023-04-06,0.091,2.496,-0.822,0.275,1.268,44.314,1.425,7.66,-4.81,0.0,29.303,-0.137,2.278,1.749,1.927,272.788,,83.689,48.895,0.372,142.78,6.317,65.549,67.66,US-Rls,US-Rls,sagebrush,0.099,0.12,0.105,0.073,0.151,0.085,0.123,0.674,0.773,0.193,0.192,16.796,137.023,62.037,36.917,680.295,578.622
US-Rls,2023-04-11,0.116,4.163,5.909,0.236,1.254,42.654,7.325,14.01,0.64,0.0,29.303,-0.026,2.166,2.299,8.624,202.516,,83.243,55.361,0.536,87.387,4.255,35.312,46.695,US-Rls,US-Rls,sagebrush,-0.126,-0.066,-0.121,-0.155,-0.085,-0.139,-0.102,1.307,1.181,0.292,0.404,18.141,138.207,60.74,36.537,680.007,578.687
US-Rls,2023-04-16,0.139,5.405,5.13,0.237,1.102,39.194,8.705,16.52,0.89,0.0,29.303,-0.336,2.312,1.838,9.444,250.296,,83.429,33.467,0.858,117.397,3.106,64.98,58.149,US-Rls,US-Rls,sagebrush,-0.22,-0.166,-0.217,-0.248,-0.183,-0.235,-0.199,1.42,1.199,0.283,0.453,19.649,139.585,59.521,36.199,679.717,578.749
US-Rls,2023-04-21,0.161,1.749,3.277,0.259,0.958,32.281,3.77,7.22,0.32,6.73,29.303,-0.386,1.842,0.881,2.939,152.176,,84.166,75.485,0.197,97.029,3.624,34.178,54.681,US-Rls,US-Rls,sagebrush,-0.21,-0.162,-0.205,-0.234,-0.169,-0.224,-0.185,1.367,1.157,0.257,0.442,21.12,140.914,58.334,35.878,679.415,578.811
US-Rls,2023-04-26,0.166,5.646,5.28,0.252,0.818,52.328,9.585,17.4,1.77,0.0,29.303,-1.08,3.034,1.771,10.963,303.375,,83.992,40.039,0.827,148.338,1.883,78.277,57.49,US-Rls,US-Rls,sagebrush,-0.746,-0.687,-0.743,-0.775,-0.699,-0.762,-0.723,2.357,1.61,0.296,0.821,23.892,143.795,57.069,35.497,679.073,578.877
US-Rls,2023-05-01,0.175,7.13,14.391,0.221,0.744,54.959,14.76,21.99,7.53,0.0,29.303,-1.159,4.728,3.044,15.181,275.131,,82.423,45.16,0.965,137.822,2.303,55.802,55.603,US-Rls,US-Rls,sagebrush,-1.296,-1.164,-1.299,-1.356,-1.25,-1.323,-1.27,3.771,2.474,0.531,1.29,28.269,148.594,55.414,34.849,678.593,578.966
US-Rls,2023-05-06,0.2,2.364,9.639,0.262,0.727,44.983,5.97,10.11,1.83,9.69,29.303,-0.919,3.345,2.066,3.926,130.826,,83.251,81.746,0.16,82.74,2.576,25.236,48.145,US-Rls,US-Rls,sagebrush,-1.112,-1.006,-1.109,-1.152,-1.057,-1.133,-1.084,3.323,2.211,0.42,1.156,32.179,152.824,53.839,34.255,678.095,579.054
US-Rls,2023-05-11,0.216,4.523,8.66,0.24,0.773,54.679,9.725,16.5,2.95,0.0,29.303,-3.026,4.414,1.282,10.683,327.578,,83.807,46.766,0.732,166.27,2.468,86.374,84.626,US-Rls,US-Rls,sagebrush,-1.657,-1.574,-1.658,-1.719,-1.599,-1.684,-1.627,4.062,2.405,0.414,1.453,37.097,158.259,52.55,33.847,677.649,579.128
US-Rls,2023-05-16,0.23,6.282,14.647,0.242,0.739,56.09,14.985,21.49,8.48,0.0,29.303,-2.388,7.727,4.394,14.945,307.675,,84.115,58.237,0.733,169.295,2.238,48.284,97.984,US-Rls,US-Rls,sagebrush,-2.199,-2.05,-2.203,-2.273,-2.123,-2.241,-2.166,5.457,3.258,0.628,1.923,43.623,165.607,50.872,33.168,677.03,579.226
US-Rls,2023-05-26,0.242,4.15,13.678,0.216,0.718,50.983,12.68,17.65,7.71,5.68,29.303,-2.392,8.204,5.454,12.722,221.887,,83.33,55.768,0.669,118.471,2.01,51.016,61.489,US-Rls,US-Rls,sagebrush,-2.209,-2.089,-2.218,-2.288,-2.133,-2.259,-2.179,5.307,3.098,0.677,1.844,56.424,180.023,48.102,32.198,675.847,579.401
US-Rls,2023-05-31,0.253,4.015,15.696,0.252,0.749,40.292,12.845,17.57,8.12,7.36,29.303,-1.838,5.458,3.421,11.9,139.505,,83.231,77.451,0.324,66.183,2.021,14.822,50.766,US-Rls,US-Rls,sagebrush,-1.62,-1.439,-1.623,-1.694,-1.556,-1.655,-1.592,4.741,3.121,0.81,1.565,61.667,185.827,46.469,31.543,675.083,579.507
US-Rls,2023-06-05,0.28,7.082,16.713,0.223,0.746,56.642,15.94,22.51,9.37,0.0,29.303,-3.745,7.658,3.947,16.556,345.165,,83.679,54.689,0.901,183.713,2.345,57.544,108.85,US-Rls,US-Rls,sagebrush,-3.079,-2.919,-3.091,-3.189,-2.982,-3.146,-3.034,7.122,4.043,0.901,2.477,70.023,195.355,45.09,31.053,674.366,579.601
US-Rls,2023-06-10,0.279,4.262,15.775,0.27,0.788,45.779,13.945,18.65,9.24,0.0,29.303,-1.275,6.504,3.059,12.974,199.156,,83.62,79.863,0.32,121.643,1.578,29.251,76.753,US-Rls,US-Rls,sagebrush,-2.27,-2.075,-2.274,-2.374,-2.182,-2.319,-2.225,5.999,3.729,0.913,2.025,76.824,202.993,43.447,30.388,673.471,579.714
US-Rls,2023-06-15,0.256,5.293,12.207,0.241,0.757,59.646,10.875,17.39,4.36,0.0,29.303,-2.95,5.898,1.141,11.38,356.342,,83.658,44.733,0.78,180.904,3.023,70.186,108.876,US-Rls,US-Rls,sagebrush,-2.631,-2.51,-2.64,-2.757,-2.529,-2.691,-2.579,6.119,3.488,0.776,2.128,83.942,211.026,42.344,30.104,672.78,579.798
US-Rls,2023-06-20,0.248,2.947,7.41,0.252,0.771,33.256,5.42,11.0,-0.16,3.25,29.303,-1.902,4.2,2.512,4.826,219.386,,83.803,68.124,0.288,110.127,1.847,40.743,67.444,US-Rls,US-Rls,sagebrush,-0.842,-0.753,-0.846,-0.923,-0.768,-0.884,-0.8,2.811,1.969,0.612,0.875,86.727,213.887,41.503,30.021,672.195,579.867
US-Rls,2023-06-25,0.239,7.207,16.747,0.237,0.736,51.234,16.275,22.3,10.25,1.71,29.303,-1.32,5.002,3.482,15.351,201.81,,83.764,52.961,0.863,93.886,1.953,18.384,69.727,US-Rls,US-Rls,sagebrush,-1.893,-1.709,-1.903,-2.002,-1.818,-1.95,-1.86,5.378,3.485,1.097,1.704,92.353,220.144,40.256,29.605,671.341,579.965
US-Rls,2023-06-30,0.225,12.264,18.64,0.23,0.734,58.135,20.345,28.05,12.64,0.0,29.303,-2.171,4.656,1.069,21.842,346.354,,84.016,38.01,1.724,167.745,2.552,53.848,93.172,US-Rls,US-Rls,sagebrush,-1.576,-1.368,-1.588,-1.701,-1.493,-1.645,-1.542,5.064,3.488,1.279,1.507,97.278,225.571,39.019,29.182,670.431,580.066
US-Rls,2023-07-20,0.161,17.435,23.013,0.169,0.659,56.633,24.8,33.18,16.42,0.0,29.303,-1.423,3.27,0.903,25.7,341.471,,84.056,25.413,2.582,138.922,2.193,96.641,30.544,US-Rls,US-Rls,sagebrush,-0.102,0.099,-0.123,-0.271,0.05,-0.209,-0.046,2.903,2.801,1.828,0.428,108.179,236.974,35.616,28.484,667.228,580.397
US-Rls,2023-07-30,0.154,14.998,22.335,0.144,0.651,54.656,23.8,31.03,16.57,0.0,29.303,-1.385,2.945,1.699,24.931,328.38,,83.962,13.604,2.785,118.329,3.3,86.336,31.212,US-Rls,US-Rls,sagebrush,-0.21,-0.063,-0.233,-0.361,-0.083,-0.308,-0.159,2.835,2.626,1.783,0.419,110.962,239.589,34.655,28.619,665.934,580.523
US-Rls,2023-08-04,0.146,6.952,21.985,0.173,0.65,39.674,17.455,22.61,12.3,0.0,29.303,-0.581,1.618,0.59,16.834,228.217,,84.08,63.17,0.744,124.625,2.18,55.803,35.627,US-Rls,US-Rls,sagebrush,0.188,0.372,0.174,0.039,0.32,0.11,0.234,2.333,2.521,1.755,0.23,111.369,239.654,33.998,28.577,665.146,580.598
US-Rls,2023-08-09,0.136,14.537,18.991,0.212,0.652,49.458,20.62,28.44,12.8,0.0,29.303,-1.209,2.316,0.421,21.301,288.142,,83.534,34.233,1.764,120.648,2.336,101.613,16.144,US-Rls,US-Rls,sagebrush,0.159,0.351,0.16,0.04,0.272,0.105,0.223,2.223,2.382,1.467,0.301,112.058,240.056,33.17,28.353,664.227,580.683
US-Rls,2023-08-14,0.144,17.302,21.383,0.184,0.64,50.302,23.17,30.93,15.41,0.0,29.303,-0.443,2.377,1.32,24.38,313.508,,84.151,24.996,2.372,129.69,5.097,91.88,16.39,US-Rls,US-Rls,sagebrush,0.227,0.411,0.221,0.091,0.352,0.158,0.281,2.251,2.477,1.7,0.219,112.435,238.71,32.495,29.636,663.376,580.761
US-Rls,2023-08-19,0.143,9.838,22.27,0.168,0.631,40.537,21.08,26.98,15.18,2.19,29.303,1.055,0.781,1.285,21.013,120.037,,83.621,42.403,1.469,30.287,1.716,18.547,21.1,US-Rls,US-Rls,sagebrush,0.278,0.445,0.267,0.134,0.407,0.202,0.324,2.182,2.46,1.789,0.156,112.578,235.834,31.944,32.23,662.604,580.831
US-Rls,2023-08-24,0.139,12.152,19.2,0.239,0.746,47.514,18.635,27.18,10.09,0.0,29.303,0.747,2.769,3.598,20.572,289.568,,83.926,41.171,1.488,133.25,2.243,74.977,35.136,US-Rls,US-Rls,sagebrush,0.204,0.413,0.224,0.112,0.339,0.152,0.284,2.337,2.542,1.475,0.344,113.437,236.425,30.986,31.665,661.56,580.927
US-Rls,2023-08-29,0.132,13.344,22.13,0.224,0.714,46.139,19.555,28.17,10.94,0.0,29.303,-0.468,2.542,2.631,22.937,273.901,,83.67,25.45,2.168,91.299,4.253,77.848,32.856,US-Rls,US-Rls,sagebrush,0.56,0.794,0.571,0.424,0.713,0.488,0.652,2.061,2.621,1.767,0.117,113.497,236.082,30.046,31.086,660.463,581.025
US-Rls,2023-09-03,0.132,2.836,19.288,0.221,0.683,33.235,13.325,16.42,10.23,5.37,29.303,1.859,0.667,1.499,13.317,65.402,,83.643,74.927,0.391,32.399,2.181,-17.421,50.884,US-Rls,US-Rls,sagebrush,0.404,0.588,0.413,0.307,0.525,0.35,0.472,1.887,2.292,1.487,0.159,113.699,235.915,29.29,30.688,659.477,581.11
US-Rls,2023-09-08,0.131,10.48,18.237,0.222,0.695,42.169,17.89,24.45,11.33,0.0,29.303,-0.373,2.298,1.609,18.431,234.655,,84.014,35.92,1.405,75.962,2.896,59.08,32.315,US-Rls,US-Rls,sagebrush,0.25,0.418,0.257,0.153,0.364,0.198,0.314,2.004,2.254,1.396,0.242,114.187,236.088,28.6,30.347,658.513,581.191
US-Rls,2023-09-13,0.128,10.72,16.919,0.203,0.672,40.897,16.17,22.06,10.28,0.0,29.303,-0.524,2.365,1.472,16.281,250.457,,83.877,40.466,1.138,94.985,2.495,80.93,16.682,US-Rls,US-Rls,sagebrush,0.176,0.306,0.176,0.077,0.268,0.128,0.221,1.868,2.043,1.292,0.229,114.611,236.208,28.101,30.186,657.683,581.259
US-Rls,2023-09-18,0.13,14.431,16.83,0.193,0.655,31.266,18.035,24.9,11.17,0.0,29.303,-0.408,1.814,1.186,19.12,210.148,,83.656,27.947,1.643,65.373,2.026,50.974,14.718,US-Rls,US-Rls,sagebrush,0.454,0.557,0.442,0.349,0.532,0.395,0.479,1.339,1.793,1.287,0.021,114.304,235.472,27.685,30.095,656.903,581.322
US-Rls,2023-09-23,0.129,9.648,9.095,0.202,0.645,37.75,11.495,19.57,3.42,0.0,29.303,-0.482,2.072,1.177,12.896,238.065,,83.727,32.674,1.056,78.977,4.293,47.425,25.746,US-Rls,US-Rls,sagebrush,0.023,0.083,0.026,-0.068,0.131,-0.02,0.074,1.366,1.389,0.804,0.224,103.555,234.943,38.619,30.86,656.319,581.369
US-Rls,2023-09-28,0.123,7.346,10.533,0.187,0.638,35.732,9.34,15.99,2.69,0.0,29.303,-0.757,2.148,0.944,8.658,220.709,,83.631,46.694,0.619,73.847,1.998,60.224,6.699,US-Rls,US-Rls,sagebrush,0.074,0.125,0.076,-0.01,0.167,0.036,0.123,1.363,1.437,0.849,0.205,93.823,233.269,48.256,32.691,655.844,581.414
US-Rms,2014-09-20,0.153,10.803,13.984,0.134,0.498,37.957,15.95,21.46,10.44,0.0,21.205,-0.606,1.418,0.58,16.326,253.316,,79.463,43.878,1.114,131.423,1.559,69.928,36.288,US-Rms,US-Rms,sagebrush,0.009,0.276,0.026,-0.047,0.116,-0.022,0.064,2.018,2.027,0.765,0.499,166.664,76.761,73.17,180.663,1021.009,854.852
US-Rms,2014-09-25,0.141,11.232,14.645,0.138,0.493,33.995,14.225,20.06,8.39,0.0,21.205,-0.493,1.33,0.87,14.112,208.89,,78.81,34.517,1.127,108.238,2.389,75.506,31.7,US-Rms,US-Rms,sagebrush,0.309,0.552,0.329,0.254,0.436,0.279,0.368,1.644,1.954,0.782,0.343,167.217,71.12,72.57,184.464,1021.265,854.936
US-Rms,2014-09-30,0.13,1.712,9.321,0.238,0.607,24.949,4.18,7.45,0.91,5.0,21.205,1.133,0.881,2.158,4.453,188.844,,78.793,82.979,0.149,127.763,2.881,60.324,94.696,US-Rms,US-Rms,sagebrush,0.976,0.965,0.989,0.88,1.097,0.934,1.046,1.099,2.075,0.555,0.216,167.477,69.98,71.156,181.325,1021.683,855.069
US-Rms,2014-10-05,0.13,6.417,9.658,0.2,0.611,32.873,13.405,18.93,7.88,0.0,21.205,0.577,0.93,1.171,14.19,222.345,,79.576,33.158,1.11,108.71,1.875,45.676,51.69,US-Rms,US-Rms,sagebrush,0.602,0.708,0.614,0.536,0.697,0.577,0.654,1.334,1.936,0.565,0.306,167.991,69.405,70.157,178.955,1021.995,855.179
US-Rms,2014-10-10,0.127,3.575,8.707,0.188,0.595,31.223,9.875,14.2,5.55,0.0,21.205,0.07,1.661,1.653,10.147,214.098,,79.221,40.087,0.771,95.575,1.698,49.385,40.498,US-Rms,US-Rms,sagebrush,0.498,0.605,0.509,0.437,0.581,0.477,0.546,1.25,1.748,0.533,0.286,168.413,68.13,69.38,177.747,1022.247,855.275
US-Rms,2014-10-15,0.123,3.308,8.62,0.187,0.582,18.175,5.05,11.67,-1.57,4.19,21.205,1.03,0.446,0.974,4.352,61.503,,78.519,68.37,0.328,29.076,2.525,-49.631,69.16,US-Rms,US-Rms,sagebrush,0.814,0.659,0.819,0.735,0.891,0.787,0.858,0.698,1.512,0.528,0.068,151.671,65.481,85.042,177.075,1022.483,855.371
US-Rms,2014-10-20,0.124,5.47,8.214,0.19,0.581,27.055,11.29,17.86,4.72,3.84,21.205,0.46,1.029,1.899,12.618,167.394,,78.607,34.624,1.002,77.194,1.805,13.528,40.893,US-Rms,US-Rms,sagebrush,0.639,0.678,0.651,0.584,0.716,0.622,0.686,0.989,1.628,0.473,0.205,137.091,63.499,98.722,176.316,1022.831,855.467
US-Rms,2014-10-25,0.127,4.5,7.012,0.204,0.599,23.875,10.45,16.27,4.63,0.0,21.205,1.056,0.886,2.304,9.919,103.624,,78.526,40.12,0.782,14.294,3.802,-36.363,75.879,US-Rms,US-Rms,sagebrush,0.727,0.716,0.738,0.678,0.798,0.71,0.772,0.865,1.592,0.406,0.183,123.903,62.152,110.627,174.758,1023.286,855.566
US-Rms,2014-10-30,0.128,3.646,6.02,0.2,0.592,23.16,9.68,14.94,4.42,0.0,21.205,0.714,0.794,1.321,10.822,126.592,,79.126,41.86,0.779,40.329,1.837,-14.958,42.228,US-Rms,US-Rms,sagebrush,0.671,0.669,0.681,0.63,0.741,0.656,0.71,0.82,1.491,0.355,0.185,112.052,60.613,121.131,173.702,1023.781,855.657
US-Rms,2014-11-04,0.123,1.035,1.248,0.241,0.654,8.578,2.865,4.93,0.8,0.0,21.205,0.583,0.507,1.567,0.916,70.132,,79.539,93.68,0.041,43.726,2.97,-33.26,57.234,US-Rms,US-Rms,sagebrush,0.915,0.637,0.915,0.798,0.993,0.882,0.967,0.145,1.06,0.145,0.0,100.757,60.402,130.376,170.768,1024.312,855.744
US-Rms,2014-11-09,0.116,4.297,2.175,0.224,0.645,15.868,7.925,15.26,0.59,0.0,21.205,0.779,0.476,0.846,7.408,93.69,,78.631,63.436,0.401,29.238,4.299,-20.602,46.085,US-Rms,US-Rms,sagebrush,0.811,0.626,0.815,0.764,0.861,0.792,0.84,0.394,1.204,0.244,0.06,90.807,60.252,138.39,168.161,1024.869,855.828
US-Rms,2014-11-14,0.108,1.889,-2.047,0.271,0.619,9.041,-4.82,2.65,-12.29,22.13,21.205,-0.3,0.073,0.641,-3.098,35.469,,78.149,99.166,0.004,18.679,6.023,-6.206,24.624,US-Rms,US-Rms,sagebrush,0.862,0.591,0.855,0.776,0.915,0.824,0.886,0.158,1.02,0.158,0.0,81.654,60.252,145.391,165.362,1025.431,855.907
US-Rms,2014-11-19,0.1,1.632,-9.375,0.34,0.643,15.932,-3.185,2.21,-8.58,0.0,21.205,0.565,0.124,0.889,2.455,76.712,,78.923,33.347,0.491,9.772,1.796,-45.006,36.65,US-Rms,US-Rms,sagebrush,0.62,0.389,0.613,0.517,0.712,0.572,0.654,0.097,0.718,0.097,0.0,73.423,60.252,152.007,163.397,1025.853,855.964
US-Rms,2014-11-24,0.092,0.873,-3.637,0.438,0.784,16.346,-0.21,1.92,-2.34,0.0,21.205,0.734,0.207,0.798,-3.068,128.825,,79.496,86.028,0.074,38.918,4.525,-21.645,10.539,US-Rms,US-Rms,sagebrush,1.339,0.941,1.336,1.21,1.444,1.277,1.394,0.107,1.446,0.107,0.0,66.022,60.252,155.803,159.251,1026.787,856.087
US-Rms,2014-12-04,0.076,1.224,-0.062,0.388,1.002,8.507,4.4,6.63,2.17,10.2,21.205,0.682,0.62,1.692,2.001,98.874,,78.597,91.93,0.124,49.74,2.556,-3.819,3.215,US-Rms,US-Rms,sagebrush,1.496,1.095,1.498,1.391,1.591,1.451,1.552,0.08,1.576,0.08,0.0,53.383,59.833,159.994,150.631,1028.874,856.368
US-Rms,2014-12-09,0.068,2.278,-0.505,0.343,0.994,11.867,6.43,10.28,2.58,0.0,21.205,0.998,0.237,0.889,2.012,54.578,,,68.436,0.285,,,,,US-Rms,US-Rms,sagebrush,1.261,0.915,1.257,1.181,1.318,1.218,1.3,0.119,1.38,0.119,0.0,48.002,59.625,161.75,147.188,1029.728,856.487
US-Rms,2014-12-14,0.069,0.769,-2.12,0.276,0.989,14.015,-4.415,-1.9,-6.93,0.0,21.205,0.181,0.224,0.478,-1.761,36.641,,,91.297,0.106,,,,,US-Rms,US-Rms,sagebrush,0.875,0.612,0.874,0.813,0.927,0.847,0.903,0.06,0.935,0.06,0.0,43.164,59.625,164.031,144.698,1030.318,856.57
US-Rms,2014-12-19,0.066,0.316,-1.414,0.338,0.937,8.268,-0.13,0.6,-0.86,12.22,21.205,-1.173,0.15,0.448,-1.707,22.602,,78.654,96.563,0.019,14.114,3.617,-3.606,5.746,US-Rms,US-Rms,sagebrush,1.157,0.84,1.157,1.096,1.226,1.12,1.193,0.014,1.171,0.014,0.0,38.813,59.418,164.95,141.667,1031.093,856.68
US-Rms,2015-02-17,-0.009,1.785,-1.653,0.283,1.221,23.609,0.585,5.04,-3.87,0.0,21.205,0.807,0.422,0.871,0.039,185.402,,79.163,45.875,0.348,57.81,1.579,0.634,8.595,US-Rms,US-Rms,sagebrush,0.808,0.622,0.808,0.758,0.862,0.781,0.836,0.0,0.808,0.0,0.0,25.039,58.799,140.273,109.419,1037.811,857.995
US-Rms,2015-02-22,0.003,0.82,-2.447,0.283,1.206,25.216,-7.97,-4.41,-11.53,0.0,21.205,0.364,0.374,0.758,-9.17,196.156,,78.82,69.217,0.098,72.759,2.6,5.359,8.402,US-Rms,US-Rms,sagebrush,0.757,0.584,0.757,0.708,0.814,0.728,0.784,0.0,0.757,0.0,0.0,24.976,58.799,138.099,107.552,1038.042,858.082
US-Rms,2015-02-27,0.015,1.117,-1.36,0.311,1.194,21.567,-1.93,1.23,-5.09,11.58,21.205,0.258,0.514,0.972,-2.882,87.558,,77.727,97.724,0.012,36.388,1.834,8.132,5.637,US-Rms,US-Rms,sagebrush,0.9,0.718,0.901,0.842,0.963,0.867,0.936,0.0,0.9,0.0,0.0,24.92,58.595,135.508,105.551,1038.288,858.187
US-Rms,2015-03-04,0.029,1.502,-3.567,0.331,1.194,32.826,-4.41,0.99,-9.81,0.0,21.205,0.5,0.506,0.333,-5.8,231.288,,78.996,43.073,0.24,43.377,2.218,-9.581,3.612,US-Rms,US-Rms,sagebrush,0.814,0.641,0.813,0.749,0.889,0.78,0.846,0.01,0.823,0.01,0.0,24.868,58.595,133.183,103.57,1038.482,858.283
US-Rms,2015-03-09,0.036,3.347,1.146,0.268,1.236,34.394,5.665,12.06,-0.73,0.0,21.205,0.489,0.443,1.004,5.585,244.553,,79.057,32.571,0.657,80.438,1.632,-13.039,48.82,US-Rms,US-Rms,sagebrush,0.872,0.71,0.872,0.809,0.931,0.839,0.903,0.082,0.954,0.082,0.0,24.802,58.391,130.715,101.665,1038.661,858.387
US-Rms,2015-03-14,0.039,1.727,3.461,0.243,1.167,17.616,9.325,11.66,6.99,5.79,21.205,0.844,0.366,1.166,7.871,76.279,,79.204,61.036,0.429,68.079,3.252,-82.551,84.909,US-Rms,US-Rms,sagebrush,0.887,0.736,0.889,0.813,0.957,0.852,0.924,0.067,0.954,0.067,0.0,24.731,58.187,128.223,99.736,1038.812,858.495
US-Rms,2015-03-19,0.094,3.087,2.347,0.253,0.88,37.716,4.775,10.98,-1.43,0.0,21.205,0.245,0.366,0.572,2.882,184.236,,79.229,58.737,0.376,,1.02,75.528,35.149,US-Rms,US-Rms,sagebrush,0.493,0.593,0.499,0.427,0.593,0.459,0.537,0.736,1.229,0.127,0.242,25.498,58.981,125.826,97.886,1038.927,858.6
US-Rms,2015-03-24,0.132,1.286,2.614,0.262,0.773,25.2,-1.545,2.05,-5.14,13.29,21.205,0.625,0.412,0.379,-1.716,153.186,,78.783,88.11,0.065,56.987,4.22,28.796,50.083,US-Rms,US-Rms,sagebrush,0.596,0.704,0.602,0.522,0.7,0.561,0.644,0.634,1.23,0.131,0.2,26.12,59.597,123.334,95.96,1039.015,858.712
US-Rms,2015-03-29,0.156,3.083,4.917,0.233,0.745,40.929,5.48,11.35,-0.39,0.0,21.205,0.273,1.45,1.62,6.481,270.23,,79.452,36.082,0.637,141.012,1.154,96.213,37.916,US-Rms,US-Rms,sagebrush,-0.094,0.055,-0.088,-0.152,0.005,-0.124,-0.049,1.774,1.68,0.153,0.645,28.269,62.041,120.914,94.089,1039.069,858.823
US-Rms,2015-04-03,0.16,2.213,1.342,0.229,0.707,43.866,0.735,6.42,-4.95,0.0,21.205,-0.133,0.644,0.411,-0.059,253.3,,79.094,47.265,0.355,125.209,1.811,77.3,43.031,US-Rms,US-Rms,sagebrush,-0.205,-0.104,-0.202,-0.245,-0.127,-0.232,-0.174,1.617,1.412,0.13,0.592,30.227,64.258,119.059,92.69,1039.088,858.911
US-Rms,2015-04-08,0.16,1.32,3.705,0.296,0.787,36.726,0.6,3.76,-2.56,21.05,21.205,-0.072,0.857,0.57,-1.548,185.893,,,96.788,0.018,4.197,4.8,62.471,41.985,US-Rms,US-Rms,sagebrush,0.389,0.523,0.394,0.298,0.503,0.349,0.438,1.278,1.667,0.157,0.447,31.695,65.869,116.161,90.44,1039.077,859.048
US-Rms,2015-04-18,0.157,2.214,6.097,0.235,0.724,49.824,7.835,11.22,4.45,0.0,21.205,-0.58,2.278,1.8,6.086,300.745,,,45.85,0.533,153.743,5.079,112.714,39.208,US-Rms,US-Rms,sagebrush,-0.395,-0.21,-0.39,-0.457,-0.296,-0.425,-0.355,2.357,1.962,0.197,0.86,37.016,71.962,111.34,86.735,1038.943,859.287
US-Rms,2015-04-23,0.167,3.09,6.573,0.217,0.7,50.823,5.7,11.44,-0.04,0.0,21.205,-0.795,2.386,1.437,5.441,320.875,,78.309,37.877,0.588,175.735,2.15,124.471,39.495,US-Rms,US-Rms,sagebrush,-0.6,-0.406,-0.595,-0.657,-0.514,-0.627,-0.567,2.598,1.997,0.215,0.949,40.174,75.609,109.181,85.091,1038.832,859.398
US-Rms,2015-04-28,0.173,5.809,6.91,0.222,0.692,51.997,10.835,18.06,3.61,0.0,21.205,-0.449,2.166,1.563,10.72,331.266,,79.177,36.772,0.851,177.032,2.21,93.516,46.319,US-Rms,US-Rms,sagebrush,-0.6,-0.395,-0.595,-0.659,-0.509,-0.627,-0.566,2.663,2.063,0.233,0.968,43.389,79.32,106.969,83.408,1038.684,859.515
US-Rms,2015-05-03,0.194,3.82,11.258,0.205,0.675,54.179,11.635,16.16,7.11,0.0,21.205,-0.347,2.646,2.385,11.775,304.149,,78.637,30.358,0.977,169.234,1.66,105.565,54.077,US-Rms,US-Rms,sagebrush,-1.26,-0.964,-1.253,-1.328,-1.156,-1.294,-1.21,4.005,2.745,0.321,1.467,48.31,85.069,104.539,81.541,1038.48,859.646
US-Rms,2015-05-08,0.205,3.266,5.137,0.221,0.658,32.506,6.94,11.48,2.4,1.69,21.205,-0.628,3.17,2.392,5.268,215.089,,78.475,74.675,0.262,129.037,3.377,56.902,73.147,US-Rms,US-Rms,sagebrush,-0.279,-0.098,-0.275,-0.332,-0.191,-0.308,-0.249,1.962,1.684,0.241,0.685,50.526,87.588,102.671,80.155,1038.289,859.751
US-Rms,2015-05-13,0.175,3.296,10.385,0.202,0.651,54.099,4.765,9.64,-0.11,0.0,21.205,-1.447,2.536,1.623,2.506,238.182,,78.356,85.683,0.134,159.947,,70.634,70.181,US-Rms,US-Rms,sagebrush,-0.996,-0.716,-0.989,-1.059,-0.901,-1.023,-0.954,3.462,2.465,0.343,1.242,54.647,92.385,100.507,78.517,1038.033,859.874
US-Rms,2015-05-18,0.192,1.449,9.94,0.248,0.67,44.158,7.36,9.56,5.16,3.56,21.205,-0.861,2.12,1.286,6.277,125.573,,78.856,91.234,0.092,84.963,1.957,27.251,55.367,US-Rms,US-Rms,sagebrush,-0.403,-0.105,-0.393,-0.494,-0.276,-0.438,-0.345,2.835,2.433,0.356,0.987,57.898,96.119,97.809,76.455,1037.666,860.029
US-Rms,2015-06-02,0.314,4.962,14.268,0.221,0.696,54.251,9.005,14.19,3.82,0.0,21.205,-2.661,6.593,4.802,8.593,306.959,,78.909,74.599,0.332,193.629,2.608,87.432,100.767,US-Rms,US-Rms,sagebrush,-3.132,-2.738,-3.124,-3.209,-3.019,-3.175,-3.068,7.601,4.47,0.569,2.8,79.823,121.831,89.99,70.513,1036.21,860.505
US-Rms,2015-06-07,0.357,8.603,16.323,0.206,0.675,57.141,15.99,21.79,10.19,0.0,21.205,-1.6,5.372,3.694,16.191,319.923,,79.297,56.433,0.842,192.843,1.643,57.449,118.428,US-Rms,US-Rms,sagebrush,-3.975,-3.531,-3.967,-4.077,-3.835,-4.027,-3.901,9.117,5.142,0.717,3.345,91.106,135.146,87.544,68.673,1035.612,860.666
US-Rms,2015-06-12,0.332,8.476,15.826,0.194,0.652,59.168,14.795,21.21,8.38,0.0,21.205,-3.477,7.948,4.068,15.499,383.32,,79.085,35.616,1.176,217.654,3.348,48.415,201.564,US-Rms,US-Rms,sagebrush,-3.743,-3.326,-3.736,-3.837,-3.614,-3.787,-3.684,8.609,4.866,0.781,3.117,101.557,147.48,85.452,67.136,1035.027,860.812
US-Rms,2015-06-17,0.3,10.357,17.453,0.177,0.63,57.955,17.585,24.14,11.03,0.0,21.205,-3.204,9.036,4.004,18.876,371.658,,79.15,32.583,1.509,222.878,1.964,45.666,176.536,US-Rms,US-Rms,sagebrush,-2.917,-2.458,-2.906,-2.99,-2.81,-2.953,-2.86,7.314,4.397,0.948,2.535,109.95,155.645,83.566,67.504,1034.433,860.951
US-Rms,2015-06-22,0.302,8.247,16.959,0.159,0.61,58.885,13.76,20.39,7.13,0.0,21.205,-3.87,10.443,5.621,15.109,374.692,,79.251,41.991,1.055,223.126,1.471,61.256,147.095,US-Rms,US-Rms,sagebrush,-3.364,-2.951,-3.355,-3.448,-3.24,-3.405,-3.303,7.858,4.494,0.982,2.738,118.999,162.758,82.099,70.028,1033.918,861.069
US-Rms,2015-06-27,0.301,15.525,21.609,0.144,0.594,54.519,23.26,29.7,16.82,0.0,21.205,-1.274,6.493,4.533,25.119,266.293,,79.558,22.346,2.504,159.983,1.479,-1.891,140.378,US-Rms,US-Rms,sagebrush,-2.002,-1.434,-1.984,-2.093,-1.865,-2.037,-1.933,6.051,4.049,1.379,1.86,124.971,164.518,80.64,74.173,1033.39,861.191
US-Rms,2015-07-02,0.334,15.48,22.955,0.129,0.578,58.329,23.345,29.78,16.91,0.0,21.205,-2.543,6.968,4.209,23.849,358.945,,79.443,24.912,2.266,209.547,2.12,14.886,191.163,US-Rms,US-Rms,sagebrush,-2.714,-2.124,-2.696,-2.834,-2.566,-2.752,-2.632,7.279,4.565,1.537,2.286,132.374,166.546,79.428,79.869,1032.934,861.301
US-Rms,2015-07-12,0.284,7.911,17.631,0.191,0.552,49.148,13.935,20.02,7.85,6.7,21.205,-1.901,4.899,4.522,13.696,231.704,,79.249,69.072,0.527,136.484,1.656,24.446,112.636,US-Rms,US-Rms,sagebrush,-1.936,-1.504,-1.914,-2.006,-1.82,-1.958,-1.87,6.171,4.235,1.178,1.988,145.837,164.888,76.815,94.605,1032.083,861.539
US-Rms,2015-07-17,0.312,6.338,16.443,0.183,0.557,57.359,10.78,16.09,5.47,0.0,21.205,-2.482,5.895,3.158,10.678,226.119,,79.011,53.643,0.616,115.944,3.335,33.293,80.32,US-Rms,US-Rms,sagebrush,-3.322,-2.96,-3.306,-3.408,-3.193,-3.367,-3.245,8.273,4.95,1.113,2.851,155.176,167.241,75.303,101.318,1031.668,861.675
US-Rms,2015-07-22,0.276,7.529,20.081,0.16,0.539,46.78,14.645,20.59,8.7,6.56,21.205,-0.421,4.532,3.744,13.99,210.523,,78.791,70.409,0.524,137.717,1.984,17.319,102.23,US-Rms,US-Rms,sagebrush,-1.607,-1.13,-1.583,-1.679,-1.482,-1.635,-1.535,5.729,4.122,1.439,1.708,160.51,163.127,73.954,109.703,1031.314,861.806
US-Rms,2015-07-27,0.233,5.352,16.703,0.16,0.525,55.932,9.26,14.34,4.18,0.0,21.205,-3.975,5.938,1.793,8.945,338.095,,79.117,57.824,0.535,194.791,3.64,132.531,87.996,US-Rms,US-Rms,sagebrush,-1.976,-1.631,-1.959,-2.05,-1.88,-2.008,-1.917,5.918,3.941,1.178,1.887,166.442,158.734,72.89,119.246,1031.063,861.92
US-Rms,2015-08-01,0.236,15.494,20.536,0.145,0.511,54.113,22.53,28.99,16.07,0.0,21.205,-0.538,6.715,1.731,25.169,314.755,,79.456,14.603,2.76,166.407,1.621,66.673,85.379,US-Rms,US-Rms,sagebrush,-0.929,-0.457,-0.904,-1.008,-0.794,-0.96,-0.849,4.567,3.638,1.492,1.224,170.046,150.77,71.859,129.351,1030.876,862.037
US-Rms,2015-08-06,0.238,8.485,17.573,0.144,0.498,52.502,15.22,20.6,9.84,0.0,21.205,-2.03,4.786,2.262,15.319,312.754,,79.152,33.508,1.194,171.121,1.303,87.22,77.991,US-Rms,US-Rms,sagebrush,-1.63,-1.279,-1.612,-1.712,-1.527,-1.66,-1.564,5.338,3.707,1.231,1.635,175.052,144.068,71.055,139.997,1030.778,862.139
US-Rms,2015-08-11,0.252,14.016,19.644,0.131,0.485,50.897,22.58,28.0,17.16,0.0,21.205,-0.434,3.443,2.454,21.11,265.67,,79.124,29.476,1.872,127.077,3.233,39.03,77.887,US-Rms,US-Rms,sagebrush,-1.247,-0.825,-1.225,-1.323,-1.138,-1.278,-1.171,4.829,3.582,1.387,1.37,179.105,135.853,70.378,150.996,1030.754,862.237
US-Rms,2015-08-16,0.212,10.065,15.803,0.119,0.474,51.224,16.225,21.87,10.58,0.0,21.205,-1.429,3.579,1.799,16.752,312.352,,79.439,30.424,1.356,156.903,1.585,103.278,57.75,US-Rms,US-Rms,sagebrush,-1.309,-1.009,-1.294,-1.397,-1.193,-1.345,-1.24,4.325,3.017,1.086,1.29,182.847,127.277,70.08,162.561,1030.792,862.31
US-Rms,2015-08-21,0.187,12.396,16.958,0.111,0.463,49.139,15.66,22.81,8.51,0.0,21.205,-1.64,3.494,1.428,17.236,311.896,,78.812,25.154,1.526,151.694,3.41,96.171,52.374,US-Rms,US-Rms,sagebrush,-0.757,-0.415,-0.739,-0.848,-0.634,-0.793,-0.684,3.438,2.681,1.146,0.913,185.259,117.294,69.876,173.96,1030.883,862.378
US-Rms,2015-08-26,0.197,18.434,19.181,0.104,0.454,40.298,20.78,27.2,14.36,0.0,21.205,-0.631,3.027,2.449,21.738,240.001,,79.419,19.316,2.131,112.154,1.411,61.508,39.814,US-Rms,US-Rms,sagebrush,-0.124,0.303,-0.1,-0.226,0.031,-0.179,-0.032,2.547,2.423,1.279,0.505,186.244,106.169,69.703,184.681,1031.027,862.446
US-Rms,2015-08-31,0.185,11.46,13.599,0.099,0.446,45.556,12.87,19.61,6.13,0.0,21.205,-1.351,3.535,1.676,13.446,282.249,,79.117,48.861,0.854,142.138,1.213,102.208,32.784,US-Rms,US-Rms,sagebrush,-0.751,-0.489,-0.737,-0.861,-0.629,-0.799,-0.679,2.938,2.187,0.882,0.819,188.299,97.122,69.787,195.15,1031.173,862.496
US-Rms,2015-09-05,0.176,5.651,11.057,0.098,0.439,41.731,3.54,8.59,-1.51,0.0,21.205,-0.85,1.84,1.07,2.688,165.814,,78.902,76.853,0.209,84.5,3.089,71.604,40.089,US-Rms,US-Rms,sagebrush,-0.702,-0.492,-0.689,-0.809,-0.574,-0.75,-0.629,2.63,1.928,0.739,0.753,190.119,88.503,69.967,205.074,1031.332,862.54
US-Rms,2015-09-10,0.168,16.422,14.43,0.095,0.434,42.323,18.47,25.9,11.04,0.0,21.205,-0.303,1.98,1.018,19.898,266.536,,79.509,21.045,1.866,125.402,1.71,85.62,29.875,US-Rms,US-Rms,sagebrush,-0.304,-0.012,-0.285,-0.417,-0.159,-0.36,-0.21,2.214,1.91,0.884,0.53,191.16,79.776,70.09,213.897,1031.544,862.588
US-Rms,2015-09-15,0.166,2.118,13.96,0.118,0.429,26.854,6.335,9.07,3.6,16.85,21.205,1.742,0.849,1.549,5.474,94.458,,78.282,94.388,0.055,68.566,1.641,15.49,59.654,US-Rms,US-Rms,sagebrush,0.068,0.305,0.088,-0.017,0.21,0.03,0.152,1.892,1.96,0.836,0.421,191.854,71.475,69.928,220.925,1031.877,862.655
US-Rms,2015-09-20,0.169,10.684,11.257,0.174,0.452,38.562,15.255,22.35,8.16,0.0,21.205,0.78,1.765,2.506,16.5,247.64,,79.235,29.031,1.381,120.888,1.914,68.266,55.302,US-Rms,US-Rms,sagebrush,0.23,0.303,0.245,0.124,0.407,0.176,0.305,2.086,2.317,0.69,0.556,193.107,65.623,69.225,224.434,1032.417,862.756
US-Rms,2015-09-25,0.143,14.358,14.582,0.155,0.451,35.543,18.95,27.2,10.7,0.0,21.205,0.495,1.916,2.684,19.918,205.447,,79.261,17.137,1.969,73.115,2.145,13.73,47.106,US-Rms,US-Rms,sagebrush,0.604,0.67,0.625,0.497,0.774,0.563,0.682,1.618,2.222,0.828,0.314,193.489,59.439,68.572,227.208,1032.977,862.857
US-Rms,2015-09-30,0.136,7.7,13.76,0.144,0.448,29.579,15.44,20.51,10.37,0.0,21.205,0.682,1.2,1.924,16.474,116.842,,79.087,30.315,1.333,39.971,1.722,5.672,36.179,US-Rms,US-Rms,sagebrush,0.542,0.567,0.561,0.445,0.695,0.507,0.617,1.443,1.985,0.771,0.268,193.689,53.655,68.124,229.941,1033.478,862.945
US-Rms,2015-10-05,0.137,4.731,9.055,0.17,0.455,32.794,11.18,15.89,6.47,0.0,21.205,0.386,1.394,0.885,11.05,208.511,,78.931,57.536,0.586,91.831,1.552,58.287,29.039,US-Rms,US-Rms,sagebrush,0.437,0.48,0.447,0.338,0.591,0.389,0.498,1.432,1.868,0.567,0.344,194.199,49.057,67.633,231.731,1033.996,863.034
US-Rms,2015-10-10,0.147,9.593,12.664,0.157,0.456,31.131,16.555,22.16,10.95,0.0,21.205,-0.086,1.65,1.158,17.378,201.56,,79.043,24.839,1.541,66.069,3.769,29.329,42.816,US-Rms,US-Rms,sagebrush,0.512,0.623,0.528,0.414,0.674,0.472,0.58,1.54,2.052,0.694,0.337,194.657,44.972,67.103,232.676,1034.552,863.129
US-Rms,2015-10-15,0.13,9.728,10.464,0.148,0.455,29.167,14.305,20.62,7.99,0.0,21.205,0.178,1.289,1.348,16.045,180.068,,79.501,20.17,1.46,57.392,1.723,26.193,26.341,US-Rms,US-Rms,sagebrush,0.536,0.508,0.549,0.448,0.679,0.498,0.599,1.133,1.669,0.598,0.213,175.771,40.801,85.697,233.911,1035.023,863.208
US-Rms,2015-10-20,0.128,1.686,7.63,0.248,0.64,26.458,5.875,8.73,3.02,0.0,21.205,0.618,0.651,1.659,3.968,139.196,,79.203,90.645,0.088,71.65,3.702,9.176,46.456,US-Rms,US-Rms,sagebrush,1.119,0.964,1.122,0.944,1.305,1.029,1.206,1.051,2.17,0.456,0.237,158.872,41.405,101.25,227.963,1035.984,863.34
US-Rms,2015-10-25,0.139,3.097,7.928,0.212,0.632,21.365,8.11,12.97,3.25,0.0,21.205,0.89,1.179,2.211,8.721,86.983,,78.762,40.805,0.697,9.004,2.617,-15.743,36.739,US-Rms,US-Rms,sagebrush,0.966,0.812,0.972,0.85,1.122,0.903,1.034,0.929,1.895,0.429,0.199,143.544,41.65,115.11,223.347,1036.881,863.452
US-Rms,2015-10-30,0.131,1.575,2.473,0.223,0.622,12.143,3.885,6.93,0.84,3.6,21.205,0.833,0.543,1.767,2.726,45.446,,78.891,88.158,0.085,10.432,3.891,-21.984,35.691,US-Rms,US-Rms,sagebrush,0.962,0.632,0.953,0.785,1.068,0.909,1.003,0.368,1.33,0.285,0.033,129.188,40.959,127.655,220.179,1037.65,863.54
US-Rms,2015-11-04,0.113,0.886,1.34,0.229,0.654,17.297,-3.515,-0.77,-6.26,0.0,21.205,0.792,0.592,0.975,-5.194,98.875,,78.466,95.065,0.021,38.161,4.006,1.649,17.726,US-Rms,US-Rms,sagebrush,0.987,0.615,0.967,0.775,1.095,0.921,1.023,0.226,1.212,0.226,0.0,116.166,40.817,138.633,216.549,1038.447,863.625
US-Rms,2015-11-09,0.095,1.453,0.103,0.256,0.62,14.602,-1.56,2.58,-5.7,6.75,21.205,0.853,0.236,1.088,-2.655,48.466,,78.056,97.839,0.012,1.873,2.999,-4.858,24.058,US-Rms,US-Rms,sagebrush,1.047,0.666,1.028,0.843,1.143,0.988,1.078,0.227,1.274,0.21,0.007,104.48,39.993,147.996,213.478,1039.34,863.715
US-Rms,2016-01-08,-0.021,0.8,-6.169,0.439,1.17,14.513,-4.92,-2.19,-7.65,0.0,21.205,0.999,0.165,0.92,-5.721,52.094,,78.418,93.151,0.03,-30.151,,1.733,-1.042,US-Rms,US-Rms,sagebrush,1.182,0.767,1.164,1.05,1.268,1.112,1.206,0.0,1.182,0.0,0.0,29.208,38.016,179.619,163.663,1053.442,865.123
US-Rms,2016-01-13,-0.002,1.458,-7.485,0.439,1.168,11.688,0.01,3.7,-3.68,6.18,21.205,1.347,0.125,1.446,-0.637,34.863,,78.289,72.116,0.186,-5.946,6.13,-15.06,10.436,US-Rms,US-Rms,sagebrush,1.049,0.666,1.032,0.914,1.136,0.983,1.075,0.0,1.049,0.0,0.0,29.174,38.016,176.518,160.608,1054.288,865.222
US-Rms,2016-01-18,-0.002,1.016,-4.388,0.439,1.178,15.008,-0.405,2.14,-2.95,4.62,21.205,1.149,0.086,1.39,-2.094,89.047,,78.677,96.537,0.019,-31.411,5.171,-15.824,5.995,US-Rms,US-Rms,sagebrush,1.333,0.895,1.314,1.207,1.4,1.26,1.356,0.0,1.333,0.0,0.0,29.141,38.016,172.586,156.748,1055.318,865.352
US-Rms,2016-01-23,-0.019,0.997,-3.814,0.439,1.228,12.797,-0.17,2.28,-2.62,5.62,21.205,1.23,0.0,1.307,-1.054,66.118,,78.175,89.397,0.065,-6.691,6.314,-5.959,7.765,US-Rms,US-Rms,sagebrush,1.369,0.931,1.35,1.25,1.44,1.303,1.391,0.0,1.369,0.0,0.0,29.108,38.016,168.568,152.813,1056.322,865.488
US-Rms,2016-01-28,-0.026,2.102,-6.894,0.439,1.24,11.067,0.62,6.01,-4.77,9.25,21.205,1.298,0.0,1.692,0.574,89.317,,79.018,68.199,0.218,-3.143,4.626,-15.433,7.644,US-Rms,US-Rms,sagebrush,1.051,0.685,1.034,0.929,1.131,0.992,1.073,0.0,1.051,0.0,0.0,29.075,38.016,165.508,149.812,1057.054,865.595
US-Rms,2016-02-02,-0.034,0.849,-9.26,0.439,1.306,18.5,-7.98,-4.28,-11.68,0.0,21.205,0.959,0.0,0.58,-9.601,83.576,,78.675,94.52,0.016,-21.571,,,1.509,US-Rms,US-Rms,sagebrush,0.84,0.526,0.825,0.706,0.918,0.782,0.867,0.0,0.84,0.0,0.0,29.041,38.016,163.08,147.428,1057.614,865.681
US-Rms,2016-02-12,-0.044,2.943,-5.705,0.439,1.317,19.816,4.995,10.75,-0.76,0.0,21.205,2.04,0.0,1.953,5.468,127.983,,79.391,53.306,0.423,-2.624,3.016,-6.154,2.412,US-Rms,US-Rms,sagebrush,1.116,0.752,1.099,1.011,1.193,1.058,1.136,0.0,1.116,0.0,0.0,28.975,38.016,156.859,141.352,1058.954,865.909
US-Rms,2016-02-17,-0.042,1.899,-4.272,0.439,1.317,19.113,5.115,8.55,1.68,0.0,21.205,2.242,0.0,2.072,5.405,46.793,,77.812,53.147,0.425,-20.681,5.34,-8.327,5.662,US-Rms,US-Rms,sagebrush,1.231,0.851,1.213,1.131,1.299,1.173,1.249,0.0,1.231,0.0,0.0,28.942,38.016,153.336,137.924,1059.651,866.043
US-Rms,2016-02-22,-0.036,1.105,-0.877,0.426,1.317,24.931,-3.255,0.19,-6.7,0.0,21.205,0.754,0.172,1.817,-4.52,177.414,,79.129,80.472,0.087,6.663,4.259,-2.294,10.816,US-Rms,US-Rms,sagebrush,1.498,1.085,1.479,1.379,1.57,1.433,1.522,0.0,1.498,0.0,0.0,28.906,37.884,149.073,133.92,1060.431,866.209
US-Rms,2016-02-27,-0.039,1.31,-0.18,0.388,1.317,17.218,1.98,4.82,-0.86,3.05,21.205,0.769,0.082,2.028,0.25,108.405,,78.878,84.24,0.111,-18.353,4.64,-13.23,7.598,US-Rms,US-Rms,sagebrush,1.389,1.02,1.372,1.279,1.455,1.33,1.414,0.0,1.389,0.0,0.0,28.86,37.752,145.162,130.25,1061.086,866.366
US-Rms,2016-03-03,-0.038,1.916,2.5,0.267,1.317,27.44,4.83,8.37,1.29,0.0,21.205,1.732,0.059,2.018,4.05,105.9,,78.843,64.347,0.3,-11.107,3.852,-21.113,11.934,US-Rms,US-Rms,sagebrush,1.058,0.777,1.046,0.976,1.115,1.008,1.082,0.0,1.058,0.0,0.0,28.783,37.621,142.245,127.507,1061.539,866.489
US-Rms,2016-03-08,-0.035,1.337,1.166,0.265,1.249,28.455,-0.455,3.01,-3.92,3.71,21.205,0.996,0.029,0.682,-3.306,116.881,,78.288,93.227,0.038,0.476,3.459,-1.571,3.574,US-Rms,US-Rms,sagebrush,0.953,0.697,0.941,0.879,0.995,0.91,0.971,0.0,0.953,0.0,0.0,28.706,37.49,139.642,125.068,1061.914,866.6
US-Rms,2016-03-13,-0.02,1.018,2.682,0.264,1.125,22.155,-0.365,2.18,-2.91,15.1,21.205,0.494,0.004,1.312,-0.645,71.741,,77.915,98.277,0.013,4.48,,-5.717,5.631,US-Rms,US-Rms,sagebrush,1.028,0.771,1.016,0.943,1.085,0.976,1.053,0.0,1.028,0.0,0.0,28.629,37.359,136.845,122.445,1062.282,866.723
US-Rms,2016-03-18,-0.015,1.899,-0.34,0.289,1.018,37.679,-0.695,4.6,-5.99,0.0,21.205,1.1,0.256,1.316,-3.083,254.022,,78.94,67.465,0.161,5.635,2.551,-4.623,3.646,US-Rms,US-Rms,sagebrush,0.93,0.692,0.918,0.865,0.969,0.892,0.947,0.0,0.93,0.0,0.0,28.559,37.229,134.33,120.1,1062.581,866.836
US-Rms,2016-03-23,-0.011,1.534,0.808,0.266,0.942,38.53,0.325,4.14,-3.49,0.0,21.205,1.357,0.0,0.958,-1.772,241.459,,79.161,75.314,0.151,3.158,4.7,-21.994,12.569,US-Rms,US-Rms,sagebrush,0.899,0.678,0.888,0.831,0.936,0.858,0.921,0.0,0.899,0.0,0.0,28.483,37.1,131.919,117.85,1062.84,866.946
US-Rms,2016-03-28,-0.014,1.188,2.023,0.257,0.841,37.357,-2.195,1.26,-5.65,0.0,21.205,1.593,0.03,1.017,-5.501,266.311,,78.032,82.373,0.079,5.733,7.524,-31.796,18.582,US-Rms,US-Rms,sagebrush,0.921,0.706,0.91,0.846,0.965,0.873,0.944,0.0,0.921,0.0,0.0,28.405,36.97,129.466,115.56,1063.074,867.061
US-Rms,2016-04-07,-0.009,4.56,6.737,0.23,0.721,45.836,10.155,16.56,3.75,0.0,21.205,1.294,0.837,1.688,11.016,297.359,,79.37,28.411,0.954,60.495,2.778,-29.74,27.385,US-Rms,US-Rms,sagebrush,1.028,0.823,1.018,0.923,1.114,0.956,1.069,0.0,1.028,0.0,0.0,28.24,36.714,123.894,110.342,1063.486,867.328
US-Rms,2016-04-12,0.018,1.988,8.265,0.214,0.701,32.663,5.615,9.11,2.12,6.18,21.205,1.253,0.72,1.096,5.89,133.753,,78.91,79.9,0.208,44.171,2.769,-25.497,0.025,US-Rms,US-Rms,sagebrush,1.008,0.813,0.998,0.896,1.101,0.932,1.059,0.0,1.008,0.0,0.0,28.152,36.586,121.265,107.882,1063.62,867.46
US-Rms,2016-04-17,0.047,3.223,5.223,0.25,0.736,49.612,7.72,12.96,2.48,0.0,21.205,0.82,0.824,0.915,7.054,317.08,,79.588,44.21,0.583,86.181,2.733,-13.792,34.377,US-Rms,US-Rms,sagebrush,0.881,0.83,0.881,0.779,0.986,0.831,0.934,0.339,1.22,0.118,0.088,28.377,36.82,118.631,105.427,1063.713,867.594
US-Rms,2016-04-27,0.102,1.172,6.494,0.241,0.736,33.047,2.99,5.33,0.65,0.0,21.205,0.301,0.633,1.144,1.242,128.693,,78.266,81.848,0.123,75.923,2.692,45.688,31.799,US-Rms,US-Rms,sagebrush,0.688,0.849,0.691,0.587,0.811,0.637,0.747,0.671,1.359,0.132,0.214,30.0,38.698,113.227,100.389,1063.768,867.878
US-Rms,2016-05-07,0.158,2.721,13.279,0.256,0.701,48.533,10.58,14.12,7.04,3.54,21.205,0.626,2.314,2.605,7.862,253.211,,78.467,82.211,0.21,189.164,2.135,73.999,77.292,US-Rms,US-Rms,sagebrush,-0.274,0.072,-0.268,-0.426,-0.083,-0.347,-0.184,3.112,2.838,0.22,1.152,36.506,46.38,107.069,94.662,1063.592,868.218
US-Rms,2016-05-12,0.185,6.215,8.725,0.23,0.724,56.358,12.095,18.79,5.4,0.0,21.205,0.004,2.76,2.263,12.546,344.358,,79.227,26.603,1.122,190.074,2.537,110.635,67.341,US-Rms,US-Rms,sagebrush,-0.898,-0.668,-0.896,-0.977,-0.8,-0.936,-0.856,3.37,2.472,0.186,1.268,40.77,51.426,104.566,92.354,1063.438,868.364
US-Rms,2016-05-22,0.251,1.721,7.048,0.254,0.734,41.481,2.875,6.48,-0.73,0.0,21.205,-1.626,2.236,1.126,0.057,217.48,,78.499,94.574,0.037,156.23,2.937,66.786,72.857,US-Rms,US-Rms,sagebrush,-1.007,-0.804,-1.007,-1.075,-0.921,-1.042,-0.973,3.58,2.573,0.21,1.342,50.337,62.736,99.748,87.948,1062.995,868.655
US-Rms,2016-06-01,0.279,7.833,12.169,0.208,0.686,57.177,15.605,22.15,9.06,0.0,21.205,-1.577,9.476,5.342,16.07,291.14,,,22.117,1.45,162.682,1.95,42.292,113.672,US-Rms,US-Rms,sagebrush,-2.451,-2.129,-2.448,-2.528,-2.358,-2.496,-2.399,6.103,3.651,0.362,2.286,66.143,81.492,95.092,83.71,1062.363,868.956
US-Rms,2016-06-06,0.289,7.44,18.943,0.194,0.665,56.706,19.28,24.05,14.51,0.0,21.205,-0.608,6.479,5.847,17.978,238.051,,78.897,40.121,1.252,140.164,1.545,14.037,107.952,US-Rms,US-Rms,sagebrush,-2.836,-2.283,-2.822,-2.94,-2.693,-2.885,-2.755,7.33,4.493,0.615,2.674,75.147,92.191,92.356,81.212,1061.89,869.14
US-Rms,2016-06-11,0.309,3.819,13.524,0.18,0.644,58.508,6.88,12.31,1.45,0.0,21.205,-4.694,8.395,3.02,5.491,339.601,,79.051,48.505,0.495,189.326,3.45,96.511,95.606,US-Rms,US-Rms,sagebrush,-3.658,-3.311,-3.653,-3.754,-3.528,-3.712,-3.598,8.012,4.355,0.503,2.99,85.204,103.831,90.519,79.886,1061.509,869.273
US-Rms,2016-06-16,0.345,3.141,8.878,0.196,0.631,41.919,4.85,10.48,-0.78,4.9,21.205,-2.439,6.695,1.911,2.515,284.81,,78.803,79.775,0.192,204.383,2.83,69.313,99.254,US-Rms,US-Rms,sagebrush,-2.272,-2.027,-2.269,-2.34,-2.173,-2.309,-2.226,5.469,3.197,0.429,2.007,91.848,110.573,88.966,79.658,1061.147,869.392
US-Rms,2016-06-21,0.325,5.829,15.835,0.183,0.621,58.679,14.905,19.0,10.81,0.0,21.205,-4.872,8.431,3.565,13.926,382.807,,79.407,30.835,1.133,216.746,2.489,81.175,160.403,US-Rms,US-Rms,sagebrush,-3.937,-3.517,-3.928,-4.035,-3.791,-3.989,-3.862,8.827,4.89,0.699,3.236,102.699,121.606,87.008,79.746,1060.669,869.541
US-Rms,2016-06-26,0.284,10.302,14.189,0.167,0.606,59.201,16.52,23.03,10.01,0.0,21.205,-3.189,6.667,1.638,16.692,377.797,,79.5,21.082,1.535,212.298,2.055,49.006,141.691,US-Rms,US-Rms,sagebrush,-2.741,-2.377,-2.731,-2.807,-2.628,-2.771,-2.688,6.567,3.826,0.701,2.336,110.393,127.662,85.523,81.472,1060.259,869.665
US-Rms,2016-07-01,0.278,11.403,19.849,0.151,0.591,58.487,19.4,25.25,13.55,0.0,21.205,-4.004,8.275,2.765,18.335,367.324,,79.129,34.139,1.446,214.99,1.488,50.245,161.519,US-Rms,US-Rms,sagebrush,-2.47,-1.918,-2.448,-2.537,-2.339,-2.493,-2.408,6.593,4.123,1.048,2.208,117.604,131.917,83.936,84.256,1059.809,869.8
US-Rms,2016-07-06,0.284,6.095,14.81,0.135,0.575,57.785,11.795,17.06,6.53,0.0,21.205,-6.131,10.145,2.566,11.013,325.0,,78.916,45.793,0.747,184.311,2.153,82.364,121.925,US-Rms,US-Rms,sagebrush,-3.22,-2.868,-3.209,-3.319,-3.08,-3.265,-3.154,7.182,3.962,0.81,2.537,125.907,136.171,83.003,88.941,1059.503,869.895
US-Rms,2016-07-11,0.302,5.548,11.11,0.138,0.564,56.375,8.625,14.95,2.3,0.0,21.205,-4.42,7.72,2.214,6.997,324.384,,79.002,73.039,0.319,186.593,1.622,78.154,96.886,US-Rms,US-Rms,sagebrush,-3.04,-2.785,-3.032,-3.139,-2.899,-3.091,-2.973,6.633,3.593,0.68,2.37,133.606,138.706,82.292,94.779,1059.257,869.978
US-Rms,2016-07-16,0.267,8.726,15.54,0.126,0.552,58.416,14.105,20.31,7.9,0.0,21.205,-4.417,6.474,2.327,12.84,374.105,,78.921,33.179,1.056,205.98,2.271,96.251,127.41,US-Rms,US-Rms,sagebrush,-2.802,-2.439,-2.788,-2.893,-2.672,-2.841,-2.74,6.568,3.767,0.924,2.247,140.839,139.659,81.544,101.498,1059.02,870.066
US-Rms,2016-07-21,0.255,14.641,18.29,0.118,0.539,56.908,20.905,27.9,13.91,0.0,21.205,-2.109,6.394,3.515,21.045,348.184,,79.335,15.727,2.207,174.781,2.461,39.4,134.458,US-Rms,US-Rms,sagebrush,-1.935,-1.483,-1.915,-2.012,-1.819,-1.967,-1.871,5.364,3.429,1.124,1.689,146.106,137.28,80.829,109.117,1058.814,870.156
US-Rms,2016-07-26,0.242,18.492,20.006,0.109,0.527,55.811,21.555,27.47,15.64,0.0,21.205,-1.515,4.295,1.886,22.271,334.779,,79.307,17.021,2.248,179.047,1.628,61.38,104.657,US-Rms,US-Rms,sagebrush,-1.331,-0.817,-1.307,-1.409,-1.184,-1.371,-1.256,4.461,3.13,1.259,1.275,149.913,132.473,80.229,117.442,1058.658,870.24
US-Rms,2016-07-31,0.238,15.337,19.745,0.101,0.516,55.01,19.87,25.12,14.62,0.0,21.205,-2.773,5.298,1.544,18.95,339.58,,78.969,20.288,1.781,186.154,1.838,101.592,99.842,US-Rms,US-Rms,sagebrush,-1.555,-1.059,-1.532,-1.644,-1.408,-1.591,-1.481,4.712,3.156,1.235,1.384,154.072,127.643,79.81,126.336,1058.557,870.314
US-Rms,2016-08-05,0.224,16.67,16.821,0.094,0.505,35.173,20.1,25.0,15.2,0.0,21.205,-0.465,2.986,1.392,18.551,213.411,,78.853,24.562,1.649,113.259,1.996,19.719,65.841,US-Rms,US-Rms,sagebrush,-0.571,-0.173,-0.552,-0.672,-0.437,-0.612,-0.503,2.714,2.144,1.033,0.67,155.745,119.482,79.623,135.853,1058.51,870.373
US-Rms,2016-08-10,0.24,10.678,12.597,0.092,0.495,51.986,11.81,18.38,5.24,0.0,21.205,-2.198,3.976,1.253,10.66,294.73,,79.032,47.459,0.729,153.897,1.502,91.576,41.855,US-Rms,US-Rms,sagebrush,-1.843,-1.569,-1.831,-1.952,-1.705,-1.896,-1.773,4.444,2.601,0.782,1.458,160.132,114.648,79.614,145.486,1058.501,870.42
US-Rms,2016-08-15,0.24,18.459,20.062,0.088,0.487,50.095,21.4,26.38,16.42,0.0,21.205,-0.831,3.796,1.718,20.297,312.393,,79.298,21.374,1.918,155.61,2.482,84.921,59.041,US-Rms,US-Rms,sagebrush,-1.181,-0.668,-1.155,-1.303,-0.997,-1.23,-1.086,3.976,2.795,1.225,1.095,163.249,108.251,79.445,154.758,1058.524,870.479
US-Rms,2016-08-20,0.242,16.334,16.815,0.084,0.478,49.233,18.86,24.99,12.73,0.0,21.205,-1.061,2.886,1.018,18.34,312.022,,79.14,28.123,1.593,154.927,1.306,99.019,53.547,US-Rms,US-Rms,sagebrush,-1.528,-1.133,-1.509,-1.653,-1.362,-1.572,-1.436,4.186,2.658,0.995,1.271,166.957,102.688,79.453,164.151,1058.572,870.527
US-Rms,2016-08-25,0.207,11.619,11.957,0.08,0.47,48.221,13.595,18.97,8.22,0.0,21.205,-1.198,2.413,0.679,12.404,300.989,,79.204,35.117,0.988,147.278,1.785,97.102,31.658,US-Rms,US-Rms,sagebrush,-1.259,-0.989,-1.245,-1.387,-1.121,-1.309,-1.177,3.328,2.07,0.737,1.032,169.827,96.265,79.645,173.713,1058.63,870.563
US-Rms,2016-08-30,0.179,19.259,17.993,0.077,0.464,41.25,21.65,27.75,15.55,0.0,21.205,-0.389,1.943,2.088,20.447,169.351,,79.172,12.645,2.15,50.292,1.993,21.651,39.263,US-Rms,US-Rms,sagebrush,-0.364,0.09,-0.338,-0.505,-0.167,-0.421,-0.255,2.269,1.906,1.047,0.487,170.804,87.918,79.748,182.66,1058.725,870.606
US-Rms,2016-09-04,0.18,4.147,10.715,0.085,0.458,32.319,5.445,7.48,3.41,3.96,21.205,0.822,1.431,1.201,5.03,98.972,,78.335,76.151,0.22,53.681,2.341,10.07,30.744,US-Rms,US-Rms,sagebrush,-0.551,-0.308,-0.536,-0.665,-0.417,-0.599,-0.47,2.126,1.575,0.656,0.585,172.118,80.609,79.929,191.087,1058.83,870.643
US-Rms,2016-09-09,0.188,9.555,9.487,0.107,0.455,43.365,10.05,16.69,3.41,0.0,21.205,-0.574,2.428,0.793,9.189,280.238,,79.633,29.847,0.869,123.557,2.507,75.616,29.003,US-Rms,US-Rms,sagebrush,-0.697,-0.507,-0.682,-0.786,-0.571,-0.74,-0.627,2.542,1.845,0.595,0.775,174.093,74.75,79.897,198.262,1059.004,870.695
US-Rms,2016-09-14,0.168,6.247,11.276,0.14,0.451,23.602,6.835,9.79,3.88,9.3,21.205,0.856,0.489,0.789,5.132,67.468,,78.926,74.224,0.238,30.357,1.533,1.428,47.489,US-Rms,US-Rms,sagebrush,0.333,0.499,0.353,0.254,0.455,0.299,0.402,1.402,1.734,0.652,0.298,174.467,67.447,79.371,203.653,1059.321,870.78
US-Rms,2016-09-19,0.177,12.029,13.338,0.145,0.449,38.096,14.03,19.71,8.35,0.0,21.205,0.351,1.593,1.557,13.621,184.484,,79.147,53.805,0.772,82.04,2.092,68.977,25.615,US-Rms,US-Rms,sagebrush,-0.03,0.182,-0.007,-0.115,0.108,-0.061,0.046,2.278,2.247,0.718,0.621,175.958,62.234,78.679,207.733,1059.71,870.877
US-Rms,2016-09-24,0.17,7.519,7.542,0.158,0.447,36.675,7.23,11.57,2.89,0.0,21.205,0.181,1.096,1.166,6.106,241.917,,79.528,61.986,0.421,117.675,3.116,83.056,37.501,US-Rms,US-Rms,sagebrush,-0.022,0.066,-0.008,-0.095,0.086,-0.061,0.04,1.827,1.805,0.498,0.529,177.147,57.181,78.187,211.769,1060.059,870.959
US-Rms,2016-09-29,0.153,15.053,13.678,0.147,0.446,31.71,17.825,23.15,12.5,0.0,21.205,0.167,1.032,0.969,16.832,209.02,,79.14,24.403,1.478,82.722,2.34,52.54,30.477,US-Rms,US-Rms,sagebrush,0.488,0.613,0.512,0.396,0.634,0.457,0.563,1.492,1.98,0.71,0.311,177.564,51.783,77.475,214.478,1060.504,871.06
US-Rms,2016-10-04,0.158,3.681,3.866,0.139,0.444,23.755,2.285,5.26,-0.69,0.0,21.205,-0.56,0.813,0.361,-0.063,82.382,,78.427,84.785,0.097,26.229,2.295,11.085,29.652,US-Rms,US-Rms,sagebrush,0.188,0.26,0.199,0.123,0.293,0.158,0.246,0.979,1.167,0.384,0.237,177.71,46.656,77.375,218.298,1060.766,871.117
US-Rms,2016-10-09,0.162,11.236,8.752,0.138,0.444,30.911,13.09,18.39,7.79,0.0,21.205,0.464,0.914,1.063,12.091,200.357,,78.961,30.388,1.018,76.86,2.381,39.048,35.928,US-Rms,US-Rms,sagebrush,0.163,0.291,0.178,0.09,0.291,0.133,0.225,1.408,1.571,0.505,0.36,178.277,42.629,77.065,220.83,1061.118,871.19
US-Rms,2016-10-14,0.164,8.54,9.3,0.144,0.442,14.412,9.925,14.32,5.53,6.31,21.205,1.956,0.326,1.614,5.293,23.082,,78.089,79.039,0.269,0.119,4.488,-21.97,22.224,US-Rms,US-Rms,sagebrush,0.646,0.475,0.654,0.558,0.767,0.606,0.702,0.728,1.374,0.514,0.085,160.601,37.921,93.966,222.611,1061.511,871.27
US-Rms,2016-10-19,0.163,2.51,3.425,0.216,0.491,27.722,2.57,6.37,-1.23,0.0,21.205,0.093,1.22,1.453,-0.476,189.75,,79.624,85.956,0.095,66.125,,-3.084,36.895,US-Rms,US-Rms,sagebrush,0.472,0.423,0.478,0.384,0.587,0.425,0.529,1.178,1.65,0.324,0.34,145.586,35.791,108.561,222.101,1062.113,871.368
US-Rms,2016-10-24,0.17,2.236,7.686,0.183,0.514,20.959,9.125,12.26,5.99,5.19,21.205,1.427,0.553,1.929,7.495,54.255,,78.611,54.464,0.502,-0.885,2.034,-27.481,35.855,US-Rms,US-Rms,sagebrush,0.573,0.598,0.585,0.481,0.716,0.531,0.629,1.178,1.751,0.383,0.317,132.003,34.21,121.33,220.81,1062.833,871.47
US-Rms,2016-10-29,0.167,2.896,6.965,0.201,0.526,22.697,6.31,10.12,2.5,0.0,21.205,1.157,0.502,1.959,5.082,103.819,,78.741,85.299,0.147,36.22,2.095,3.569,35.976,US-Rms,US-Rms,sagebrush,0.652,0.633,0.662,0.553,0.794,0.602,0.71,1.186,1.838,0.336,0.339,119.866,33.081,132.331,218.842,1063.696,871.581
US-Rms,2016-11-03,0.158,3.019,1.576,0.209,0.575,20.955,6.095,10.65,1.54,0.0,21.205,0.903,0.886,1.203,6.267,153.197,,79.639,44.986,0.53,31.98,1.849,-5.473,31.724,US-Rms,US-Rms,sagebrush,0.588,0.527,0.593,0.516,0.677,0.549,0.628,0.759,1.347,0.223,0.213,108.519,32.416,142.479,216.96,1064.415,871.666
US-Rms,2016-11-08,0.131,5.012,3.634,0.204,0.573,18.806,10.22,16.01,4.43,0.0,21.205,0.839,0.966,1.071,11.161,136.571,,79.693,41.245,0.829,31.659,2.171,1.944,24.851,US-Rms,US-Rms,sagebrush,0.803,0.654,0.809,0.725,0.91,0.764,0.849,0.589,1.392,0.233,0.142,98.069,31.451,151.127,214.776,1065.257,871.76
US-Rms,2016-11-13,0.144,3.401,2.397,0.196,0.573,11.99,6.94,12.26,1.62,0.0,21.205,0.634,0.982,1.388,5.64,100.137,,79.333,61.728,0.37,16.189,2.487,1.818,16.81,US-Rms,US-Rms,sagebrush,0.783,0.574,0.786,0.701,0.874,0.746,0.828,0.408,1.191,0.199,0.083,88.471,30.29,158.867,213.015,1066.039,871.844
US-Rms,2016-11-18,0.152,1.167,-4.325,0.213,0.561,13.913,-2.605,0.88,-6.09,0.0,21.205,0.419,0.549,0.697,-4.05,93.986,,78.817,65.014,0.17,23.063,2.949,23.755,13.51,US-Rms,US-Rms,sagebrush,0.582,0.382,0.58,0.507,0.651,0.549,0.61,0.219,0.802,0.121,0.039,79.688,30.45,166.21,210.755,1066.609,871.902
US-Rms,2016-11-23,0.147,1.046,-1.34,0.213,0.564,13.777,-2.465,0.59,-5.52,0.0,21.205,0.547,0.472,1.021,-3.221,80.274,,78.608,81.973,0.096,9.055,3.692,-5.608,15.066,US-Rms,US-Rms,sagebrush,0.735,0.495,0.733,0.657,0.809,0.701,0.768,0.245,0.98,0.135,0.044,71.807,29.021,172.2,209.596,1067.34,871.975
US-Rms,2016-11-28,0.126,0.256,-1.51,0.236,0.556,6.017,-4.56,-3.76,-5.36,7.96,21.205,0.398,0.492,1.668,-5.741,48.29,,77.698,93.85,0.025,17.392,5.454,9.338,11.305,US-Rms,US-Rms,sagebrush,0.905,0.569,0.894,0.761,0.975,0.855,0.94,0.021,0.926,0.021,0.0,64.569,27.364,177.073,208.171,1068.182,872.057
US-Rms,2016-12-03,0.098,0.711,-5.708,0.255,0.555,12.641,-1.875,0.05,-3.8,0.0,21.205,0.537,0.349,0.716,-4.748,46.259,,79.01,86.935,0.056,-4.112,4.019,-2.148,2.058,US-Rms,US-Rms,sagebrush,0.729,0.44,0.717,0.638,0.792,0.683,0.758,0.059,0.788,0.059,0.0,58.061,27.364,181.632,205.718,1068.873,872.122
US-Rms,2016-12-08,0.07,1.513,-12.598,0.322,0.59,6.773,-5.815,0.33,-11.96,14.59,21.205,0.875,0.018,0.519,-9.636,35.491,,78.444,92.931,0.016,13.333,4.285,-0.005,-0.005,US-Rms,US-Rms,sagebrush,0.502,0.27,0.493,0.385,0.596,0.451,0.529,0.0,0.502,0.0,0.0,52.208,27.364,186.111,204.053,1069.355,872.167
US-Rms,2016-12-13,0.043,1.057,-7.395,0.432,0.731,13.497,-5.21,-1.4,-9.02,0.0,21.205,1.203,0.0,0.905,-7.234,88.632,,78.58,72.082,0.104,-8.598,1.98,-8.431,-0.758,US-Rms,US-Rms,sagebrush,1.155,0.713,1.137,0.998,1.283,1.072,1.192,0.017,1.172,0.017,0.0,46.946,27.364,188.154,200.276,1070.47,872.271
US-Rms,2016-12-23,-0.011,1.329,-9.409,0.439,0.947,11.273,-5.185,-0.22,-10.15,8.88,21.205,1.591,0.0,1.59,-3.727,35.045,,77.65,85.523,0.068,-17.399,4.903,-12.477,5.102,US-Rms,US-Rms,sagebrush,0.974,0.58,0.957,0.819,1.095,0.897,1.009,0.0,0.974,0.0,0.0,37.959,27.364,191.967,194.465,1072.216,872.436
US-Rms,2016-12-28,-0.017,1.27,-7.167,0.439,0.952,13.603,-4.82,-0.25,-9.39,0.0,21.205,1.575,0.314,1.403,-6.012,114.953,,,69.367,0.154,,,-15.67,0.078,US-Rms,US-Rms,sagebrush,1.186,0.738,1.167,1.04,1.298,1.104,1.217,0.0,1.186,0.0,0.0,34.133,27.364,192.354,190.737,1073.345,872.545
US-Rms,2017-01-02,-0.007,0.733,-8.036,0.439,0.953,10.786,-8.795,-5.45,-12.14,6.37,21.205,1.512,0.0,1.229,-11.301,42.66,,77.572,91.65,0.022,-1.829,3.755,-0.522,2.733,US-Rms,US-Rms,sagebrush,1.092,0.671,1.074,0.951,1.198,1.015,1.123,0.0,1.092,0.0,0.0,30.692,27.364,192.598,187.345,1074.373,872.647
US-Rms,2017-01-07,-0.023,1.331,-8.141,0.437,0.953,11.007,-10.855,-2.51,-19.2,13.6,21.205,1.158,0.0,1.438,-6.893,26.732,,78.365,72.767,0.084,-12.474,5.738,1.729,3.808,US-Rms,US-Rms,sagebrush,1.069,0.657,1.052,0.933,1.171,0.995,1.101,0.0,1.069,0.0,0.0,27.598,27.364,192.536,184.061,1075.366,872.747
US-Rms,2017-01-22,-0.025,1.045,-4.825,0.439,1.078,11.164,-3.85,-0.46,-7.24,5.75,21.205,0.897,0.0,1.884,-4.628,50.295,,,94.279,0.123,,,-6.405,3.419,US-Rms,US-Rms,sagebrush,1.374,0.901,1.354,1.242,1.461,1.3,1.412,0.0,1.374,0.0,0.0,24.76,27.364,183.92,172.469,1078.783,873.121
US-Rms,2017-02-01,-0.022,1.08,-5.169,0.439,1.081,15.911,-2.48,0.69,-5.65,0.0,21.205,1.711,0.0,1.754,-3.019,103.86,,78.5,74.355,0.128,-7.534,3.387,-8.402,3.63,US-Rms,US-Rms,sagebrush,1.293,0.853,1.275,1.172,1.363,1.223,1.325,0.0,1.293,0.0,0.0,24.704,27.364,176.327,164.802,1080.873,873.385
US-Rms,2017-02-06,-0.015,1.133,-3.046,0.439,1.24,17.046,-0.96,2.03,-3.95,5.37,21.205,3.01,0.063,1.891,-1.437,58.979,,77.228,85.847,0.081,-2.006,10.895,-15.196,14.161,US-Rms,US-Rms,sagebrush,1.497,1.022,1.476,1.376,1.57,1.424,1.532,0.0,1.497,0.0,0.0,24.675,27.364,171.974,160.421,1081.995,873.543
US-Rms,2017-02-11,-0.03,1.172,-2.99,0.439,1.313,22.405,-4.67,-0.56,-8.78,0.0,21.205,1.224,0.107,0.804,-6.246,179.955,,79.144,66.327,0.134,-10.642,2.876,-9.019,0.055,US-Rms,US-Rms,sagebrush,1.474,1.02,1.455,1.362,1.548,1.402,1.507,0.0,1.474,0.0,0.0,24.647,27.364,167.711,156.14,1083.036,873.702
US-Rms,2017-02-16,-0.031,1.412,-4.496,0.439,1.317,16.46,4.13,6.78,1.48,5.45,21.205,2.517,0.009,2.092,3.195,67.835,,77.871,58.653,0.355,-6.384,7.262,-27.924,25.332,US-Rms,US-Rms,sagebrush,1.292,0.886,1.273,1.181,1.361,1.229,1.316,0.0,1.292,0.0,0.0,24.619,27.364,164.002,152.418,1083.894,873.845
US-Rms,2017-02-21,-0.032,0.722,-1.969,0.439,1.317,21.678,-1.445,0.45,-3.34,3.05,21.205,1.922,0.0,1.776,-2.554,92.318,,78.191,93.887,0.029,-9.832,6.745,-19.486,15.431,US-Rms,US-Rms,sagebrush,1.531,1.092,1.511,1.419,1.6,1.463,1.564,0.0,1.531,0.0,0.0,24.591,27.364,159.628,148.042,1084.846,874.017
US-Rms,2017-02-26,-0.036,0.552,-9.48,0.439,1.317,24.21,-7.225,-5.06,-9.39,0.0,21.205,2.132,0.408,2.088,-9.486,112.073,,77.565,84.225,0.048,-10.0,5.434,-10.799,5.044,US-Rms,US-Rms,sagebrush,0.813,0.521,0.799,0.688,0.892,0.756,0.837,0.0,0.813,0.0,0.0,24.563,27.364,157.33,145.733,1085.32,874.111
US-Rms,2017-03-03,-0.03,1.498,-7.632,0.439,1.317,31.834,3.13,6.16,0.1,0.0,21.205,1.911,0.256,1.853,0.892,159.661,,78.672,55.987,0.3,8.569,4.529,-15.099,15.099,US-Rms,US-Rms,sagebrush,0.951,0.634,0.935,0.84,1.031,0.897,0.969,0.0,0.951,0.0,0.0,24.535,27.364,154.648,143.048,1085.849,874.222
US-Rms,2017-03-08,-0.025,0.842,-3.996,0.439,1.317,26.501,3.025,4.67,1.38,7.67,21.205,1.834,0.0,1.766,0.181,157.805,,78.911,91.036,0.065,16.662,,-12.489,6.648,US-Rms,US-Rms,sagebrush,1.263,0.896,1.245,1.164,1.34,1.201,1.283,0.0,1.263,0.0,0.0,24.507,27.364,151.096,139.505,1086.505,874.371
US-Rms,2017-03-13,-0.019,3.722,-4.65,0.439,1.317,35.481,7.93,14.06,1.8,0.0,21.205,2.289,0.0,2.209,6.455,236.987,,79.217,41.904,0.574,27.385,2.608,-25.785,14.481,US-Rms,US-Rms,sagebrush,1.181,0.834,1.163,1.093,1.259,1.125,1.201,0.0,1.181,0.0,0.0,24.479,27.364,147.797,136.219,1087.07,874.514
US-Rms,2017-03-18,-0.013,2.046,3.847,0.253,1.317,32.112,8.455,11.43,5.48,2.88,21.205,2.538,0.207,2.966,7.125,86.504,,78.659,57.605,0.456,7.713,5.318,-40.548,11.388,US-Rms,US-Rms,sagebrush,1.107,0.816,1.095,1.015,1.188,1.046,1.136,0.0,1.107,0.0,0.0,24.411,27.269,144.766,133.258,1087.556,874.65
US-Rms,2017-03-23,-0.008,1.366,2.232,0.261,1.221,39.567,0.035,3.46,-3.39,0.0,21.205,1.476,1.339,3.072,-1.37,261.263,,78.495,76.53,0.145,35.473,4.812,-4.425,28.623,US-Rms,US-Rms,sagebrush,1.027,0.759,1.016,0.947,1.086,0.975,1.051,0.0,1.027,0.0,0.0,24.345,27.174,141.972,130.537,1087.969,874.778
US-Rms,2017-03-28,-0.002,1.49,1.22,0.275,1.136,37.055,-0.005,3.78,-3.79,0.0,21.205,1.35,0.177,1.242,-2.118,242.657,,79.158,81.543,0.103,7.863,3.887,-13.418,7.541,US-Rms,US-Rms,sagebrush,1.01,0.752,0.998,0.931,1.058,0.962,1.032,0.0,1.01,0.0,0.0,24.282,27.079,139.239,127.881,1088.339,874.907
US-Rms,2017-04-02,0.004,1.831,2.537,0.276,1.11,43.966,0.995,5.44,-3.45,0.0,21.205,1.322,0.63,1.59,0.456,287.458,,78.704,69.48,0.198,52.704,4.348,-6.67,17.164,US-Rms,US-Rms,sagebrush,1.089,0.831,1.077,0.996,1.155,1.033,1.115,0.0,1.089,0.0,0.0,24.219,26.985,136.303,125.029,1088.697,875.047
US-Rms,2017-04-07,0.01,1.47,5.753,0.251,0.992,30.949,3.995,6.79,1.2,3.64,21.205,2.043,0.129,1.549,2.546,120.564,,77.692,78.554,0.162,27.512,5.389,-9.736,8.333,US-Rms,US-Rms,sagebrush,1.154,0.902,1.143,1.05,1.253,1.079,1.192,0.0,1.154,0.0,0.0,24.152,26.891,133.214,122.025,1089.029,875.198
US-Rms,2017-04-12,0.015,2.957,3.827,0.254,0.832,35.03,6.855,11.9,1.81,0.0,21.205,1.452,0.272,1.388,5.574,232.049,,78.276,57.142,0.422,45.948,3.66,-13.812,11.143,US-Rms,US-Rms,sagebrush,1.036,0.807,1.024,0.948,1.106,0.975,1.068,0.0,1.036,0.0,0.0,24.085,26.798,130.467,119.361,1089.285,875.336
US-Rms,2017-04-17,0.021,1.272,4.814,0.277,0.798,38.125,5.58,7.73,3.43,7.85,21.205,0.916,0.723,1.615,2.517,218.709,,78.439,81.184,0.152,84.979,4.081,10.165,64.104,US-Rms,US-Rms,sagebrush,1.192,0.958,1.18,1.088,1.283,1.123,1.235,0.0,1.192,0.0,0.0,24.023,26.704,127.311,116.306,1089.528,875.498
US-Rms,2017-04-22,0.027,2.876,3.725,0.254,0.773,47.57,6.045,11.22,0.87,0.0,21.205,0.723,0.455,0.242,4.377,239.959,,78.693,51.328,0.418,113.384,2.626,41.428,53.11,US-Rms,US-Rms,sagebrush,0.996,0.793,0.985,0.906,1.066,0.933,1.03,0.0,0.996,0.0,0.0,23.957,26.611,124.708,113.79,1089.689,875.635
US-Rms,2017-04-27,0.027,1.001,2.382,0.288,0.84,26.189,-1.47,1.24,-4.18,0.0,21.205,0.319,0.919,1.827,-3.719,233.325,,78.224,81.864,0.089,87.337,4.599,53.143,48.991,US-Rms,US-Rms,sagebrush,1.046,0.845,1.034,0.953,1.102,0.991,1.076,0.0,1.046,0.0,0.0,23.897,26.519,121.984,111.165,1089.815,875.781
US-Rms,2017-05-02,0.045,2.354,5.617,0.249,0.77,48.582,6.405,10.4,2.41,0.0,21.205,-0.302,1.241,1.33,4.601,280.848,,79.09,76.275,0.224,174.342,2.782,119.582,59.614,US-Rms,US-Rms,sagebrush,0.92,0.864,0.923,0.81,1.048,0.872,0.978,0.312,1.232,0.094,0.087,24.13,26.783,119.273,108.549,1089.896,875.93
US-Rms,2017-05-07,0.079,2.07,6.502,0.252,0.748,51.983,2.825,7.3,-1.65,0.0,21.205,0.455,0.754,0.797,0.653,271.771,,78.46,78.424,0.155,169.61,4.1,51.767,59.432,US-Rms,US-Rms,sagebrush,0.563,0.746,0.568,0.451,0.689,0.514,0.624,1.0,1.563,0.1,0.358,25.298,28.161,116.442,105.821,1089.932,876.089
US-Rms,2017-05-12,0.111,2.692,9.95,0.22,0.725,34.283,1.835,8.46,-4.79,5.28,21.205,0.28,1.098,0.649,1.584,130.678,,78.33,79.903,0.165,66.361,2.96,30.585,55.77,US-Rms,US-Rms,sagebrush,0.437,0.712,0.448,0.321,0.591,0.385,0.519,1.232,1.67,0.129,0.439,26.736,29.868,113.654,103.133,1089.917,876.25
US-Rms,2017-05-17,0.143,0.462,3.311,0.301,0.785,36.142,-3.36,-2.0,-4.72,0.0,21.205,1.21,0.734,0.815,-3.638,120.012,,78.132,97.688,0.01,46.14,3.901,25.251,27.74,US-Rms,US-Rms,sagebrush,0.922,0.933,0.923,0.813,1.039,0.868,0.976,0.377,1.299,0.092,0.113,27.064,30.23,110.894,100.497,1089.85,876.412
US-Rms,2017-05-22,0.176,4.405,11.475,0.229,0.755,58.703,12.9,18.14,7.66,0.0,21.205,-0.08,3.866,4.137,12.731,359.993,,79.453,46.332,0.804,215.114,1.525,127.907,67.502,US-Rms,US-Rms,sagebrush,-1.024,-0.708,-0.754,-1.094,0.023,-1.027,-0.36,3.855,2.831,0.152,1.475,32.07,36.182,107.893,97.615,1089.714,876.594
US-Rms,2017-05-27,0.21,4.109,9.742,0.211,0.707,59.314,9.91,15.88,3.94,0.0,21.205,-0.449,3.212,2.029,10.33,325.765,,79.294,46.974,0.688,186.334,1.59,122.254,56.772,US-Rms,US-Rms,sagebrush,-1.619,-1.347,-1.455,-1.692,-0.864,-1.634,-1.228,4.491,2.872,0.163,1.723,37.913,43.134,105.495,95.322,1089.554,876.745
US-Rms,2017-06-01,0.243,2.648,14.534,0.202,0.672,41.51,8.625,12.54,4.71,4.68,21.205,-0.504,3.818,3.032,8.704,152.464,,78.644,82.368,0.203,94.621,1.958,30.755,63.364,US-Rms,US-Rms,sagebrush,-1.48,-1.063,-1.466,-1.596,-1.307,-1.534,-1.404,4.617,3.137,0.259,1.735,43.777,50.113,102.743,92.694,1089.313,876.922
US-Rms,2017-06-06,0.269,5.922,12.61,0.205,0.661,55.916,14.69,21.02,8.36,0.0,21.205,-2.575,7.157,5.266,15.568,363.313,,79.006,32.428,1.227,217.352,2.075,79.664,118.798,US-Rms,US-Rms,sagebrush,-2.443,-2.091,-2.411,-2.54,-2.206,-2.492,-2.348,6.076,3.633,0.267,2.313,51.615,59.44,100.26,90.338,1089.038,877.088
US-Rms,2017-06-11,0.305,2.428,7.864,0.208,0.649,38.17,4.84,9.48,0.2,18.89,21.205,-0.83,2.531,2.15,2.608,136.329,,78.053,82.301,0.144,83.869,3.411,29.96,42.124,US-Rms,US-Rms,sagebrush,-1.553,-1.314,-1.548,-1.603,-1.479,-1.583,-1.515,4.217,2.664,0.237,1.585,56.917,65.716,98.343,88.565,1088.78,877.222
US-Rms,2017-06-16,0.352,3.373,12.753,0.246,0.771,36.037,11.96,16.07,7.85,0.0,21.205,-3.016,3.458,3.843,10.419,195.711,,79.039,83.496,0.224,134.11,2.952,48.504,84.383,US-Rms,US-Rms,sagebrush,-1.871,-1.492,-1.861,-1.965,-1.728,-1.918,-1.8,5.59,3.719,0.352,2.086,63.95,74.055,95.366,85.771,1088.325,877.429
US-Rms,2017-06-21,0.381,4.878,17.352,0.223,0.725,58.573,14.71,19.93,9.49,0.0,21.205,-3.486,8.244,3.845,14.715,380.625,,79.174,46.421,0.939,225.364,2.902,49.387,167.745,US-Rms,US-Rms,sagebrush,-4.876,-4.352,-4.271,-5.004,-3.208,-4.886,-3.529,10.886,6.01,0.522,4.127,77.99,90.749,92.268,82.863,1087.755,877.653
US-Rms,2017-06-26,0.32,8.77,18.351,0.207,0.692,57.592,20.155,26.73,13.58,0.0,21.205,-2.539,8.873,6.713,19.955,316.806,,79.006,33.501,1.596,186.529,1.88,-1.552,172.543,US-Rms,US-Rms,sagebrush,-3.195,-2.622,-3.176,-3.286,-3.026,-3.239,-3.112,8.096,4.901,0.678,2.953,87.929,102.565,89.484,80.267,1087.141,877.865
US-Rms,2017-07-01,0.313,7.863,16.439,0.192,0.667,56.892,18.84,24.52,13.16,0.0,21.205,-4.117,9.756,4.224,18.906,341.588,,79.012,27.609,1.608,194.909,1.989,4.535,178.248,US-Rms,US-Rms,sagebrush,-3.335,-2.852,-3.321,-3.409,-3.214,-3.369,-3.262,7.973,4.638,0.682,2.903,97.652,114.133,87.289,78.238,1086.572,878.043
US-Rms,2017-07-06,0.32,9.306,21.221,0.176,0.646,56.56,22.22,27.71,16.73,0.0,21.205,-3.173,8.528,3.263,22.044,322.186,,79.706,24.307,2.027,196.419,1.131,13.882,162.424,US-Rms,US-Rms,sagebrush,-2.999,-2.317,-2.972,-3.089,-2.83,-3.041,-2.915,7.844,4.845,1.013,2.72,106.697,124.66,85.026,76.392,1085.914,878.233
US-Rms,2017-07-11,0.328,7.522,19.234,0.159,0.629,57.795,17.625,23.27,11.98,0.0,21.205,-5.34,11.478,3.607,16.847,359.425,,79.022,39.654,1.199,214.28,1.637,52.518,161.132,US-Rms,US-Rms,sagebrush,-3.675,-3.112,-3.654,-3.763,-3.531,-3.711,-3.59,8.574,4.9,0.981,3.023,116.742,135.086,83.34,76.396,1085.344,878.387
US-Rms,2017-07-16,0.289,8.097,21.541,0.144,0.614,56.338,18.415,23.78,13.05,0.0,21.205,-4.239,8.542,2.979,17.959,359.961,,79.277,34.434,1.376,202.715,2.592,42.264,163.189,US-Rms,US-Rms,sagebrush,-2.727,-2.074,-2.698,-2.808,-2.565,-2.749,-2.641,7.169,4.441,1.228,2.366,124.466,141.482,81.842,77.82,1084.788,878.534
US-Rms,2017-07-21,0.305,9.609,17.748,0.13,0.599,57.166,17.785,23.91,11.66,0.0,21.205,-3.123,11.58,8.007,17.992,356.661,,79.292,32.094,1.425,199.105,2.021,64.789,117.868,US-Rms,US-Rms,sagebrush,-3.242,-2.776,-3.224,-3.328,-3.1,-3.274,-3.164,7.48,4.238,1.031,2.568,132.843,147.379,80.89,81.015,1084.372,878.644
US-Rms,2017-07-26,0.292,11.317,20.648,0.119,0.587,53.783,17.61,23.3,11.92,0.0,21.205,-1.526,3.695,0.746,16.878,247.1,,79.395,54.785,0.909,156.206,1.999,12.887,132.828,US-Rms,US-Rms,sagebrush,-2.457,-1.886,-2.431,-2.541,-2.311,-2.479,-2.377,6.427,3.97,1.294,2.044,139.367,149.934,80.028,85.369,1083.979,878.752
US-Rms,2017-07-31,0.275,15.664,21.418,0.111,0.577,55.163,22.57,28.45,16.69,0.0,21.205,-1.355,5.6,7.852,21.984,337.528,,79.762,23.765,2.083,177.217,2.05,50.158,112.458,US-Rms,US-Rms,sagebrush,-1.884,-1.291,-1.856,-1.968,-1.727,-1.912,-1.799,5.52,3.636,1.4,1.641,144.466,149.811,79.314,90.776,1083.635,878.851
US-Rms,2017-08-05,0.255,14.132,18.728,0.103,0.567,54.121,19.655,25.97,13.34,0.0,21.205,-1.465,4.654,3.732,19.412,328.959,,78.975,21.835,1.824,159.585,2.64,80.619,92.206,US-Rms,US-Rms,sagebrush,-1.904,-1.434,-1.883,-1.998,-1.775,-1.936,-1.839,5.183,3.28,1.21,1.582,149.331,148.674,78.888,97.165,1083.381,878.931
US-Rms,2017-08-10,0.253,11.273,19.024,0.119,0.56,50.059,18.075,23.4,12.75,0.0,21.205,1.721,1.128,7.801,18.477,208.46,,79.309,35.423,1.395,102.601,1.713,31.969,47.489,US-Rms,US-Rms,sagebrush,-1.684,-1.197,-1.66,-1.748,-1.556,-1.712,-1.615,5.095,3.411,1.248,1.532,154.024,146.741,78.198,103.703,1083.093,879.032
US-Rms,2017-08-15,0.27,10.9,15.727,0.15,0.551,50.755,14.615,20.35,8.88,0.0,21.205,-0.556,3.331,2.519,15.257,290.72,,78.754,44.306,0.994,156.191,1.491,73.752,76.351,US-Rms,US-Rms,sagebrush,-1.921,-1.544,-1.898,-1.983,-1.821,-1.939,-1.853,5.52,3.599,1.032,1.787,159.621,145.28,77.23,110.326,1082.784,879.154
US-Rms,2017-08-20,0.231,12.19,15.67,0.137,0.54,49.564,14.925,21.04,8.81,0.0,21.205,-0.9,2.588,0.297,15.596,305.56,,79.163,28.409,1.304,153.475,1.786,92.68,57.41,US-Rms,US-Rms,sagebrush,-1.306,-0.937,-1.284,-1.372,-1.21,-1.324,-1.247,4.382,3.076,1.043,1.33,163.602,141.142,76.495,117.876,1082.548,879.262
US-Rms,2017-08-25,0.195,14.429,17.894,0.145,0.532,46.468,18.245,24.57,11.92,0.0,21.205,-1.401,3.972,3.611,18.963,282.049,,79.039,38.081,1.402,147.3,1.612,89.415,68.708,US-Rms,US-Rms,sagebrush,-0.387,0.055,-0.356,-0.449,-0.247,-0.405,-0.313,3.243,2.857,1.192,0.817,165.81,134.557,75.543,125.242,1082.318,879.389
US-Rms,2017-08-30,0.177,12.612,20.863,0.138,0.524,41.118,20.155,25.98,14.33,13.06,21.205,-0.232,1.871,1.717,19.135,164.789,,79.169,36.933,1.451,71.041,2.099,-0.97,59.768,US-Rms,US-Rms,sagebrush,0.146,0.701,0.184,0.064,0.334,0.114,0.243,2.675,2.821,1.406,0.505,166.926,126.568,74.551,132.436,1082.126,879.521
US-Rms,2017-09-04,0.194,18.615,20.751,0.164,0.52,44.064,22.705,29.85,15.56,0.0,21.205,-0.035,1.989,2.939,23.665,260.001,,79.525,19.273,2.408,103.986,2.13,49.28,48.118,US-Rms,US-Rms,sagebrush,0.349,0.885,0.393,0.267,0.581,0.316,0.459,2.72,3.069,1.364,0.54,168.194,119.029,73.143,138.389,1081.939,879.688
US-Rms,2017-09-14,0.177,9.071,15.583,0.157,0.505,31.652,9.455,15.49,3.42,0.0,21.205,0.542,1.64,1.912,10.855,139.53,,78.359,57.939,0.577,66.33,2.682,20.878,62.758,US-Rms,US-Rms,sagebrush,0.187,0.512,0.216,0.126,0.316,0.169,0.256,2.196,2.383,0.964,0.491,171.574,105.246,71.25,151.15,1081.759,879.953
US-Rms,2017-09-19,0.157,2.219,8.502,0.185,0.502,12.302,2.28,5.0,-0.44,5.0,21.205,1.018,0.552,1.596,0.211,78.873,,78.242,92.845,0.049,7.424,4.291,-39.958,40.328,US-Rms,US-Rms,sagebrush,0.825,0.634,0.82,0.722,0.913,0.773,0.874,0.65,1.475,0.614,0.014,171.045,96.177,70.505,157.274,1081.738,880.068
US-Rms,2017-09-24,0.152,4.259,4.373,0.196,0.541,37.049,3.975,8.69,-0.74,0.0,21.205,0.514,0.914,0.728,1.928,243.658,,78.751,70.877,0.234,119.268,4.262,75.794,36.881,US-Rms,US-Rms,sagebrush,0.126,0.198,0.141,0.073,0.221,0.095,0.186,1.479,1.605,0.462,0.405,171.881,91.529,69.943,160.905,1081.754,880.165
US-Rms,2017-09-29,0.165,9.598,8.62,0.178,0.544,34.853,12.34,18.7,5.98,0.0,21.205,-0.078,1.746,2.414,12.795,221.63,,78.893,29.899,1.067,101.626,1.915,74.508,42.171,US-Rms,US-Rms,sagebrush,0.177,0.315,0.196,0.122,0.271,0.153,0.243,1.677,1.855,0.588,0.434,172.787,87.428,69.289,163.724,1081.789,880.275
US-Rms,2017-10-04,0.148,3.369,4.015,0.186,0.541,26.69,4.76,8.57,0.95,0.0,21.205,0.029,0.616,0.896,2.485,103.792,,78.928,61.659,0.296,36.795,2.165,37.201,17.091,US-Rms,US-Rms,sagebrush,0.337,0.408,0.351,0.28,0.431,0.308,0.396,1.027,1.364,0.44,0.234,173.012,82.65,68.854,166.893,1081.831,880.365
US-Rms,2017-10-09,0.142,3.569,1.587,0.185,0.543,32.273,1.465,7.23,-4.3,0.0,21.205,-0.451,1.29,0.583,-0.027,204.435,,79.284,57.76,0.287,79.972,1.975,57.415,15.479,US-Rms,US-Rms,sagebrush,0.211,0.258,0.222,0.153,0.306,0.179,0.262,1.016,1.227,0.373,0.256,173.312,78.343,68.57,170.004,1081.881,880.442
US-Rms,2017-10-14,0.172,2.072,1.616,0.193,0.54,29.989,-2.76,2.56,-8.08,0.0,21.205,-0.514,1.07,0.494,-3.849,206.177,,79.658,76.143,0.128,90.042,1.983,25.581,34.478,US-Rms,US-Rms,sagebrush,0.114,0.152,0.123,0.055,0.209,0.079,0.164,1.235,1.349,0.368,0.345,157.033,74.556,85.13,172.795,1081.946,880.523
US-Rms,2017-10-19,0.185,4.541,5.129,0.188,0.541,28.226,10.445,15.66,5.23,5.38,21.205,0.421,1.172,1.362,10.241,178.809,,78.177,20.971,1.006,47.47,3.316,16.036,36.241,US-Rms,US-Rms,sagebrush,0.16,0.22,0.172,0.103,0.241,0.131,0.214,1.478,1.638,0.419,0.422,142.658,71.411,99.609,174.741,1082.142,880.62
US-Rms,2017-10-24,0.15,4.688,3.818,0.22,0.61,26.473,7.71,14.67,0.75,0.0,21.205,0.784,0.734,1.639,10.197,173.257,,80.281,30.836,0.869,57.455,1.376,25.594,32.836,US-Rms,US-Rms,sagebrush,0.545,0.553,0.555,0.486,0.624,0.518,0.596,0.999,1.543,0.358,0.255,129.159,70.546,112.218,173.33,1082.474,880.729
US-Rms,2017-10-29,0.142,4.856,5.273,0.206,0.609,24.298,9.855,16.29,3.42,0.0,21.205,0.842,0.623,1.323,10.038,158.824,,78.741,43.76,0.721,44.896,2.393,17.163,28.147,US-Rms,US-Rms,sagebrush,0.619,0.648,0.631,0.551,0.698,0.594,0.673,0.923,1.542,0.364,0.223,116.908,69.546,123.24,171.944,1082.885,880.839
US-Rms,2017-11-03,0.132,1.824,4.128,0.219,0.601,11.118,0.625,5.18,-3.93,8.94,21.205,0.631,0.133,0.625,0.263,18.044,,78.041,85.562,0.101,8.093,3.784,-32.955,39.751,US-Rms,US-Rms,sagebrush,0.944,0.692,0.943,0.843,1.018,0.903,0.992,0.386,1.33,0.317,0.027,105.218,67.451,132.809,170.844,1083.369,880.949
US-Rms,2017-11-08,0.099,1.518,-3.275,0.315,0.647,16.768,0.02,3.88,-3.84,0.0,21.205,0.906,0.033,0.95,-0.107,56.625,,78.625,56.102,0.273,-9.936,3.167,-49.216,44.932,US-Rms,US-Rms,sagebrush,0.924,0.644,0.918,0.83,1.005,0.872,0.957,0.221,1.145,0.188,0.013,94.657,67.505,141.169,167.753,1083.882,881.053
US-Rms,2017-11-13,0.049,1.736,-0.136,0.288,0.783,17.366,3.91,7.29,0.53,7.62,21.205,1.369,0.0,1.113,2.61,103.288,,78.649,58.828,0.308,1.306,4.138,-69.715,45.699,US-Rms,US-Rms,sagebrush,1.074,0.756,1.073,0.942,1.17,1.026,1.129,0.098,1.172,0.098,0.0,85.116,67.27,148.023,164.572,1084.497,881.171
US-Rms,2017-11-18,0.063,1.28,-0.492,0.281,0.829,16.425,-3.145,0.9,-7.19,0.0,21.205,1.068,0.186,0.93,-5.299,116.391,,79.212,69.571,0.132,-6.788,2.496,-21.74,4.92,US-Rms,US-Rms,sagebrush,1.027,0.722,1.025,0.902,1.112,0.978,1.073,0.113,1.14,0.113,0.0,76.536,67.036,153.927,161.623,1085.11,881.283
US-Rms,2017-11-23,0.122,2.235,4.397,0.268,0.824,14.357,10.335,13.23,7.44,0.0,21.205,1.619,0.358,1.763,8.247,68.028,,78.93,64.89,0.396,11.82,4.751,-32.891,25.156,US-Rms,US-Rms,sagebrush,1.205,0.976,1.214,1.115,1.301,1.162,1.268,0.452,1.657,0.248,0.081,69.101,67.135,158.066,157.84,1085.92,881.428
US-Rms,2017-11-28,0.11,1.175,0.409,0.273,0.809,15.017,-1.265,1.91,-4.44,5.0,21.205,0.498,0.328,0.872,-2.763,109.187,,78.775,65.71,0.174,22.432,2.733,10.383,11.604,US-Rms,US-Rms,sagebrush,1.032,0.759,1.028,0.939,1.087,0.993,1.065,0.236,1.268,0.185,0.02,62.205,66.984,162.089,154.931,1086.576,881.544
US-Rms,2017-12-03,0.098,1.323,-0.26,0.33,0.751,6.789,-3.01,1.14,-7.16,10.06,21.205,0.532,0.2,0.637,-5.995,44.866,,78.075,92.355,0.032,13.483,4.259,9.249,8.327,US-Rms,US-Rms,sagebrush,1.262,0.919,1.259,1.132,1.346,1.212,1.305,0.098,1.36,0.098,0.0,55.935,66.751,164.782,151.506,1087.362,881.682
US-Rms,2017-12-08,0.086,1.97,-7.815,0.361,0.757,14.819,-1.335,4.49,-7.16,0.0,21.205,0.683,0.323,2.017,2.778,109.021,,80.163,17.055,0.625,4.604,1.405,-8.618,7.575,US-Rms,US-Rms,sagebrush,0.779,0.517,0.767,0.684,0.852,0.724,0.801,0.098,0.876,0.098,0.0,50.297,66.751,168.169,149.291,1087.85,881.767
US-Rms,2017-12-13,0.067,1.522,-9.948,0.36,0.798,13.005,-1.795,2.65,-6.24,0.0,21.205,0.881,0.155,0.548,0.787,71.278,,79.364,43.721,0.409,2.925,2.297,-2.729,7.204,US-Rms,US-Rms,sagebrush,0.64,0.407,0.635,0.539,0.723,0.597,0.67,0.035,0.676,0.035,0.0,45.227,66.751,171.352,147.498,1088.257,881.838
US-Rms,2017-12-18,0.025,1.806,-6.548,0.358,0.823,13.22,0.935,5.33,-3.46,0.0,21.205,0.494,0.288,0.914,-1.078,88.653,,78.935,75.175,0.147,8.939,3.428,-5.369,6.521,US-Rms,US-Rms,sagebrush,0.863,0.584,0.858,0.782,0.937,0.82,0.893,0.0,0.863,0.0,0.0,40.668,66.751,173.326,145.117,1088.811,881.932
US-Rms,2017-12-23,0.002,1.13,-6.302,0.374,0.84,11.047,-10.41,-3.98,-16.84,4.61,21.205,0.502,0.151,0.744,-8.603,45.561,,78.852,84.827,0.043,-10.285,3.937,-9.461,7.854,US-Rms,US-Rms,sagebrush,0.924,0.63,0.918,0.839,0.998,0.878,0.954,0.0,0.924,0.0,0.0,36.569,66.751,174.624,142.608,1089.401,882.034
US-Rms,2017-12-28,0.036,2.199,-6.395,0.387,0.851,12.946,0.185,6.08,-5.71,0.0,21.205,0.665,0.049,0.817,0.361,85.44,,79.046,62.094,0.258,4.215,4.77,-33.282,28.012,US-Rms,US-Rms,sagebrush,0.95,0.649,0.945,0.86,1.023,0.905,0.979,0.016,0.966,0.016,0.0,32.883,66.751,175.398,140.063,1090.003,882.14
US-Rms,2018-01-02,0.043,2.173,-10.162,0.386,0.859,14.337,-0.29,5.75,-6.33,0.0,21.205,0.775,0.209,0.282,2.846,103.11,,79.601,21.7,0.588,6.963,1.511,-6.153,5.422,US-Rms,US-Rms,sagebrush,0.673,0.428,0.668,0.563,0.751,0.631,0.702,0.0,0.673,0.0,0.0,29.568,66.751,176.63,138.284,1090.425,882.215
US-Rms,2018-01-07,0.028,1.917,-5.131,0.429,0.876,11.906,1.72,6.16,-2.72,0.0,21.205,0.716,0.279,0.532,-1.068,127.773,,78.86,79.27,0.128,51.894,,-12.932,12.708,US-Rms,US-Rms,sagebrush,1.171,0.823,1.166,1.071,1.261,1.119,1.208,0.002,1.174,0.002,0.0,26.588,66.751,175.958,135.224,1091.15,882.346
US-Rms,2018-01-12,0.027,0.78,-3.493,0.439,0.959,13.791,1.585,3.25,-0.08,0.0,21.205,0.832,0.195,0.549,-1.292,84.303,,79.324,77.28,0.128,12.884,3.918,-5.252,18.961,US-Rms,US-Rms,sagebrush,1.349,0.974,1.344,1.258,1.44,1.298,1.394,0.0,1.349,0.0,0.0,23.908,66.751,174.411,131.749,1091.954,882.499
US-Rms,2018-01-17,0.028,1.933,-6.225,0.439,0.994,12.954,2.05,6.42,-2.32,0.0,21.205,1.009,0.26,1.111,1.475,73.17,,79.203,64.625,0.235,-14.533,2.701,-25.549,7.981,US-Rms,US-Rms,sagebrush,1.075,0.747,1.071,0.968,1.163,1.03,1.108,0.002,1.077,0.002,0.0,23.881,66.751,171.056,129.015,1092.569,882.623
US-Rms,2018-01-22,0.028,0.855,-6.893,0.439,1.061,14.171,-5.635,-2.53,-8.74,0.0,21.205,0.326,0.162,0.98,-5.93,39.856,,78.901,96.154,0.014,-16.701,,-16.458,4.217,US-Rms,US-Rms,sagebrush,1.003,0.692,0.998,0.895,1.088,0.962,1.033,0.001,1.004,0.001,0.0,23.853,66.751,167.944,126.482,1093.109,882.741
US-Rms,2018-01-27,0.034,1.311,-6.193,0.437,1.069,9.555,-2.3,1.59,-6.19,0.0,21.205,0.587,0.027,0.549,-4.382,46.487,,79.037,92.247,0.034,5.739,6.087,2.009,12.086,US-Rms,US-Rms,sagebrush,1.046,0.733,1.041,0.944,1.127,1.0,1.074,0.008,1.053,0.008,0.0,23.826,66.751,164.716,123.859,1093.635,882.865
US-Rms,2018-02-01,0.041,1.095,-4.285,0.439,1.112,11.754,0.525,3.11,-2.06,0.0,21.205,0.717,0.425,1.312,-1.695,65.313,,79.047,73.335,0.139,4.116,3.336,-6.857,7.747,US-Rms,US-Rms,sagebrush,1.205,0.873,1.2,1.119,1.293,1.161,1.238,0.019,1.224,0.019,0.0,23.799,66.751,161.014,120.859,1094.196,883.011
US-Rms,2018-02-06,0.047,1.026,-3.476,0.439,1.193,19.03,-0.505,2.09,-3.1,0.0,21.205,0.602,0.312,0.816,-2.953,114.757,,79.012,78.227,0.11,5.876,3.345,-0.63,7.752,US-Rms,US-Rms,sagebrush,1.259,0.927,1.256,1.177,1.347,1.213,1.298,0.046,1.305,0.046,0.0,23.772,66.751,157.168,117.749,1094.728,883.166
US-Rms,2018-02-11,0.054,0.96,-4.077,0.411,1.219,18.898,-4.535,-1.29,-7.78,3.25,21.205,0.621,0.101,0.405,-6.023,55.71,,77.872,62.176,0.161,-2.731,3.058,-6.117,15.341,US-Rms,US-Rms,sagebrush,1.101,0.804,1.098,1.027,1.179,1.062,1.132,0.054,1.154,0.054,0.0,23.738,66.751,153.837,115.053,1095.146,883.304
US-Rms,2018-02-16,0.06,1.012,-7.242,0.414,1.211,13.871,-5.845,-2.03,-9.66,0.0,21.205,0.47,0.152,0.657,-7.242,92.117,,78.878,74.454,0.091,-8.526,3.936,-5.432,4.216,US-Rms,US-Rms,sagebrush,0.846,0.591,0.843,0.764,0.92,0.809,0.875,0.035,0.881,0.035,0.0,23.706,66.751,151.297,112.994,1095.437,883.412
US-Rms,2018-02-21,0.067,0.697,-10.98,0.437,1.204,16.002,-8.775,-5.62,-11.93,4.06,21.205,0.556,0.2,0.884,-10.915,119.057,,78.283,68.394,0.082,15.161,2.334,3.058,6.289,US-Rms,US-Rms,sagebrush,0.626,0.408,0.622,0.521,0.71,0.579,0.665,0.0,0.626,0.0,0.0,23.679,66.751,149.43,111.48,1095.634,883.493
US-Rms,2018-02-26,0.073,0.924,-8.217,0.439,1.201,22.826,-10.13,-5.24,-15.02,3.34,21.205,0.491,0.483,0.896,-10.159,146.703,,77.878,90.595,0.025,1.885,5.922,-4.635,0.54,US-Rms,US-Rms,sagebrush,0.811,0.563,0.803,0.714,0.888,0.761,0.841,0.063,0.874,0.063,0.0,23.652,66.751,147.012,109.529,1095.869,883.599
US-Rms,2018-03-03,0.08,0.844,-7.126,0.439,1.201,25.182,-7.225,-3.76,-10.69,0.0,21.205,0.815,1.239,1.895,-8.282,125.118,,77.798,80.695,0.063,-6.718,3.276,-5.612,0.235,US-Rms,US-Rms,sagebrush,0.877,0.626,0.868,0.782,0.948,0.828,0.911,0.086,0.963,0.078,0.003,23.636,66.764,144.396,107.422,1096.095,883.715
US-Rms,2018-03-08,0.086,1.408,-7.328,0.439,1.226,27.405,2.35,5.34,-0.64,0.0,21.205,1.333,0.208,1.355,1.475,120.773,,78.385,50.635,0.34,-8.928,5.722,-39.035,33.924,US-Rms,US-Rms,sagebrush,0.8,0.608,0.799,0.71,0.896,0.751,0.86,0.17,0.97,0.077,0.037,23.737,66.917,141.87,105.389,1096.286,883.83
US-Rms,2018-03-13,0.093,1.886,0.269,0.364,1.317,32.354,6.005,9.21,2.8,6.58,21.205,0.989,0.271,1.047,2.933,161.327,,78.374,69.056,0.248,21.022,4.069,-33.864,13.092,US-Rms,US-Rms,sagebrush,0.962,0.938,0.968,0.886,1.07,0.921,1.007,0.551,1.513,0.122,0.171,24.283,67.385,138.298,102.751,1096.508,883.995
US-Rms,2018-03-18,0.099,0.939,-0.048,0.254,1.305,28.638,-2.755,0.02,-5.53,0.0,21.205,0.614,0.295,1.013,-5.531,152.679,,78.471,83.577,0.072,-8.018,,-1.116,2.639,US-Rms,US-Rms,sagebrush,0.668,0.588,0.674,0.616,0.763,0.646,0.706,0.304,0.972,0.121,0.073,24.466,67.449,136.077,101.165,1096.619,884.102
US-Rms,2018-03-23,0.106,1.077,2.27,0.27,1.299,29.91,-0.04,2.6,-2.68,0.0,21.205,0.773,0.188,0.718,-2.308,133.493,,78.164,67.328,0.176,-8.569,3.341,-8.837,13.583,US-Rms,US-Rms,sagebrush,0.766,0.756,0.773,0.697,0.877,0.736,0.811,0.463,1.229,0.14,0.129,24.845,67.742,133.334,99.167,1096.723,884.236
US-Rms,2018-03-28,0.112,1.727,0.631,0.268,1.242,38.264,3.925,7.29,0.56,0.0,21.205,0.808,0.275,1.163,0.448,252.833,,79.066,69.273,0.221,31.104,4.581,-30.326,43.43,US-Rms,US-Rms,sagebrush,0.398,0.454,0.404,0.349,0.497,0.377,0.432,0.87,1.269,0.128,0.296,25.799,68.721,130.946,97.45,1096.785,884.356
US-Rms,2018-04-02,0.119,1.86,2.335,0.244,1.177,24.819,-2.795,3.33,-8.92,8.2,21.205,0.519,0.679,1.062,-5.161,241.039,,78.001,64.014,0.14,32.833,5.535,17.499,54.21,US-Rms,US-Rms,sagebrush,0.516,0.608,0.522,0.459,0.622,0.493,0.554,0.677,1.193,0.144,0.212,26.457,69.352,128.607,95.769,1096.817,884.475
US-Rms,2018-04-07,0.125,2.196,4.661,0.26,1.091,29.737,5.385,9.36,1.41,9.62,21.205,1.245,0.704,1.857,3.455,108.57,,77.786,81.169,0.149,55.87,,-69.522,90.402,US-Rms,US-Rms,sagebrush,0.529,0.652,0.538,0.456,0.646,0.493,0.58,0.986,1.515,0.168,0.325,27.508,70.448,125.754,93.68,1096.819,884.622
US-Rms,2018-04-12,0.132,0.91,3.756,0.246,0.894,33.783,-3.445,-0.63,-6.26,4.42,21.205,0.685,0.442,0.952,-5.3,141.294,,77.979,86.918,0.058,44.864,5.437,47.992,31.534,US-Rms,US-Rms,sagebrush,0.606,0.728,0.614,0.537,0.722,0.574,0.652,0.644,1.25,0.163,0.191,28.09,70.989,123.287,91.897,1096.784,884.754
US-Rms,2018-04-17,0.138,1.561,2.093,0.257,0.78,43.422,-1.81,2.77,-6.39,0.0,21.205,0.538,0.571,0.864,-4.672,257.989,,78.658,69.34,0.154,74.074,3.434,51.313,82.458,US-Rms,US-Rms,sagebrush,0.116,0.213,0.121,0.07,0.217,0.093,0.148,1.356,1.472,0.149,0.481,29.671,72.716,120.987,90.248,1096.72,884.878
US-Rms,2018-04-22,0.139,2.361,6.853,0.229,0.732,48.949,4.64,9.19,0.09,0.0,21.205,0.896,0.897,1.508,4.199,279.216,,78.888,53.33,0.39,164.578,2.73,,,US-Rms,US-Rms,sagebrush,-0.17,0.013,-0.161,-0.224,-0.053,-0.2,-0.123,2.07,1.9,0.206,0.742,32.142,75.512,118.408,88.373,1096.611,885.021
US-Rms,2018-04-27,0.143,7.548,10.072,0.215,0.7,51.692,14.36,21.78,6.94,0.0,21.205,0.742,1.681,2.815,12.033,263.868,,78.438,32.572,0.988,144.486,2.779,,,US-Rms,US-Rms,sagebrush,-0.225,0.031,-0.214,-0.298,-0.087,-0.263,-0.159,2.343,2.117,0.262,0.828,34.9,78.652,115.657,86.359,1096.45,885.177
US-Rms,2018-05-02,0.16,2.822,5.719,0.216,0.685,51.479,2.96,9.32,-3.4,0.0,21.205,0.148,1.677,1.163,3.224,323.799,,78.587,62.375,0.336,181.528,3.1,,,US-Rms,US-Rms,sagebrush,-0.508,-0.338,-0.502,-0.551,-0.416,-0.528,-0.475,2.405,1.897,0.213,0.873,37.802,81.964,113.531,84.848,1096.29,885.301
US-Rms,2018-05-07,0.153,4.814,12.152,0.199,0.673,55.225,10.1,16.46,3.74,0.0,21.205,-0.839,3.691,3.208,9.956,323.62,,79.241,47.562,0.677,179.462,2.005,125.367,57.636,US-Rms,US-Rms,sagebrush,-0.678,-0.364,-0.665,-0.753,-0.537,-0.716,-0.609,3.127,2.449,0.331,1.113,41.52,86.252,110.908,82.938,1096.051,885.457
US-Rms,2018-05-12,0.177,1.557,5.668,0.227,0.666,36.371,4.4,7.3,1.5,10.43,21.205,0.519,1.494,1.629,1.515,110.603,,78.207,96.145,0.031,79.857,4.158,9.382,28.399,US-Rms,US-Rms,sagebrush,-0.147,0.031,-0.14,-0.2,-0.043,-0.172,-0.111,1.877,1.73,0.239,0.652,43.645,88.631,108.759,81.42,1095.816,885.589
US-Rms,2018-05-17,0.166,2.429,12.476,0.247,0.724,42.563,8.88,12.37,5.39,8.35,21.205,0.805,2.907,2.601,5.866,109.812,,78.548,94.9,0.051,80.593,2.009,13.922,63.526,US-Rms,US-Rms,sagebrush,-0.195,0.148,-0.181,-0.302,-0.031,-0.249,-0.106,2.83,2.636,0.373,0.978,46.896,92.342,105.437,78.97,1095.395,885.793
US-Rms,2018-05-22,0.155,3.313,12.976,0.249,0.767,55.952,11.66,15.77,7.55,0.0,21.205,-0.375,1.82,2.979,9.1,145.77,,78.577,80.073,0.238,88.436,1.398,24.464,59.416,US-Rms,US-Rms,sagebrush,-0.512,-0.151,-0.498,-0.62,-0.355,-0.564,-0.434,3.423,2.911,0.405,1.202,50.911,96.958,102.112,76.522,1094.887,886.004
US-Rms,2018-05-27,0.206,3.973,11.565,0.258,0.75,56.047,10.55,16.02,5.08,8.31,21.205,-2.227,7.218,4.254,8.426,369.666,,78.809,79.365,0.281,262.176,4.785,110.992,127.897,US-Rms,US-Rms,sagebrush,-1.221,-0.899,-1.212,-1.308,-1.091,-1.258,-1.157,4.501,3.28,0.395,1.635,56.411,103.337,98.981,74.239,1094.323,886.209
US-Rms,2018-06-01,0.261,3.226,11.913,0.218,0.724,56.931,6.5,12.17,0.83,0.0,21.205,-3.939,8.237,4.203,5.236,359.497,,79.072,66.58,0.356,228.673,2.456,139.427,116.263,US-Rms,US-Rms,sagebrush,-2.414,-2.098,-2.406,-2.477,-2.321,-2.45,-2.36,6.14,3.727,0.435,2.272,64.073,112.309,96.519,72.483,1093.805,886.378
US-Rms,2018-06-06,0.333,6.042,14.574,0.2,0.679,46.602,15.425,20.98,9.87,0.0,21.205,-2.736,9.57,5.367,13.897,333.755,,78.581,37.299,1.013,202.226,1.568,61.766,126.871,US-Rms,US-Rms,sagebrush,-2.783,-2.397,-2.773,-2.848,-2.683,-2.821,-2.723,6.885,4.102,0.564,2.517,72.546,122.255,94.116,70.778,1093.237,886.55
US-Rms,2018-06-11,0.362,3.076,10.129,0.197,0.647,46.1,6.955,12.2,1.71,0.0,21.205,-4.75,6.25,2.713,5.947,250.358,,78.908,61.131,0.39,145.212,2.393,71.993,88.517,US-Rms,US-Rms,sagebrush,-2.943,-2.681,-2.939,-3.025,-2.835,-2.985,-2.888,6.707,3.764,0.477,2.481,80.866,131.803,92.311,69.778,1092.753,886.687
US-Rms,2018-06-16,0.301,2.876,14.429,0.183,0.63,51.419,8.995,13.19,4.8,7.6,21.205,-3.824,7.198,3.343,7.68,216.391,,78.161,61.206,0.417,126.658,2.597,39.804,82.137,US-Rms,US-Rms,sagebrush,-3.036,-2.664,-3.025,-3.095,-2.922,-3.068,-2.976,7.196,4.16,0.675,2.597,89.549,140.501,90.358,69.945,1092.187,886.839
US-Rms,2018-06-21,0.34,3.609,15.425,0.228,0.715,57.603,13.06,17.18,8.94,0.0,21.205,-5.257,9.863,4.196,11.374,361.588,,79.105,68.715,0.455,224.75,2.917,89.825,130.601,US-Rms,US-Rms,sagebrush,-4.01,-3.584,-3.996,-4.111,-3.868,-4.061,-3.921,9.435,5.425,0.775,3.448,101.176,154.177,87.665,67.983,1091.385,887.045
US-Rms,2018-06-26,0.345,5.235,16.174,0.204,0.679,58.798,13.385,19.03,7.74,0.0,21.205,-4.685,9.55,3.744,11.629,379.327,,79.039,44.579,0.791,224.078,2.121,73.742,149.735,US-Rms,US-Rms,sagebrush,-4.236,-3.802,-4.223,-4.349,-4.089,-4.29,-4.15,9.708,5.472,0.9,3.507,112.949,168.047,85.399,66.372,1090.615,887.23
US-Rms,2018-07-01,0.25,6.489,14.374,0.187,0.654,58.575,14.185,20.62,7.75,0.0,21.205,-3.846,7.847,3.263,13.448,373.429,,79.214,46.402,0.865,219.839,2.324,93.884,129.786,US-Rms,US-Rms,sagebrush,-2.306,-1.928,-2.293,-2.365,-2.209,-2.339,-2.252,6.175,3.869,0.888,2.105,119.831,176.11,83.671,65.204,1089.942,887.383
US-Rms,2018-07-06,0.298,7.439,18.659,0.171,0.637,53.549,19.14,24.17,14.11,0.0,21.205,-1.299,5.04,3.132,16.258,225.916,,79.633,27.439,1.373,118.118,2.25,5.189,117.918,US-Rms,US-Rms,sagebrush,-2.664,-2.159,-2.645,-2.732,-2.545,-2.695,-2.593,7.164,4.5,1.212,2.37,127.585,183.875,81.904,65.35,1089.201,887.545
US-Rms,2018-07-11,0.313,8.517,16.994,0.155,0.621,58.448,16.03,22.7,9.36,0.0,21.205,-2.612,6.878,2.987,15.208,368.159,,79.221,40.844,1.055,209.362,2.126,72.682,109.076,US-Rms,US-Rms,sagebrush,-3.415,-2.997,-3.401,-3.517,-3.289,-3.465,-3.345,8.077,4.661,1.154,2.757,136.63,191.462,80.605,67.582,1088.581,887.678
US-Rms,2018-07-16,0.262,10.599,21.815,0.142,0.609,55.646,20.265,26.22,14.31,0.0,21.205,-2.044,6.237,4.239,18.886,286.51,,79.325,36.055,1.431,160.102,1.668,33.649,110.174,US-Rms,US-Rms,sagebrush,-1.821,-1.227,-1.795,-1.905,-1.667,-1.863,-1.732,5.987,4.166,1.626,1.737,142.107,193.319,79.27,71.201,1087.928,887.818
US-Rms,2018-07-21,0.251,9.819,18.941,0.129,0.596,56.821,20.415,26.1,14.73,0.0,21.205,-2.788,6.734,4.661,19.052,297.513,,79.147,21.771,1.757,159.25,1.997,49.066,118.538,US-Rms,US-Rms,sagebrush,-2.091,-1.638,-2.074,-2.162,-1.987,-2.129,-2.017,5.938,3.846,1.398,1.808,147.793,194.006,78.383,76.56,1087.43,887.929
US-Rms,2018-07-26,0.236,10.6,22.065,0.118,0.585,54.974,21.83,27.51,16.15,0.0,21.205,-1.496,4.41,4.004,20.691,302.401,,79.499,22.571,1.927,156.952,1.582,56.513,94.697,US-Rms,US-Rms,sagebrush,-1.487,-0.927,-1.464,-1.58,-1.34,-1.531,-1.391,5.257,3.77,1.72,1.408,152.065,191.83,77.572,83.061,1086.97,888.037
US-Rms,2018-07-31,0.212,14.229,20.971,0.108,0.575,36.457,24.555,30.75,18.36,0.0,21.205,0.246,3.333,2.638,23.398,164.865,,79.303,19.595,2.324,67.001,1.862,-0.259,80.273,US-Rms,US-Rms,sagebrush,-0.164,0.343,-0.144,-0.265,-0.005,-0.21,-0.077,2.818,2.653,1.62,0.477,153.095,184.813,77.014,90.693,1086.613,888.128
US-Rms,2018-08-05,0.203,7.684,17.265,0.101,0.566,53.311,16.325,21.87,10.78,0.0,21.205,-1.519,3.504,1.208,14.11,269.547,,79.091,36.685,1.05,133.432,1.965,67.327,54.225,US-Rms,US-Rms,sagebrush,-1.556,-1.197,-1.546,-1.672,-1.442,-1.596,-1.493,4.594,3.038,1.272,1.323,157.028,180.635,76.741,99.168,1086.368,888.199
US-Rms,2018-08-10,0.209,17.749,22.5,0.095,0.557,51.927,25.44,32.81,18.07,0.0,21.205,-0.374,5.969,4.057,25.404,258.855,,79.297,15.405,2.79,110.461,1.56,28.935,61.045,US-Rms,US-Rms,sagebrush,-0.611,-0.064,-0.592,-0.733,-0.441,-0.671,-0.52,3.59,2.978,1.744,0.735,158.914,173.412,76.407,108.049,1086.139,888.276
US-Rms,2018-08-15,0.214,14.603,19.455,0.089,0.549,46.262,21.04,27.66,14.42,0.0,21.205,-1.063,3.025,1.326,21.044,273.022,,79.103,18.833,2.049,134.203,1.859,63.624,55.062,US-Rms,US-Rms,sagebrush,-0.876,-0.453,-0.863,-1.006,-0.752,-0.925,-0.805,3.575,2.699,1.428,0.855,161.206,166.323,76.272,117.452,1085.986,888.338
US-Rms,2018-08-20,0.206,10.385,18.019,0.086,0.542,49.144,16.82,21.5,12.14,0.0,21.205,-1.088,3.291,1.584,14.871,238.017,,78.897,37.57,1.098,105.942,3.364,68.841,33.152,US-Rms,US-Rms,sagebrush,-1.277,-0.904,-1.267,-1.406,-1.143,-1.324,-1.209,4.048,2.771,1.291,1.098,164.326,160.018,76.234,127.106,1085.882,888.394
US-Rms,2018-08-25,0.178,13.747,14.1,0.082,0.534,48.174,15.805,22.51,9.1,0.0,21.205,-2.158,4.259,2.195,14.819,278.432,,78.831,27.141,1.27,142.633,2.42,97.272,42.014,US-Rms,US-Rms,sagebrush,-0.806,-0.532,-0.799,-0.941,-0.697,-0.859,-0.734,2.855,2.049,1.009,0.735,166.184,151.938,76.369,137.235,1085.827,888.436
US-Rms,2018-08-30,0.178,13.115,14.874,0.095,0.53,45.958,16.755,21.48,12.03,0.0,21.205,-1.671,2.676,0.314,15.571,273.198,,78.846,31.237,1.256,131.465,2.272,92.412,45.54,US-Rms,US-Rms,sagebrush,-0.655,-0.366,-0.643,-0.764,-0.543,-0.703,-0.59,2.839,2.184,1.037,0.718,167.973,144.005,76.314,146.69,1085.787,888.494
US-Rms,2018-09-04,0.167,14.631,13.837,0.092,0.525,44.209,16.99,23.24,10.74,0.0,21.205,-0.967,2.661,2.093,16.176,277.282,,79.047,30.369,1.305,133.286,1.352,81.562,27.919,US-Rms,US-Rms,sagebrush,-0.444,-0.177,-0.432,-0.558,-0.334,-0.496,-0.375,2.349,1.905,0.955,0.555,169.193,135.547,76.348,156.069,1085.782,888.546
US-Rms,2018-09-09,0.152,13.21,13.315,0.088,0.52,42.638,15.48,21.48,9.48,0.0,21.205,-1.272,3.043,1.331,15.467,255.476,,78.951,20.716,1.429,111.173,1.716,86.272,28.411,US-Rms,US-Rms,sagebrush,-0.324,-0.066,-0.313,-0.443,-0.209,-0.381,-0.249,2.059,1.734,0.904,0.46,170.08,126.963,76.444,165.222,1085.804,888.593
US-Rms,2018-09-14,0.142,10.712,10.64,0.085,0.516,40.369,12.7,18.71,6.69,0.0,21.205,-1.215,2.949,1.616,11.367,237.251,,78.672,28.774,1.016,105.959,2.082,81.852,26.018,US-Rms,US-Rms,sagebrush,-0.263,-0.055,-0.253,-0.381,-0.152,-0.317,-0.191,1.717,1.454,0.75,0.385,170.706,118.483,76.64,174.114,1085.846,888.633
US-Rms,2018-09-19,0.15,9.492,9.545,0.083,0.514,38.965,10.45,15.7,5.2,0.0,21.205,-0.958,3.205,2.114,9.852,245.453,,78.611,34.558,0.818,111.25,2.315,86.947,14.408,US-Rms,US-Rms,sagebrush,-0.344,-0.152,-0.334,-0.461,-0.228,-0.398,-0.274,1.748,1.404,0.683,0.424,171.464,110.665,76.885,182.555,1085.903,888.669
US-Rms,2018-09-24,0.161,7.223,6.068,0.082,0.512,37.768,6.205,11.64,0.77,0.0,21.205,-0.864,2.231,0.782,4.759,248.574,,78.979,39.969,0.545,100.62,2.768,74.553,10.066,US-Rms,US-Rms,sagebrush,-0.427,-0.282,-0.419,-0.536,-0.306,-0.482,-0.358,1.658,1.231,0.54,0.445,172.29,103.47,77.221,190.63,1085.965,888.698
US-Rms,2018-10-04,0.122,5.964,9.348,0.1,0.512,16.389,4.15,8.97,-0.67,14.45,21.205,1.021,0.314,1.038,2.81,31.519,,78.367,96.832,0.03,14.766,,-4.531,16.197,US-Rms,US-Rms,sagebrush,0.434,0.224,0.418,0.287,0.543,0.34,0.503,0.607,1.041,0.607,0.0,171.68,88.132,77.53,203.937,1086.214,888.784
US-Rms,2018-10-09,0.104,0.933,6.555,0.216,0.545,19.667,2.715,4.59,0.84,10.12,21.205,1.498,0.341,1.065,1.113,38.751,,77.93,99.335,0.004,32.869,,-3.55,27.484,US-Rms,US-Rms,sagebrush,1.089,0.757,1.106,0.905,1.283,0.991,1.199,0.326,1.416,0.326,0.0,171.147,82.553,76.496,205.106,1086.622,888.905
US-Rms,2018-10-14,0.114,2.062,1.012,0.202,0.575,30.47,-1.775,2.4,-5.95,0.0,21.205,0.319,1.561,0.918,-3.551,211.498,,79.298,61.61,0.2,81.011,2.512,78.864,22.027,US-Rms,US-Rms,sagebrush,0.511,0.477,0.525,0.442,0.619,0.473,0.574,0.719,1.23,0.358,0.144,154.392,79.267,92.713,206.016,1086.898,888.987
US-Rms,2018-10-19,0.122,7.081,4.845,0.2,0.568,27.89,9.255,15.69,2.82,0.0,21.205,0.421,2.056,1.857,9.596,182.463,,79.693,32.48,0.819,68.89,1.375,50.471,17.118,US-Rms,US-Rms,sagebrush,0.697,0.63,0.714,0.619,0.816,0.657,0.768,0.819,1.515,0.415,0.161,139.384,75.896,106.721,206.351,1087.351,889.088
US-Rms,2018-10-24,0.124,5.79,6.238,0.19,0.569,23.427,7.875,13.72,2.03,0.0,21.205,0.424,1.275,1.58,6.246,133.137,,78.85,48.445,0.539,60.737,2.272,41.574,24.206,US-Rms,US-Rms,sagebrush,0.765,0.653,0.783,0.68,0.89,0.725,0.838,0.774,1.539,0.416,0.143,125.826,72.691,118.96,206.396,1087.905,889.19
US-Rms,2018-10-29,0.168,1.196,7.838,0.183,0.568,12.831,-0.33,2.63,-3.29,0.0,21.205,0.484,1.416,1.875,-0.526,98.138,,78.878,85.288,0.093,22.371,3.332,20.695,13.586,US-Rms,US-Rms,sagebrush,0.983,0.696,0.991,0.852,1.117,0.925,1.056,0.53,1.512,0.423,0.043,113.29,69.194,129.542,206.166,1088.565,889.297
US-Rms,2018-11-03,0.163,1.648,1.642,0.214,0.586,16.985,2.045,5.19,-1.1,0.0,21.205,0.484,1.219,2.014,0.704,112.592,,79.185,73.55,0.189,40.046,2.79,24.298,15.913,US-Rms,US-Rms,sagebrush,0.675,0.594,0.688,0.604,0.777,0.638,0.732,0.659,1.334,0.267,0.156,102.408,67.054,139.012,205.628,1089.19,889.388
US-Rms,2018-11-08,0.159,1.649,-3.126,0.219,0.577,20.064,-3.795,1.12,-8.71,0.0,21.205,0.142,1.071,0.701,-5.468,148.242,,79.508,60.387,0.186,34.069,2.293,9.269,11.031,US-Rms,US-Rms,sagebrush,0.487,0.413,0.494,0.42,0.58,0.451,0.528,0.525,1.012,0.186,0.135,92.551,67.607,147.774,203.158,1089.697,889.456
US-Rms,2018-11-18,0.131,1.863,-4.084,0.233,0.599,17.576,-1.995,3.19,-7.18,0.0,21.205,0.436,0.776,1.294,-1.747,133.25,,79.087,43.783,0.31,5.922,2.325,-13.495,13.946,US-Rms,US-Rms,sagebrush,0.603,0.439,0.611,0.538,0.694,0.573,0.645,0.33,0.933,0.157,0.069,75.202,68.064,162.165,198.398,1090.772,889.59
US-Rms,2018-11-23,0.112,0.855,-0.205,0.246,0.626,9.379,-0.46,1.66,-2.58,11.68,21.205,0.435,0.112,0.262,-2.42,23.447,,77.928,99.384,0.003,1.55,4.197,-2.067,4.006,US-Rms,US-Rms,sagebrush,1.003,0.656,1.013,0.877,1.107,0.958,1.066,0.105,1.108,0.105,0.0,67.622,66.866,167.18,196.238,1091.585,889.687
US-Rms,2018-11-28,0.061,1.229,-0.009,0.365,0.723,12.583,2.55,5.09,0.01,5.24,21.205,0.347,0.376,2.113,-2.37,81.784,,77.962,99.463,0.003,20.033,2.556,-2.465,2.282,US-Rms,US-Rms,sagebrush,1.599,1.101,1.614,1.416,1.763,1.533,1.696,0.082,1.681,0.082,0.0,60.806,66.633,169.803,191.206,1092.892,889.842
US-Rms,2018-12-08,-0.011,1.064,-10.866,0.425,0.79,13.833,-3.58,-0.19,-6.97,0.0,21.205,0.826,0.16,1.502,-4.876,43.564,,79.305,99.424,0.002,-9.153,2.685,-2.659,-0.242,US-Rms,US-Rms,sagebrush,0.774,0.458,0.776,0.645,0.903,0.725,0.826,0.0,0.774,0.0,0.0,49.165,66.633,175.419,184.042,1094.698,890.061
US-Rms,2018-12-13,-0.009,1.794,-9.071,0.412,0.813,14.175,-2.825,3.05,-8.7,0.0,21.205,1.225,0.126,1.149,-3.399,89.689,,79.283,49.275,0.248,-26.738,3.488,-36.936,10.552,US-Rms,US-Rms,sagebrush,0.891,0.547,0.893,0.775,1.011,0.841,0.941,0.0,0.891,0.0,0.0,44.21,66.633,177.894,181.257,1095.421,890.149
US-Rms,2018-12-18,-0.004,0.887,-4.185,0.438,0.837,8.274,0.91,2.92,-1.1,5.55,21.205,1.746,0.096,1.514,-1.379,36.188,,78.62,93.492,0.041,-11.569,7.796,-24.684,18.462,US-Rms,US-Rms,sagebrush,1.432,0.959,1.439,1.313,1.568,1.382,1.495,0.0,1.432,0.0,0.0,39.753,66.633,178.305,176.848,1096.573,890.291
US-Rms,2018-12-23,-0.001,0.88,-7.465,0.436,0.878,8.81,-1.6,0.77,-3.97,8.69,21.205,1.618,0.134,1.429,-3.128,28.43,,78.709,88.053,0.061,-3.215,4.157,-10.614,4.635,US-Rms,US-Rms,sagebrush,1.081,0.688,1.084,0.973,1.199,1.036,1.127,0.0,1.081,0.0,0.0,35.746,66.633,179.223,173.57,1097.429,890.4
US-Rms,2018-12-28,-0.006,0.607,-8.797,0.429,0.889,14.223,-9.48,-6.62,-12.34,0.0,21.205,1.581,0.159,0.525,-9.574,46.629,,,98.153,0.005,14.219,,-17.037,-4.473,US-Rms,US-Rms,sagebrush,0.939,0.584,0.941,0.823,1.048,0.896,0.982,0.0,0.939,0.0,0.0,32.143,66.633,180.112,170.758,1098.165,890.496
US-Rms,2019-01-07,-0.006,0.856,-6.257,0.416,0.902,11.549,-6.335,-3.06,-9.61,2.03,21.205,1.679,0.1,1.257,-7.489,55.672,,78.304,93.051,0.025,-29.65,,-18.031,0.608,US-Rms,US-Rms,sagebrush,1.123,0.731,1.127,1.026,1.231,1.083,1.165,0.0,1.123,0.0,0.0,25.99,66.633,180.454,164.926,1099.691,890.7
US-Rms,2019-01-12,-0.011,1.818,-8.821,0.428,0.91,14.971,-0.95,4.18,-6.08,0.0,21.205,1.668,0.0,1.417,-2.5,120.968,,78.824,46.897,0.286,-42.761,3.832,-42.042,8.787,US-Rms,US-Rms,sagebrush,0.918,0.573,0.92,0.808,1.014,0.878,0.956,0.0,0.918,0.0,0.0,23.37,66.633,180.358,162.27,1100.379,890.795
US-Rms,2019-01-17,-0.01,0.461,-7.032,0.424,0.915,13.621,-0.55,0.56,-1.66,0.0,21.205,1.691,0.068,1.311,-2.376,60.547,,77.805,98.771,0.006,-2.997,8.203,-12.014,14.374,US-Rms,US-Rms,sagebrush,1.057,0.683,1.061,0.972,1.15,1.019,1.099,0.0,1.057,0.0,0.0,23.34,66.633,177.241,159.24,1101.157,890.907
US-Rms,2019-01-22,-0.005,0.944,-8.072,0.439,1.014,15.69,-6.565,-2.83,-10.3,0.0,21.205,1.15,0.446,1.313,-9.416,90.553,,79.243,83.936,0.054,-20.283,4.766,-14.024,2.176,US-Rms,US-Rms,sagebrush,0.991,0.633,0.993,0.892,1.082,0.954,1.032,0.0,0.991,0.0,0.0,23.314,66.633,174.331,156.417,1101.857,891.013
US-Rms,2019-01-27,-0.009,1.905,-7.922,0.439,1.019,17.204,2.895,6.94,-1.15,0.0,21.205,1.809,1.127,1.794,1.638,130.323,,79.254,57.53,0.294,-14.414,4.359,-21.637,3.609,US-Rms,US-Rms,sagebrush,0.991,0.637,0.993,0.895,1.077,0.955,1.029,0.0,0.991,0.0,0.0,23.287,66.633,171.432,153.608,1102.528,891.121
US-Rms,2019-02-01,-0.01,2.058,-9.038,0.439,1.042,18.382,2.145,6.82,-2.53,0.0,21.205,2.147,0.53,2.626,2.751,110.732,,78.087,59.32,0.304,-18.119,4.097,-25.408,8.897,US-Rms,US-Rms,sagebrush,0.885,0.559,0.885,0.778,0.969,0.847,0.925,0.0,0.885,0.0,0.0,23.26,66.633,168.857,151.114,1103.103,891.218
US-Rms,2019-02-06,-0.01,0.426,-7.323,0.439,1.133,12.668,-12.705,-10.19,-15.22,0.0,21.205,1.789,0.154,0.923,-12.958,68.011,,,96.178,0.008,-20.218,4.992,-1.061,2.247,US-Rms,US-Rms,sagebrush,1.02,0.669,1.022,0.935,1.099,0.984,1.058,0.0,1.02,0.0,0.0,23.234,66.633,165.896,148.253,1103.736,891.333
US-Rms,2019-02-11,-0.007,0.598,-8.526,0.438,1.127,16.832,-8.365,-5.78,-10.95,0.0,21.205,1.226,0.073,1.55,-10.222,61.232,,77.899,98.345,0.004,-14.215,,-11.882,-0.062,US-Rms,US-Rms,sagebrush,0.904,0.582,0.904,0.806,0.984,0.867,0.94,0.0,0.904,0.0,0.0,23.207,66.633,163.288,145.734,1104.269,891.435
US-Rms,2019-02-16,-0.005,0.758,-6.92,0.439,1.152,19.566,-6.585,-3.66,-9.51,0.0,21.205,1.25,0.335,1.417,-8.526,95.17,,77.611,96.108,0.012,-17.268,5.681,-1.925,-0.839,US-Rms,US-Rms,sagebrush,1.03,0.686,1.031,0.951,1.106,0.992,1.064,0.0,1.03,0.0,0.0,23.181,66.633,160.324,142.878,1104.846,891.554
US-Rms,2019-02-21,-0.002,0.843,-8.127,0.438,1.146,13.924,-10.865,-6.19,-15.54,0.0,21.205,1.172,0.046,1.45,-10.829,18.289,,,98.247,0.004,-19.131,2.686,-7.751,1.164,US-Rms,US-Rms,sagebrush,0.913,0.598,0.914,0.823,0.99,0.88,0.951,0.0,0.913,0.0,0.0,23.154,66.633,157.711,140.361,1105.329,891.661
US-Rms,2019-02-26,-0.0,1.075,-4.155,0.438,1.163,16.983,-0.64,2.11,-3.39,20.82,21.205,5.338,0.368,4.445,-2.039,65.177,,77.832,99.386,0.003,7.36,,-18.873,20.498,US-Rms,US-Rms,sagebrush,1.253,0.878,1.256,1.186,1.327,1.218,1.289,0.0,1.253,0.0,0.0,23.128,66.633,154.135,136.932,1105.948,891.81
US-Rms,2019-03-03,0.002,1.321,-8.357,0.439,1.235,32.149,-5.5,-0.44,-10.56,0.0,21.205,1.877,0.455,1.72,-7.736,195.836,,78.353,79.821,0.07,24.146,1.566,-5.224,0.141,US-Rms,US-Rms,sagebrush,0.871,0.572,0.87,0.784,0.948,0.838,0.907,0.0,0.871,0.0,0.0,23.101,66.633,151.672,134.565,1106.346,891.916
US-Rms,2019-03-08,0.005,1.172,-4.478,0.439,1.257,27.715,-6.375,-1.65,-11.1,0.0,21.205,1.799,0.029,0.976,-8.023,175.043,,77.658,78.507,0.072,6.557,3.323,-4.209,3.849,US-Rms,US-Rms,sagebrush,1.189,0.837,1.191,1.127,1.262,1.157,1.226,0.0,1.189,0.0,0.0,23.075,66.633,148.315,131.353,1106.849,892.062
US-Rms,2019-03-13,0.007,0.813,-7.125,0.439,1.259,18.338,-6.495,-3.36,-9.63,0.0,21.205,1.634,0.259,1.28,-9.063,207.86,,78.336,85.88,0.046,-7.141,7.071,-6.861,1.192,US-Rms,US-Rms,sagebrush,0.943,0.64,0.943,0.872,1.014,0.91,0.979,0.0,0.943,0.0,0.0,23.049,66.633,145.672,128.824,1107.212,892.18
US-Rms,2019-03-18,0.003,1.785,-6.425,0.439,1.307,37.933,2.23,6.17,-1.71,0.0,21.205,1.618,0.27,1.451,0.419,256.373,,79.051,59.706,0.261,2.583,2.776,-5.943,3.781,US-Rms,US-Rms,sagebrush,0.988,0.681,0.988,0.923,1.06,0.954,1.025,0.0,0.988,0.0,0.0,23.022,66.633,142.918,126.194,1107.558,892.305
US-Rms,2019-03-23,-0.003,1.226,2.562,0.271,1.317,24.173,0.985,3.82,-1.85,7.95,21.205,1.844,0.078,1.05,-0.738,98.379,,78.512,99.381,0.004,14.243,,-2.802,1.743,US-Rms,US-Rms,sagebrush,1.077,0.795,1.084,1.005,1.171,1.037,1.126,0.0,1.077,0.0,0.0,22.962,66.402,139.965,123.579,1107.896,892.444
US-Rms,2019-03-28,-0.003,1.279,3.323,0.263,1.316,38.017,0.52,3.59,-2.55,3.74,21.205,1.973,0.098,0.767,-2.569,177.887,,78.589,90.123,0.056,16.494,4.431,-4.048,5.685,US-Rms,US-Rms,sagebrush,1.073,0.804,1.08,1.0,1.171,1.029,1.124,0.0,1.073,0.0,0.0,22.9,66.17,137.044,120.992,1108.191,892.584
US-Rms,2019-04-02,-0.002,0.51,5.112,0.248,1.257,21.463,2.245,3.27,1.22,6.22,21.205,2.933,0.021,1.855,0.303,113.81,,78.001,98.494,0.009,23.032,2.252,-5.676,5.971,US-Rms,US-Rms,sagebrush,1.093,0.833,1.1,1.01,1.208,1.039,1.154,0.0,1.093,0.0,0.0,22.836,65.94,134.092,118.374,1108.448,892.729
US-Rms,2019-04-07,-0.001,0.893,4.475,0.242,1.083,25.775,7.71,9.0,6.42,6.15,21.205,3.721,0.069,3.989,3.902,157.656,,78.779,78.037,0.192,36.893,8.487,-142.649,2.838,US-Rms,US-Rms,sagebrush,1.009,0.771,1.015,0.936,1.107,0.959,1.062,0.0,1.009,0.0,0.0,22.77,65.711,131.39,115.99,1108.647,892.865
US-Rms,2019-04-12,0.0,1.116,2.695,0.254,0.905,26.227,0.095,2.82,-2.63,0.0,21.205,1.325,0.338,1.577,-2.268,208.38,,78.216,94.784,0.03,14.592,2.943,-3.322,4.972,US-Rms,US-Rms,sagebrush,0.951,0.729,0.955,0.889,1.03,0.912,0.993,0.0,0.951,0.0,0.0,22.707,65.482,128.864,113.773,1108.799,892.994
US-Rms,2019-04-17,0.001,2.246,4.92,0.265,0.841,46.421,4.93,9.14,0.72,0.0,21.205,1.746,0.253,1.971,2.329,277.793,,79.176,74.044,0.192,33.344,4.041,-36.295,10.461,US-Rms,US-Rms,sagebrush,1.125,0.893,1.131,1.039,1.244,1.075,1.18,0.0,1.125,0.0,0.0,22.646,65.254,125.883,111.128,1108.934,893.15
US-Rms,2019-04-22,0.002,3.236,6.319,0.233,0.756,50.427,6.39,12.2,0.58,0.0,21.205,0.312,0.948,2.059,4.783,320.031,,79.195,55.577,0.428,76.906,2.928,-5.046,23.692,US-Rms,US-Rms,sagebrush,1.026,0.816,1.031,0.94,1.136,0.969,1.088,0.0,1.026,0.0,0.0,22.579,65.027,123.197,108.755,1109.014,893.294
US-Rms,2019-04-27,0.003,3.272,6.755,0.215,0.717,51.901,3.71,10.98,-3.56,0.0,21.205,-0.556,2.384,2.051,4.035,338.88,,78.454,50.986,0.446,190.849,3.902,142.324,54.902,US-Rms,US-Rms,sagebrush,0.942,0.749,0.947,0.855,1.041,0.883,1.002,0.0,0.942,0.0,0.0,22.509,64.801,120.757,106.611,1109.05,893.428
US-Rms,2019-05-02,0.007,2.305,5.09,0.219,0.685,54.663,4.865,9.22,0.51,0.0,21.205,-1.589,2.914,1.456,3.124,351.072,,78.594,37.222,0.509,200.446,3.259,161.338,42.612,US-Rms,US-Rms,sagebrush,0.866,0.69,0.87,0.791,0.952,0.817,0.916,0.0,0.866,0.0,0.0,22.44,64.575,118.534,104.671,1109.052,893.553
US-Rms,2019-05-07,-0.009,3.119,9.335,0.202,0.672,55.086,8.575,13.32,3.83,0.0,21.205,-0.315,2.906,2.303,7.217,335.242,,78.55,49.491,0.535,193.216,5.597,83.782,46.951,US-Rms,US-Rms,sagebrush,0.973,0.794,0.979,0.865,1.091,0.906,1.048,0.0,0.973,0.0,0.0,22.368,64.35,116.048,102.48,1109.018,893.695
US-Rms,2019-05-12,0.066,5.167,11.792,0.197,0.659,56.774,14.015,19.88,8.15,0.0,21.205,-1.215,3.974,2.762,14.464,340.911,,78.669,28.412,1.204,189.896,2.491,154.526,61.467,US-Rms,US-Rms,sagebrush,0.605,0.865,0.618,0.49,0.758,0.548,0.686,0.961,1.566,0.235,0.289,23.292,65.314,113.405,100.137,1108.938,893.849
US-Rms,2019-05-17,0.191,0.468,8.781,0.25,0.658,35.521,0.01,1.1,-1.08,28.11,21.205,0.812,2.548,0.814,-0.532,114.008,,77.974,99.025,0.006,35.633,4.234,9.122,38.094,US-Rms,US-Rms,sagebrush,0.885,1.018,0.896,0.762,1.038,0.83,0.967,0.697,1.581,0.2,0.198,23.909,65.9,110.411,97.475,1108.79,894.027
US-Rms,2019-05-22,0.227,1.08,6.983,0.266,0.841,42.311,3.23,5.34,1.12,5.6,21.205,-0.003,1.714,0.742,1.198,86.321,,77.916,99.165,0.006,68.828,4.261,27.974,41.354,US-Rms,US-Rms,sagebrush,-0.049,0.136,-0.04,-0.147,0.063,-0.086,0.01,2.163,2.114,0.182,0.789,26.567,68.911,107.547,94.94,1108.589,894.201
US-Rms,2019-05-27,0.271,2.927,10.473,0.258,0.807,54.826,8.22,12.74,3.7,0.0,21.205,-1.247,4.088,2.418,5.971,279.11,,78.207,84.734,0.158,187.902,4.199,101.271,82.934,US-Rms,US-Rms,sagebrush,-2.091,-1.832,-1.832,-2.18,-0.773,-2.119,-1.337,5.863,3.772,0.238,2.24,34.219,77.871,104.342,92.085,1108.29,894.401
US-Rms,2019-06-01,0.278,3.68,13.784,0.255,0.785,53.119,11.93,16.48,7.38,0.0,21.205,-0.26,5.253,4.511,10.454,317.126,,78.82,70.461,0.394,209.038,1.78,82.423,94.144,US-Rms,US-Rms,sagebrush,-2.275,-1.912,-2.199,-2.399,-1.644,-2.325,-2.109,6.537,4.261,0.342,2.467,42.633,87.732,100.801,88.926,1107.863,894.63
US-Rms,2019-06-06,0.274,4.49,15.716,0.215,0.727,56.199,9.215,16.23,2.2,0.0,21.205,-1.495,3.122,2.919,9.161,283.028,,78.369,71.772,0.406,182.74,3.366,93.254,91.413,US-Rms,US-Rms,sagebrush,-2.782,-2.356,-2.772,-2.908,-2.66,-2.83,-2.71,7.165,4.382,0.447,2.675,51.727,98.414,97.819,86.292,1107.412,894.832
US-Rms,2019-06-11,0.287,5.002,13.765,0.228,0.72,58.302,14.42,19.91,8.93,0.0,21.205,-0.744,5.463,4.072,14.525,374.022,,79.603,41.248,0.979,223.768,1.688,116.936,78.763,US-Rms,US-Rms,sagebrush,-2.863,-2.497,-2.856,-2.967,-2.767,-2.915,-2.796,7.25,4.387,0.458,2.705,60.901,109.182,94.983,83.814,1106.901,895.031
US-Rms,2019-06-16,0.257,4.977,14.678,0.218,0.702,58.76,14.91,20.19,9.63,0.0,21.205,-1.545,6.346,3.881,15.022,375.846,,78.817,35.059,1.133,218.817,1.726,108.841,112.014,US-Rms,US-Rms,sagebrush,-2.501,-2.099,-2.493,-2.596,-2.391,-2.54,-2.445,6.675,4.175,0.548,2.44,69.129,118.824,92.306,81.49,1106.339,895.227
US-Rms,2019-06-21,0.263,2.078,7.088,0.201,0.674,51.317,3.4,7.7,-0.9,0.0,21.205,-1.009,4.153,1.956,2.229,171.529,,78.727,75.507,0.186,85.976,2.496,50.39,35.174,US-Rms,US-Rms,sagebrush,-1.836,-1.629,-1.834,-1.891,-1.756,-1.866,-1.799,4.661,2.825,0.383,1.704,74.782,125.408,90.763,80.235,1105.955,895.35
US-Rms,2019-06-26,0.235,4.904,14.561,0.193,0.658,56.542,13.605,19.27,7.94,0.0,21.205,-2.327,7.343,3.883,12.838,312.992,,78.472,39.771,0.959,182.418,2.041,77.397,97.699,US-Rms,US-Rms,sagebrush,-2.096,-1.7,-2.089,-2.161,-2.016,-2.126,-2.049,5.765,3.67,0.64,2.041,81.574,133.355,88.667,78.456,1105.404,895.517
US-Rms,2019-07-01,0.286,6.103,16.151,0.178,0.644,58.012,16.385,22.46,10.31,0.0,21.205,-3.643,8.616,4.824,16.786,328.82,,78.944,24.768,1.467,185.519,1.954,56.35,124.434,US-Rms,US-Rms,sagebrush,-3.18,-2.746,-3.174,-3.246,-3.071,-3.217,-3.124,7.61,4.43,0.757,2.729,90.707,143.673,86.73,77.249,1104.835,895.677
US-Rms,2019-07-06,0.227,5.628,16.948,0.167,0.632,58.293,18.12,23.04,13.2,0.0,21.205,-3.717,7.327,3.473,17.59,326.208,,79.002,33.986,1.347,184.549,1.717,43.039,134.114,US-Rms,US-Rms,sagebrush,-2.172,-1.711,-2.162,-2.229,-2.086,-2.198,-2.123,5.948,3.777,0.866,2.024,97.368,149.978,84.992,77.296,1104.268,895.829
US-Rms,2019-07-11,0.224,6.735,19.886,0.153,0.62,57.195,19.72,25.14,14.3,0.0,21.205,-3.895,10.298,4.405,18.709,353.029,,79.26,40.871,1.302,209.281,1.776,58.766,140.563,US-Rms,US-Rms,sagebrush,-1.855,-1.293,-1.842,-1.933,-1.75,-1.887,-1.802,5.637,3.782,1.091,1.81,103.256,154.276,83.333,78.474,1103.688,895.98
US-Rms,2019-07-16,0.229,4.9,18.088,0.146,0.607,54.117,14.225,19.17,9.28,0.0,21.205,-3.812,7.204,3.475,12.857,239.337,,78.871,62.864,0.57,134.228,1.591,49.574,83.87,US-Rms,US-Rms,sagebrush,-2.036,-1.56,-2.025,-2.096,-1.952,-2.064,-1.994,5.682,3.646,1.019,1.857,109.276,157.54,81.987,81.093,1103.179,896.111
US-Rms,2019-07-21,0.272,8.991,17.39,0.133,0.596,55.725,18.79,25.01,12.57,0.0,21.205,-3.411,7.233,4.185,18.458,345.266,,79.126,24.978,1.623,198.549,1.965,46.756,126.432,US-Rms,US-Rms,sagebrush,-2.636,-2.205,-2.629,-2.729,-2.538,-2.669,-2.586,6.495,3.859,1.012,2.183,116.388,161.006,80.947,85.051,1102.752,896.223
US-Rms,2019-07-26,0.258,4.669,20.357,0.123,0.586,35.988,18.11,22.09,14.13,0.99,21.205,-0.125,4.713,4.326,16.409,106.64,,79.41,46.805,1.043,46.53,1.928,-21.558,83.727,US-Rms,US-Rms,sagebrush,-1.175,-0.637,-1.163,-1.256,-1.06,-1.213,-1.123,4.336,3.16,1.259,1.225,120.158,159.512,79.951,89.945,1102.342,896.336
US-Rms,2019-07-31,0.248,8.955,19.789,0.129,0.576,55.259,20.9,26.6,15.2,0.0,21.205,-3.137,6.763,2.4,20.003,321.395,,79.045,29.89,1.655,175.168,1.586,48.665,121.071,US-Rms,US-Rms,sagebrush,-2.041,-1.536,-2.029,-2.117,-1.952,-2.07,-1.991,5.803,3.762,1.227,1.822,125.978,159.627,78.927,95.523,1101.941,896.453
US-Rms,2019-08-05,0.253,10.032,21.253,0.118,0.566,52.844,22.53,28.43,16.63,0.0,21.205,-3.143,5.336,2.328,20.635,322.106,,79.229,30.833,1.754,172.633,1.78,52.126,116.83,US-Rms,US-Rms,sagebrush,-1.828,-1.276,-1.816,-1.928,-1.717,-1.865,-1.765,5.535,3.706,1.368,1.659,131.201,158.189,78.049,101.993,1101.595,896.562
US-Rms,2019-08-10,0.271,4.412,19.202,0.185,0.559,45.267,12.825,17.96,7.69,0.0,21.205,-1.843,4.923,2.186,11.311,205.207,,78.754,72.886,0.372,110.969,1.862,29.23,86.938,US-Rms,US-Rms,sagebrush,-1.586,-1.095,-1.562,-1.646,-1.451,-1.616,-1.512,5.807,4.22,1.225,1.824,137.051,156.903,76.197,107.565,1101.058,896.747
US-Rms,2019-08-15,0.257,7.373,18.262,0.173,0.556,50.383,17.65,23.25,12.05,0.0,21.205,-3.348,5.761,2.677,16.315,318.649,,79.314,38.769,1.18,171.048,1.91,80.271,88.178,US-Rms,US-Rms,sagebrush,-1.677,-1.239,-1.657,-1.728,-1.58,-1.695,-1.618,5.717,4.039,1.176,1.808,142.812,155.3,74.681,113.588,1100.619,896.91
US-Rms,2019-08-20,0.223,13.876,19.692,0.154,0.544,47.317,20.555,26.07,15.04,0.0,21.205,-1.637,4.6,1.9,20.875,291.978,,79.103,24.98,1.872,146.95,1.572,60.634,72.234,US-Rms,US-Rms,sagebrush,-0.601,-0.114,-0.58,-0.658,-0.469,-0.63,-0.535,3.91,3.31,1.3,1.039,145.876,149.634,73.436,120.649,1100.262,897.057
US-Rms,2019-08-25,0.213,12.825,17.15,0.14,0.534,47.986,15.425,20.89,9.96,0.0,21.205,-2.662,5.013,2.263,14.711,307.878,,79.103,33.971,1.148,149.766,3.433,92.143,62.696,US-Rms,US-Rms,sagebrush,-0.868,-0.485,-0.853,-0.922,-0.776,-0.894,-0.814,3.862,2.994,1.105,1.098,149.113,143.763,72.596,128.587,1100.02,897.175
US-Rms,2019-08-30,0.202,15.093,19.633,0.13,0.526,45.77,18.37,22.55,14.19,0.0,21.205,-1.093,3.614,2.03,16.169,205.911,,79.193,48.954,0.957,95.109,1.639,51.945,37.649,US-Rms,US-Rms,sagebrush,-0.403,0.066,-0.384,-0.468,-0.271,-0.444,-0.331,3.277,2.875,1.272,0.798,151.291,136.453,71.809,136.594,1099.829,897.291
US-Rms,2019-09-09,0.177,4.964,12.018,0.173,0.516,40.328,8.565,12.53,4.6,0.0,21.205,-1.58,3.235,1.306,7.363,197.289,,78.591,80.218,0.224,100.681,1.571,64.532,39.792,US-Rms,US-Rms,sagebrush,-0.251,-0.048,-0.236,-0.315,-0.158,-0.275,-0.195,2.695,2.444,0.77,0.767,154.706,121.101,70.29,151.77,1099.605,897.519
US-Rms,2019-09-14,0.213,14.705,14.027,0.172,0.518,40.353,16.925,23.57,10.28,0.0,21.205,-0.785,2.911,1.411,17.58,256.317,,79.101,22.824,1.592,114.964,1.948,60.148,50.472,US-Rms,US-Rms,sagebrush,-0.214,0.026,-0.197,-0.286,-0.105,-0.232,-0.161,2.881,2.666,0.854,0.807,156.951,114.963,69.288,157.662,1099.544,897.654
US-Rms,2019-09-19,0.216,2.022,8.794,0.171,0.516,34.213,4.595,7.65,1.54,5.73,21.205,0.229,1.738,1.138,3.223,148.087,,78.44,91.765,0.07,89.475,2.557,33.936,43.825,US-Rms,US-Rms,sagebrush,-0.456,-0.328,-0.446,-0.525,-0.377,-0.493,-0.401,2.686,2.23,0.614,0.825,159.248,109.209,68.659,163.937,1099.53,897.758
US-Rms,2019-09-24,0.201,5.782,10.702,0.167,0.517,34.471,12.585,16.08,9.09,0.0,21.205,-1.114,3.081,1.751,10.444,231.037,,79.395,62.2,0.492,127.617,3.16,90.334,56.421,US-Rms,US-Rms,sagebrush,-0.236,-0.077,-0.223,-0.301,-0.14,-0.264,-0.179,2.497,2.262,0.68,0.724,161.182,103.573,67.977,169.367,1099.552,897.87
US-Rms,2019-09-29,0.158,0.859,5.416,0.174,0.516,22.59,-1.835,0.52,-4.19,0.0,21.205,-0.955,0.892,1.098,-3.129,118.152,,77.807,90.709,0.048,56.508,1.959,24.657,40.518,US-Rms,US-Rms,sagebrush,0.657,0.475,0.652,0.568,0.732,0.61,0.696,0.555,1.212,0.487,0.027,160.715,95.452,67.548,174.964,1099.596,897.959
US-Rms,2019-10-04,0.159,1.187,4.338,0.181,0.523,25.355,0.66,3.29,-1.97,0.0,21.205,0.015,0.857,1.049,-0.808,76.359,,78.799,89.1,0.067,20.039,2.477,-0.498,37.732,US-Rms,US-Rms,sagebrush,0.477,0.474,0.484,0.409,0.564,0.443,0.531,0.817,1.294,0.442,0.15,160.684,88.869,67.122,179.462,1099.666,898.047
US-Rms,2019-10-09,0.185,0.933,5.353,0.179,0.525,17.266,-5.635,-2.21,-9.06,0.0,21.205,-0.598,1.499,0.81,-6.272,161.268,,78.504,82.086,0.073,74.197,4.393,78.949,34.882,US-Rms,US-Rms,sagebrush,0.681,0.497,0.677,0.59,0.761,0.638,0.716,0.555,1.236,0.457,0.039,160.267,82.408,66.666,183.202,1099.762,898.139
US-Rms,2019-10-14,0.153,4.644,3.045,0.185,0.517,29.961,5.98,11.65,0.31,0.0,21.205,-0.403,1.951,1.261,6.139,187.713,,78.71,41.057,0.561,70.074,1.908,57.386,17.508,US-Rms,US-Rms,sagebrush,0.25,0.283,0.254,0.178,0.337,0.214,0.295,1.111,1.361,0.387,0.288,145.107,77.11,81.903,186.987,1099.866,898.224
US-Rms,2019-10-19,0.126,1.121,4.089,0.186,0.522,17.645,0.01,2.76,-2.74,5.77,21.205,0.77,0.558,0.949,-1.894,47.092,,78.025,89.434,0.057,-2.839,5.367,-23.743,31.596,US-Rms,US-Rms,sagebrush,0.756,0.505,0.739,0.634,0.833,0.691,0.788,0.397,1.154,0.377,0.008,130.508,71.287,95.324,189.896,1100.085,898.314
US-Rms,2019-10-24,0.099,3.963,0.704,0.2,0.548,25.947,4.105,10.38,-2.17,0.0,21.205,0.2,1.344,1.799,3.933,164.171,,79.719,35.664,0.552,62.96,1.779,37.735,29.285,US-Rms,US-Rms,sagebrush,0.588,0.453,0.589,0.527,0.653,0.552,0.623,0.477,1.065,0.279,0.079,117.624,67.211,107.236,191.645,1100.363,898.394
US-Rms,2019-10-29,0.111,0.726,-2.512,0.205,0.541,25.631,-12.375,-7.91,-16.84,0.0,21.205,-0.834,1.436,0.461,-12.122,173.455,,78.622,62.208,0.095,67.325,4.324,82.657,9.455,US-Rms,US-Rms,sagebrush,0.606,0.374,0.587,0.516,0.669,0.555,0.628,0.202,0.807,0.202,0.0,105.768,67.211,117.93,189.423,1100.652,898.46
US-Rms,2019-11-03,0.125,4.037,-2.954,0.214,0.551,20.557,4.27,11.37,-2.83,0.0,21.205,0.158,1.241,0.996,5.374,136.613,,78.977,32.896,0.614,35.004,2.471,32.712,9.087,US-Rms,US-Rms,sagebrush,0.511,0.391,0.511,0.451,0.58,0.481,0.544,0.388,0.899,0.192,0.078,95.376,67.533,127.287,187.181,1100.985,898.528
US-Rms,2019-11-08,0.129,5.47,-1.672,0.211,0.569,19.699,7.34,15.16,-0.48,0.0,21.205,0.261,1.256,0.816,9.962,141.951,,79.547,25.839,0.93,22.076,2.315,2.135,10.561,US-Rms,US-Rms,sagebrush,0.552,0.434,0.554,0.496,0.622,0.518,0.586,0.418,0.97,0.195,0.089,86.069,67.897,135.389,184.801,1101.376,898.601
US-Rms,2019-11-13,0.135,2.682,-0.429,0.216,0.568,17.933,4.905,9.74,0.07,0.0,21.205,-0.137,1.265,1.201,4.977,118.228,,78.923,64.41,0.328,24.062,1.533,23.267,4.926,US-Rms,US-Rms,sagebrush,0.616,0.506,0.62,0.564,0.688,0.586,0.652,0.472,1.088,0.199,0.109,77.768,64.92,142.255,185.581,1101.846,898.684
US-Rms,2019-11-18,0.135,3.672,0.904,0.216,0.569,16.379,7.34,12.87,1.81,0.0,21.205,0.139,0.857,0.966,7.709,102.847,,78.727,60.588,0.431,19.941,2.147,4.227,9.966,US-Rms,US-Rms,sagebrush,0.706,0.567,0.709,0.65,0.773,0.672,0.746,0.464,1.17,0.2,0.105,70.292,62.088,148.02,185.95,1102.401,898.774
US-Rms,2019-11-23,0.134,2.668,-4.044,0.226,0.562,16.197,1.43,8.02,-5.16,0.0,21.205,0.181,1.167,1.286,1.262,117.714,,79.287,58.97,0.283,11.904,2.713,-1.205,10.059,US-Rms,US-Rms,sagebrush,0.55,0.407,0.55,0.491,0.612,0.519,0.579,0.309,0.86,0.138,0.068,63.442,62.369,153.494,183.784,1102.842,898.841
US-Rms,2019-11-28,0.128,1.0,-5.362,0.234,0.575,11.261,-5.84,-2.08,-9.6,0.0,21.205,-0.007,0.529,0.963,-6.856,53.409,,77.316,96.504,0.013,11.166,1.771,-17.458,9.618,US-Rms,US-Rms,sagebrush,0.616,0.378,0.605,0.541,0.677,0.569,0.641,0.11,0.726,0.11,0.0,57.048,62.369,158.323,181.777,1103.27,898.904
US-Rms,2019-12-03,0.118,0.946,-5.206,0.242,0.594,15.035,0.3,2.54,-1.94,0.0,21.205,-0.505,0.238,2.249,-1.215,54.005,,79.024,99.769,0.001,3.281,,-11.093,5.695,US-Rms,US-Rms,sagebrush,0.646,0.402,0.635,0.567,0.698,0.6,0.667,0.127,0.772,0.116,0.004,51.312,62.387,162.373,179.687,1103.733,898.971
US-Rms,2019-12-08,0.107,0.326,-2.836,0.306,0.612,8.366,-0.855,-0.06,-1.65,7.08,21.205,-0.827,0.022,0.61,-1.546,38.887,,78.247,99.77,0.001,1.839,,-8.838,4.528,US-Rms,US-Rms,sagebrush,1.033,0.679,1.03,0.932,1.107,0.975,1.072,0.027,1.061,0.027,0.0,46.14,62.387,164.793,176.428,1104.471,899.077
US-Rms,2019-12-13,0.098,0.48,-1.498,0.416,0.654,9.962,-2.815,-1.46,-4.17,13.7,21.205,0.414,0.011,1.413,-4.077,28.391,,78.442,99.701,0.001,-3.14,4.057,-5.276,0.526,US-Rms,US-Rms,sagebrush,1.592,1.102,1.591,1.442,1.712,1.513,1.659,0.048,1.639,0.048,0.0,41.489,62.17,165.134,171.71,1105.594,899.241
US-Rms,2019-12-18,0.089,1.249,-10.789,0.425,0.703,12.822,-3.415,0.6,-7.43,0.0,21.205,1.259,0.001,2.032,-3.057,71.489,,78.393,45.732,0.271,-12.124,4.504,-22.501,15.358,US-Rms,US-Rms,sagebrush,0.745,0.447,0.741,0.615,0.859,0.692,0.786,0.0,0.745,0.0,0.0,37.307,62.17,167.27,169.434,1106.112,899.318
US-Rms,2019-12-23,0.079,1.335,-6.88,0.417,0.731,5.217,-1.25,2.42,-4.92,3.81,21.205,1.268,0.0,1.918,-2.365,44.416,,77.966,93.163,0.041,-10.496,2.478,-7.296,0.267,US-Rms,US-Rms,sagebrush,1.045,0.676,1.041,0.937,1.137,0.992,1.087,0.029,1.074,0.029,0.0,33.547,62.17,168.124,166.284,1106.835,899.428
US-Rms,2020-01-02,0.061,0.294,-3.943,0.433,0.773,11.423,-1.76,-1.0,-2.52,0.0,21.205,0.74,0.0,1.326,-4.636,46.826,,,99.763,0.001,-2.92,,-11.035,2.571,US-Rms,US-Rms,sagebrush,1.367,0.931,1.364,1.263,1.448,1.309,1.42,0.013,1.38,0.013,0.0,27.125,62.17,168.553,160.028,1108.268,899.652
US-Rms,2020-01-07,0.052,1.52,-7.286,0.419,0.789,13.953,1.63,5.06,-1.8,0.0,21.205,1.989,0.052,1.608,0.143,92.956,,78.688,72.143,0.18,-28.391,4.729,-47.997,7.107,US-Rms,US-Rms,sagebrush,0.994,0.642,0.99,0.89,1.092,0.945,1.034,0.039,1.033,0.039,0.0,24.391,62.17,168.447,157.142,1108.918,899.76
US-Rms,2020-01-12,0.042,0.229,-6.448,0.406,0.802,10.171,-6.355,-5.54,-7.17,12.69,21.205,0.995,0.364,2.511,-7.488,34.24,,77.718,99.527,0.002,-2.181,,0.132,0.925,US-Rms,US-Rms,sagebrush,1.026,0.672,1.023,0.935,1.116,0.98,1.064,0.003,1.029,0.003,0.0,21.932,62.17,167.955,154.197,1109.572,899.871
US-Rms,2020-01-17,0.009,0.495,-6.87,0.397,0.813,13.377,-7.135,-5.22,-9.05,0.0,21.205,1.15,0.382,2.333,-8.646,75.02,,78.445,93.686,0.02,-2.211,,-7.292,1.178,US-Rms,US-Rms,sagebrush,0.957,0.623,0.954,0.87,1.04,0.92,0.992,0.0,0.957,0.0,0.0,21.899,62.17,165.223,151.48,1110.166,899.976
US-Rms,2020-01-22,0.003,1.017,-4.368,0.41,0.825,13.191,-1.195,1.5,-3.89,0.0,21.205,1.9,0.147,2.385,-3.758,102.037,,78.718,97.645,0.011,6.378,3.583,-7.858,1.87,US-Rms,US-Rms,sagebrush,1.199,0.817,1.198,1.118,1.278,1.158,1.24,0.0,1.199,0.0,0.0,21.868,62.17,161.802,148.096,1110.872,900.11
US-Rms,2020-01-27,0.003,0.748,-3.818,0.439,0.92,13.77,-0.26,1.55,-2.07,0.0,21.205,1.298,0.04,0.466,-2.812,63.338,,78.922,99.685,0.002,-10.215,5.194,-4.568,8.818,US-Rms,US-Rms,sagebrush,1.327,0.92,1.325,1.239,1.412,1.281,1.376,0.0,1.327,0.0,0.0,21.843,62.17,158.031,144.378,1111.601,900.261
US-Rms,2020-02-01,0.004,1.909,-5.713,0.439,0.96,17.208,4.61,8.19,1.03,2.98,21.205,2.993,0.0,2.614,3.917,76.706,,79.159,56.352,0.355,-35.063,6.972,-46.343,26.94,US-Rms,US-Rms,sagebrush,1.124,0.762,1.121,1.037,1.207,1.081,1.162,0.0,1.124,0.0,0.0,21.819,62.17,154.858,141.252,1112.173,900.392
US-Rms,2020-02-06,0.004,0.003,-5.194,0.439,0.978,8.576,1.42,1.42,1.42,0.0,21.205,1.84,0.156,1.021,-0.649,45.901,,,99.791,0.001,4.324,,-8.993,4.459,US-Rms,US-Rms,sagebrush,1.154,0.792,1.152,1.073,1.231,1.11,1.191,0.0,1.154,0.0,0.0,21.794,62.17,151.617,138.065,1112.718,900.528
US-Rms,2020-02-11,0.005,1.511,-9.073,0.439,1.014,21.816,-3.59,1.49,-8.67,0.0,21.205,2.053,0.065,2.315,-4.404,155.349,,78.834,76.837,0.106,-17.919,5.247,-20.35,3.675,US-Rms,US-Rms,sagebrush,0.815,0.525,0.811,0.711,0.899,0.773,0.851,0.0,0.815,0.0,0.0,21.769,62.17,149.347,135.829,1113.075,900.626
US-Rms,2020-02-16,0.004,1.014,-5.708,0.437,1.018,16.961,-5.46,-1.75,-9.17,10.16,21.205,1.632,0.244,1.644,-3.956,79.853,,78.449,95.453,0.016,-25.335,6.939,-13.682,3.274,US-Rms,US-Rms,sagebrush,1.075,0.738,1.072,0.998,1.151,1.032,1.11,0.0,1.075,0.0,0.0,21.744,62.17,146.36,132.899,1113.511,900.757
US-Rms,2020-02-21,-0.004,1.737,-11.262,0.437,1.016,24.929,-1.035,3.86,-5.93,0.0,21.205,2.325,0.655,3.296,0.497,174.852,,79.007,40.762,0.375,-2.709,1.943,-5.273,1.442,US-Rms,US-Rms,sagebrush,0.639,0.396,0.635,0.531,0.723,0.596,0.677,0.0,0.639,0.0,0.0,21.718,62.17,144.602,131.166,1113.751,900.835
US-Rms,2020-02-26,-0.015,1.898,-9.034,0.439,1.047,26.569,1.045,5.67,-3.58,0.0,21.205,1.661,0.259,2.249,0.021,196.901,,79.5,51.962,0.297,2.033,2.956,-9.985,4.457,US-Rms,US-Rms,sagebrush,0.79,0.516,0.786,0.695,0.868,0.747,0.822,0.0,0.79,0.0,0.0,21.694,62.17,142.431,129.035,1114.028,900.934
US-Rms,2020-03-02,-0.011,1.547,-8.917,0.439,1.119,29.037,-2.315,2.4,-7.03,0.0,21.205,1.301,0.566,2.205,-4.394,186.696,,78.711,72.923,0.113,8.371,4.653,-2.344,1.149,US-Rms,US-Rms,sagebrush,0.79,0.519,0.786,0.698,0.867,0.748,0.821,0.0,0.79,0.0,0.0,21.669,62.17,140.269,126.915,1114.283,901.034
US-Rms,2020-03-07,-0.006,2.151,-4.076,0.439,1.233,25.467,1.825,6.87,-3.22,0.0,21.205,1.985,0.257,1.972,1.313,81.917,,77.781,73.057,0.226,-2.85,4.663,-3.587,3.728,US-Rms,US-Rms,sagebrush,1.173,0.838,1.17,1.095,1.251,1.128,1.209,0.0,1.173,0.0,0.0,21.644,62.17,137.067,123.791,1114.619,901.183
US-Rms,2020-03-17,0.003,1.7,1.893,0.269,1.317,31.331,0.795,4.94,-3.35,4.05,21.205,1.688,0.373,1.683,-0.114,149.549,,77.766,91.705,0.051,0.677,3.157,-12.767,9.933,US-Rms,US-Rms,sagebrush,0.989,0.735,0.99,0.92,1.053,0.95,1.027,0.0,0.989,0.0,0.0,21.546,61.738,131.355,118.611,1115.098,901.463
US-Rms,2020-03-22,-0.001,2.144,0.695,0.255,1.285,39.489,2.65,7.37,-2.07,0.0,21.205,1.149,1.113,3.048,0.765,258.481,,78.597,50.947,0.33,3.308,3.029,-21.87,10.327,US-Rms,US-Rms,sagebrush,0.851,0.627,0.85,0.791,0.904,0.82,0.881,0.0,0.851,0.0,0.0,21.487,61.523,129.12,116.608,1115.242,901.576
US-Rms,2020-03-27,-0.007,1.07,-0.44,0.257,1.245,30.816,-3.095,0.19,-6.38,0.0,21.205,1.928,0.56,0.768,-4.77,231.854,,78.117,77.105,0.1,8.476,3.919,-11.605,6.035,US-Rms,US-Rms,sagebrush,0.787,0.58,0.786,0.731,0.832,0.763,0.815,0.0,0.787,0.0,0.0,21.428,61.309,127.067,114.782,1115.351,901.683
US-Rms,2020-04-06,-0.019,1.563,2.828,0.264,1.209,39.84,2.75,6.02,-0.52,0.0,21.205,2.15,0.036,3.968,1.332,138.292,,77.943,93.802,0.041,-0.097,1.81,-9.883,6.994,US-Rms,US-Rms,sagebrush,0.977,0.762,0.976,0.901,1.053,0.93,1.019,0.0,0.977,0.0,0.0,21.315,60.883,122.04,110.241,1115.518,901.949
US-Rms,2020-04-11,-0.025,2.502,4.816,0.246,1.122,45.608,2.16,8.05,-3.73,0.0,21.205,2.47,0.077,1.972,1.863,232.489,,78.242,72.654,0.199,13.733,6.198,-53.96,31.53,US-Rms,US-Rms,sagebrush,0.997,0.791,0.997,0.908,1.094,0.942,1.047,0.0,0.997,0.0,0.0,21.254,60.671,119.48,107.92,1115.547,902.089
US-Rms,2020-04-16,-0.031,1.716,2.316,0.251,1.005,48.233,-1.72,3.37,-6.81,0.0,21.205,1.199,0.011,2.342,-3.583,339.694,,78.699,77.621,0.122,42.137,,-16.274,17.256,US-Rms,US-Rms,sagebrush,0.868,0.683,0.867,0.8,0.932,0.829,0.904,0.0,0.868,0.0,0.0,21.195,60.46,117.274,105.941,1115.539,902.213
US-Rms,2020-04-21,-0.035,3.129,5.853,0.24,0.895,44.651,8.39,13.07,3.71,0.0,21.205,2.571,0.003,2.044,6.527,283.393,,78.945,54.599,0.451,71.108,2.653,-37.087,13.403,US-Rms,US-Rms,sagebrush,1.002,0.815,1.002,0.908,1.103,0.946,1.055,0.0,1.002,0.0,0.0,21.133,60.25,114.738,103.642,1115.491,902.357
US-Rms,2020-04-26,0.008,4.281,10.262,0.245,0.78,50.174,8.85,13.9,3.8,0.0,21.205,2.327,0.563,3.043,7.331,292.522,,78.841,75.462,0.293,79.907,2.304,-54.251,18.76,US-Rms,US-Rms,sagebrush,1.265,1.073,1.267,1.128,1.44,1.175,1.344,0.0,1.265,0.0,0.0,21.073,60.04,111.549,100.712,1115.371,902.542
US-Rms,2020-05-01,0.045,4.237,8.847,0.226,0.731,47.678,5.99,11.76,0.22,0.0,21.205,1.271,1.934,3.026,6.213,269.002,,78.796,71.662,0.319,92.396,1.705,33.061,53.961,US-Rms,US-Rms,sagebrush,0.961,0.885,0.962,0.847,1.099,0.906,1.03,0.34,1.3,0.184,0.062,21.224,60.086,108.929,98.33,1115.217,902.698
US-Rms,2020-05-06,0.08,3.971,8.143,0.213,0.702,47.303,3.93,9.89,-2.03,0.0,21.205,-0.616,2.613,2.272,4.609,327.895,,79.132,54.015,0.422,192.553,4.454,133.269,86.848,US-Rms,US-Rms,sagebrush,0.457,0.682,0.461,0.366,0.571,0.411,0.521,0.966,1.422,0.176,0.314,22.241,61.167,106.645,96.268,1115.041,902.838
US-Rms,2020-05-11,0.112,6.653,12.512,0.205,0.68,52.495,12.69,17.67,7.71,0.0,21.205,-0.848,3.521,3.851,13.149,286.276,,78.165,32.853,1.056,152.835,3.651,110.197,61.739,US-Rms,US-Rms,sagebrush,0.057,0.392,0.064,-0.065,0.203,-0.005,0.13,1.945,2.001,0.236,0.68,24.517,63.75,104.0,93.859,1114.788,903.003
US-Rms,2020-05-16,0.14,4.828,7.239,0.234,0.69,44.556,6.55,12.86,0.24,0.0,21.205,-1.595,3.337,1.691,7.196,262.951,,78.575,66.04,0.368,157.202,2.581,90.727,52.249,US-Rms,US-Rms,sagebrush,-0.028,0.18,-0.026,-0.112,0.074,-0.062,0.016,1.839,1.811,0.181,0.66,26.721,66.239,101.668,91.76,1114.516,903.153
US-Rms,2020-05-21,0.171,1.963,6.296,0.287,0.842,42.913,4.05,7.9,0.2,8.41,21.205,0.162,0.995,1.472,1.33,199.321,,78.429,99.781,0.002,43.809,2.962,3.879,18.881,US-Rms,US-Rms,sagebrush,-0.113,0.075,-0.112,-0.212,-0.018,-0.156,-0.067,2.286,2.174,0.18,0.838,29.547,69.452,98.898,89.252,1114.135,903.333
US-Rms,2020-05-26,0.202,3.379,13.04,0.234,0.763,45.2,12.42,16.41,8.43,0.0,21.205,-1.003,3.721,3.212,10.86,242.549,,78.996,97.671,0.039,166.873,1.972,79.989,78.136,US-Rms,US-Rms,sagebrush,-0.866,-0.506,-0.862,-0.992,-0.721,-0.92,-0.796,3.794,2.928,0.289,1.396,34.275,74.944,95.966,86.58,1113.656,903.53
US-Rms,2020-05-31,0.225,4.79,15.456,0.208,0.709,57.712,10.38,16.17,4.59,0.0,21.205,-3.386,7.446,3.581,9.727,344.716,,78.648,87.773,0.188,221.74,2.641,125.379,77.8,US-Rms,US-Rms,sagebrush,-2.096,-1.665,-2.073,-2.219,-1.721,-2.145,-2.013,5.808,3.712,0.369,2.166,41.637,83.579,93.247,84.113,1113.133,903.72
US-Rms,2020-06-05,0.255,9.605,15.28,0.2,0.673,56.903,15.98,24.44,7.52,0.0,21.205,-2.63,5.877,3.417,17.671,282.909,,78.084,46.602,1.202,157.589,2.845,38.133,107.214,US-Rms,US-Rms,sagebrush,-2.202,-1.779,-2.198,-2.31,-2.093,-2.253,-2.145,5.892,3.69,0.418,2.179,49.019,92.241,90.79,81.903,1112.588,903.898
US-Rms,2020-06-10,0.305,4.816,12.434,0.235,0.731,58.054,11.745,17.37,6.12,0.0,21.205,-4.126,6.981,3.36,13.186,357.418,,79.298,73.639,0.444,225.709,1.664,86.844,112.863,US-Rms,US-Rms,sagebrush,-3.049,-2.709,-3.05,-3.148,-2.956,-3.105,-2.996,7.386,4.337,0.397,2.783,58.474,103.35,88.219,79.605,1111.947,904.089
US-Rms,2020-06-15,0.333,2.712,9.954,0.246,0.756,38.139,8.135,12.3,3.97,3.83,21.205,-1.837,4.975,3.498,7.448,140.957,,78.586,84.378,0.173,91.113,2.29,24.51,61.877,US-Rms,US-Rms,sagebrush,-1.73,-1.442,-1.731,-1.795,-1.65,-1.767,-1.689,5.046,3.316,0.392,1.853,64.7,110.603,85.902,77.568,1111.295,904.268
US-Rms,2020-06-20,0.342,4.846,13.899,0.239,0.752,51.849,15.77,20.6,10.94,0.0,21.205,-2.646,7.801,4.604,16.425,292.922,,78.955,61.179,0.745,188.146,2.251,44.265,138.834,US-Rms,US-Rms,sagebrush,-3.203,-2.807,-3.204,-3.297,-3.106,-3.256,-3.147,7.882,4.678,0.539,2.924,74.598,122.229,83.303,75.263,1110.486,904.474
US-Rms,2020-06-25,0.326,5.252,18.376,0.219,0.705,58.45,15.71,20.89,10.53,0.0,21.205,-3.532,10.447,5.587,15.935,378.225,,78.939,66.961,0.675,225.559,2.204,63.987,146.312,US-Rms,US-Rms,sagebrush,-3.69,-3.136,-3.686,-3.8,-3.555,-3.752,-3.615,9.072,5.382,0.793,3.296,85.739,135.345,80.612,72.866,1109.544,904.696
US-Rms,2020-06-30,0.306,2.779,9.927,0.275,0.761,51.193,9.47,13.37,5.57,2.09,21.205,-4.576,6.25,2.058,12.243,294.877,,78.567,89.914,0.378,202.693,2.807,69.741,122.528,US-Rms,US-Rms,sagebrush,-2.235,-1.929,-2.238,-2.323,-2.151,-2.285,-2.178,6.163,3.928,0.534,2.241,93.249,144.081,78.265,70.855,1108.634,904.895
US-Rms,2020-07-05,0.295,4.631,15.409,0.223,0.718,59.038,15.045,19.85,10.24,0.0,21.205,-3.826,7.482,5.786,15.814,353.368,,79.094,64.118,0.686,208.468,1.463,61.952,143.072,US-Rms,US-Rms,sagebrush,-3.24,-2.791,-3.24,-3.325,-3.137,-3.297,-3.183,8.073,4.833,0.799,2.896,102.957,155.477,76.046,68.934,1107.669,905.095
US-Rms,2020-07-10,0.299,6.811,16.214,0.205,0.68,58.454,15.42,22.29,8.55,0.0,21.205,-4.315,9.562,4.985,15.797,371.937,,79.304,73.33,0.55,214.226,2.263,54.642,151.045,US-Rms,US-Rms,sagebrush,-3.202,-2.736,-3.201,-3.287,-3.104,-3.259,-3.141,7.971,4.769,0.913,2.81,112.321,166.48,74.106,67.275,1106.727,905.28
US-Rms,2020-07-15,0.282,6.627,14.275,0.188,0.652,58.237,15.145,21.99,8.3,0.0,21.205,-2.975,8.222,4.427,15.95,369.583,,79.174,42.602,1.099,203.883,2.255,53.903,134.15,US-Rms,US-Rms,sagebrush,-2.821,-2.432,-2.821,-2.911,-2.73,-2.877,-2.769,6.977,4.156,0.876,2.429,120.324,175.879,72.657,66.081,1105.923,905.431
US-Rms,2020-07-20,0.257,6.697,18.349,0.171,0.631,56.621,18.79,24.56,13.02,0.0,21.205,-2.338,5.863,3.055,19.076,357.658,,79.185,37.422,1.423,203.24,1.917,49.878,135.74,US-Rms,US-Rms,sagebrush,-2.313,-1.794,-2.307,-2.396,-2.223,-2.356,-2.258,6.506,4.192,1.191,2.116,127.203,181.961,71.195,66.861,1105.051,905.59
US-Rms,2020-07-25,0.24,5.743,18.166,0.213,0.631,55.279,16.555,22.14,10.97,0.0,21.205,-2.086,6.591,6.0,16.592,328.541,,79.046,38.331,1.194,184.515,1.53,38.688,151.334,US-Rms,US-Rms,sagebrush,-1.73,-1.176,-1.718,-1.826,-1.561,-1.792,-1.657,6.021,4.29,1.229,1.908,133.386,187.171,69.189,67.074,1103.896,905.796
US-Rms,2020-07-30,0.258,7.426,21.018,0.191,0.616,54.76,22.645,27.73,17.56,0.0,21.205,-0.893,5.424,4.095,22.193,324.515,,79.291,32.104,1.903,169.897,2.704,13.248,129.713,US-Rms,US-Rms,sagebrush,-1.728,-1.082,-1.711,-1.843,-1.546,-1.794,-1.64,6.236,4.508,1.514,1.88,139.429,190.566,67.361,69.048,1102.755,905.995
US-Rms,2020-08-04,0.251,7.318,17.888,0.169,0.598,53.363,17.69,24.36,11.02,0.0,21.205,-2.297,5.803,2.588,18.091,336.902,,79.176,34.726,1.423,179.517,2.081,53.457,120.417,US-Rms,US-Rms,sagebrush,-1.924,-1.445,-1.913,-2.003,-1.824,-1.96,-1.859,5.893,3.969,1.29,1.833,145.26,191.656,66.17,73.643,1101.897,906.145
US-Rms,2020-08-09,0.236,5.587,16.66,0.156,0.582,51.663,16.555,21.96,11.15,0.0,21.205,-2.778,6.071,2.826,16.206,328.697,,79.24,41.977,1.121,176.907,2.174,78.023,97.635,US-Rms,US-Rms,sagebrush,-1.849,-1.434,-1.84,-1.923,-1.765,-1.894,-1.791,5.523,3.674,1.223,1.712,150.638,190.501,65.277,80.139,1101.189,906.273
US-Rms,2020-08-14,0.226,6.764,15.84,0.142,0.569,51.058,16.215,22.88,9.55,0.0,21.205,-2.741,5.755,2.326,16.238,324.901,,79.401,25.66,1.434,167.339,1.797,,,US-Rms,US-Rms,sagebrush,-1.658,-1.286,-1.65,-1.729,-1.574,-1.702,-1.605,5.004,3.346,1.178,1.523,155.327,187.246,64.647,88.081,1100.626,906.382
US-Rms,2020-08-19,0.203,7.918,22.28,0.153,0.561,46.962,21.98,26.69,17.27,0.0,21.205,0.325,3.588,2.682,20.464,153.42,,79.125,41.926,1.421,65.49,2.149,,,US-Rms,US-Rms,sagebrush,-0.433,0.189,-0.41,-0.548,-0.245,-0.492,-0.334,4.028,3.595,1.746,0.909,157.893,180.782,63.539,95.836,1099.89,906.536
US-Rms,2020-08-24,0.231,6.26,20.884,0.142,0.55,39.232,19.785,24.01,15.56,0.0,21.205,0.225,2.743,2.264,19.518,141.822,,79.023,29.766,1.629,55.418,2.069,,,US-Rms,US-Rms,sagebrush,-0.653,-0.116,-0.635,-0.742,-0.51,-0.697,-0.577,4.046,3.393,1.587,0.979,160.679,173.874,62.719,104.487,1099.317,906.667
US-Rms,2020-08-29,0.21,10.53,16.913,0.181,0.545,46.633,17.73,25.57,9.89,0.0,21.205,-1.054,4.317,3.019,19.379,282.177,,78.832,25.506,1.729,135.923,2.371,,,US-Rms,US-Rms,sagebrush,-0.598,-0.211,-0.577,-0.665,-0.487,-0.619,-0.53,3.902,3.304,1.233,1.063,163.796,167.167,61.617,112.621,1098.709,906.821
US-Rms,2020-09-03,0.186,10.204,15.945,0.16,0.536,44.696,19.875,26.53,13.22,0.0,21.205,-0.923,3.792,2.219,19.589,280.938,,79.486,30.654,1.638,132.302,2.008,,,US-Rms,US-Rms,sagebrush,-0.41,-0.066,-0.393,-0.476,-0.314,-0.431,-0.356,3.244,2.834,1.151,0.833,166.083,159.191,60.874,121.416,1098.27,906.947
US-Rms,2020-09-08,0.173,4.248,10.852,0.146,0.528,43.424,5.83,12.55,-0.89,0.0,21.205,-1.307,4.022,0.522,4.588,281.027,,79.211,39.64,0.583,127.968,2.885,,,US-Rms,US-Rms,sagebrush,-0.531,-0.319,-0.521,-0.6,-0.443,-0.569,-0.478,2.743,2.212,0.831,0.761,168.091,150.751,60.558,130.991,1098.007,907.037
US-Rms,2020-09-13,0.176,13.358,14.838,0.138,0.522,41.598,18.615,26.75,10.48,0.0,21.205,-0.531,2.456,0.704,20.731,241.134,,79.164,13.362,2.157,86.681,1.844,,,US-Rms,US-Rms,sagebrush,-0.188,0.112,-0.174,-0.262,-0.097,-0.22,-0.137,2.527,2.339,1.037,0.594,169.503,141.736,60.165,140.064,1097.772,907.135
US-Rms,2020-09-18,0.168,6.841,15.062,0.131,0.517,27.251,15.17,19.47,10.87,0.0,21.205,0.824,1.853,2.768,14.546,67.577,,78.84,39.083,1.083,-5.862,2.647,,,US-Rms,US-Rms,sagebrush,0.187,0.468,0.201,0.111,0.296,0.147,0.242,1.843,2.03,1.026,0.325,169.972,131.924,59.868,148.845,1097.604,907.227
US-Rms,2020-09-23,0.141,6.697,13.595,0.127,0.514,36.713,15.68,19.93,11.43,0.0,21.205,-0.579,2.688,1.695,15.283,162.958,,79.092,26.029,1.324,53.23,2.362,,,US-Rms,US-Rms,sagebrush,0.027,0.292,0.04,-0.052,0.13,-0.01,0.081,1.907,1.935,0.911,0.397,170.68,122.923,59.678,157.214,1097.498,907.309
US-Rms,2020-09-28,0.156,9.622,7.879,0.125,0.512,35.365,10.345,16.45,4.24,0.0,21.205,-0.528,2.322,1.977,9.866,228.785,,79.812,44.603,0.748,100.371,1.983,,,US-Rms,US-Rms,sagebrush,-0.07,0.083,-0.062,-0.148,0.021,-0.111,-0.014,1.547,1.477,0.627,0.366,171.278,114.381,59.707,165.465,1097.452,907.37
US-Rms,2020-10-03,0.148,13.032,10.927,0.122,0.51,34.149,15.1,21.36,8.84,0.0,21.205,-0.163,3.769,1.996,16.571,203.781,,79.365,22.831,1.476,75.119,1.429,,,US-Rms,US-Rms,sagebrush,0.116,0.32,0.127,0.034,0.22,0.074,0.174,1.462,1.577,0.733,0.29,171.606,106.112,59.668,172.816,1097.436,907.439
US-Rms,2020-10-08,0.174,12.391,9.9,0.119,0.509,32.168,14.12,20.85,7.39,0.0,21.205,-0.229,2.034,1.316,13.889,187.321,,78.731,15.432,1.376,51.208,1.643,,,US-Rms,US-Rms,sagebrush,-0.063,0.121,-0.053,-0.149,0.044,-0.107,-0.003,1.639,1.576,0.67,0.386,172.258,98.847,59.693,179.639,1097.45,907.502
US-Rms,2020-10-13,0.171,8.707,8.27,0.186,0.519,23.706,10.47,15.06,5.88,2.64,21.205,1.357,0.752,1.769,8.124,73.015,,79.034,64.922,0.391,17.234,4.339,,,US-Rms,US-Rms,sagebrush,0.53,0.609,0.544,0.452,0.652,0.493,0.594,1.199,1.729,0.593,0.241,155.727,92.14,75.955,183.792,1097.515,907.609
US-Rms,2020-10-18,0.141,7.728,6.536,0.175,0.522,19.854,9.905,13.28,6.53,0.0,21.205,-0.123,2.042,1.815,7.724,178.314,,78.95,53.407,0.498,77.189,3.479,,,US-Rms,US-Rms,sagebrush,0.637,0.519,0.648,0.562,0.748,0.602,0.7,0.749,1.386,0.488,0.104,140.389,85.558,90.471,187.742,1097.694,907.698
US-Rms,2020-10-23,0.148,5.499,-0.561,0.171,0.521,26.689,1.915,8.14,-4.31,0.0,21.205,-0.09,1.515,1.067,0.857,168.881,,78.728,24.313,0.525,71.833,2.619,,,US-Rms,US-Rms,sagebrush,0.263,0.269,0.269,0.195,0.349,0.228,0.308,0.732,0.994,0.29,0.176,126.845,79.722,103.725,192.31,1097.882,907.755
US-Rms,2020-10-28,0.132,7.881,0.341,0.196,0.519,24.7,7.085,13.78,0.39,0.0,21.205,0.648,1.274,1.422,7.592,161.26,,79.371,36.733,0.665,43.99,2.17,,,US-Rms,US-Rms,sagebrush,0.502,0.43,0.506,0.432,0.588,0.465,0.55,0.597,1.099,0.28,0.126,114.494,74.058,115.218,195.928,1098.202,907.827
US-Rms,2020-11-02,0.141,9.624,1.729,0.194,0.524,21.124,9.815,17.53,2.1,0.0,21.205,0.646,1.162,1.331,12.596,149.83,,79.5,20.032,1.194,33.59,1.501,8.707,19.814,US-Rms,US-Rms,sagebrush,0.589,0.481,0.591,0.506,0.674,0.549,0.631,0.584,1.172,0.278,0.122,103.374,69.007,125.212,198.664,1098.625,907.905
US-Rms,2020-11-07,0.132,2.024,3.948,0.187,0.532,15.873,-2.99,0.82,-6.8,8.64,21.205,0.79,0.538,0.494,-2.464,51.968,,76.913,94.784,0.026,11.786,2.788,2.078,13.988,US-Rms,US-Rms,sagebrush,0.716,0.544,0.718,0.63,0.815,0.678,0.764,0.545,1.261,0.29,0.101,93.304,64.566,133.79,200.394,1099.159,907.99
US-Rms,2020-11-12,0.116,1.561,-4.373,0.229,0.523,19.369,-5.885,-0.89,-10.88,0.0,21.205,0.998,1.237,2.393,-7.275,129.454,,78.483,84.458,0.06,10.331,2.615,-25.356,15.573,US-Rms,US-Rms,sagebrush,0.572,0.384,0.568,0.493,0.644,0.531,0.605,0.29,0.862,0.161,0.052,84.077,64.778,141.756,198.087,1099.595,908.052
US-Rms,2020-11-17,0.066,2.191,-0.47,0.422,0.646,15.971,6.66,10.28,3.04,11.99,21.205,3.162,0.151,3.304,6.932,41.574,,78.199,42.37,0.627,-19.29,6.235,-65.027,40.767,US-Rms,US-Rms,sagebrush,1.745,1.158,1.724,1.481,1.885,1.639,1.813,0.153,1.898,0.153,0.0,75.602,64.392,146.186,192.429,1100.792,908.219
US-Rms,2020-11-22,0.054,1.532,-5.763,0.394,0.747,17.204,-1.21,3.07,-5.49,0.0,21.205,1.95,0.316,1.857,-3.054,118.762,,78.634,47.093,0.267,-22.446,2.844,-22.241,7.95,US-Rms,US-Rms,sagebrush,1.089,0.676,1.075,0.934,1.192,1.023,1.138,0.066,1.154,0.066,0.0,67.982,64.392,151.191,188.744,1101.544,908.324
US-Rms,2020-11-27,0.04,1.631,-6.847,0.395,0.765,16.119,-1.765,3.04,-6.57,0.0,21.205,2.299,0.817,2.719,-2.259,116.058,,79.334,46.834,0.288,-13.794,2.059,-17.522,0.561,US-Rms,US-Rms,sagebrush,0.999,0.61,0.986,0.857,1.102,0.935,1.043,0.027,1.026,0.027,0.0,61.129,64.392,155.564,185.432,1102.244,908.42
US-Rms,2020-12-02,0.023,0.981,-9.909,0.388,0.796,15.146,-3.445,-0.38,-6.51,0.0,21.205,2.131,0.0,2.093,-4.708,110.885,,79.485,52.551,0.207,-20.474,4.793,-33.57,15.211,US-Rms,US-Rms,sagebrush,0.745,0.428,0.734,0.621,0.85,0.683,0.778,0.0,0.745,0.0,0.0,54.967,64.392,159.825,183.008,1102.773,908.492
US-Rms,2020-12-12,0.03,0.805,-8.055,0.372,0.828,14.308,-7.025,-3.8,-10.25,0.0,21.205,1.707,0.074,0.795,-8.958,115.776,,78.476,74.824,0.079,-13.654,2.561,-18.605,-4.599,US-Rms,US-Rms,sagebrush,0.848,0.504,0.836,0.731,0.939,0.793,0.882,0.002,0.85,0.002,0.0,44.445,64.392,166.068,177.861,1103.945,908.649
US-Rms,2020-12-17,0.028,0.914,-4.945,0.374,0.838,11.987,0.18,2.36,-2.0,4.01,21.205,1.376,0.238,1.658,-3.343,44.449,,78.049,90.806,0.044,-7.324,5.329,-10.801,6.608,US-Rms,US-Rms,sagebrush,1.106,0.694,1.093,0.987,1.199,1.052,1.139,0.001,1.107,0.001,0.0,39.965,64.392,167.549,174.424,1104.745,908.756
US-Rms,2020-12-22,0.026,1.952,-6.103,0.383,0.851,11.328,-3.95,3.25,-11.15,0.0,21.205,1.76,0.042,1.181,-7.269,48.728,,78.361,77.0,0.095,-21.102,6.283,-21.419,12.5,US-Rms,US-Rms,sagebrush,1.028,0.636,1.015,0.906,1.118,0.978,1.056,0.0,1.028,0.0,0.0,35.936,64.392,168.75,171.274,1105.482,908.856
US-Rms,2020-12-27,0.023,1.709,-7.925,0.389,0.859,14.34,-3.735,2.24,-9.71,0.0,21.205,1.302,0.778,1.214,-6.967,102.504,,78.601,88.796,0.041,-9.627,2.721,-22.308,-6.932,US-Rms,US-Rms,sagebrush,0.892,0.536,0.88,0.781,0.976,0.838,0.919,0.0,0.892,0.0,0.0,32.314,64.392,169.89,168.578,1106.115,908.944
US-Rms,2021-01-01,0.02,1.194,-8.878,0.382,0.866,13.038,-3.29,0.48,-7.06,0.0,21.205,0.905,0.0,0.589,-3.951,80.254,,78.714,76.722,0.112,0.421,,-25.188,8.032,US-Rms,US-Rms,sagebrush,0.799,0.472,0.788,0.685,0.881,0.75,0.824,0.0,0.799,0.0,0.0,29.057,64.392,170.899,166.191,1106.677,909.024
US-Rms,2021-01-06,0.02,1.739,-7.372,0.426,0.882,12.089,-0.595,4.14,-5.33,0.0,21.205,1.095,0.164,1.073,-0.549,59.235,,78.784,43.101,0.341,-18.194,3.725,-35.862,20.143,US-Rms,US-Rms,sagebrush,1.027,0.63,1.014,0.909,1.115,0.974,1.053,0.0,1.027,0.0,0.0,26.128,64.392,170.912,163.157,1107.39,909.126
US-Rms,2021-01-11,0.01,1.601,-9.902,0.416,0.891,13.27,-2.995,2.2,-8.19,0.0,21.205,0.839,0.0,1.658,-0.769,102.62,,79.122,52.392,0.277,-19.802,3.37,-21.055,2.739,US-Rms,US-Rms,sagebrush,0.789,0.461,0.779,0.661,0.875,0.737,0.814,0.0,0.789,0.0,0.0,23.494,64.392,171.287,160.85,1107.93,909.206
US-Rms,2021-01-16,0.0,1.092,-8.942,0.438,0.906,16.053,0.395,3.0,-2.21,0.0,21.205,1.359,0.0,1.431,-1.619,141.628,,79.392,84.906,0.087,11.928,3.786,-11.593,-3.175,US-Rms,US-Rms,sagebrush,0.908,0.544,0.896,0.779,0.994,0.851,0.932,0.0,0.908,0.0,0.0,23.467,64.392,168.699,158.222,1108.541,909.298
US-Rms,2021-01-21,-0.023,1.114,-11.323,0.433,0.915,9.788,0.315,2.99,-2.36,0.0,21.205,1.31,0.074,1.445,-1.988,73.688,,78.383,73.271,0.14,2.082,2.985,-5.296,4.576,US-Rms,US-Rms,sagebrush,0.704,0.402,0.693,0.57,0.791,0.653,0.73,0.0,0.704,0.0,0.0,23.439,64.392,166.707,156.194,1108.997,909.37
US-Rms,2021-01-26,-0.027,0.621,-12.002,0.422,0.924,16.452,-8.685,-5.93,-11.44,0.0,21.205,1.736,0.182,1.037,-10.239,41.605,,77.378,83.749,0.047,-19.679,3.925,-7.195,2.615,US-Rms,US-Rms,sagebrush,0.633,0.356,0.624,0.504,0.715,0.583,0.66,0.0,0.633,0.0,0.0,23.409,64.392,164.924,154.376,1109.395,909.436
US-Rms,2021-01-31,-0.012,1.572,-9.42,0.42,0.934,18.513,-1.98,2.7,-6.66,0.0,21.205,2.14,0.448,2.327,-3.018,135.015,,78.95,71.827,0.142,-14.175,3.756,-27.128,-0.193,US-Rms,US-Rms,sagebrush,0.806,0.482,0.795,0.687,0.879,0.753,0.828,0.0,0.806,0.0,0.0,23.378,64.392,162.654,152.071,1109.885,909.521
US-Rms,2021-02-05,-0.015,0.001,-8.226,0.43,0.943,12.918,-0.75,-0.75,-0.75,0.0,21.205,1.811,0.0,2.628,-3.795,61.388,,78.576,85.559,0.068,-24.983,8.568,-19.665,5.97,US-Rms,US-Rms,sagebrush,0.914,0.563,0.902,0.801,0.983,0.861,0.935,0.0,0.914,0.0,0.0,23.35,64.392,160.083,149.471,1110.416,909.619
US-Rms,2021-02-10,-0.018,1.359,-10.096,0.422,0.949,21.841,-1.885,2.04,-5.81,0.0,21.205,2.121,0.159,1.115,-4.019,155.365,,78.299,49.41,0.232,-13.621,4.811,-35.331,13.825,US-Rms,US-Rms,sagebrush,0.744,0.442,0.732,0.624,0.813,0.695,0.765,0.0,0.744,0.0,0.0,23.32,64.392,158.007,147.366,1110.828,909.699
US-Rms,2021-02-15,-0.021,0.645,-5.354,0.436,0.982,16.008,-0.325,1.23,-1.88,9.74,21.205,1.687,0.061,1.401,-3.548,49.379,,,96.194,0.018,-5.099,8.119,-6.905,4.309,US-Rms,US-Rms,sagebrush,1.157,0.755,1.142,1.051,1.21,1.101,1.173,0.0,1.157,0.0,0.0,23.292,64.392,154.771,144.111,1111.435,909.825
US-Rms,2021-02-20,-0.024,0.746,-6.248,0.432,0.985,17.895,-5.725,-3.04,-8.41,0.0,21.205,1.506,0.2,1.067,-7.13,131.45,,78.535,92.049,0.028,11.355,,-8.056,0.165,US-Rms,US-Rms,sagebrush,1.05,0.679,1.036,0.948,1.102,1.0,1.067,0.0,1.05,0.0,0.0,23.264,64.392,151.853,141.176,1111.949,909.942
US-Rms,2021-02-25,-0.026,1.266,-9.021,0.432,0.988,18.675,-6.74,-1.4,-12.08,0.0,21.205,1.745,0.158,1.723,-7.961,131.904,,78.802,58.948,0.136,-20.277,6.171,-14.001,7.104,US-Rms,US-Rms,sagebrush,0.813,0.502,0.801,0.703,0.878,0.766,0.833,0.0,0.813,0.0,0.0,23.236,64.392,149.611,138.917,1112.321,910.034
US-Rms,2021-03-02,-0.029,2.085,-8.752,0.432,0.992,32.146,1.535,6.51,-3.44,0.0,21.205,2.055,0.464,2.418,1.192,206.983,,78.548,38.769,0.414,-5.31,2.849,-11.203,4.31,US-Rms,US-Rms,sagebrush,0.823,0.513,0.811,0.717,0.887,0.777,0.843,0.0,0.823,0.0,0.0,23.208,64.392,147.349,136.642,1112.675,910.128
US-Rms,2021-03-07,-0.032,1.774,-5.83,0.439,1.107,27.154,-0.51,4.3,-5.32,0.0,21.205,1.172,0.678,1.266,-2.83,210.233,,78.523,66.071,0.177,0.805,2.529,-4.024,1.072,US-Rms,US-Rms,sagebrush,1.067,0.704,1.053,0.974,1.123,1.019,1.084,0.0,1.067,0.0,0.0,23.182,64.392,144.422,133.712,1113.099,910.252
US-Rms,2021-03-12,-0.035,1.496,-7.467,0.437,1.146,37.098,-0.93,3.15,-5.01,0.0,21.205,1.144,0.211,1.678,-3.867,240.934,,78.83,45.926,0.254,-2.435,2.562,-1.47,0.678,US-Rms,US-Rms,sagebrush,0.911,0.587,0.898,0.82,0.971,0.864,0.93,0.0,0.911,0.0,0.0,23.155,64.392,141.94,131.227,1113.43,910.359
US-Rms,2021-03-17,-0.037,1.803,-1.003,0.405,1.182,36.37,1.8,5.91,-2.31,0.0,21.205,1.834,0.151,1.334,0.297,212.374,,78.526,66.879,0.218,6.783,2.946,-1.147,0.756,US-Rms,US-Rms,sagebrush,1.365,0.963,1.351,1.252,1.444,1.313,1.391,0.0,1.365,0.0,0.0,23.122,64.168,138.24,127.758,1113.871,910.522
US-Rms,2021-03-22,-0.04,0.789,-0.443,0.255,1.295,17.033,-3.42,-1.01,-5.83,14.47,21.205,1.109,0.132,1.09,-4.884,140.455,,78.248,85.625,0.064,10.765,4.776,-0.378,0.342,US-Rms,US-Rms,sagebrush,0.824,0.565,0.816,0.752,0.865,0.79,0.843,0.0,0.824,0.0,0.0,23.058,63.945,136.064,125.767,1114.105,910.623
US-Rms,2021-04-01,-0.042,4.464,0.194,0.252,1.261,43.477,7.445,14.96,-0.07,0.0,21.205,2.756,0.591,1.792,6.763,290.307,,78.713,26.099,0.757,35.233,3.878,-46.311,34.312,US-Rms,US-Rms,sagebrush,0.83,0.586,0.821,0.759,0.874,0.793,0.852,0.0,0.83,0.0,0.0,22.938,63.5,131.543,121.621,1114.516,910.836
US-Rms,2021-04-06,-0.036,2.735,1.324,0.223,1.214,45.094,1.515,8.03,-5.0,0.0,21.205,2.284,0.762,1.069,-0.835,299.652,,78.568,47.203,0.343,21.295,4.105,-17.788,16.887,US-Rms,US-Rms,sagebrush,0.764,0.541,0.756,0.69,0.814,0.724,0.789,0.0,0.764,0.0,0.0,22.868,63.279,129.57,119.821,1114.664,910.932
US-Rms,2021-04-11,-0.027,1.672,1.62,0.232,1.123,47.941,-3.97,1.97,-9.91,0.0,21.205,1.372,0.962,0.75,-6.172,317.066,,78.539,54.445,0.194,37.078,3.549,-3.493,26.671,US-Rms,US-Rms,sagebrush,0.808,0.584,0.8,0.734,0.861,0.766,0.832,0.0,0.808,0.0,0.0,22.8,63.059,127.488,117.914,1114.798,911.035
US-Rms,2021-04-16,-0.005,2.534,2.617,0.233,1.06,43.134,2.86,7.49,-1.77,0.0,21.205,1.886,1.404,3.622,1.362,282.538,,78.867,55.313,0.318,41.875,1.833,-17.335,22.718,US-Rms,US-Rms,sagebrush,0.856,0.632,0.848,0.779,0.92,0.807,0.888,0.0,0.856,0.0,0.0,22.733,62.84,125.291,115.893,1114.913,911.145
US-Rms,2021-04-21,-0.018,2.597,3.262,0.232,0.966,51.237,3.955,8.38,-0.47,0.0,21.205,1.585,1.329,3.489,1.592,333.467,,78.343,33.412,0.467,57.856,2.96,-43.917,53.634,US-Rms,US-Rms,sagebrush,0.875,0.656,0.867,0.799,0.946,0.823,0.91,0.0,0.875,0.0,0.0,22.666,62.621,123.057,113.834,1115.001,911.259
US-Rms,2021-04-26,-0.023,1.149,4.533,0.249,0.847,42.305,-0.32,2.57,-3.21,11.84,21.205,1.217,0.152,0.898,-2.804,137.868,,77.672,95.255,0.024,9.69,2.859,4.773,12.899,US-Rms,US-Rms,sagebrush,1.013,0.784,1.004,0.926,1.099,0.952,1.049,0.0,1.013,0.0,0.0,22.602,62.403,120.475,111.434,1115.067,911.393
US-Rms,2021-05-01,-0.029,2.973,11.395,0.231,0.756,40.475,7.45,12.05,2.85,0.0,21.205,1.362,1.152,2.772,7.253,276.125,,78.468,58.801,0.437,98.139,3.767,-29.501,27.638,US-Rms,US-Rms,sagebrush,1.295,1.047,1.287,1.134,1.476,1.193,1.387,0.0,1.295,0.0,0.0,22.535,62.186,117.186,108.331,1115.093,911.566
US-Rms,2021-05-06,-0.035,8.172,9.358,0.215,0.707,55.143,14.515,21.7,7.33,0.0,21.205,1.32,1.926,3.426,14.566,289.304,,78.772,27.707,1.257,173.775,2.578,49.49,80.956,US-Rms,US-Rms,sagebrush,1.06,0.847,1.052,0.938,1.182,0.979,1.13,0.0,1.06,0.0,0.0,22.465,61.969,114.535,105.856,1115.062,911.71
US-Rms,2021-05-11,-0.041,4.005,5.615,0.21,0.674,56.905,6.55,12.5,0.6,0.0,21.205,0.143,1.94,2.066,5.475,273.936,,78.976,43.778,0.521,150.424,1.392,106.696,35.136,US-Rms,US-Rms,sagebrush,0.838,0.658,0.83,0.757,0.918,0.779,0.879,0.0,0.838,0.0,0.0,22.394,61.754,112.47,103.96,1115.004,911.826
US-Rms,2021-05-16,0.004,6.522,11.18,0.198,0.661,56.784,12.725,17.75,7.7,0.0,21.205,0.802,2.558,2.482,12.015,335.509,,78.548,35.98,0.937,191.735,2.161,130.883,44.842,US-Rms,US-Rms,sagebrush,1.018,0.826,1.011,0.884,1.145,0.934,1.092,0.0,1.018,0.0,0.0,22.321,61.539,109.967,101.628,1114.895,911.968
US-Rms,2021-05-21,0.133,0.613,3.847,0.206,0.651,33.217,-1.05,0.5,-2.6,11.05,21.205,0.934,1.815,1.433,-1.725,90.775,,,97.728,0.012,45.372,4.288,31.956,11.872,US-Rms,US-Rms,sagebrush,0.543,0.565,0.545,0.48,0.631,0.505,0.584,0.43,0.974,0.14,0.115,22.648,61.799,108.235,100.059,1114.792,912.069
US-Rms,2021-05-26,0.154,3.139,8.275,0.244,0.695,57.183,6.69,11.86,1.52,0.0,21.205,-0.212,2.014,1.862,4.847,184.487,,79.016,80.437,0.196,104.855,1.573,56.935,57.773,US-Rms,US-Rms,sagebrush,-0.5,-0.291,-0.499,-0.596,-0.393,-0.543,-0.456,2.863,2.363,0.185,1.066,26.262,65.965,105.528,97.533,1114.589,912.227
US-Rms,2021-05-31,0.16,6.288,12.431,0.208,0.679,59.248,14.29,19.91,8.67,0.0,21.205,-0.047,2.814,2.071,14.168,369.541,,79.278,32.296,1.132,209.285,2.148,125.433,56.437,US-Rms,US-Rms,sagebrush,-0.824,-0.498,-0.818,-0.932,-0.699,-0.878,-0.763,3.455,2.631,0.259,1.272,30.568,70.962,102.895,95.078,1114.333,912.386
US-Rms,2021-06-05,0.173,7.732,16.785,0.191,0.647,58.33,12.225,20.8,3.65,0.0,21.205,-1.295,5.676,4.205,14.533,365.783,,78.598,38.41,1.083,208.878,3.543,134.745,94.281,US-Rms,US-Rms,sagebrush,-1.094,-0.621,-1.083,-1.229,-0.918,-1.159,-1.01,4.146,3.052,0.371,1.503,35.65,76.78,100.117,92.587,1114.0,912.559
US-Rms,2021-06-10,0.215,2.468,12.103,0.249,0.634,42.468,3.655,8.82,-1.51,23.68,21.205,0.43,2.612,1.237,1.876,194.083,,78.758,83.074,0.146,114.349,3.002,35.928,81.861,US-Rms,US-Rms,sagebrush,-0.771,-0.449,-0.767,-0.89,-0.619,-0.821,-0.707,3.755,2.984,0.31,1.372,40.282,81.43,97.068,90.458,1113.558,912.753
US-Rms,2021-06-15,0.236,7.093,17.458,0.211,0.687,58.179,13.515,21.1,5.93,0.0,21.205,-2.914,6.907,4.034,14.093,381.923,,79.092,44.675,1.011,213.195,3.859,98.42,129.197,US-Rms,US-Rms,sagebrush,-2.034,-1.535,-2.023,-2.171,-1.866,-2.092,-1.95,6.035,4.001,0.464,2.218,47.808,90.26,94.053,87.61,1113.039,912.952
US-Rms,2021-06-20,0.249,6.365,17.635,0.191,0.645,58.019,16.17,21.93,10.41,0.0,21.205,-3.596,7.94,3.431,15.819,377.819,,78.932,43.784,1.048,213.561,3.056,85.14,138.794,US-Rms,US-Rms,sagebrush,-2.43,-1.93,-2.42,-2.552,-2.286,-2.48,-2.362,6.483,4.052,0.532,2.37,55.822,99.407,91.502,85.496,1112.519,913.128
US-Rms,2021-06-25,0.244,5.918,17.477,0.181,0.617,57.548,17.025,21.76,12.29,0.0,21.205,-3.124,7.417,3.731,15.975,347.579,,79.047,50.153,0.941,204.128,3.601,51.968,150.554,US-Rms,US-Rms,sagebrush,-2.405,-1.914,-2.395,-2.505,-2.281,-2.447,-2.342,6.339,3.934,0.592,2.288,63.525,106.575,89.24,85.278,1111.99,913.292
US-Rms,2021-06-30,0.289,8.394,22.115,0.162,0.595,55.425,23.645,28.18,19.11,0.0,21.205,-2.693,7.047,3.517,22.143,352.959,,78.943,28.116,1.965,211.201,2.029,14.738,168.736,US-Rms,US-Rms,sagebrush,-2.623,-1.938,-2.603,-2.761,-2.431,-2.676,-2.541,7.007,4.384,0.859,2.448,71.742,112.841,87.004,86.55,1111.42,913.459
US-Rms,2021-07-05,0.297,10.202,22.386,0.148,0.575,56.995,20.805,26.85,14.76,0.0,21.205,-3.043,9.772,5.48,21.111,301.711,,79.211,37.334,1.597,172.461,1.418,20.556,142.128,US-Rms,US-Rms,sagebrush,-2.76,-2.079,-2.74,-2.89,-2.601,-2.816,-2.673,7.135,4.375,0.947,2.464,79.976,117.705,85.113,89.513,1110.901,913.609
US-Rms,2021-07-10,0.301,12.92,19.912,0.133,0.557,58.238,23.205,29.9,16.51,0.0,21.205,-2.973,7.984,5.131,24.329,341.058,,79.436,14.668,2.613,185.675,1.562,26.687,139.325,US-Rms,US-Rms,sagebrush,-2.879,-2.333,-2.865,-2.983,-2.766,-2.919,-2.797,6.925,4.046,0.873,2.41,87.982,120.901,83.757,94.344,1110.504,913.726
US-Rms,2021-07-25,0.233,13.042,20.16,0.106,0.51,55.888,22.615,29.14,16.09,0.0,21.205,-2.13,6.249,5.368,22.628,270.2,,79.207,21.155,2.192,128.554,1.29,31.221,84.382,US-Rms,US-Rms,sagebrush,-1.805,-1.267,-1.788,-1.906,-1.683,-1.839,-1.726,4.976,3.171,1.006,1.581,107.472,118.393,80.961,116.312,1109.688,914.011
US-Rms,2021-07-30,0.258,11.992,22.274,0.099,0.498,49.942,21.655,27.59,15.72,0.0,21.205,-1.727,5.558,3.666,21.82,259.197,,79.328,36.033,1.696,141.777,1.844,47.712,68.435,US-Rms,US-Rms,sagebrush,-1.807,-1.176,-1.784,-1.944,-1.645,-1.847,-1.713,5.112,3.305,1.151,1.577,112.468,114.288,80.301,125.196,1109.526,914.092
US-Rms,2021-08-04,0.254,12.334,21.838,0.151,0.486,52.212,23.05,29.6,16.5,0.0,21.205,-0.472,4.818,4.851,22.188,242.204,,79.268,30.448,1.89,125.115,1.798,-5.0,123.344,US-Rms,US-Rms,sagebrush,-1.361,-0.769,-1.333,-1.452,-1.174,-1.399,-1.265,5.199,3.839,1.126,1.622,117.65,110.053,78.701,132.738,1109.291,914.241
US-Rms,2021-08-09,0.251,7.584,15.613,0.135,0.473,52.685,12.86,20.91,4.81,0.0,21.205,-3.774,8.362,3.479,12.604,325.566,,79.103,38.27,0.959,157.779,2.091,70.967,76.711,US-Rms,US-Rms,sagebrush,-2.206,-1.864,-2.193,-2.297,-2.086,-2.242,-2.14,5.685,3.479,0.776,1.955,123.943,106.782,77.821,141.641,1109.174,914.342
US-Rms,2021-08-14,0.253,9.538,22.498,0.123,0.461,48.829,23.225,28.58,17.87,0.0,21.205,-1.315,5.992,3.677,22.096,263.28,,79.603,23.231,2.077,121.392,2.13,41.796,72.83,US-Rms,US-Rms,sagebrush,-1.527,-0.903,-1.497,-1.618,-1.34,-1.575,-1.424,5.188,3.662,1.192,1.591,128.947,101.698,76.805,150.336,1109.095,914.456
US-Rms,2021-08-19,0.253,5.094,12.459,0.114,0.451,49.276,10.635,16.65,4.62,0.0,21.205,-3.589,5.524,1.475,9.6,285.253,,78.765,60.274,0.551,139.389,2.966,100.851,34.907,US-Rms,US-Rms,sagebrush,-2.114,-1.852,-2.104,-2.223,-1.984,-2.167,-2.044,5.061,2.947,0.65,1.756,134.49,97.323,76.428,160.058,1109.083,914.525
US-Rms,2021-08-24,0.213,11.001,14.185,0.109,0.442,48.127,14.58,20.81,8.35,0.0,21.205,-2.276,4.609,1.253,14.18,272.999,,78.807,24.566,1.253,122.902,1.412,63.22,41.002,US-Rms,US-Rms,sagebrush,-1.279,-0.965,-1.265,-1.373,-1.146,-1.32,-1.211,3.782,2.502,0.725,1.217,138.146,90.77,76.077,169.607,1109.111,914.594
US-Rms,2021-08-29,0.196,13.465,13.041,0.104,0.434,47.437,16.955,24.0,9.91,0.0,21.205,-1.504,5.15,1.037,17.439,274.995,,78.919,26.548,1.503,123.053,1.676,63.372,33.725,US-Rms,US-Rms,sagebrush,-0.928,-0.637,-0.914,-1.026,-0.795,-0.969,-0.859,3.048,2.12,0.668,0.948,140.85,83.501,75.863,178.91,1109.17,914.654
US-Rms,2021-09-03,0.219,9.868,10.73,0.099,0.427,45.97,13.045,19.84,6.25,0.0,21.205,-2.001,4.403,1.702,13.005,288.087,,79.102,25.354,1.165,128.801,1.054,95.12,26.075,US-Rms,US-Rms,sagebrush,-1.248,-1.008,-1.236,-1.354,-1.104,-1.298,-1.183,3.363,2.114,0.569,1.112,144.105,77.487,75.793,187.85,1109.248,914.705
US-Rms,2021-09-08,0.189,18.388,18.014,0.096,0.421,43.076,21.225,28.06,14.39,0.0,21.205,-0.979,2.316,1.153,22.085,239.661,,79.24,18.478,2.205,88.404,1.691,49.098,35.875,US-Rms,US-Rms,sagebrush,-0.466,-0.007,-0.44,-0.576,-0.256,-0.52,-0.375,2.6,2.133,0.873,0.688,145.881,70.259,75.55,195.676,1109.383,914.77
US-Rms,2021-09-13,0.165,11.892,13.943,0.111,0.416,40.938,14.205,19.67,8.74,0.0,21.205,-1.476,3.157,1.18,13.235,246.99,,79.034,45.621,0.87,112.958,1.339,76.626,46.155,US-Rms,US-Rms,sagebrush,-0.359,-0.062,-0.341,-0.45,-0.193,-0.405,-0.278,2.307,1.947,0.666,0.653,147.548,63.639,75.238,202.49,1109.561,914.84
US-Rms,2021-09-18,0.183,9.349,12.696,0.107,0.41,30.724,14.205,19.39,9.02,6.4,21.205,-1.118,2.36,1.045,11.679,192.179,,78.472,43.013,0.903,84.83,4.286,61.12,33.295,US-Rms,US-Rms,sagebrush,-0.265,0.006,-0.247,-0.359,-0.103,-0.311,-0.184,1.988,1.723,0.603,0.551,148.851,57.305,75.042,208.798,1109.744,914.903
US-Rms,2021-09-23,0.181,6.192,10.61,0.181,0.47,37.05,10.535,15.34,5.73,0.0,21.205,-0.776,2.467,1.46,9.408,232.196,,79.353,54.074,0.582,99.809,2.264,60.286,42.673,US-Rms,US-Rms,sagebrush,-0.007,0.084,0.004,-0.106,0.16,-0.056,0.057,2.35,2.342,0.519,0.729,150.858,54.344,74.047,210.282,1110.127,915.021
US-Rms,2021-10-03,0.152,7.729,8.371,0.164,0.474,33.613,12.85,19.61,6.09,0.0,21.205,-0.039,2.534,2.224,13.766,214.235,,79.215,23.385,1.225,82.389,1.458,55.045,32.425,US-Rms,US-Rms,sagebrush,0.227,0.314,0.236,0.143,0.367,0.189,0.277,1.51,1.736,0.446,0.424,152.877,47.247,72.598,213.335,1110.793,915.224
US-Rms,2021-10-08,0.155,1.171,9.822,0.193,0.474,21.992,4.39,6.52,2.26,6.58,21.205,1.428,0.315,0.854,2.593,33.788,,78.373,92.476,0.057,18.693,2.3,-11.686,26.956,US-Rms,US-Rms,sagebrush,0.908,0.751,0.918,0.816,1.089,0.849,0.978,0.88,1.788,0.481,0.159,152.92,43.091,71.588,213.381,1111.204,915.349
US-Rms,2021-10-13,0.193,1.008,0.411,0.217,0.561,22.19,-1.665,1.1,-4.43,0.0,21.205,0.105,0.667,0.322,-3.031,89.006,,78.321,72.269,0.136,38.062,2.918,13.061,35.599,US-Rms,US-Rms,sagebrush,0.578,0.484,0.58,0.493,0.677,0.53,0.625,0.599,1.177,0.267,0.132,152.904,41.286,71.045,212.492,1111.482,915.433
US-Rms,2021-10-18,0.171,1.596,6.374,0.196,0.56,24.246,5.925,8.61,3.24,0.0,21.205,0.519,1.281,1.979,4.99,90.864,,77.938,49.672,0.454,27.604,2.063,13.965,27.195,US-Rms,US-Rms,sagebrush,0.439,0.457,0.444,0.351,0.568,0.389,0.485,1.273,1.712,0.379,0.356,138.72,40.479,85.188,210.701,1111.819,915.54
US-Rms,2021-10-23,0.156,0.426,7.272,0.21,0.56,19.767,1.27,2.18,0.36,10.36,21.205,0.468,1.542,2.61,-0.512,34.217,,77.997,96.206,0.023,18.46,2.442,17.419,18.761,US-Rms,US-Rms,sagebrush,1.141,0.751,1.127,0.899,1.317,1.049,1.215,0.259,1.4,0.259,0.0,124.737,38.245,97.442,208.358,1112.299,915.661
US-Rms,2021-10-28,0.152,2.492,4.283,0.252,0.761,19.965,9.56,12.99,6.13,0.0,21.205,1.113,1.649,1.677,6.393,114.436,,79.442,78.134,0.229,38.829,2.769,2.662,29.745,US-Rms,US-Rms,sagebrush,0.904,0.817,0.904,0.797,1.032,0.844,0.949,0.823,1.726,0.28,0.216,112.909,38.999,107.925,203.711,1112.89,915.789
US-Rms,2021-11-02,0.146,1.276,5.378,0.249,0.716,18.766,4.72,7.0,2.44,0.0,21.205,0.739,1.296,2.005,2.933,95.612,,79.222,90.122,0.081,45.778,1.323,14.694,34.068,US-Rms,US-Rms,sagebrush,1.101,0.878,1.102,1.001,1.236,1.046,1.155,0.618,1.719,0.279,0.135,101.994,39.418,116.878,198.943,1113.563,915.925
US-Rms,2021-11-07,0.148,1.231,4.604,0.24,0.703,12.287,-2.915,0.88,-6.71,0.0,21.205,0.551,0.691,0.147,-3.467,125.205,,78.737,77.601,0.11,36.108,1.379,14.628,27.62,US-Rms,US-Rms,sagebrush,1.124,0.806,1.118,0.983,1.232,1.076,1.171,0.382,1.505,0.248,0.053,91.897,39.499,124.748,194.691,1114.217,916.049
US-Rms,2021-11-12,0.151,3.154,1.673,0.281,0.823,17.5,8.825,13.54,4.11,0.0,21.205,1.018,1.599,3.136,5.887,122.121,,79.509,78.525,0.223,52.005,2.674,-15.325,43.101,US-Rms,US-Rms,sagebrush,0.975,0.819,0.973,0.886,1.064,0.931,1.016,0.602,1.578,0.193,0.163,83.196,40.031,131.417,190.497,1114.908,916.174
US-Rms,2021-11-17,0.153,1.147,-1.39,0.256,0.746,17.94,-5.17,-0.99,-9.35,0.0,21.205,0.333,1.11,1.138,-7.17,130.859,,79.121,65.825,0.13,17.768,1.93,18.699,11.115,US-Rms,US-Rms,sagebrush,0.769,0.58,0.766,0.702,0.84,0.736,0.796,0.367,1.136,0.15,0.086,75.108,40.247,137.799,187.527,1115.435,916.266
US-Rms,2021-11-22,0.156,2.328,-2.87,0.292,0.746,16.849,2.655,7.85,-2.54,0.0,21.205,0.89,0.97,2.139,3.541,119.369,,79.053,25.431,0.601,-7.124,2.572,-45.912,29.595,US-Rms,US-Rms,sagebrush,0.764,0.615,0.76,0.7,0.852,0.724,0.795,0.437,1.202,0.129,0.123,67.961,40.752,143.162,184.313,1116.01,916.363
US-Rms,2021-11-27,0.157,2.702,-1.742,0.332,0.752,10.956,5.61,10.58,0.64,0.0,21.205,0.85,0.413,0.91,3.692,106.894,,79.264,71.347,0.237,23.717,1.974,-5.824,8.656,US-Rms,US-Rms,sagebrush,1.085,0.801,1.079,0.992,1.182,1.033,1.121,0.312,1.397,0.13,0.073,61.361,41.049,147.139,180.354,1116.744,916.485
US-Rms,2021-12-02,0.156,3.255,-0.43,0.323,0.79,14.476,6.86,12.51,1.21,0.0,21.205,1.022,0.735,1.457,5.915,106.196,,79.146,62.471,0.364,1.04,2.413,-16.674,15.166,US-Rms,US-Rms,sagebrush,1.073,0.863,1.068,0.981,1.168,1.028,1.104,0.449,1.522,0.132,0.126,55.61,41.424,150.197,176.397,1117.523,916.615
US-Rms,2021-12-07,0.158,1.166,-0.337,0.337,0.798,11.742,1.76,4.3,-0.78,0.0,21.205,1.284,0.402,1.582,-0.913,39.119,,78.551,98.409,0.009,-10.874,,-18.086,11.629,US-Rms,US-Rms,sagebrush,1.242,0.92,1.235,1.129,1.342,1.191,1.278,0.274,1.516,0.126,0.059,50.208,41.522,152.43,172.304,1118.337,916.753
US-Rms,2021-12-12,0.156,0.715,-1.875,0.339,0.813,5.991,-0.935,0.88,-2.75,4.54,21.205,1.155,0.229,1.18,-2.656,30.124,,77.637,85.596,0.075,9.292,4.548,-6.982,19.081,US-Rms,US-Rms,sagebrush,1.201,0.822,1.185,1.088,1.269,1.151,1.218,0.075,1.276,0.075,0.0,45.147,41.522,154.387,168.551,1119.065,916.878
US-Rms,2021-12-17,0.136,0.854,-3.843,0.403,0.844,14.287,-8.265,-4.45,-12.08,0.0,21.205,0.416,0.336,1.019,-7.642,40.786,,78.783,92.561,0.026,9.784,,-1.977,10.89,US-Rms,US-Rms,sagebrush,1.216,0.854,1.202,1.098,1.294,1.153,1.255,0.151,1.367,0.091,0.024,40.678,41.619,155.646,164.706,1119.811,917.009
US-Rms,2021-12-22,0.11,1.011,-4.35,0.43,0.869,8.47,0.46,2.84,-1.92,5.43,21.205,1.437,0.0,1.391,-2.061,37.98,,78.093,86.004,0.078,-6.982,4.715,-12.051,8.693,US-Rms,US-Rms,sagebrush,1.286,0.876,1.264,1.153,1.361,1.217,1.317,0.077,1.363,0.077,0.0,36.578,41.619,156.314,160.821,1120.561,917.146
US-Rms,2022-01-01,0.061,0.767,-5.38,0.439,0.939,14.633,-14.175,-8.57,-19.78,0.0,21.205,2.514,0.078,1.339,-15.132,17.84,,,85.823,0.027,-56.404,,-38.843,19.444,US-Rms,US-Rms,sagebrush,1.193,0.804,1.176,1.073,1.264,1.129,1.228,0.036,1.229,0.036,0.0,29.575,41.619,156.66,153.585,1121.932,917.41
US-Rms,2022-01-06,0.037,0.706,-3.332,0.439,1.002,9.583,2.715,4.11,1.32,13.58,21.205,2.028,0.105,3.333,-0.6,41.17,,78.155,96.735,0.019,-8.985,8.2,-17.533,7.855,US-Rms,US-Rms,sagebrush,1.385,0.963,1.368,1.259,1.469,1.316,1.417,0.008,1.393,0.008,0.0,26.594,41.619,155.83,149.587,1122.664,917.562
US-Rms,2022-01-11,0.009,1.657,-6.087,0.439,1.075,13.018,-0.73,3.79,-5.25,0.0,21.205,2.037,0.281,2.397,-0.562,76.239,,79.625,67.34,0.203,-13.928,3.533,-22.178,8.577,US-Rms,US-Rms,sagebrush,1.104,0.744,1.089,0.988,1.179,1.039,1.135,0.0,1.104,0.0,0.0,23.914,41.619,155.451,146.445,1123.223,917.684
US-Rms,2022-01-16,-0.023,1.606,-6.501,0.439,1.118,15.719,-1.28,3.27,-5.83,0.0,21.205,1.959,0.374,2.752,2.068,117.06,,79.03,36.768,0.459,6.13,1.278,-13.21,5.403,US-Rms,US-Rms,sagebrush,1.057,0.709,1.043,0.943,1.135,0.996,1.091,0.0,1.057,0.0,0.0,23.886,41.619,152.53,143.473,1123.739,917.803
US-Rms,2022-01-26,-0.009,1.632,-8.205,0.439,1.126,15.346,-4.595,1.48,-10.67,0.0,21.205,1.98,0.149,1.16,-3.986,113.316,,79.009,44.25,0.257,-27.697,2.99,-16.186,2.425,US-Rms,US-Rms,sagebrush,0.885,0.582,0.873,0.761,0.968,0.826,0.914,0.0,0.885,0.0,0.0,23.832,41.619,146.771,137.627,1124.653,918.045
US-Rms,2022-01-31,-0.007,1.213,-8.444,0.439,1.129,16.036,-4.37,-0.19,-8.55,0.0,21.205,1.471,0.13,1.364,-6.803,133.621,,78.53,73.136,0.103,1.683,6.413,-17.458,6.07,US-Rms,US-Rms,sagebrush,0.856,0.562,0.844,0.732,0.939,0.795,0.885,0.0,0.856,0.0,0.0,23.805,41.619,144.445,135.267,1124.983,918.145
US-Rms,2022-02-05,-0.02,1.354,-7.285,0.439,1.13,20.296,-2.215,1.8,-6.23,0.0,21.205,1.767,0.201,1.357,-3.423,149.765,,79.487,67.373,0.161,-21.187,4.71,-12.57,-0.996,US-Rms,US-Rms,sagebrush,0.938,0.631,0.924,0.824,1.021,0.881,0.965,0.0,0.938,0.0,0.0,23.777,41.619,141.909,132.698,1125.314,918.257
US-Rms,2022-02-10,-0.031,2.162,-6.694,0.439,1.244,21.326,3.095,7.7,-1.51,0.0,21.205,1.685,0.265,2.161,2.848,163.15,,79.557,70.118,0.233,-14.413,4.35,-13.222,0.494,US-Rms,US-Rms,sagebrush,0.974,0.665,0.96,0.867,1.057,0.919,0.999,0.0,0.974,0.0,0.0,23.75,41.619,139.287,130.048,1125.626,918.375
US-Rms,2022-02-15,-0.033,0.504,-4.462,0.439,1.316,22.573,-3.975,-2.42,-5.53,0.0,21.205,1.181,0.01,1.468,-6.5,135.049,,78.016,93.11,0.026,30.584,,-3.577,0.581,US-Rms,US-Rms,sagebrush,1.151,0.817,1.136,1.049,1.221,1.092,1.18,0.0,1.151,0.0,0.0,23.723,41.619,136.203,126.94,1125.95,918.516
US-Rms,2022-02-20,-0.025,1.451,-7.419,0.439,1.317,18.868,-3.29,1.44,-8.02,0.0,21.205,1.766,0.158,1.146,-3.971,128.023,,77.829,71.532,0.142,-7.464,6.306,-21.638,9.833,US-Rms,US-Rms,sagebrush,0.889,0.605,0.876,0.78,0.971,0.831,0.919,0.0,0.889,0.0,0.0,23.696,41.619,133.84,124.557,1126.166,918.627
US-Rms,2022-03-02,-0.015,2.805,-4.82,0.439,1.317,27.826,7.735,12.19,3.28,0.0,21.205,2.498,0.032,2.222,6.41,140.825,,78.81,49.521,0.494,-0.875,3.798,-29.146,12.145,US-Rms,US-Rms,sagebrush,1.079,0.771,1.065,0.984,1.153,1.023,1.107,0.0,1.079,0.0,0.0,23.642,41.619,129.436,120.121,1126.492,918.839
US-Rms,2022-03-07,-0.005,1.61,-5.196,0.425,1.313,30.046,-3.925,1.72,-9.57,0.0,21.205,1.638,0.87,2.323,-5.619,193.812,,79.098,64.686,0.156,-10.877,4.046,-11.997,2.31,US-Rms,US-Rms,sagebrush,0.996,0.71,0.983,0.906,1.069,0.945,1.024,0.0,0.996,0.0,0.0,23.612,41.619,126.83,117.504,1126.635,918.968
US-Rms,2022-03-12,0.006,2.354,-2.538,0.424,1.31,35.286,3.995,8.76,-0.77,0.0,21.205,2.378,0.058,1.953,2.719,235.469,,78.666,37.721,0.477,17.566,5.383,-32.787,21.184,US-Rms,US-Rms,sagebrush,1.197,0.888,1.184,1.104,1.267,1.14,1.228,0.0,1.197,0.0,0.0,23.582,41.619,123.714,114.386,1126.755,919.125
US-Rms,2022-03-17,0.017,1.801,0.104,0.269,1.315,35.319,1.015,5.37,-3.34,0.0,21.205,1.632,0.187,1.204,-0.359,193.538,,78.86,53.205,0.286,4.419,2.677,-7.737,5.703,US-Rms,US-Rms,sagebrush,0.85,0.63,0.842,0.789,0.887,0.814,0.87,0.0,0.85,0.0,0.0,23.52,41.474,121.558,112.336,1126.805,919.239
US-Rms,2022-03-22,0.028,2.145,0.541,0.259,1.292,35.368,4.695,8.76,0.63,0.0,21.205,1.383,0.236,1.362,1.359,224.12,,79.522,86.39,0.106,31.048,2.426,-5.173,-0.317,US-Rms,US-Rms,sagebrush,0.824,0.617,0.816,0.762,0.862,0.789,0.845,0.012,0.836,0.012,0.0,23.456,41.33,119.484,110.367,1126.826,919.35
US-Rms,2022-04-01,0.05,2.949,0.77,0.258,0.958,42.131,1.305,8.0,-5.39,0.0,21.205,1.44,1.726,4.386,-0.09,265.077,,78.504,55.331,0.302,31.256,1.965,-4.097,12.984,US-Rms,US-Rms,sagebrush,0.714,0.624,0.714,0.643,0.786,0.674,0.754,0.256,0.97,0.09,0.066,23.596,41.367,114.792,105.888,1126.77,919.608
US-Rms,2022-04-06,0.061,3.458,1.321,0.251,0.85,45.005,-0.43,6.34,-7.2,0.0,21.205,1.245,1.262,2.228,-1.612,283.586,,79.558,44.406,0.329,52.918,1.25,-1.92,8.378,US-Rms,US-Rms,sagebrush,0.613,0.624,0.614,0.542,0.69,0.577,0.651,0.413,1.025,0.093,0.127,23.969,41.745,112.81,104.011,1126.702,919.72
US-Rms,2022-04-11,0.072,0.83,0.076,0.278,0.762,34.059,-5.2,-2.3,-8.1,21.79,21.205,0.921,0.536,1.158,-6.616,155.976,,76.834,88.931,0.039,15.594,5.921,8.875,7.822,US-Rms,US-Rms,sagebrush,0.761,0.651,0.759,0.684,0.834,0.719,0.795,0.202,0.963,0.088,0.046,24.065,41.787,110.774,102.088,1126.603,919.838
US-Rms,2022-04-16,0.085,1.358,0.09,0.332,0.815,30.562,-1.485,2.32,-5.29,4.83,21.205,1.825,0.564,2.268,-2.096,111.151,,77.846,84.134,0.084,-6.325,6.587,-23.21,30.507,US-Rms,US-Rms,sagebrush,0.83,0.811,0.828,0.735,0.92,0.778,0.881,0.376,1.207,0.088,0.115,24.411,42.113,108.304,99.749,1126.443,919.981
US-Rms,2022-04-21,0.097,1.307,5.109,0.252,0.794,31.25,0.395,3.57,-2.78,4.74,21.205,1.8,0.278,1.567,-0.445,154.429,,77.83,85.496,0.092,3.312,3.646,-8.749,29.691,US-Rms,US-Rms,sagebrush,0.684,0.809,0.687,0.588,0.795,0.64,0.738,0.609,1.293,0.12,0.194,25.014,42.765,105.937,97.496,1126.245,920.123
US-Rms,2022-04-26,0.109,1.971,6.842,0.238,0.745,39.072,4.4,8.17,0.63,5.94,21.205,1.313,0.442,1.708,2.622,202.762,,78.404,73.316,0.214,43.344,3.836,-16.61,14.597,US-Rms,US-Rms,sagebrush,0.348,0.54,0.352,0.254,0.457,0.304,0.403,1.207,1.555,0.136,0.426,26.412,44.368,103.559,95.233,1126.001,920.268
US-Rms,2022-05-01,0.121,1.783,4.643,0.285,0.761,35.432,3.24,6.9,-0.42,0.0,21.205,0.498,0.844,1.233,1.133,229.017,,78.279,87.101,0.105,62.213,,1.366,20.853,US-Rms,US-Rms,sagebrush,0.463,0.608,0.463,0.358,0.562,0.414,0.513,1.128,1.591,0.124,0.4,27.725,45.855,101.014,92.819,1125.688,920.427
US-Rms,2022-05-06,0.133,3.23,8.892,0.263,0.788,32.663,6.07,12.01,0.13,6.99,21.205,0.538,1.296,2.014,5.857,223.383,,78.163,66.539,0.355,111.383,4.427,13.216,59.239,US-Rms,US-Rms,sagebrush,0.457,0.701,0.461,0.326,0.596,0.402,0.53,1.402,1.859,0.167,0.492,29.346,47.715,98.18,90.12,1125.273,920.607
US-Rms,2022-05-11,0.145,1.587,2.237,0.282,0.807,52.255,0.795,4.63,-3.04,0.0,21.205,0.31,1.244,0.965,-1.783,211.639,,78.576,69.605,0.184,48.603,3.152,7.412,27.635,US-Rms,US-Rms,sagebrush,-0.115,0.002,-0.117,-0.183,-0.035,-0.156,-0.085,1.78,1.665,0.117,0.662,31.556,50.269,96.128,88.198,1124.923,920.743
US-Rms,2022-05-16,0.158,3.754,12.742,0.231,0.767,53.384,10.4,15.35,5.45,0.0,21.205,0.532,3.149,3.144,10.035,264.586,,78.685,57.782,0.547,153.923,2.942,71.654,52.258,US-Rms,US-Rms,sagebrush,-0.628,-0.274,-0.621,-0.752,-0.475,-0.683,-0.551,3.276,2.647,0.234,1.211,35.639,55.068,93.365,85.569,1124.388,920.928
US-Rms,2022-05-21,0.166,2.179,5.375,0.221,0.719,45.524,4.665,8.81,0.52,0.0,21.205,-0.503,2.132,1.678,2.163,212.705,,78.777,58.781,0.305,118.255,1.746,70.975,43.828,US-Rms,US-Rms,sagebrush,-0.458,-0.273,-0.456,-0.516,-0.387,-0.488,-0.426,2.213,1.755,0.167,0.815,38.341,58.224,91.652,83.975,1124.007,921.049
US-Rms,2022-05-26,0.176,6.298,13.518,0.208,0.695,54.901,15.54,21.38,9.7,0.0,21.205,-0.711,4.441,4.223,14.768,297.327,,78.6,38.173,1.11,168.961,2.463,77.932,69.629,US-Rms,US-Rms,sagebrush,-1.016,-0.637,-1.007,-1.12,-0.878,-1.063,-0.948,3.746,2.731,0.29,1.376,42.967,63.675,89.29,81.744,1123.435,921.217
US-Rms,2022-06-05,0.242,3.121,11.443,0.254,0.761,37.775,8.485,13.26,3.71,15.99,21.205,-0.894,4.503,3.029,7.434,189.495,,78.315,91.223,0.1,142.644,2.694,83.006,74.032,US-Rms,US-Rms,sagebrush,-0.839,-0.501,-0.835,-0.95,-0.721,-0.888,-0.775,3.68,2.841,0.304,1.344,51.303,73.431,84.329,77.111,1122.028,921.582
US-Rms,2022-06-10,0.277,6.331,16.045,0.225,0.744,56.046,17.005,23.09,10.92,0.0,21.205,-2.449,6.803,2.905,14.974,329.702,,78.953,52.154,0.916,194.782,1.941,66.91,114.776,US-Rms,US-Rms,sagebrush,-2.741,-2.272,-2.733,-2.851,-2.599,-2.792,-2.67,7.05,4.309,0.436,2.633,60.231,83.992,81.694,74.638,1121.148,921.785
US-Rms,2022-06-15,0.295,4.661,7.547,0.246,0.787,58.103,7.22,15.85,-1.41,0.0,21.205,-4.594,8.889,3.075,7.209,386.999,,78.821,50.847,0.553,227.443,2.062,95.222,92.259,US-Rms,US-Rms,sagebrush,-2.41,-2.176,-2.411,-2.484,-2.327,-2.453,-2.367,5.824,3.414,0.302,2.199,67.644,92.732,79.833,72.944,1120.448,921.936
US-Rms,2022-06-20,0.306,3.529,9.097,0.227,0.73,58.206,7.78,13.59,1.97,0.0,21.205,-4.021,8.151,3.375,6.243,277.362,,79.213,68.531,0.346,162.092,1.955,71.102,84.67,US-Rms,US-Rms,sagebrush,-2.905,-2.64,-2.906,-2.994,-2.81,-2.954,-2.853,6.668,3.763,0.369,2.508,76.093,102.713,78.084,71.359,1119.729,922.084
US-Rms,2022-06-25,0.318,5.383,12.544,0.213,0.704,59.714,12.535,19.39,5.68,0.0,21.205,-3.426,7.204,2.823,12.574,385.318,,79.419,41.032,0.92,212.689,2.135,67.419,119.355,US-Rms,US-Rms,sagebrush,-3.478,-3.127,-3.476,-3.57,-3.362,-3.532,-3.418,7.873,4.395,0.506,2.933,85.974,114.405,76.239,69.679,1118.91,922.245
US-Rms,2022-06-30,0.34,5.694,14.902,0.197,0.681,59.001,16.495,22.05,10.94,0.0,21.205,-4.18,10.778,4.287,16.1,378.256,,79.039,28.46,1.346,212.446,1.953,51.523,147.137,US-Rms,US-Rms,sagebrush,-4.113,-3.7,-4.108,-4.226,-3.972,-4.169,-4.048,9.069,4.957,0.654,3.351,97.251,127.771,74.467,68.071,1118.049,922.407
US-Rms,2022-07-05,0.311,5.547,16.097,0.188,0.662,44.711,15.02,20.97,9.07,0.0,21.205,-3.825,11.502,6.014,14.869,298.448,,78.758,49.25,0.904,183.195,1.407,36.867,126.627,US-Rms,US-Rms,sagebrush,-2.516,-2.058,-2.507,-2.574,-2.416,-2.552,-2.468,6.511,3.996,0.79,2.278,104.784,136.686,72.813,66.58,1117.167,922.566
US-Rms,2022-07-10,0.349,5.458,18.178,0.175,0.644,58.155,15.94,21.42,10.46,0.0,21.205,-6.592,9.616,2.365,14.348,367.616,,79.561,51.295,0.847,211.077,2.38,51.675,161.427,US-Rms,US-Rms,sagebrush,-4.332,-3.823,-4.322,-4.454,-4.187,-4.381,-4.257,9.677,5.345,0.961,3.471,116.393,149.954,71.247,65.683,1116.258,922.723
US-Rms,2022-07-15,0.361,8.186,21.93,0.16,0.629,53.963,21.51,27.3,15.72,0.0,21.205,-4.37,9.729,3.88,20.773,357.509,,79.193,21.459,1.971,196.69,2.411,2.097,196.754,US-Rms,US-Rms,sagebrush,-3.564,-2.906,-3.542,-3.666,-3.406,-3.614,-3.473,8.782,5.219,1.329,2.967,126.21,159.746,69.744,66.185,1115.308,922.882
US-Rms,2022-07-20,0.325,8.641,21.004,0.154,0.615,56.45,21.26,27.3,15.22,0.0,21.205,-4.038,7.205,1.619,21.255,357.994,,79.362,25.536,1.942,194.275,2.005,20.848,171.207,US-Rms,US-Rms,sagebrush,-3.204,-2.603,-3.184,-3.293,-3.058,-3.255,-3.121,8.084,4.88,1.35,2.681,135.0,166.954,68.464,68.225,1114.424,923.029
US-Rms,2022-07-25,0.321,9.083,18.03,0.139,0.602,56.943,19.075,26.2,11.95,0.0,21.205,-3.393,9.366,3.869,18.894,354.649,,79.116,30.81,1.575,187.936,1.624,43.768,121.191,US-Rms,US-Rms,sagebrush,-3.412,-2.956,-3.399,-3.523,-3.279,-3.463,-3.34,7.964,4.552,1.191,2.697,143.793,172.839,67.641,71.998,1113.744,923.142
US-Rms,2022-07-30,0.313,11.218,22.464,0.127,0.593,54.801,23.405,29.61,17.2,0.0,21.205,-2.47,6.932,4.822,23.615,312.895,,79.298,20.614,2.355,153.032,2.575,26.548,119.154,US-Rms,US-Rms,sagebrush,-2.594,-1.972,-2.57,-2.685,-2.434,-2.642,-2.497,7.094,4.5,1.632,2.175,150.735,175.421,66.842,76.804,1113.065,923.258
US-Rms,2022-08-04,0.297,8.335,21.754,0.119,0.584,52.111,22.695,27.23,18.16,0.0,21.205,-2.905,7.247,1.702,20.545,304.748,,78.989,36.577,1.617,175.845,1.715,48.383,134.123,US-Rms,US-Rms,sagebrush,-2.503,-1.931,-2.482,-2.591,-2.352,-2.551,-2.407,6.812,4.308,1.611,2.071,157.283,176.587,66.245,82.677,1112.489,923.361
US-Rms,2022-08-09,0.28,10.507,21.578,0.136,0.574,41.613,20.99,25.95,16.03,0.0,21.205,-0.484,6.645,5.127,18.795,163.282,,79.252,52.191,1.11,93.259,2.055,-2.007,98.508,US-Rms,US-Rms,sagebrush,-1.157,-0.575,-1.13,-1.235,-1.007,-1.194,-1.067,4.836,3.68,1.631,1.276,161.086,173.517,65.417,89.086,1111.833,923.485
US-Rms,2022-08-14,0.278,10.372,18.812,0.142,0.563,50.803,19.585,25.22,13.95,0.0,21.205,-1.571,4.623,3.09,17.962,320.601,,79.235,33.502,1.402,167.58,2.302,50.553,121.456,US-Rms,US-Rms,sagebrush,-1.95,-1.491,-1.929,-2.036,-1.84,-1.981,-1.874,5.883,3.933,1.383,1.792,166.662,171.63,64.67,96.363,1111.247,923.604
US-Rms,2022-08-19,0.265,7.515,22.944,0.131,0.554,44.759,18.765,23.24,14.29,0.0,21.205,0.745,5.541,4.401,16.675,169.458,,78.972,59.639,0.793,91.24,1.421,4.242,71.492,US-Rms,US-Rms,sagebrush,-1.269,-0.648,-1.238,-1.359,-1.091,-1.317,-1.163,5.242,3.973,1.795,1.372,170.754,167.229,63.927,104.194,1110.69,923.726
US-Rms,2022-08-24,0.256,11.924,19.617,0.123,0.545,41.054,21.255,27.33,15.18,0.0,21.205,-1.73,5.22,2.129,21.001,263.746,,78.61,24.217,1.929,122.052,1.54,40.841,82.993,US-Rms,US-Rms,sagebrush,-0.955,-0.487,-0.933,-1.046,-0.837,-0.988,-0.873,4.166,3.211,1.467,1.075,173.792,160.996,63.487,112.909,1110.287,923.824
US-Rms,2022-08-29,0.256,13.942,16.265,0.115,0.536,45.93,18.695,25.34,12.05,0.0,21.205,-1.826,5.263,1.738,18.888,292.055,,78.761,27.482,1.617,137.086,1.6,60.132,56.915,US-Rms,US-Rms,sagebrush,-1.408,-1.061,-1.393,-1.498,-1.295,-1.446,-1.34,4.432,3.024,1.187,1.292,177.556,155.315,63.31,122.239,1110.011,923.902
US-Rms,2022-09-03,0.239,17.778,19.86,0.108,0.531,42.838,23.775,30.01,17.54,0.0,21.205,-1.511,2.627,1.602,23.598,241.14,,79.205,16.146,2.486,96.671,2.967,34.322,65.842,US-Rms,US-Rms,sagebrush,-0.601,-0.132,-0.579,-0.691,-0.471,-0.646,-0.523,3.453,2.852,1.466,0.791,179.566,147.489,63.11,131.418,1109.768,923.984
US-Rms,2022-09-08,0.224,12.133,19.906,0.113,0.526,42.345,13.95,20.45,7.45,0.0,21.205,-1.918,4.012,1.562,15.501,271.254,,79.117,27.207,1.305,118.636,2.684,71.846,43.697,US-Rms,US-Rms,sagebrush,-0.691,-0.227,-0.667,-0.783,-0.568,-0.73,-0.613,3.681,2.99,1.445,0.89,181.918,140.24,62.853,140.148,1109.559,924.071
US-Rms,2022-09-13,0.212,11.36,17.639,0.11,0.52,26.967,13.905,17.7,10.11,0.0,21.205,0.273,1.748,1.303,13.081,122.275,,78.524,64.112,0.562,61.495,1.312,3.327,60.293,US-Rms,US-Rms,sagebrush,-0.009,0.376,0.011,-0.099,0.108,-0.054,0.064,2.243,2.234,1.241,0.399,182.562,131.088,62.728,148.892,1109.418,924.148
US-Rms,2022-09-18,0.201,10.759,14.146,0.127,0.517,33.313,12.91,16.98,8.84,0.0,21.205,0.056,3.216,3.134,9.691,153.154,,78.062,71.091,0.366,59.833,1.929,10.425,49.732,US-Rms,US-Rms,sagebrush,-0.236,0.033,-0.217,-0.327,-0.135,-0.273,-0.167,2.454,2.219,0.978,0.588,183.881,123.167,62.522,156.904,1109.312,924.23
US-Rms,2022-09-23,0.207,10.38,9.029,0.123,0.514,37.496,11.68,17.38,5.98,0.0,21.205,-1.355,3.329,0.979,10.353,242.91,,79.247,47.794,0.716,98.907,1.74,65.652,42.402,US-Rms,US-Rms,sagebrush,-0.501,-0.337,-0.488,-0.589,-0.387,-0.542,-0.433,2.37,1.869,0.703,0.664,185.449,115.982,62.558,164.975,1109.265,924.291
US-Rms,2022-09-28,0.2,14.763,14.404,0.118,0.511,35.042,17.495,22.84,12.15,0.0,21.205,-0.589,2.795,1.901,17.402,209.514,,79.039,24.147,1.536,80.039,2.366,33.38,46.556,US-Rms,US-Rms,sagebrush,-0.208,0.065,-0.189,-0.306,-0.101,-0.244,-0.135,2.342,2.134,0.955,0.552,186.62,108.748,62.458,172.124,1109.246,924.366
US-Rms,2022-10-03,0.198,10.041,9.891,0.115,0.51,33.406,11.38,16.5,6.26,0.0,21.205,-0.862,1.79,0.79,10.627,215.287,,79.276,54.161,0.617,90.513,1.447,64.605,17.94,US-Rms,US-Rms,sagebrush,-0.327,-0.148,-0.313,-0.418,-0.21,-0.366,-0.261,2.087,1.76,0.712,0.548,187.765,102.017,62.55,179.181,1109.26,924.425
US-Rms,2022-10-08,0.2,11.366,9.692,0.113,0.509,30.557,13.16,18.75,7.57,0.0,21.205,-0.293,2.179,1.249,13.892,199.507,,79.455,30.561,1.114,75.876,1.459,67.47,21.124,US-Rms,US-Rms,sagebrush,-0.211,-0.035,-0.197,-0.302,-0.095,-0.253,-0.142,1.856,1.645,0.69,0.464,188.614,95.456,62.676,185.729,1109.299,924.481
US-Rms,2022-10-13,0.178,11.224,8.005,0.111,0.509,30.15,12.83,18.76,6.9,0.0,21.205,-0.205,1.931,1.049,12.569,195.655,,79.448,30.59,1.03,63.001,1.846,35.726,20.927,US-Rms,US-Rms,sagebrush,-0.082,0.069,-0.069,-0.171,0.034,-0.123,-0.017,1.491,1.409,0.611,0.35,189.063,88.973,62.873,191.866,1109.356,924.531
US-Rms,2022-10-18,0.164,10.758,7.274,0.11,0.51,28.544,11.875,18.6,5.15,0.0,21.205,-0.109,1.903,1.637,14.486,178.41,,79.527,18.341,1.354,59.111,1.38,57.224,17.882,US-Rms,US-Rms,sagebrush,0.022,0.163,0.034,-0.068,0.136,-0.019,0.089,1.252,1.274,0.572,0.271,170.939,82.738,81.397,197.472,1109.43,924.578
US-Rms,2022-10-23,0.168,0.877,2.498,0.238,0.565,17.105,-3.105,-0.51,-5.7,0.0,21.205,0.779,0.535,1.342,-4.837,75.075,,78.206,89.89,0.044,14.036,3.9,8.556,19.631,US-Rms,US-Rms,sagebrush,0.974,0.653,0.963,0.8,1.09,0.897,1.027,0.391,1.365,0.391,0.0,153.709,78.432,97.156,197.959,1109.749,924.68
US-Rms,2022-10-28,0.143,3.617,-0.732,0.243,0.612,19.015,3.165,8.05,-1.72,0.0,21.205,0.981,0.771,1.272,2.064,106.634,,79.101,40.989,0.432,12.7,2.161,-7.106,26.591,US-Rms,US-Rms,sagebrush,0.707,0.541,0.717,0.642,0.827,0.662,0.764,0.512,1.219,0.295,0.087,138.515,76.759,111.192,196.811,1110.111,924.764
US-Rms,2022-11-02,0.111,1.053,3.25,0.233,0.628,16.852,-4.26,-0.73,-7.79,2.91,21.205,0.765,0.692,1.325,-6.137,52.539,,77.981,92.089,0.031,7.336,,-7.807,4.201,US-Rms,US-Rms,sagebrush,1.057,0.706,1.058,0.869,1.192,0.988,1.129,0.288,1.345,0.288,0.0,124.553,75.521,123.106,194.17,1110.646,924.868
US-Rms,2022-11-07,0.081,1.122,-0.061,0.392,0.745,13.03,-2.27,0.99,-5.53,8.1,21.205,1.202,1.175,2.103,-4.32,110.895,,77.399,78.698,0.099,16.672,3.491,-2.862,5.429,US-Rms,US-Rms,sagebrush,1.582,1.087,1.589,1.357,1.746,1.501,1.687,0.123,1.705,0.123,0.0,111.998,75.258,132.335,188.822,1111.522,925.021
US-Rms,2022-11-12,0.051,1.039,-4.85,0.438,0.72,15.872,-5.135,-1.42,-8.85,0.0,21.205,0.855,0.658,1.687,-5.74,103.676,,78.394,61.985,0.153,-2.394,2.103,-1.948,2.734,US-Rms,US-Rms,sagebrush,1.273,0.836,1.273,1.11,1.41,1.201,1.358,0.04,1.313,0.04,0.0,100.709,75.258,140.764,184.456,1112.262,925.143
US-Rms,2022-11-17,0.019,1.504,-8.402,0.439,0.734,17.832,-3.47,1.54,-8.48,0.0,21.205,1.304,0.578,2.086,-4.645,122.434,,79.186,64.281,0.182,-1.478,2.603,-4.307,0.893,US-Rms,US-Rms,sagebrush,0.953,0.589,0.951,0.814,1.09,0.877,1.015,0.0,0.953,0.0,0.0,90.558,75.258,148.65,181.281,1112.844,925.235
US-Rms,2022-11-22,-0.005,2.362,-9.063,0.435,0.769,16.345,-0.595,6.28,-7.47,0.0,21.205,1.996,0.553,3.914,0.008,97.179,,78.824,39.222,0.376,-1.608,4.039,-11.446,9.884,US-Rms,US-Rms,sagebrush,0.895,0.545,0.893,0.764,1.023,0.827,0.952,0.0,0.895,0.0,0.0,81.43,75.258,155.551,178.375,1113.415,925.32
US-Rms,2022-11-27,0.002,1.012,-7.339,0.435,0.821,11.797,-2.03,0.82,-4.88,6.3,21.205,1.426,0.0,2.006,-3.859,71.479,,78.232,71.709,0.134,-9.483,5.674,-15.24,11.852,US-Rms,US-Rms,sagebrush,1.054,0.662,1.051,0.919,1.184,0.981,1.113,0.0,1.054,0.0,0.0,73.222,75.258,161.035,175.033,1114.11,925.42
US-Rms,2022-12-02,0.005,0.757,-3.779,0.438,0.86,15.258,-10.215,-6.32,-14.11,0.0,21.205,1.512,0.866,0.77,-11.292,121.307,,78.298,77.32,0.062,10.345,4.133,-9.598,-2.374,US-Rms,US-Rms,sagebrush,1.417,0.942,1.416,1.263,1.558,1.346,1.482,0.0,1.417,0.0,0.0,65.841,75.258,164.64,170.643,1115.054,925.555
US-Rms,2022-12-07,0.004,1.631,-6.459,0.436,0.87,15.126,-5.115,1.23,-11.46,0.0,21.205,1.309,0.0,1.083,-6.355,109.21,,78.578,79.772,0.08,-11.423,2.258,-6.971,-2.495,US-Rms,US-Rms,sagebrush,1.138,0.726,1.134,1.008,1.255,1.069,1.19,0.0,1.138,0.0,0.0,59.204,75.258,168.168,167.195,1115.814,925.664
US-Rms,2022-12-12,-0.027,0.348,-3.822,0.439,0.932,11.986,-4.675,-3.57,-5.78,19.84,21.205,1.4,0.0,1.253,-6.271,26.938,,77.303,93.054,0.026,-2.705,,-6.455,-0.485,US-Rms,US-Rms,sagebrush,1.413,0.94,1.41,1.276,1.547,1.344,1.471,0.0,1.413,0.0,0.0,53.237,75.258,170.191,162.999,1116.755,925.799
US-Rms,2022-12-17,-0.028,1.18,-7.203,0.439,0.931,14.899,-9.14,-3.09,-15.19,0.0,21.205,2.044,0.0,1.407,-6.677,106.621,,78.441,56.622,0.162,-30.81,3.927,-10.118,0.758,US-Rms,US-Rms,sagebrush,1.07,0.676,1.066,0.952,1.182,1.015,1.12,0.0,1.07,0.0,0.0,47.871,75.258,172.515,159.882,1117.462,925.903
US-Rms,2022-12-22,-0.028,0.694,-5.799,0.438,0.94,13.135,-13.455,-8.8,-18.11,5.0,21.205,1.754,0.0,1.139,-11.573,72.82,,78.692,79.42,0.053,-5.594,2.784,-7.837,-1.418,US-Rms,US-Rms,sagebrush,1.198,0.776,1.194,1.078,1.304,1.142,1.243,0.0,1.198,0.0,0.0,43.045,75.258,173.88,156.451,1118.248,926.02
US-Rms,2022-12-27,-0.03,1.504,-3.037,0.439,1.03,10.616,2.23,5.48,-1.02,6.32,21.205,2.288,0.011,2.519,1.016,33.712,,77.124,82.376,0.129,-5.212,10.107,-12.745,3.73,US-Rms,US-Rms,sagebrush,1.478,0.998,1.476,1.354,1.581,1.422,1.53,0.0,1.478,0.0,0.0,38.706,75.258,173.895,152.29,1119.198,926.166
US-Rms,2023-01-01,-0.026,0.763,-4.078,0.439,1.081,14.324,-7.56,-4.39,-10.73,0.0,21.205,1.165,0.0,1.414,-7.987,71.793,,77.869,91.572,0.028,6.016,,-5.366,-0.389,US-Rms,US-Rms,sagebrush,1.354,0.91,1.351,1.25,1.449,1.306,1.404,0.0,1.354,0.0,0.0,34.805,75.258,173.796,148.542,1120.043,926.301
US-Rms,2023-01-06,-0.021,1.013,-4.224,0.439,1.074,13.856,-1.725,1.07,-4.52,0.0,21.205,1.543,0.0,1.958,-3.175,38.431,,78.651,95.929,0.019,-0.946,,-5.003,2.22,US-Rms,US-Rms,sagebrush,1.327,0.892,1.325,1.223,1.417,1.278,1.373,0.0,1.327,0.0,0.0,31.297,75.258,173.35,144.926,1120.845,926.435
US-Rms,2023-01-11,-0.016,0.832,-4.755,0.439,1.086,14.697,-1.61,0.62,-3.84,0.0,21.205,1.124,0.0,0.48,-4.049,102.322,,78.459,90.023,0.046,23.443,,-9.154,0.325,US-Rms,US-Rms,sagebrush,1.261,0.844,1.259,1.164,1.348,1.213,1.303,0.0,1.261,0.0,0.0,28.142,75.258,172.719,141.54,1121.582,926.565
US-Rms,2023-01-16,-0.014,0.697,-3.83,0.439,1.16,14.268,-4.765,-2.44,-7.09,0.0,21.205,0.678,0.0,0.918,-5.699,79.527,,77.278,89.288,0.043,-9.906,2.582,-3.768,-1.741,US-Rms,US-Rms,sagebrush,1.341,0.911,1.34,1.25,1.424,1.293,1.386,0.0,1.341,0.0,0.0,28.11,75.258,168.702,137.991,1122.335,926.704
US-Rms,2023-01-21,-0.019,1.591,-6.857,0.439,1.151,17.012,-4.46,1.36,-10.28,5.25,21.205,0.873,0.0,1.339,-6.991,128.202,,79.009,57.741,0.16,1.688,3.613,-11.838,2.459,US-Rms,US-Rms,sagebrush,1.034,0.674,1.032,0.937,1.111,0.995,1.069,0.0,1.034,0.0,0.0,28.078,75.258,165.629,135.273,1122.877,926.813
US-Rms,2023-01-26,-0.017,0.733,-7.13,0.439,1.15,16.986,-0.885,0.97,-2.74,0.0,21.205,1.497,0.094,1.187,-3.345,104.302,,79.604,87.95,0.058,-13.981,5.124,-9.543,-2.205,US-Rms,US-Rms,sagebrush,0.997,0.65,0.994,0.902,1.069,0.961,1.031,0.0,0.997,0.0,0.0,28.046,75.258,162.682,132.67,1123.366,926.921
US-Rms,2023-02-05,-0.01,0.583,-5.94,0.439,1.157,17.118,-0.9,0.56,-2.36,4.42,21.205,2.052,0.022,1.382,-2.754,126.153,,78.058,78.688,0.117,8.638,7.569,-11.195,6.559,US-Rms,US-Rms,sagebrush,1.075,0.721,1.073,0.989,1.146,1.038,1.107,0.0,1.075,0.0,0.0,27.982,75.258,157.058,127.71,1124.213,927.132
US-Rms,2023-02-10,0.0,2.42,-7.058,0.439,1.158,21.853,0.705,7.06,-5.65,0.0,21.205,1.952,0.105,2.156,0.398,157.914,,78.829,49.467,0.324,-16.695,3.392,-17.587,5.32,US-Rms,US-Rms,sagebrush,0.965,0.638,0.962,0.879,1.033,0.933,1.0,0.0,0.965,0.0,0.0,27.95,75.258,154.247,125.238,1124.593,927.24
US-Rms,2023-02-15,0.002,1.045,-6.985,0.439,1.16,23.504,-7.95,-3.25,-12.65,0.0,21.205,1.299,0.248,1.057,-10.069,173.243,,78.564,86.341,0.039,11.231,,-6.354,-0.317,US-Rms,US-Rms,sagebrush,0.959,0.637,0.956,0.876,1.026,0.925,0.992,0.0,0.959,0.0,0.0,27.918,75.258,151.47,122.797,1124.937,927.349
US-Rms,2023-02-20,0.009,0.44,-6.925,0.439,1.163,22.805,1.55,2.47,0.63,0.0,21.205,1.039,0.0,1.082,-1.155,125.476,,78.58,86.843,0.076,-5.063,6.669,-8.54,0.066,US-Rms,US-Rms,sagebrush,0.952,0.636,0.949,0.872,1.017,0.917,0.985,0.0,0.952,0.0,0.0,27.886,75.258,148.73,120.393,1125.246,927.459
US-Rms,2023-02-25,0.024,1.495,-8.304,0.439,1.184,26.909,-3.33,1.58,-8.24,0.0,21.205,0.868,0.085,0.821,-3.967,200.349,,77.994,71.048,0.134,-2.147,3.336,-8.599,-1.445,US-Rms,US-Rms,sagebrush,0.833,0.545,0.829,0.746,0.906,0.798,0.865,0.0,0.833,0.0,0.0,27.854,75.258,146.347,118.302,1125.49,927.557
US-Rms,2023-03-02,0.034,1.271,-6.489,0.439,1.182,22.618,-6.385,-1.18,-11.59,0.0,21.205,1.224,0.0,0.732,-8.141,109.244,,78.118,83.026,0.058,-10.109,6.343,-12.279,5.428,US-Rms,US-Rms,sagebrush,0.963,0.653,0.96,0.885,1.03,0.93,0.994,0.017,0.981,0.017,0.0,27.823,75.258,143.6,115.898,1125.74,927.671
US-Rms,2023-03-07,0.045,1.165,-6.255,0.439,1.183,29.062,-7.215,-2.19,-12.24,9.79,21.205,0.773,0.729,2.336,-8.814,121.841,,78.159,84.381,0.049,0.481,3.17,-6.884,-0.188,US-Rms,US-Rms,sagebrush,0.97,0.663,0.966,0.892,1.037,0.934,1.001,0.053,1.022,0.053,0.0,27.791,75.258,140.852,113.498,1125.956,927.788
US-Rms,2023-03-12,0.056,1.882,-4.945,0.439,1.206,28.377,0.45,5.24,-4.34,15.2,21.205,1.454,0.038,0.87,-1.95,120.373,,78.227,93.47,0.034,14.373,3.108,-0.482,3.241,US-Rms,US-Rms,sagebrush,1.043,0.745,1.039,0.967,1.124,1.004,1.075,0.135,1.178,0.101,0.014,27.806,75.314,137.853,110.885,1126.152,927.918
US-Rms,2023-03-17,0.067,1.495,-5.746,0.439,1.311,38.802,-3.595,1.43,-8.62,0.0,21.205,0.972,0.0,0.749,-5.768,256.576,,78.832,60.462,0.158,-11.746,3.431,-13.061,2.894,US-Rms,US-Rms,sagebrush,0.912,0.683,0.912,0.838,1.001,0.875,0.963,0.214,1.126,0.097,0.047,27.935,75.506,135.103,108.491,1126.294,928.04
US-Rms,2023-03-22,0.078,1.385,-4.633,0.439,1.317,36.911,-1.135,2.65,-4.92,0.0,21.205,0.827,0.083,0.462,-4.201,171.328,,77.623,87.187,0.06,6.239,3.02,-3.298,1.892,US-Rms,US-Rms,sagebrush,0.957,0.752,0.958,0.885,1.052,0.918,1.004,0.273,1.23,0.104,0.067,28.136,75.782,132.156,105.932,1126.404,928.173
US-Rms,2023-03-27,0.089,1.343,-5.704,0.439,1.317,40.14,-5.845,-0.52,-11.17,0.0,21.205,1.184,0.065,0.739,-7.823,260.144,,78.738,66.311,0.124,14.174,4.28,-16.793,9.238,US-Rms,US-Rms,sagebrush,0.83,0.672,0.831,0.755,0.92,0.791,0.879,0.31,1.14,0.098,0.084,28.395,76.129,129.512,103.637,1126.464,928.295
US-Rms,2023-04-01,0.1,0.874,-3.412,0.439,1.317,20.429,-2.49,0.02,-5.0,9.3,21.205,0.709,0.184,0.571,-4.211,132.895,,78.1,92.005,0.036,4.931,7.608,-1.853,3.498,US-Rms,US-Rms,sagebrush,1.104,0.822,1.102,1.031,1.191,1.064,1.145,0.154,1.258,0.113,0.016,28.419,76.197,126.412,100.956,1126.485,928.441
US-Rms,2023-04-06,0.111,1.69,-5.298,0.439,1.317,43.531,-0.84,3.82,-5.5,0.0,21.205,0.567,0.062,1.234,-2.521,299.741,,78.641,59.919,0.211,5.713,3.586,-18.412,10.739,US-Rms,US-Rms,sagebrush,0.673,0.577,0.674,0.599,0.761,0.632,0.72,0.578,1.251,0.101,0.19,29.043,76.978,123.799,98.696,1126.461,928.567
US-Rms,2023-04-11,0.122,3.012,-3.621,0.439,1.317,42.424,3.48,10.15,-3.19,0.0,21.205,1.693,0.028,2.01,4.258,265.217,,78.306,68.325,0.28,30.268,4.678,-62.332,5.474,US-Rms,US-Rms,sagebrush,0.701,0.611,0.702,0.628,0.801,0.663,0.749,0.741,1.442,0.113,0.25,29.873,78.006,120.884,96.182,1126.386,928.711
US-Rms,2023-04-16,0.133,3.081,-3.076,0.439,1.317,38.991,6.57,11.97,1.17,0.0,21.205,2.0,0.002,2.198,5.503,261.582,,78.497,38.168,0.582,36.357,4.462,-65.11,43.806,US-Rms,US-Rms,sagebrush,0.696,0.615,0.698,0.623,0.801,0.659,0.744,0.799,1.495,0.119,0.271,30.773,79.119,117.923,93.632,1126.257,928.861
US-Rms,2023-04-21,0.144,0.874,0.3,0.3,1.317,32.238,1.325,3.24,-0.59,8.18,21.205,0.485,0.81,1.962,-1.022,168.246,,79.065,81.614,0.108,2.322,5.267,-7.189,12.178,US-Rms,US-Rms,sagebrush,0.672,0.68,0.677,0.605,0.762,0.645,0.706,0.528,1.199,0.148,0.151,31.221,79.464,115.575,91.852,1126.11,928.984
US-Rms,2023-04-26,0.156,3.692,3.754,0.248,1.313,51.202,8.005,14.04,1.97,0.0,21.205,1.487,0.782,2.37,6.291,319.838,,79.051,45.251,0.541,64.137,1.91,-24.816,7.199,US-Rms,US-Rms,sagebrush,-0.243,-0.14,-0.237,-0.287,-0.166,-0.263,-0.211,2.059,1.816,0.184,0.747,33.708,82.253,113.3,90.118,1125.932,929.107
US-Rms,2023-05-01,0.169,5.23,10.807,0.234,1.175,53.306,12.0,18.88,5.12,0.0,21.205,1.293,0.628,2.245,11.224,288.143,,77.649,50.929,0.677,95.549,1.897,-39.501,7.233,US-Rms,US-Rms,sagebrush,-0.559,-0.313,-0.547,-0.652,-0.42,-0.607,-0.487,3.193,2.633,0.296,1.154,37.588,86.706,110.266,87.74,1125.642,929.273
US-Rms,2023-05-11,0.197,3.105,7.23,0.249,0.8,53.127,7.14,12.37,1.91,0.0,21.205,0.879,0.71,2.781,6.385,342.147,,78.861,53.634,0.469,78.213,2.391,-30.982,16.41,US-Rms,US-Rms,sagebrush,-0.865,-0.691,-0.859,-0.924,-0.783,-0.895,-0.825,3.419,2.554,0.269,1.254,44.929,95.083,104.789,83.513,1124.941,929.585
US-Rms,2023-05-16,0.211,3.995,12.71,0.255,0.759,54.528,12.335,17.2,7.47,0.0,21.205,0.643,2.558,3.548,11.591,307.755,,79.241,62.08,0.537,194.736,1.805,49.815,44.27,US-Rms,US-Rms,sagebrush,-1.219,-0.909,-1.207,-1.325,-1.049,-1.267,-1.145,4.684,3.465,0.4,1.706,50.689,101.759,101.431,80.877,1124.395,929.784
US-Rms,2023-05-21,0.224,5.653,15.905,0.218,0.731,53.287,15.865,21.61,10.12,1.77,21.205,0.98,3.51,3.738,14.628,226.414,,79.025,52.507,0.84,134.821,2.032,31.712,79.663,US-Rms,US-Rms,sagebrush,-1.616,-1.187,-1.602,-1.726,-1.448,-1.67,-1.534,5.323,3.707,0.529,1.909,57.117,109.246,98.378,78.494,1123.806,929.972
US-Rms,2023-05-26,0.238,2.68,11.539,0.223,0.734,48.809,9.245,13.05,5.44,8.59,21.205,-0.561,3.4,3.733,8.74,170.823,,78.452,64.817,0.404,109.627,1.709,57.042,46.438,US-Rms,US-Rms,sagebrush,-1.52,-1.225,-1.513,-1.593,-1.425,-1.557,-1.472,4.734,3.213,0.443,1.708,62.837,115.884,95.898,76.61,1123.255,930.132
US-Rms,2023-05-31,0.252,2.785,13.352,0.266,0.772,39.05,9.995,13.77,6.22,8.25,21.205,-0.392,5.27,1.991,8.944,142.85,,78.364,80.506,0.228,79.593,1.606,26.814,39.617,US-Rms,US-Rms,sagebrush,-0.878,-0.524,-0.867,-1.002,-0.729,-0.925,-0.81,4.316,3.437,0.531,1.507,67.867,121.67,92.613,74.064,1122.447,930.345
US-Rms,2023-06-05,0.265,4.448,14.694,0.227,0.754,56.018,12.865,18.18,7.55,0.0,21.205,-2.246,5.81,3.657,13.042,342.118,,78.839,61.327,0.604,209.906,2.187,95.753,95.921,US-Rms,US-Rms,sagebrush,-2.432,-2.038,-2.424,-2.521,-2.312,-2.474,-2.378,6.651,4.219,0.611,2.405,75.959,131.126,89.891,71.985,1121.676,930.53
US-Rms,2023-06-10,0.278,2.704,13.625,0.273,0.785,45.563,10.235,13.83,6.64,0.0,21.205,-0.63,6.162,4.243,9.609,150.033,,78.739,86.76,0.166,88.893,1.681,33.747,54.654,US-Rms,US-Rms,sagebrush,-1.646,-1.272,-1.638,-1.763,-1.484,-1.691,-1.586,5.696,4.051,0.626,2.019,82.727,138.963,86.717,69.555,1120.685,930.75
US-Rms,2023-06-15,0.28,3.378,10.343,0.247,0.771,59.268,7.145,12.93,1.36,0.0,21.205,-3.546,4.59,3.356,7.014,359.792,,78.716,55.35,0.474,210.143,3.574,102.387,108.942,US-Rms,US-Rms,sagebrush,-2.527,-2.251,-2.525,-2.596,-2.439,-2.573,-2.472,6.498,3.972,0.549,2.369,90.663,148.21,84.461,67.903,1119.878,930.916
US-Rms,2023-06-20,0.267,1.959,6.152,0.254,0.768,35.125,2.39,6.72,-1.94,4.75,21.205,-3.582,6.204,2.695,1.933,264.697,,78.768,69.328,0.229,157.9,1.449,99.714,64.431,US-Rms,US-Rms,sagebrush,-0.725,-0.527,-0.723,-0.79,-0.638,-0.761,-0.688,3.108,2.383,0.46,1.054,94.049,152.025,82.682,66.673,1119.172,931.055
US-Rms,2023-06-25,0.308,4.14,14.7,0.238,0.728,50.626,13.5,18.18,8.82,5.14,21.205,-0.455,6.971,5.752,11.749,203.821,,78.913,59.724,0.583,117.719,1.806,26.303,74.851,US-Rms,US-Rms,sagebrush,-2.635,-2.22,-2.629,-2.725,-2.511,-2.68,-2.576,7.162,4.527,0.794,2.536,102.523,161.913,80.19,64.817,1118.141,931.247
US-Rms,2023-06-30,0.34,7.034,16.485,0.231,0.733,57.739,17.815,23.63,12.0,0.0,21.205,-2.716,8.27,4.318,18.444,361.711,,79.256,44.149,1.228,221.05,1.619,68.727,145.12,US-Rms,US-Rms,sagebrush,-3.642,-3.168,-3.636,-3.747,-3.512,-3.699,-3.573,9.034,5.392,0.95,3.219,113.321,174.572,77.712,62.976,1117.015,931.445
US-Rms,2023-07-05,0.306,7.115,14.051,0.21,0.699,60.228,15.19,21.92,8.46,0.0,21.205,-3.518,8.709,3.724,16.214,373.174,,79.04,28.779,1.331,213.506,1.111,57.656,135.596,US-Rms,US-Rms,sagebrush,-3.171,-2.786,-3.168,-3.276,-3.064,-3.221,-3.113,7.77,4.599,0.893,2.738,122.409,185.213,75.897,61.7,1116.071,931.604
US-Rms,2023-07-10,0.293,7.371,21.766,0.197,0.674,57.091,18.945,24.49,13.4,0.0,21.205,-4.887,9.454,3.848,17.975,365.753,,78.791,40.375,1.268,213.505,3.065,24.537,190.614,US-Rms,US-Rms,sagebrush,-2.399,-1.699,-2.383,-2.521,-2.202,-2.481,-2.313,7.502,5.102,1.52,2.382,130.225,194.352,73.638,60.033,1114.841,931.801
US-Rms,2023-07-15,0.341,10.064,17.909,0.181,0.653,57.628,20.77,27.58,13.96,0.0,21.205,-3.043,9.057,3.879,20.907,359.091,,79.394,31.243,1.724,210.449,1.41,27.294,140.546,US-Rms,US-Rms,sagebrush,-3.397,-2.896,-3.39,-3.513,-3.269,-3.456,-3.334,8.441,5.045,1.271,2.855,139.629,205.404,72.075,58.959,1113.853,931.953
US-Rms,2023-07-20,0.324,11.364,20.684,0.17,0.635,56.093,22.74,29.37,16.11,0.0,21.205,-4.436,7.112,3.44,21.916,356.825,,79.347,31.242,1.871,203.655,2.034,13.561,188.055,US-Rms,US-Rms,sagebrush,-2.64,-2.029,-2.626,-2.755,-2.492,-2.693,-2.554,7.536,4.895,1.597,2.364,147.296,212.661,70.546,59.65,1112.813,932.108
US-Rms,2023-07-25,0.318,8.626,19.46,0.157,0.623,55.441,17.83,24.25,11.41,0.0,21.205,-5.139,7.609,2.473,17.842,352.919,,79.287,37.005,1.36,192.772,1.877,42.456,146.493,US-Rms,US-Rms,sagebrush,-2.937,-2.401,-2.926,-3.052,-2.803,-2.994,-2.865,7.76,4.822,1.548,2.473,155.294,218.722,69.379,62.211,1111.914,932.241
US-Rms,2023-07-30,0.318,9.155,19.9,0.143,0.611,53.983,21.77,27.33,16.21,0.0,21.205,-3.741,6.87,2.264,20.278,344.711,,79.237,19.16,1.974,180.188,2.064,38.052,142.042,US-Rms,US-Rms,sagebrush,-2.781,-2.247,-2.77,-2.892,-2.647,-2.84,-2.707,7.481,4.7,1.651,2.321,162.721,222.532,68.45,66.488,1111.117,932.36
US-Rms,2023-08-04,0.324,5.13,19.649,0.168,0.603,40.424,14.295,19.47,9.12,0.0,21.205,-2.706,5.624,2.916,13.008,232.472,,79.233,73.736,0.418,147.774,2.21,41.361,102.159,US-Rms,US-Rms,sagebrush,-1.841,-1.299,-1.822,-1.956,-1.691,-1.878,-1.752,6.236,4.395,1.675,1.816,168.411,223.118,67.201,71.469,1110.169,932.505
US-Rms,2023-08-09,0.27,9.537,16.777,0.205,0.611,49.551,19.105,25.01,13.2,0.0,21.205,-3.751,6.59,3.051,17.695,288.371,,78.786,39.533,1.28,159.278,2.15,71.804,105.838,US-Rms,US-Rms,sagebrush,-1.493,-1.048,-1.47,-1.604,-1.353,-1.532,-1.406,5.664,4.171,1.431,1.685,173.687,224.228,65.685,74.946,1109.119,932.67
US-Rms,2023-08-14,0.274,10.714,19.073,0.177,0.599,50.271,21.07,26.83,15.31,0.0,21.205,-1.681,4.396,1.778,20.73,321.214,,79.422,29.977,1.765,164.047,2.209,59.366,59.674,US-Rms,US-Rms,sagebrush,-1.448,-0.944,-1.425,-1.565,-1.306,-1.487,-1.356,5.68,4.232,1.671,1.596,178.594,223.382,64.463,80.126,1108.19,932.819
US-Rms,2023-08-19,0.251,7.018,19.958,0.165,0.586,40.443,18.63,24.18,13.08,3.56,21.205,-0.376,2.668,1.636,18.515,141.768,,78.873,46.387,1.156,63.773,1.401,19.255,45.485,US-Rms,US-Rms,sagebrush,-0.706,-0.18,-0.681,-0.822,-0.548,-0.75,-0.613,4.499,3.793,1.781,1.082,181.694,218.842,63.401,86.858,1107.349,932.96
US-Rms,2023-08-24,0.249,8.699,17.014,0.232,0.711,47.496,15.665,23.61,7.72,0.0,21.205,-0.466,4.177,2.356,17.328,258.35,,79.141,47.649,1.058,133.712,1.795,45.893,74.7,US-Rms,US-Rms,sagebrush,-0.852,-0.434,-0.815,-0.977,-0.691,-0.884,-0.741,5.044,4.192,1.485,1.417,186.043,223.901,61.684,84.316,1106.273,933.149
US-Rms,2023-08-29,0.235,9.081,19.806,0.217,0.683,46.131,16.015,23.84,8.19,0.0,21.205,-1.066,6.056,3.429,18.93,285.228,,78.932,29.415,1.617,129.417,3.372,43.725,103.793,US-Rms,US-Rms,sagebrush,-0.348,0.18,-0.31,-0.499,-0.12,-0.404,-0.222,4.555,4.207,1.8,1.097,189.253,227.629,59.994,81.785,1105.104,933.343
US-Rms,2023-09-03,0.206,1.951,16.875,0.224,0.656,32.436,9.285,11.96,6.61,7.53,21.205,1.033,1.003,0.753,9.358,57.886,,78.784,85.738,0.175,31.969,1.819,-6.631,55.774,US-Rms,US-Rms,sagebrush,0.188,0.611,0.22,0.055,0.374,0.145,0.301,3.201,3.389,1.533,0.664,190.97,229.565,58.531,79.607,1103.976,933.521
US-Rms,2023-09-08,0.229,6.578,15.972,0.222,0.688,41.827,15.9,21.26,10.54,0.0,21.205,-1.604,3.138,1.437,14.664,243.49,,79.204,40.853,1.013,113.45,1.86,55.15,69.181,US-Rms,US-Rms,sagebrush,-0.528,-0.14,-0.498,-0.65,-0.366,-0.568,-0.422,4.207,3.679,1.464,1.092,194.154,233.252,57.214,77.643,1102.859,933.69
US-Rms,2023-09-13,0.205,6.863,14.699,0.203,0.659,40.574,13.305,18.32,8.29,0.0,21.205,-1.414,3.563,1.34,12.279,256.453,,79.017,48.756,0.76,125.777,2.8,76.07,45.987,US-Rms,US-Rms,sagebrush,-0.278,0.066,-0.255,-0.397,-0.124,-0.321,-0.184,3.406,3.128,1.378,0.807,196.314,235.756,56.257,76.16,1101.882,933.832
US-Rms,2023-09-18,0.191,9.781,14.52,0.192,0.638,30.987,16.54,21.7,11.38,0.0,21.205,-0.831,3.956,2.036,15.839,207.571,,78.867,32.431,1.244,98.071,1.758,54.907,41.683,US-Rms,US-Rms,sagebrush,0.351,0.689,0.372,0.228,0.512,0.312,0.452,2.231,2.582,1.378,0.34,196.835,234.696,55.467,76.528,1100.957,933.963
US-Rms,2023-09-23,0.192,6.837,7.173,0.2,0.625,37.498,9.36,15.99,2.73,0.0,21.205,-1.351,2.982,1.071,9.182,245.448,,78.846,38.015,0.753,105.22,1.822,54.735,26.503,US-Rms,US-Rms,sagebrush,-0.127,0.048,-0.11,-0.239,0.029,-0.174,-0.045,2.161,2.034,0.883,0.509,197.952,232.563,55.046,79.189,1100.27,934.059
US-Rms,2023-09-28,0.169,5.331,8.296,0.187,0.617,35.5,7.245,12.93,1.56,0.0,21.205,-1.568,3.002,0.663,6.008,230.996,,78.674,48.148,0.522,103.996,1.404,90.922,18.497,US-Rms,US-Rms,sagebrush,0.045,0.233,0.062,-0.065,0.196,0.0,0.123,1.915,1.959,0.943,0.387,198.621,228.808,54.691,82.963,1099.62,934.153
US-Rwe,2003-02-05,0.012,0.699,-6.215,0.391,1.304,19.224,-8.76,-5.59,-11.93,0.0,19.513,0.566,0.216,0.871,-9.825,100.173,,79.069,90.969,0.027,,3.418,,,US-Rwe,US-Rwe,sagebrush,0.705,0.578,0.697,0.526,0.81,0.623,0.77,0.0,0.705,0.0,0.0,11.882,456.354,71.097,165.546,561.599,526.327
US-Rwe,2003-02-10,0.01,2.183,-7.899,0.408,1.311,24.645,-0.415,5.72,-6.55,0.0,19.513,0.191,0.183,0.746,-2.123,143.397,,79.08,53.173,0.249,,4.152,,,US-Rwe,US-Rwe,sagebrush,0.631,0.507,0.623,0.47,0.73,0.55,0.685,0.0,0.631,0.0,0.0,11.866,456.354,70.01,162.796,562.285,526.343
US-Rwe,2003-02-15,0.024,1.567,-1.402,0.432,1.316,22.434,1.31,4.94,-2.32,0.0,19.513,0.561,0.283,1.214,0.588,110.313,,78.771,90.729,0.068,,5.316,,,US-Rwe,US-Rwe,sagebrush,1.1,0.984,1.093,0.831,1.294,0.977,1.207,0.0,1.1,0.0,0.0,11.851,454.766,68.104,159.61,563.448,526.372
US-Rwe,2003-02-20,0.016,0.823,-1.966,0.415,1.307,23.257,-1.245,0.91,-3.4,0.0,19.513,-0.129,0.035,0.039,-3.256,74.312,,78.946,95.328,0.024,,5.841,,,US-Rwe,US-Rwe,sagebrush,0.997,0.892,0.987,0.749,1.161,0.88,1.094,0.0,0.997,0.0,0.0,11.835,454.766,66.399,155.294,564.47,526.399
US-Rwe,2003-02-25,0.021,1.267,-7.809,0.406,1.3,31.555,-7.2,-1.64,-12.76,0.0,19.513,0.241,0.1,0.365,-7.837,180.953,,78.458,56.526,0.161,,1.841,,,US-Rwe,US-Rwe,sagebrush,0.602,0.5,0.594,0.448,0.705,0.52,0.651,0.0,0.602,0.0,0.0,11.818,454.766,65.382,152.706,565.068,526.417
US-Rwe,2003-03-02,0.015,1.958,-5.919,0.41,1.296,31.73,-2.155,4.04,-8.35,0.0,19.513,-0.023,0.331,0.301,-3.59,187.391,,78.744,63.38,0.191,,6.09,,,US-Rwe,US-Rwe,sagebrush,0.704,0.608,0.697,0.527,0.827,0.63,0.77,0.0,0.704,0.0,0.0,11.802,454.766,64.191,149.69,565.749,526.438
US-Rwe,2003-03-07,-0.017,1.031,-1.754,0.409,1.293,17.752,0.015,2.53,-2.5,0.0,19.513,-0.626,0.151,0.318,-0.884,100.711,,78.18,76.795,0.14,,12.155,,,US-Rwe,US-Rwe,sagebrush,0.948,0.872,0.942,0.716,1.121,0.834,1.05,0.0,0.948,0.0,0.0,11.785,454.766,62.589,145.652,566.635,526.467
US-Rwe,2003-03-12,-0.004,2.98,2.728,0.244,1.316,32.32,7.35,12.26,2.44,0.0,19.513,0.133,0.23,0.352,5.455,182.962,,78.738,66.04,0.352,,7.065,,,US-Rwe,US-Rwe,sagebrush,0.695,0.644,0.695,0.522,0.85,0.59,0.776,0.0,0.695,0.0,0.0,11.752,453.183,61.441,144.293,567.26,526.49
US-Rwe,2003-03-17,0.009,1.245,0.89,0.248,1.242,27.407,-1.725,1.79,-5.24,0.0,19.513,0.253,0.233,0.555,-2.149,158.307,,78.312,83.307,0.089,,5.197,,,US-Rwe,US-Rwe,sagebrush,0.625,0.574,0.622,0.47,0.751,0.534,0.697,0.0,0.625,0.0,0.0,11.718,451.606,60.422,143.226,567.81,526.51
US-Rwe,2003-03-22,0.022,2.099,3.409,0.241,1.189,21.096,4.325,8.4,0.25,0.0,19.513,0.129,0.182,0.548,3.245,103.3,,78.74,88.719,0.092,,9.52,,,US-Rwe,US-Rwe,sagebrush,0.702,0.662,0.698,0.521,0.857,0.594,0.784,0.0,0.702,0.0,0.0,11.685,450.034,59.285,141.829,568.416,526.534
US-Rwe,2003-03-27,0.035,1.157,0.816,0.3,1.246,35.449,-4.35,-0.4,-8.3,0.0,19.513,0.558,0.177,0.482,-5.954,208.757,,79.294,88.88,0.046,,4.654,,,US-Rwe,US-Rwe,sagebrush,0.763,0.727,0.755,0.57,0.907,0.653,0.85,0.052,0.815,0.052,0.0,11.657,448.467,58.054,140.174,569.057,526.56
US-Rwe,2003-04-01,0.045,3.288,4.738,0.258,1.166,29.792,1.82,10.42,-6.78,8.03,19.513,0.335,0.548,1.602,0.011,81.443,,,92.656,0.061,,,,,US-Rwe,US-Rwe,sagebrush,0.802,0.783,0.794,0.593,0.969,0.682,0.9,0.174,0.976,0.174,0.0,11.625,446.906,56.775,138.35,569.713,526.589
US-Rwe,2003-04-06,0.059,1.285,-1.443,0.339,1.032,27.729,-3.725,0.52,-7.97,6.68,19.513,0.609,0.494,1.121,-5.445,173.958,,78.789,94.341,0.023,,5.246,,,US-Rwe,US-Rwe,sagebrush,0.735,0.704,0.723,0.543,0.869,0.631,0.818,0.161,0.896,0.161,0.0,11.602,445.351,55.61,136.806,570.296,526.615
US-Rwe,2003-04-11,0.074,3.005,5.178,0.252,1.096,46.137,8.61,13.14,4.08,0.0,19.513,0.272,0.696,0.674,6.252,221.822,,78.759,61.01,0.385,,4.519,,,US-Rwe,US-Rwe,sagebrush,0.783,0.726,0.697,0.561,0.865,0.62,0.77,0.735,1.518,0.735,0.0,11.569,443.801,54.391,135.062,570.899,526.645
US-Rwe,2003-04-16,0.086,1.557,2.084,0.264,0.914,35.879,0.645,4.43,-3.14,0.0,19.513,-0.019,0.103,0.323,-0.639,154.846,,78.901,90.871,0.063,,3.87,,,US-Rwe,US-Rwe,sagebrush,0.683,0.631,0.612,0.5,0.74,0.552,0.67,0.595,1.278,0.595,0.0,11.538,442.256,53.342,133.738,571.408,526.671
US-Rwe,2003-04-21,0.099,2.294,4.856,0.25,0.806,38.964,5.555,9.68,1.43,7.36,19.513,0.886,0.418,0.709,4.584,121.024,,78.256,73.018,0.244,,3.271,,,US-Rwe,US-Rwe,sagebrush,0.659,0.553,0.554,0.42,0.704,0.478,0.645,0.956,1.615,0.807,0.059,11.71,440.96,52.203,132.135,571.95,526.7
US-Rwe,2003-04-26,0.112,1.452,1.555,0.26,0.777,34.095,-0.975,2.98,-4.93,0.0,19.513,0.386,0.494,0.579,-2.996,242.871,,78.479,79.085,0.117,,6.008,,,US-Rwe,US-Rwe,sagebrush,0.592,0.493,0.5,0.403,0.613,0.441,0.57,0.734,1.326,0.66,0.03,11.78,439.547,51.248,130.998,572.397,526.725
US-Rwe,2003-05-01,0.125,2.562,3.385,0.266,0.767,51.287,3.855,8.83,-1.12,0.0,19.513,0.325,0.44,0.592,2.26,239.342,,,80.894,0.161,,,,,US-Rwe,US-Rwe,sagebrush,0.225,0.13,0.131,0.014,0.269,0.063,0.215,1.567,1.792,0.735,0.332,12.893,439.379,50.167,129.486,572.892,526.755
US-Rwe,2003-05-11,0.151,2.235,5.015,0.274,0.844,42.812,4.83,9.05,0.61,2.92,19.513,0.046,0.81,0.441,2.604,201.203,,,86.579,0.119,,,,,US-Rwe,US-Rwe,sagebrush,0.2,0.12,0.096,-0.033,0.243,0.025,0.186,1.822,2.023,0.812,0.402,14.754,438.621,48.013,126.375,573.844,526.817
US-Rwe,2003-05-16,0.161,3.935,6.332,0.233,0.767,60.079,4.45,11.96,-3.06,0.0,19.513,-0.164,1.325,0.575,2.347,348.184,,79.107,58.755,0.323,,3.447,,,US-Rwe,US-Rwe,sagebrush,-0.482,-0.584,-0.59,-0.769,-0.418,-0.671,-0.494,2.865,2.383,0.882,0.789,17.434,440.337,47.003,124.935,574.276,526.848
US-Rwe,2003-05-21,0.176,5.955,7.647,0.227,0.715,57.337,12.04,18.18,5.9,0.0,19.513,0.037,1.029,1.226,12.351,301.294,,79.576,38.239,0.896,,1.646,,,US-Rwe,US-Rwe,sagebrush,-0.553,-0.656,-0.669,-0.868,-0.486,-0.758,-0.571,3.096,2.543,0.964,0.849,20.31,442.293,45.987,123.428,574.702,526.88
US-Rwe,2003-05-26,0.198,5.929,12.255,0.203,0.694,54.335,13.445,19.02,7.87,0.0,19.513,-0.871,3.501,2.869,12.442,306.096,,79.353,60.413,0.623,,3.394,,,US-Rwe,US-Rwe,sagebrush,-0.901,-1.029,-1.044,-1.347,-0.771,-1.166,-0.912,4.096,3.195,1.287,1.118,24.103,445.348,44.91,121.688,575.142,526.915
US-Rwe,2003-05-31,0.228,4.997,12.042,0.271,0.781,52.567,12.74,18.9,6.58,4.79,19.513,-0.882,6.333,2.581,11.126,228.964,,,73.289,0.384,,,,,US-Rwe,US-Rwe,sagebrush,-0.98,-1.026,-1.13,-1.374,-0.91,-1.243,-0.985,4.728,3.749,1.289,1.369,28.764,449.423,43.416,118.726,575.71,526.966
US-Rwe,2003-06-05,0.243,6.9,9.863,0.216,0.743,58.818,14.27,20.98,7.56,0.0,19.513,-2.176,5.066,3.283,13.132,357.87,,79.556,36.335,1.002,,3.901,,,US-Rwe,US-Rwe,sagebrush,-1.572,-1.676,-1.698,-1.961,-1.476,-1.797,-1.582,4.991,3.42,1.151,1.529,33.949,454.14,42.463,117.242,576.068,527.0
US-Rwe,2003-06-10,0.288,6.416,11.921,0.198,0.698,59.785,14.785,20.92,8.65,0.0,19.513,-2.782,5.568,2.803,14.046,359.999,,78.782,29.546,1.165,,5.016,,,US-Rwe,US-Rwe,sagebrush,-2.53,-2.658,-2.668,-3.001,-2.394,-2.796,-2.534,6.74,4.21,1.331,2.154,41.268,461.407,41.563,115.84,576.4,527.035
US-Rwe,2003-06-15,0.342,7.801,12.9,0.191,0.666,57.743,15.02,22.19,7.85,0.0,19.513,-3.323,5.597,2.213,15.36,332.405,,79.5,40.211,1.064,,2.907,,,US-Rwe,US-Rwe,sagebrush,-3.185,-3.322,-3.328,-3.695,-3.031,-3.473,-3.186,7.939,4.755,1.454,2.582,50.039,470.409,40.711,114.496,576.712,527.071
US-Rwe,2003-06-20,0.351,2.952,13.785,0.202,0.656,48.559,8.21,12.78,3.64,5.45,19.513,-2.364,4.483,1.716,6.914,304.133,,78.52,74.342,0.272,,4.738,,,US-Rwe,US-Rwe,sagebrush,-2.997,-3.116,-3.146,-3.518,-2.844,-3.299,-2.993,7.883,4.886,1.588,2.507,58.524,479.068,39.795,112.893,577.034,527.11
US-Rwe,2003-06-25,0.323,5.773,9.704,0.201,0.665,59.1,11.615,17.34,5.89,0.0,19.513,-2.655,4.828,2.328,11.004,360.378,,79.893,44.743,0.755,,2.727,,,US-Rwe,US-Rwe,sagebrush,-2.826,-2.936,-2.941,-3.225,-2.707,-3.048,-2.827,7.044,4.219,1.282,2.294,66.249,486.826,39.12,111.935,577.28,527.142
US-Rwe,2003-06-30,0.281,11.72,16.312,0.18,0.664,58.065,17.92,26.03,9.81,0.0,19.513,-2.446,5.245,2.913,18.046,360.23,,79.318,23.866,1.611,,3.786,,,US-Rwe,US-Rwe,sagebrush,-2.038,-2.179,-2.193,-2.618,-1.84,-2.347,-2.032,6.591,4.554,1.966,1.842,72.375,492.697,38.352,110.586,577.549,527.181
US-Rwe,2003-07-05,0.268,12.062,14.99,0.165,0.665,59.472,17.91,25.29,10.53,0.0,19.513,-2.074,4.548,2.864,18.382,354.716,,79.474,25.561,1.6,,2.305,,,US-Rwe,US-Rwe,sagebrush,-1.926,-2.08,-2.067,-2.469,-1.734,-2.215,-1.926,6.094,4.168,1.854,1.688,77.941,497.917,37.783,109.754,577.762,527.213
US-Rwe,2003-07-10,0.241,17.831,16.722,0.157,0.668,59.721,22.735,30.95,14.52,0.0,19.513,-1.249,4.65,3.884,23.506,356.112,,79.704,16.222,2.471,,5.136,,,US-Rwe,US-Rwe,sagebrush,-1.029,-1.193,-1.178,-1.606,-0.802,-1.349,-1.006,4.85,3.821,2.098,1.096,81.439,500.685,37.244,108.935,577.965,527.246
US-Rwe,2003-07-15,0.245,17.538,17.148,0.144,0.67,57.837,20.3,29.71,10.89,0.0,19.513,-1.12,2.75,2.036,23.316,331.841,,79.417,17.182,2.44,,4.055,,,US-Rwe,US-Rwe,sagebrush,-1.031,-1.218,-1.18,-1.632,-0.782,-1.36,-0.997,4.826,3.795,2.176,1.055,84.773,503.275,36.817,108.388,578.138,527.276
US-Rwe,2003-07-20,0.245,18.092,22.25,0.132,0.672,55.907,24.595,31.0,18.19,0.0,19.513,-1.506,4.331,3.075,25.597,325.053,,79.913,22.212,2.575,,2.786,,,US-Rwe,US-Rwe,sagebrush,-0.358,-0.603,-0.544,-1.156,0.058,-0.809,-0.241,4.594,4.236,2.993,0.638,86.647,504.142,36.361,107.68,578.317,527.308
US-Rwe,2003-07-25,0.217,13.663,20.94,0.191,0.672,42.496,19.575,26.65,12.5,2.89,19.513,-1.8,3.284,3.106,16.746,227.827,,79.466,75.855,0.501,,3.012,,,US-Rwe,US-Rwe,sagebrush,0.549,0.46,0.368,-0.074,0.717,0.182,0.64,3.416,3.965,2.778,0.254,87.236,503.432,35.456,105.66,578.57,527.358
US-Rwe,2003-07-30,0.224,21.145,20.483,0.216,0.711,55.462,24.03,30.46,17.6,0.0,19.513,-0.896,3.209,4.053,26.118,313.619,,79.743,19.086,2.768,,2.6,,,US-Rwe,US-Rwe,sagebrush,0.414,0.387,0.246,-0.146,0.636,0.075,0.498,3.757,4.171,2.701,0.42,88.415,503.406,34.402,103.191,578.813,527.416
US-Rwe,2003-08-04,0.202,12.666,13.593,0.275,0.84,48.912,15.91,21.57,10.25,0.0,19.513,-1.147,1.83,0.614,16.232,289.303,,79.655,58.086,0.88,,2.707,,,US-Rwe,US-Rwe,sagebrush,0.068,0.127,-0.053,-0.215,0.125,-0.145,0.046,3.399,3.466,1.785,0.642,90.403,504.293,33.336,100.791,579.007,527.474
US-Rwe,2003-08-09,0.196,18.568,16.586,0.229,0.749,52.531,20.35,28.3,12.4,0.0,19.513,-0.571,1.593,1.842,18.835,309.892,,79.646,,1.518,,3.157,,,US-Rwe,US-Rwe,sagebrush,0.245,0.248,0.11,-0.146,0.37,-0.016,0.262,3.3,3.545,2.149,0.458,91.713,504.42,32.454,98.821,579.142,527.528
US-Rwe,2003-08-19,0.188,20.417,17.405,0.189,0.683,49.046,22.11,29.63,14.59,0.0,19.513,0.139,1.434,0.218,23.053,217.489,,79.448,23.878,2.176,,2.713,,,US-Rwe,US-Rwe,sagebrush,0.439,0.372,0.301,-0.01,0.554,0.153,0.474,2.774,3.213,2.265,0.203,92.872,503.008,31.142,96.077,579.294,527.62
US-Rwe,2003-08-24,0.184,16.279,16.128,0.236,0.728,47.599,18.525,25.4,11.65,0.0,19.513,0.56,1.182,0.638,18.887,279.746,,79.803,36.412,1.435,,2.942,,,US-Rwe,US-Rwe,sagebrush,0.404,0.431,0.277,0.062,0.53,0.16,0.411,2.952,3.356,2.095,0.341,93.779,502.66,30.321,94.221,579.339,527.675
US-Rwe,2003-09-08,0.164,7.078,13.335,0.197,0.663,34.253,6.575,11.34,1.81,0.0,19.513,-0.53,0.944,0.327,5.219,255.612,,78.906,62.608,0.354,,6.672,,,US-Rwe,US-Rwe,sagebrush,0.439,0.399,0.331,0.136,0.53,0.237,0.436,2.095,2.534,1.768,0.13,94.768,499.674,28.689,90.984,579.321,527.807
US-Rwe,2003-09-13,0.161,8.649,6.245,0.196,0.652,42.464,8.235,15.75,0.72,0.0,19.513,-0.746,1.735,0.451,6.985,252.073,,79.928,40.562,0.653,,3.403,,,US-Rwe,US-Rwe,sagebrush,0.045,-0.006,-0.023,-0.148,0.128,-0.111,0.063,1.814,1.859,1.15,0.264,95.37,499.021,28.491,90.999,579.301,527.835
US-Rwe,2003-09-18,0.161,7.418,4.54,0.19,0.638,32.829,6.2,12.81,-0.41,0.0,19.513,-0.718,1.368,0.906,7.31,228.166,,79.666,37.225,0.666,,1.608,,,US-Rwe,US-Rwe,sagebrush,0.218,0.161,0.159,0.039,0.289,0.076,0.243,1.32,1.538,1.037,0.113,95.44,494.322,28.368,94.654,579.283,527.858
US-Rwe,2003-09-23,0.16,13.532,9.988,0.183,0.628,38.244,15.2,22.92,7.48,0.0,19.513,-0.104,1.134,1.728,18.201,226.855,,79.467,16.22,1.762,,2.783,,,US-Rwe,US-Rwe,sagebrush,0.336,0.27,0.256,0.082,0.405,0.177,0.347,1.708,2.043,1.431,0.11,95.497,486.651,28.136,100.792,579.284,527.889
US-Rwe,2003-09-28,0.153,15.168,11.904,0.176,0.623,35.654,17.11,24.68,9.54,0.0,19.513,-0.11,1.653,2.045,19.106,207.004,,79.556,24.269,1.689,,1.845,,,US-Rwe,US-Rwe,sagebrush,0.541,0.47,0.437,0.252,0.565,0.374,0.501,1.57,2.111,1.57,0.0,95.167,477.39,27.89,107.846,579.328,527.92
US-Rwe,2003-10-03,0.15,10.319,10.87,0.17,0.621,32.859,11.845,16.88,6.81,0.0,19.513,-0.144,2.204,3.049,12.187,193.678,,,61.86,0.567,,,,,US-Rwe,US-Rwe,sagebrush,0.473,0.377,0.382,0.181,0.508,0.316,0.466,1.527,2.0,1.465,0.025,94.918,467.632,27.704,115.557,579.415,527.949
US-Rwe,2003-10-08,0.147,11.119,8.915,0.164,0.618,30.358,12.11,19.7,4.52,0.0,19.513,0.553,2.123,3.808,13.015,180.924,,78.888,40.979,0.938,,5.778,,,US-Rwe,US-Rwe,sagebrush,0.461,0.376,0.387,0.213,0.504,0.329,0.462,1.247,1.709,1.247,0.0,94.58,457.353,27.593,123.832,579.536,527.974
US-Rwe,2003-10-13,0.146,5.881,1.808,0.167,0.61,29.206,3.885,10.11,-2.34,0.0,19.513,-0.459,1.035,0.051,3.44,176.966,,79.817,50.474,0.423,,2.83,,,US-Rwe,US-Rwe,sagebrush,0.27,0.175,0.225,0.092,0.337,0.159,0.303,0.92,1.19,0.817,0.041,94.388,445.303,27.618,134.565,579.654,527.991
US-Rwe,2003-10-18,0.145,13.596,7.39,0.173,0.599,28.66,15.365,22.82,7.91,0.0,19.513,-0.296,1.055,0.62,4.546,140.704,,79.677,,0.508,,4.869,,,US-Rwe,US-Rwe,sagebrush,0.501,0.457,0.466,0.322,0.607,0.413,0.514,1.01,1.511,1.01,0.0,84.874,430.593,36.687,146.957,579.885,528.016
US-Rwe,2003-10-23,0.144,9.063,5.847,0.167,0.598,27.236,8.62,17.27,-0.03,0.0,19.513,-0.39,1.433,1.229,5.011,156.152,,79.849,29.681,0.572,,4.0,,,US-Rwe,US-Rwe,sagebrush,0.472,0.347,0.407,0.233,0.537,0.331,0.476,0.986,1.458,0.974,0.005,76.336,416.221,44.725,159.132,580.201,528.038
US-Rwe,2003-10-28,0.145,8.438,6.17,0.177,0.584,23.931,10.55,15.09,6.01,0.0,19.513,-0.478,0.622,0.481,9.88,122.65,,79.181,61.776,0.482,,8.445,,,US-Rwe,US-Rwe,sagebrush,0.571,0.461,0.526,0.351,0.678,0.463,0.582,0.902,1.473,0.902,0.0,68.642,398.82,51.723,173.882,580.667,528.062
US-Rwe,2003-11-02,0.135,2.128,-5.373,0.209,0.56,18.347,-4.465,-0.43,-8.5,0.0,19.513,0.086,0.184,0.642,-5.068,58.799,,78.399,71.554,0.119,,4.625,,,US-Rwe,US-Rwe,sagebrush,0.352,0.26,0.354,0.296,0.448,0.316,0.387,0.309,0.66,0.309,0.0,61.723,398.82,58.183,172.229,581.007,528.076
US-Rwe,2003-11-07,0.119,2.765,-5.278,0.244,0.562,19.153,-2.73,1.54,-7.0,0.0,19.513,0.144,0.142,0.28,-2.012,105.968,,79.195,64.107,0.196,,3.966,,,US-Rwe,US-Rwe,sagebrush,0.435,0.331,0.447,0.383,0.538,0.404,0.485,0.273,0.708,0.273,0.0,55.501,398.82,63.775,170.234,581.441,528.093
US-Rwe,2003-11-12,0.106,1.622,-1.262,0.267,0.608,19.251,-1.5,1.04,-4.04,0.0,19.513,0.504,0.243,0.397,-1.702,138.817,,79.652,74.954,0.14,,4.817,,,US-Rwe,US-Rwe,sagebrush,0.658,0.536,0.684,0.583,0.796,0.629,0.737,0.353,1.011,0.353,0.0,49.907,387.687,68.335,178.414,582.112,528.119
US-Rwe,2003-11-17,0.094,0.451,-0.046,0.343,0.648,12.458,-2.89,-1.61,-4.17,0.0,19.513,0.21,0.089,0.458,-2.792,39.052,,,97.868,0.01,,,,,US-Rwe,US-Rwe,sagebrush,0.988,0.817,1.018,0.86,1.164,0.941,1.091,0.059,1.046,0.059,0.0,44.876,385.918,71.771,175.73,583.185,528.157
US-Rwe,2003-11-22,0.081,0.637,-5.994,0.333,0.702,17.214,-11.22,-8.37,-14.07,0.0,19.513,0.479,0.21,0.239,-13.269,88.066,,78.908,87.605,0.028,,4.829,,,US-Rwe,US-Rwe,sagebrush,0.617,0.475,0.635,0.538,0.726,0.586,0.68,0.053,0.67,0.053,0.0,40.353,385.918,75.248,172.989,583.862,528.181
US-Rwe,2003-11-27,0.069,2.237,-5.253,0.344,0.713,16.172,-5.475,0.7,-11.65,0.0,19.513,0.138,0.433,0.36,-5.887,108.579,,,83.755,0.072,,,,,US-Rwe,US-Rwe,sagebrush,0.68,0.533,0.702,0.602,0.799,0.65,0.751,0.107,0.787,0.107,0.0,36.285,385.918,78.108,170.018,584.612,528.208
US-Rwe,2003-12-02,0.057,1.112,-0.322,0.433,0.889,13.524,2.645,4.91,0.38,0.0,19.513,0.213,0.077,0.279,0.679,37.575,,,90.406,0.064,,,,,US-Rwe,US-Rwe,sagebrush,1.254,1.071,1.298,1.106,1.457,1.2,1.385,0.068,1.322,0.068,0.0,32.628,384.575,79.454,165.98,585.986,528.258
US-Rwe,2003-12-07,0.044,0.829,0.669,0.32,1.136,13.032,-2.175,0.14,-4.49,5.26,19.513,-0.286,0.031,0.42,-3.673,32.599,,,97.058,0.013,,,,,US-Rwe,US-Rwe,sagebrush,0.951,0.809,0.984,0.834,1.111,0.913,1.062,0.03,0.982,0.03,0.0,29.339,383.236,80.941,163.292,587.018,528.298
US-Rwe,2003-12-12,0.032,0.488,-3.185,0.363,0.976,10.275,-5.715,-4.02,-7.41,9.04,19.513,0.688,0.42,0.361,-3.925,44.7,,78.634,96.8,0.014,,7.552,,,US-Rwe,US-Rwe,sagebrush,0.835,0.693,0.86,0.744,0.967,0.804,0.917,0.003,0.838,0.003,0.0,26.382,383.236,82.28,159.799,587.92,528.333
US-Rwe,2003-12-17,0.019,2.094,-4.5,0.439,1.147,14.112,0.705,6.03,-4.62,0.0,19.513,1.227,0.0,0.783,-1.6,79.419,,,,0.182,,,,,US-Rwe,US-Rwe,sagebrush,0.923,0.773,0.951,0.826,1.069,0.892,1.008,0.0,0.923,0.0,0.0,23.723,383.236,83.106,155.991,588.906,528.373
US-Rwe,2003-12-22,0.007,1.394,-4.803,0.439,1.181,15.653,-3.845,0.87,-8.56,0.0,19.513,1.686,0.0,1.365,-2.37,89.886,,79.594,78.032,0.121,,3.915,,,US-Rwe,US-Rwe,sagebrush,0.892,0.748,0.921,0.801,1.031,0.863,0.976,0.0,0.892,0.0,0.0,21.331,383.236,83.689,152.36,589.845,528.413
US-Rwe,2003-12-27,-0.005,0.459,-4.355,0.439,1.241,9.773,-8.715,-6.72,-10.71,0.0,19.513,1.35,0.0,0.901,-10.18,41.475,,,92.253,0.022,,,,,US-Rwe,US-Rwe,sagebrush,0.914,0.775,0.945,0.825,1.064,0.886,1.004,0.0,0.914,0.0,0.0,19.181,383.236,83.955,148.689,590.79,528.455
US-Rwe,2004-01-01,-0.018,0.654,-3.6,0.439,1.252,11.708,-4.02,-1.97,-6.07,9.42,19.513,0.086,0.014,0.406,-4.729,25.161,,,96.469,0.015,,,,,US-Rwe,US-Rwe,sagebrush,0.956,0.824,0.992,0.869,1.117,0.928,1.053,0.0,0.956,0.0,0.0,17.248,383.236,83.886,144.895,591.758,528.5
US-Rwe,2004-01-06,-0.031,0.81,-3.451,0.439,1.258,9.804,-9.465,-5.51,-13.42,9.8,19.513,-0.032,0.025,0.347,-7.216,45.084,,78.918,94.425,0.019,,5.995,,,US-Rwe,US-Rwe,sagebrush,0.954,0.829,0.991,0.871,1.124,0.928,1.056,0.0,0.954,0.0,0.0,15.509,383.236,83.601,141.157,592.702,528.546
US-Rwe,2004-01-11,-0.031,1.998,-2.573,0.439,1.301,14.141,-0.195,5.21,-5.6,0.0,19.513,-0.717,0.049,0.614,3.477,88.984,,79.287,47.114,0.416,,2.5,,,US-Rwe,US-Rwe,sagebrush,1.003,0.886,1.045,0.922,1.19,0.976,1.116,0.0,1.003,0.0,0.0,13.946,383.236,83.015,137.274,593.667,528.596
US-Rwe,2004-01-26,-0.043,0.955,-3.541,0.439,1.305,14.519,-4.945,-1.62,-8.27,0.0,19.513,0.506,0.04,0.33,-7.856,73.179,,,93.508,0.022,,,,,US-Rwe,US-Rwe,sagebrush,0.887,0.795,0.927,0.812,1.09,0.864,0.992,0.0,0.887,0.0,0.0,13.898,383.236,77.371,127.225,596.041,528.736
US-Rwe,2004-01-31,-0.043,0.624,-2.524,0.439,1.316,19.845,-8.23,-5.55,-10.91,0.0,19.513,-0.106,0.086,0.38,-10.167,46.712,,78.505,92.739,0.02,,6.499,,,US-Rwe,US-Rwe,sagebrush,0.938,0.857,0.982,0.855,1.156,0.915,1.055,0.0,0.938,0.0,0.0,13.882,383.236,75.39,123.713,596.809,528.789
US-Rwe,2004-02-05,-0.036,0.583,-2.606,0.439,1.314,23.121,-7.47,-5.13,-9.81,0.0,19.513,0.177,0.923,2.677,-6.876,143.755,,,94.811,0.019,,,,,US-Rwe,US-Rwe,sagebrush,0.913,0.847,0.958,0.829,1.138,0.887,1.033,0.0,0.913,0.0,0.0,13.867,383.236,73.472,120.318,597.518,528.842
US-Rwe,2004-02-10,-0.036,1.371,-3.295,0.439,1.311,24.956,-6.6,-0.78,-12.42,0.0,19.513,1.413,0.83,3.058,-5.76,157.896,,79.723,75.166,0.109,,1.892,,,US-Rwe,US-Rwe,sagebrush,0.851,0.794,0.894,0.772,1.074,0.823,0.96,0.0,0.851,0.0,0.0,13.851,383.236,71.695,117.178,598.143,528.893
US-Rwe,2004-02-15,-0.035,1.254,-4.065,0.439,1.311,21.619,-2.96,0.93,-6.85,0.0,19.513,1.047,0.268,1.367,-3.798,86.042,,79.047,91.179,0.042,,6.008,,,US-Rwe,US-Rwe,sagebrush,0.788,0.739,0.828,0.713,1.0,0.76,0.89,0.0,0.788,0.0,0.0,13.835,383.236,70.059,114.291,598.69,528.941
US-Rwe,2004-02-20,-0.032,1.499,-2.93,0.439,1.317,28.145,-5.4,0.46,-11.26,0.0,19.513,1.169,0.188,0.862,-5.199,207.795,,78.888,84.601,0.065,,3.743,,,US-Rwe,US-Rwe,sagebrush,0.843,0.807,0.888,0.755,1.077,0.812,0.96,0.0,0.843,0.0,0.0,13.819,383.236,68.319,111.227,599.241,528.994
US-Rwe,2004-02-25,-0.014,0.847,-3.427,0.439,1.317,21.881,-5.29,-2.3,-8.28,5.39,19.513,1.092,0.47,1.743,-2.614,60.531,,78.1,82.655,0.087,,8.881,,,US-Rwe,US-Rwe,sagebrush,0.797,0.77,0.84,0.713,1.024,0.764,0.91,0.0,0.797,0.0,0.0,13.803,383.236,66.685,108.352,599.728,529.046
US-Rwe,2004-03-01,0.0,0.954,-3.84,0.439,1.317,23.95,-3.895,-0.82,-6.97,0.0,19.513,1.237,0.159,1.812,-4.341,91.494,,78.459,90.022,0.045,,5.095,,,US-Rwe,US-Rwe,sagebrush,0.759,0.733,0.801,0.678,0.98,0.725,0.869,0.0,0.759,0.0,0.0,13.788,383.236,65.138,105.637,600.16,529.096
US-Rwe,2004-03-06,0.014,1.151,-3.112,0.439,1.317,23.939,-0.465,2.47,-3.4,0.0,19.513,0.601,1.887,4.011,-2.769,171.368,,79.524,82.942,0.088,,8.502,,,US-Rwe,US-Rwe,sagebrush,0.787,0.773,0.832,0.697,1.022,0.749,0.907,0.0,0.787,0.0,0.0,13.772,383.236,63.543,102.843,600.575,529.15
US-Rwe,2004-03-11,0.028,2.69,-3.828,0.439,1.317,36.57,2.955,9.0,-3.09,0.0,19.513,0.826,0.484,2.042,3.986,191.839,,79.601,40.738,0.481,,1.751,,,US-Rwe,US-Rwe,sagebrush,0.733,0.723,0.775,0.649,0.957,0.697,0.846,0.007,0.74,0.007,0.0,13.756,383.236,62.069,100.263,600.93,529.201
US-Rwe,2004-03-16,0.042,2.494,-4.477,0.439,1.317,38.269,5.36,9.97,0.75,0.0,19.513,0.739,0.0,1.254,2.942,197.343,,79.631,56.767,0.338,,5.32,,,US-Rwe,US-Rwe,sagebrush,0.685,0.674,0.726,0.608,0.9,0.649,0.793,0.098,0.784,0.098,0.0,13.741,383.236,60.7,97.87,601.233,529.249
US-Rwe,2004-03-21,0.056,4.926,2.305,0.295,1.317,37.305,10.035,17.43,2.64,0.0,19.513,0.94,0.0,1.847,12.591,232.493,,79.674,28.936,1.05,,2.857,,,US-Rwe,US-Rwe,sagebrush,0.691,0.714,0.732,0.606,0.849,0.655,0.813,0.302,0.994,0.302,0.0,13.707,381.902,59.343,96.808,601.512,529.299
US-Rwe,2004-03-26,0.07,1.328,2.19,0.238,1.243,26.023,-0.56,2.9,-4.02,0.0,19.513,0.237,0.042,0.363,-3.317,185.597,,78.633,75.812,0.123,,7.792,,,US-Rwe,US-Rwe,sagebrush,0.53,0.535,0.56,0.455,0.659,0.494,0.623,0.27,0.8,0.27,0.0,13.668,380.573,58.331,96.3,601.713,529.338
US-Rwe,2004-03-31,0.084,2.003,4.441,0.24,1.142,39.938,2.55,6.94,-1.84,0.0,19.513,0.377,0.168,0.608,0.809,172.469,,78.752,79.086,0.144,,3.168,,,US-Rwe,US-Rwe,sagebrush,0.56,0.532,0.519,0.437,0.623,0.467,0.58,0.764,1.323,0.684,0.032,13.738,379.379,57.177,95.517,601.932,529.383
US-Rwe,2004-04-05,0.098,3.775,5.729,0.249,0.988,40.109,10.055,15.39,4.72,0.0,19.513,0.696,0.359,0.956,9.103,221.925,,78.85,60.976,0.458,,2.278,,,US-Rwe,US-Rwe,sagebrush,0.526,0.511,0.489,0.4,0.601,0.426,0.561,0.987,1.513,0.737,0.099,14.042,378.467,55.904,94.492,602.158,529.434
US-Rwe,2004-04-10,0.112,3.082,2.8,0.246,0.787,49.378,4.4,10.34,-1.54,0.0,19.513,0.174,0.521,0.552,3.236,304.938,,79.544,49.572,0.406,,2.373,,,US-Rwe,US-Rwe,sagebrush,0.173,0.145,0.142,0.061,0.254,0.092,0.198,1.256,1.43,0.617,0.255,14.88,378.195,54.873,93.873,602.331,529.476
US-Rwe,2004-04-15,0.126,2.117,1.962,0.226,0.729,34.105,1.38,6.5,-3.74,0.0,19.513,-0.162,1.154,0.709,-0.389,256.629,,,56.015,0.286,,,,,US-Rwe,US-Rwe,sagebrush,0.238,0.201,0.205,0.117,0.318,0.151,0.261,0.979,1.217,0.587,0.156,15.374,377.52,54.018,93.544,602.47,529.512
US-Rwe,2004-04-20,0.14,1.589,3.31,0.226,0.707,39.254,1.135,4.88,-2.61,5.68,19.513,-0.395,0.495,0.243,-0.321,153.369,,78.648,81.509,0.12,,7.183,,,US-Rwe,US-Rwe,sagebrush,0.069,0.036,0.032,-0.058,0.148,-0.025,0.091,1.373,1.442,0.637,0.293,16.339,377.411,53.103,93.077,602.612,529.552
US-Rwe,2004-04-30,0.169,6.603,3.672,0.227,0.718,55.879,8.58,16.37,0.79,0.0,19.513,-0.954,1.55,2.474,8.662,345.302,,,31.537,0.79,,,,,US-Rwe,US-Rwe,sagebrush,-0.476,-0.506,-0.516,-0.608,-0.405,-0.574,-0.454,2.309,1.833,0.657,0.658,20.543,379.907,51.143,91.82,602.889,529.639
US-Rwe,2004-05-05,0.183,9.944,10.029,0.199,0.693,56.128,12.82,20.11,5.53,0.0,19.513,-0.98,2.995,2.058,13.354,331.153,,78.699,27.555,1.153,,7.13,,,US-Rwe,US-Rwe,sagebrush,-0.734,-0.763,-0.796,-0.973,-0.596,-0.887,-0.697,3.22,2.487,0.974,0.895,23.562,382.259,50.089,90.989,603.023,529.688
US-Rwe,2004-05-10,0.197,1.303,8.36,0.197,0.671,41.363,1.395,4.34,-1.55,13.69,19.513,-0.322,1.034,1.068,1.904,78.977,,,78.159,0.183,,,,,US-Rwe,US-Rwe,sagebrush,-0.289,-0.32,-0.346,-0.502,-0.183,-0.424,-0.263,2.297,2.008,0.892,0.56,25.416,383.227,49.169,90.383,603.13,529.732
US-Rwe,2004-05-15,0.211,4.274,6.903,0.241,0.748,48.198,6.77,11.99,1.55,0.0,19.513,-0.605,1.579,1.253,6.808,146.283,,78.937,64.166,0.378,,3.62,,,US-Rwe,US-Rwe,sagebrush,-0.792,-0.792,-0.839,-0.951,-0.71,-0.897,-0.773,3.223,2.431,0.823,0.956,28.639,385.819,48.087,89.446,603.241,529.784
US-Rwe,2004-05-20,0.225,3.386,6.873,0.28,0.767,58.315,5.72,10.97,0.47,4.56,19.513,-1.047,2.076,1.199,6.869,288.567,,78.981,65.905,0.349,,2.782,,,US-Rwe,US-Rwe,sagebrush,-1.3,-1.268,-1.343,-1.434,-1.224,-1.407,-1.285,4.271,2.971,0.833,1.369,33.288,390.1,46.816,88.115,603.349,529.847
US-Rwe,2004-05-25,0.223,3.708,6.657,0.25,0.785,60.129,4.595,9.96,-0.77,0.0,19.513,-1.256,3.081,2.393,6.198,355.728,,79.029,57.678,0.429,,2.627,,,US-Rwe,US-Rwe,sagebrush,-1.411,-1.403,-1.458,-1.572,-1.33,-1.521,-1.39,4.28,2.869,0.84,1.37,37.92,394.369,45.773,87.185,603.42,529.901
US-Rwe,2004-05-30,0.214,4.481,4.564,0.27,0.843,53.227,5.8,13.09,-1.49,0.0,19.513,-1.51,2.62,0.838,5.319,311.055,,79.236,60.593,0.379,,3.859,,,US-Rwe,US-Rwe,sagebrush,-0.834,-0.818,-0.873,-0.952,-0.768,-0.928,-0.821,3.198,2.364,0.756,0.972,41.174,396.99,44.791,86.354,603.473,529.954
US-Rwe,2004-06-04,0.219,9.649,14.838,0.235,0.765,57.801,17.14,23.55,10.73,0.0,19.513,-1.275,4.45,3.304,17.334,379.155,,,42.157,1.188,,,,,US-Rwe,US-Rwe,sagebrush,-1.23,-1.174,-1.306,-1.534,-1.047,-1.423,-1.199,4.944,3.713,1.425,1.401,45.887,401.364,43.424,84.669,603.515,530.029
US-Rwe,2004-06-09,0.237,2.889,9.514,0.225,0.732,50.501,5.28,9.81,0.75,0.0,19.513,-1.785,3.75,2.722,4.873,236.576,,78.475,71.387,0.261,,5.7,,,US-Rwe,US-Rwe,sagebrush,-1.399,-1.389,-1.458,-1.618,-1.296,-1.536,-1.384,4.457,3.058,1.054,1.355,50.422,405.533,42.491,83.83,603.523,530.084
US-Rwe,2004-06-14,0.23,5.097,9.86,0.227,0.737,59.703,9.135,14.97,3.3,0.0,19.513,-2.381,4.432,2.046,10.087,397.111,,79.522,43.939,0.725,,3.793,,,US-Rwe,US-Rwe,sagebrush,-1.661,-1.645,-1.721,-1.883,-1.55,-1.804,-1.645,4.962,3.3,1.098,1.539,55.578,410.442,41.559,82.956,603.514,530.141
US-Rwe,2004-06-19,0.243,7.087,12.637,0.211,0.707,58.265,12.985,19.27,6.7,0.0,19.513,-1.844,4.908,3.086,12.386,291.4,,79.507,59.069,0.609,,2.919,,,US-Rwe,US-Rwe,sagebrush,-1.827,-1.814,-1.899,-2.115,-1.665,-1.994,-1.801,5.499,3.672,1.327,1.661,61.133,415.838,40.634,82.035,603.486,530.2
US-Rwe,2004-06-24,0.295,12.263,17.593,0.2,0.692,52.064,20.09,27.21,12.97,0.0,19.513,-1.41,4.522,1.463,19.37,290.586,,79.649,31.499,1.577,,3.117,,,US-Rwe,US-Rwe,sagebrush,-1.823,-1.802,-1.917,-2.235,-1.578,-2.081,-1.779,6.158,4.334,1.832,1.722,66.876,421.466,39.594,80.81,603.429,530.268
US-Rwe,2004-06-29,0.31,4.231,16.632,0.257,0.724,51.302,13.61,18.38,8.84,2.74,19.513,-1.105,4.711,3.765,14.309,240.704,,79.385,59.049,0.689,,3.556,,,US-Rwe,US-Rwe,sagebrush,-2.548,-2.428,-2.63,-2.867,-2.362,-2.765,-2.52,7.67,5.122,1.77,2.349,74.797,429.65,38.211,78.857,603.313,530.357
US-Rwe,2004-07-04,0.308,7.669,14.593,0.242,0.771,57.149,15.175,21.51,8.84,0.0,19.513,-2.683,7.481,4.715,14.809,353.427,,79.35,49.09,0.896,,3.206,,,US-Rwe,US-Rwe,sagebrush,-2.671,-2.593,-2.747,-2.958,-2.508,-2.862,-2.649,7.456,4.785,1.616,2.325,82.602,437.706,37.13,77.493,603.176,530.433
US-Rwe,2004-07-09,0.307,9.502,12.637,0.214,0.718,58.469,16.745,24.11,9.38,0.0,19.513,-2.519,5.477,3.688,17.616,256.42,,79.036,29.416,1.436,,3.976,,,US-Rwe,US-Rwe,sagebrush,-2.542,-2.517,-2.612,-2.819,-2.398,-2.715,-2.51,6.802,4.26,1.481,2.119,89.653,444.886,36.387,76.783,603.047,530.492
US-Rwe,2004-07-14,0.302,10.926,18.698,0.193,0.692,57.685,22.015,28.17,15.86,0.0,19.513,-2.096,6.131,6.029,23.48,361.163,,79.518,20.896,2.312,,3.234,,,US-Rwe,US-Rwe,sagebrush,-2.282,-2.257,-2.379,-2.705,-2.033,-2.544,-2.242,7.22,4.937,2.195,2.001,96.258,451.556,35.574,75.829,602.882,530.56
US-Rwe,2004-07-19,0.301,9.652,19.428,0.187,0.677,53.023,18.52,25.33,11.71,0.0,19.513,-2.53,4.775,3.65,17.986,291.221,,79.599,54.744,1.006,,3.719,,,US-Rwe,US-Rwe,sagebrush,-1.968,-1.945,-2.067,-2.402,-1.702,-2.24,-1.917,6.83,4.863,2.351,1.784,102.088,457.312,34.823,74.951,602.699,530.626
US-Rwe,2004-07-24,0.275,13.168,18.427,0.204,0.683,56.094,20.93,28.68,13.18,0.0,19.513,-1.771,5.177,3.876,20.519,327.547,,79.727,29.196,1.756,,4.668,,,US-Rwe,US-Rwe,sagebrush,-1.47,-1.41,-1.56,-1.833,-1.227,-1.713,-1.427,5.986,4.516,2.26,1.484,106.88,461.816,34.024,73.951,602.482,530.698
US-Rwe,2004-07-29,0.26,10.725,17.431,0.183,0.665,55.2,20.805,27.06,14.55,0.0,19.513,-1.829,4.859,3.495,19.939,334.839,,,26.987,1.71,,,,,US-Rwe,US-Rwe,sagebrush,-1.589,-1.576,-1.676,-1.961,-1.355,-1.806,-1.542,5.87,4.281,2.163,1.476,111.608,466.271,33.462,73.41,602.285,530.757
US-Rwe,2004-08-03,0.257,9.018,16.833,0.171,0.654,53.335,18.07,24.42,11.72,0.0,19.513,-1.59,4.481,2.79,15.614,348.507,,79.375,39.665,1.13,,3.677,,,US-Rwe,US-Rwe,sagebrush,-1.666,-1.677,-1.75,-2.039,-1.44,-1.877,-1.608,5.841,4.175,2.12,1.482,116.329,470.735,33.035,73.115,602.1,530.81
US-Rwe,2004-08-08,0.245,9.56,12.607,0.156,0.647,53.215,15.805,23.91,7.7,0.0,19.513,-1.711,3.853,2.62,16.076,343.977,,79.973,31.606,1.302,,2.456,,,US-Rwe,US-Rwe,sagebrush,-1.463,-1.507,-1.529,-1.762,-1.316,-1.636,-1.424,4.802,3.339,1.668,1.248,120.212,473.461,32.86,74.1,601.96,530.849
US-Rwe,2004-08-13,0.232,15.871,19.574,0.143,0.645,46.634,23.045,30.07,16.02,0.0,19.513,-1.017,2.814,0.819,23.649,306.308,,79.667,19.19,2.38,,2.575,,,US-Rwe,US-Rwe,sagebrush,-0.249,-0.304,-0.34,-0.693,0.053,-0.498,-0.161,3.822,3.573,2.57,0.499,121.482,472.357,32.603,75.549,601.8,530.896
US-Rwe,2004-08-18,0.232,8.83,16.68,0.26,0.752,47.796,16.07,21.73,10.41,0.0,19.513,0.219,3.534,2.366,15.636,315.004,,79.669,67.52,0.625,,3.38,,,US-Rwe,US-Rwe,sagebrush,-0.555,-0.383,-0.591,-0.782,-0.382,-0.682,-0.489,4.662,4.107,2.158,0.997,124.59,474.807,31.626,73.955,601.5,530.983
US-Rwe,2004-08-23,0.238,8.62,10.9,0.266,0.75,36.854,10.405,19.23,1.58,0.0,19.513,0.697,1.975,1.289,6.661,209.966,,79.049,76.402,0.269,,3.156,,,US-Rwe,US-Rwe,sagebrush,-0.17,-0.05,-0.193,-0.289,-0.07,-0.256,-0.127,3.069,2.899,1.536,0.61,126.364,475.662,30.939,73.059,601.234,531.052
US-Rwe,2004-08-28,0.227,12.004,10.576,0.232,0.73,46.532,13.245,21.08,5.41,0.0,19.513,-0.029,3.693,4.734,14.268,295.986,,79.797,45.016,0.928,,1.465,,,US-Rwe,US-Rwe,sagebrush,-0.484,-0.417,-0.516,-0.63,-0.378,-0.587,-0.445,3.356,2.872,1.513,0.734,128.521,477.02,30.477,72.604,601.0,531.109
US-Rwe,2004-09-02,0.217,8.963,11.987,0.209,0.692,42.845,8.64,16.63,0.65,0.0,19.513,-0.153,2.488,2.033,5.728,278.524,,79.199,65.698,0.337,,4.333,,,US-Rwe,US-Rwe,sagebrush,-0.42,-0.374,-0.462,-0.596,-0.306,-0.54,-0.388,3.331,2.911,1.657,0.666,130.413,478.097,30.105,72.283,600.77,531.164
US-Rwe,2004-09-07,0.21,12.858,10.209,0.196,0.667,43.241,14.04,22.86,5.22,0.0,19.513,0.267,1.482,1.37,16.934,279.046,,79.534,23.215,1.491,,1.742,,,US-Rwe,US-Rwe,sagebrush,-0.259,-0.241,-0.299,-0.429,-0.142,-0.38,-0.221,2.75,2.491,1.496,0.499,131.708,478.484,29.881,72.272,600.573,531.209
US-Rwe,2004-09-12,0.187,7.242,12.946,0.185,0.654,28.164,9.565,14.75,4.38,5.88,19.513,-0.022,0.519,1.996,9.775,85.08,,78.994,75.104,0.344,,3.63,,,US-Rwe,US-Rwe,sagebrush,0.394,0.414,0.34,0.201,0.469,0.255,0.418,1.987,2.381,1.77,0.086,131.562,477.173,29.639,72.164,600.36,531.258
US-Rwe,2004-09-17,0.181,11.053,9.342,0.223,0.672,38.708,13.345,19.46,7.23,0.0,19.513,-0.203,2.166,3.196,11.822,181.814,,78.662,45.616,0.808,,5.073,,,US-Rwe,US-Rwe,sagebrush,0.154,0.209,0.129,0.02,0.257,0.065,0.199,2.085,2.24,1.42,0.265,132.075,476.6,29.319,71.949,600.132,531.309
US-Rwe,2004-09-22,0.179,9.06,5.263,0.209,0.658,37.239,9.705,16.75,2.66,0.0,19.513,-0.126,1.527,1.662,9.457,238.807,,79.681,45.988,0.672,,2.814,,,US-Rwe,US-Rwe,sagebrush,0.054,0.065,0.032,-0.086,0.175,-0.04,0.111,1.704,1.758,1.11,0.237,132.473,475.913,29.206,72.213,599.961,531.347
US-Rwe,2004-09-27,0.182,13.531,10.897,0.195,0.647,35.742,15.57,22.21,8.93,0.0,19.513,-0.254,1.002,0.544,14.828,228.67,,79.55,34.309,1.12,,4.786,,,US-Rwe,US-Rwe,sagebrush,0.277,0.302,0.243,0.123,0.383,0.17,0.31,1.937,2.214,1.559,0.15,132.556,474.052,28.994,72.98,599.751,531.393
US-Rwe,2004-10-02,0.187,11.744,8.558,0.193,0.637,33.933,13.385,19.77,7.0,0.0,19.513,-0.249,0.88,0.462,13.565,183.138,,79.723,37.593,0.976,,2.63,,,US-Rwe,US-Rwe,sagebrush,0.176,0.185,0.151,0.036,0.286,0.073,0.223,1.799,1.975,1.35,0.179,132.735,469.507,28.867,76.735,599.572,531.433
US-Rwe,2004-10-07,0.179,10.074,8.552,0.19,0.63,31.038,11.235,17.39,5.08,0.0,19.513,-0.356,1.222,1.044,11.702,196.674,,79.593,52.458,0.671,,2.678,,,US-Rwe,US-Rwe,sagebrush,0.274,0.277,0.252,0.138,0.372,0.176,0.326,1.631,1.905,1.339,0.116,132.693,462.754,28.753,82.383,599.421,531.473
US-Rwe,2004-10-12,0.17,8.615,4.604,0.19,0.616,28.879,9.545,15.76,3.33,0.0,19.513,-0.44,0.811,0.461,9.072,144.113,,79.901,40.791,0.687,,4.137,,,US-Rwe,US-Rwe,sagebrush,0.272,0.253,0.255,0.145,0.375,0.179,0.322,1.214,1.486,1.043,0.068,132.486,452.254,28.747,91.792,599.331,531.505
US-Rwe,2004-10-17,0.165,5.438,6.264,0.191,0.609,21.325,3.98,10.92,-2.96,8.44,19.513,-0.485,0.241,0.127,4.751,71.184,,77.877,71.761,0.284,,8.83,,,US-Rwe,US-Rwe,sagebrush,0.437,0.483,0.445,0.346,0.528,0.394,0.493,1.007,1.444,1.007,0.0,119.132,439.821,41.608,102.54,599.291,531.54
US-Rwe,2004-10-22,0.139,1.12,0.724,0.28,0.77,14.994,1.98,4.37,-0.41,0.0,19.513,0.368,0.053,3.555,-1.02,46.089,,78.614,94.212,0.034,,6.596,,,US-Rwe,US-Rwe,sagebrush,0.556,0.583,0.615,0.503,0.731,0.549,0.684,0.31,0.866,0.31,0.0,107.123,438.291,52.806,101.933,599.418,531.58
US-Rwe,2004-10-27,0.11,2.084,1.975,0.289,0.848,20.059,2.805,7.32,-1.71,8.1,19.513,0.728,0.126,1.053,1.949,60.017,,,96.711,0.024,,,,,US-Rwe,US-Rwe,sagebrush,0.654,0.692,0.718,0.59,0.837,0.646,0.792,0.479,1.132,0.479,0.0,96.325,436.765,62.447,101.069,599.653,531.625
US-Rwe,2004-11-01,0.089,1.813,-2.25,0.294,0.792,18.487,-3.975,2.59,-10.54,0.0,19.513,0.37,0.128,0.484,-3.924,82.338,,80.047,64.428,0.184,,3.258,,,US-Rwe,US-Rwe,sagebrush,0.52,0.524,0.568,0.474,0.677,0.517,0.62,0.246,0.767,0.246,0.0,86.616,436.765,71.103,99.246,599.894,531.66
US-Rwe,2004-11-26,0.023,0.692,-0.694,0.397,0.784,15.707,-3.745,-1.61,-5.88,0.0,19.513,-0.951,,0.252,-5.945,70.123,,79.07,89.618,0.04,,3.962,,,US-Rwe,US-Rwe,sagebrush,0.896,0.939,0.967,0.805,1.177,0.873,1.051,0.0,0.896,0.0,0.0,50.92,430.716,98.199,94.588,602.079,531.874
US-Rwe,2004-12-11,-0.025,1.467,-0.503,0.439,1.251,12.83,6.64,8.98,4.3,0.0,19.513,0.735,0.008,4.046,5.435,,,79.378,52.461,0.429,,6.395,,,US-Rwe,US-Rwe,sagebrush,1.029,1.086,1.104,0.923,1.375,0.993,1.194,0.0,1.029,0.0,0.0,37.022,429.217,105.708,89.892,603.736,532.009
US-Rwe,2004-12-21,-0.035,0.73,-6.216,0.438,1.204,8.829,-7.26,-4.31,-10.21,0.0,19.513,0.408,0.007,1.149,-7.755,,,79.253,85.014,0.052,,4.891,,,US-Rwe,US-Rwe,sagebrush,0.667,0.659,0.711,0.603,0.923,0.648,0.756,0.0,0.667,0.0,0.0,29.934,429.217,108.151,85.736,604.901,532.104
US-Rwe,2004-12-26,-0.037,1.25,-5.264,0.439,1.221,14.441,0.9,3.81,-2.01,0.0,19.513,0.279,0.008,2.899,1.139,,,78.338,42.517,0.384,,6.347,,,US-Rwe,US-Rwe,sagebrush,0.719,0.721,0.767,0.653,1.0,0.696,0.813,0.0,0.719,0.0,0.0,26.917,429.217,108.902,83.813,605.45,532.151
US-Rwe,2005-01-05,-0.047,0.635,-9.073,0.439,1.247,15.825,-8.875,-6.0,-11.75,0.0,19.513,-0.247,0.003,0.118,-9.11,27.961,,,91.684,0.026,,,,,US-Rwe,US-Rwe,sagebrush,0.512,0.482,0.546,0.455,0.737,0.494,0.59,0.0,0.512,0.0,0.0,21.764,429.217,109.81,80.354,606.443,532.238
US-Rwe,2005-01-10,-0.046,1.546,-6.317,0.439,1.246,14.738,-2.03,2.58,-6.64,0.0,19.513,-2.017,0.009,0.174,-3.677,94.928,,78.474,74.379,0.121,,2.733,,,US-Rwe,US-Rwe,sagebrush,0.65,0.643,0.695,0.596,0.925,0.626,0.736,0.0,0.65,0.0,0.0,19.57,429.217,109.889,78.699,606.922,532.281
US-Rwe,2005-01-15,-0.035,1.66,-10.446,0.439,1.245,14.056,-1.405,3.37,-6.18,4.04,19.513,-0.51,0.006,0.148,-6.108,72.812,,,,0.076,,,,,US-Rwe,US-Rwe,sagebrush,0.445,0.407,0.475,0.393,0.652,0.429,0.514,0.0,0.445,0.0,0.0,19.548,429.217,108.452,77.58,607.245,532.311
US-Rwe,2005-01-25,-0.024,1.986,-6.876,0.439,1.253,16.794,2.33,6.75,-2.09,0.0,19.513,0.439,0.002,0.197,-1.544,80.295,,,,0.107,,,,,US-Rwe,US-Rwe,sagebrush,0.601,0.595,0.643,0.551,0.871,0.576,0.686,0.0,0.601,0.0,0.0,19.503,429.217,104.336,74.398,608.118,532.4
US-Rwe,2005-01-30,-0.018,0.927,-6.222,0.439,1.266,20.196,-1.47,1.02,-3.96,0.0,19.513,0.424,0.016,1.114,-2.673,134.299,,79.721,78.382,0.117,,2.958,,,US-Rwe,US-Rwe,sagebrush,0.626,0.63,0.671,0.573,0.91,0.601,0.713,0.0,0.626,0.0,0.0,19.481,429.217,102.333,72.853,608.513,532.444
US-Rwe,2005-02-04,-0.008,1.876,-6.706,0.439,1.269,22.147,1.425,5.85,-3.0,0.0,19.513,0.293,0.0,0.109,2.887,81.033,,79.176,42.744,0.458,,5.728,,,US-Rwe,US-Rwe,sagebrush,0.592,0.594,0.635,0.542,0.869,0.568,0.678,0.0,0.592,0.0,0.0,19.459,429.217,100.448,71.401,608.867,532.487
US-Rwe,2005-02-09,-0.012,1.798,-9.466,0.439,1.265,25.032,-1.865,3.58,-7.31,0.0,19.513,0.429,0.17,0.941,-1.985,122.33,,79.427,44.907,0.293,,1.759,,,US-Rwe,US-Rwe,sagebrush,0.457,0.437,0.489,0.406,0.687,0.435,0.529,0.0,0.457,0.0,0.0,19.437,429.217,99.007,70.287,609.127,532.521
US-Rwe,2005-02-14,-0.016,1.002,-3.274,0.437,1.291,26.609,-7.315,-3.07,-11.56,0.0,19.513,0.353,0.052,0.663,-8.004,112.51,,78.853,86.029,0.045,,4.814,,,US-Rwe,US-Rwe,sagebrush,0.756,0.805,0.813,0.676,1.093,0.725,0.869,0.0,0.756,0.0,0.0,19.414,429.217,96.619,68.457,609.531,532.578
US-Rwe,2005-02-19,-0.029,0.603,-6.676,0.438,1.287,19.791,-0.4,1.06,-1.86,12.41,19.513,0.051,0.002,0.226,-1.649,87.35,,,95.501,0.027,,,,,US-Rwe,US-Rwe,sagebrush,0.569,0.584,0.611,0.517,0.847,0.543,0.656,0.0,0.569,0.0,0.0,19.392,429.217,94.838,67.09,609.812,532.622
US-Rwe,2005-02-24,-0.032,2.341,-5.827,0.439,1.306,30.085,1.945,7.47,-3.58,0.0,19.513,0.33,0.696,1.117,2.794,174.024,,79.313,29.07,0.526,,2.53,,,US-Rwe,US-Rwe,sagebrush,0.603,0.63,0.649,0.544,0.898,0.578,0.694,0.0,0.603,0.0,0.0,19.37,429.217,92.959,65.651,610.089,532.669
US-Rwe,2005-03-01,-0.034,1.933,-1.337,0.407,1.316,29.379,1.705,6.19,-2.78,0.0,19.513,0.282,1.29,0.931,0.451,175.723,,78.994,65.494,0.225,,3.573,,,US-Rwe,US-Rwe,sagebrush,0.766,0.851,0.828,0.683,1.12,0.724,0.89,0.0,0.766,0.0,0.0,19.342,427.723,90.588,65.333,610.41,532.73
US-Rwe,2005-03-06,-0.033,2.107,-0.332,0.316,1.316,33.89,4.295,8.39,0.2,0.0,19.513,0.39,0.0,0.559,4.24,181.651,,79.684,52.14,0.409,,2.989,,,US-Rwe,US-Rwe,sagebrush,0.612,0.677,0.659,0.533,0.885,0.579,0.717,0.0,0.612,0.0,0.0,19.299,426.234,88.74,65.362,610.649,532.779
US-Rwe,2005-03-11,-0.021,4.05,2.39,0.238,1.304,36.82,7.94,14.74,1.14,0.0,19.513,0.299,0.064,0.392,9.171,201.63,,79.699,29.056,0.839,,2.946,,,US-Rwe,US-Rwe,sagebrush,0.521,0.573,0.558,0.441,0.733,0.488,0.61,0.0,0.521,0.0,0.0,19.243,424.751,87.209,65.595,610.842,532.822
US-Rwe,2005-03-16,-0.002,0.916,-0.046,0.245,1.232,27.88,3.715,5.43,2.0,0.0,19.513,-0.419,0.364,0.461,1.154,101.084,,78.574,41.872,0.389,,9.573,,,US-Rwe,US-Rwe,sagebrush,0.461,0.501,0.492,0.395,0.661,0.434,0.542,0.0,0.461,0.0,0.0,19.188,423.272,85.874,65.955,611.005,532.859
US-Rwe,2005-03-21,0.017,0.716,0.923,0.243,1.221,27.138,-0.5,1.26,-2.26,4.01,19.513,-0.177,0.757,0.555,-1.888,121.359,,,97.315,0.014,,,,,US-Rwe,US-Rwe,sagebrush,0.484,0.533,0.515,0.411,0.69,0.454,0.567,0.0,0.484,0.0,0.0,19.133,421.799,84.487,66.243,611.171,532.899
US-Rwe,2005-03-26,0.037,1.731,-1.294,0.271,1.192,31.515,-2.385,3.04,-7.81,5.89,19.513,0.21,0.138,0.222,-1.855,149.5,,79.274,75.176,0.13,,6.321,,,US-Rwe,US-Rwe,sagebrush,0.472,0.518,0.5,0.405,0.687,0.439,0.552,0.073,0.546,0.073,0.0,19.083,420.331,83.147,66.545,611.326,532.939
US-Rwe,2005-03-31,0.057,2.225,-2.187,0.309,1.18,38.738,-1.895,4.42,-8.21,0.0,19.513,0.074,0.316,0.218,-1.905,260.129,,79.988,56.722,0.257,,3.553,,,US-Rwe,US-Rwe,sagebrush,0.513,0.567,0.537,0.438,0.724,0.472,0.588,0.245,0.758,0.245,0.0,19.04,420.331,81.701,65.269,611.486,532.981
US-Rwe,2005-04-05,0.077,2.867,-0.001,0.26,1.17,35.549,-0.205,6.43,-6.84,0.0,19.513,0.004,0.893,0.655,-0.491,249.641,,79.659,67.465,0.222,,3.884,,,US-Rwe,US-Rwe,sagebrush,0.483,0.543,0.492,0.408,0.581,0.444,0.531,0.438,0.922,0.438,0.0,18.988,418.868,80.355,65.538,611.622,533.022
US-Rwe,2005-04-10,0.096,2.18,0.505,0.254,1.098,47.32,0.34,5.06,-4.38,0.0,19.513,0.189,0.644,0.124,-1.668,284.002,,79.195,69.663,0.19,,4.351,,,US-Rwe,US-Rwe,sagebrush,0.326,0.325,0.307,0.228,0.389,0.269,0.348,0.858,1.184,0.599,0.103,19.291,417.834,79.03,65.793,611.75,533.063
US-Rwe,2005-04-15,0.116,3.468,-0.426,0.246,1.008,48.359,2.545,8.93,-3.84,0.0,19.513,0.11,0.386,0.822,1.343,274.111,,,51.883,0.342,,,,,US-Rwe,US-Rwe,sagebrush,0.157,0.146,0.136,0.065,0.226,0.099,0.18,1.028,1.185,0.565,0.184,19.872,417.136,77.855,66.153,611.86,533.1
US-Rwe,2005-04-20,0.136,0.737,0.731,0.238,0.934,31.998,-0.325,1.47,-2.12,5.59,19.513,0.153,0.319,0.815,-1.566,63.693,,78.583,95.025,0.027,,4.138,,,US-Rwe,US-Rwe,sagebrush,0.45,0.51,0.457,0.374,0.545,0.406,0.504,0.424,0.874,0.424,0.0,19.814,415.685,76.656,66.462,611.969,533.139
US-Rwe,2005-04-25,0.155,2.255,5.526,0.301,0.905,44.536,6.665,10.41,2.92,0.0,19.513,0.429,0.653,1.778,4.882,187.763,,,88.739,0.114,,,,,US-Rwe,US-Rwe,sagebrush,0.057,0.141,0.032,-0.049,0.127,-0.009,0.072,2.018,2.075,0.807,0.482,21.432,416.22,74.539,65.902,612.14,533.207
US-Rwe,2005-04-30,0.175,1.74,3.292,0.261,0.794,40.636,4.53,7.78,1.28,0.0,19.513,0.144,1.225,2.507,2.054,193.571,,79.284,78.91,0.161,,2.246,,,US-Rwe,US-Rwe,sagebrush,-0.138,-0.112,-0.166,-0.233,-0.076,-0.2,-0.129,1.902,1.764,0.708,0.475,23.014,416.724,73.023,65.862,612.249,533.258
US-Rwe,2005-05-05,0.195,2.36,8.131,0.257,0.765,42.904,7.83,11.46,4.2,11.5,19.513,0.369,0.818,2.424,4.666,143.842,,,90.907,0.11,,,,,US-Rwe,US-Rwe,sagebrush,-0.42,-0.356,-0.458,-0.535,-0.348,-0.507,-0.423,2.878,2.458,0.953,0.766,25.595,418.422,71.113,65.409,612.369,533.323
US-Rwe,2005-05-10,0.215,1.465,4.169,0.281,0.85,49.367,1.725,5.0,-1.55,4.79,19.513,-0.451,1.022,1.121,-0.431,194.508,,,91.347,0.055,,,,,US-Rwe,US-Rwe,sagebrush,-0.565,-0.514,-0.594,-0.661,-0.511,-0.629,-0.559,2.779,2.214,0.758,0.805,28.306,420.272,69.462,65.177,612.455,533.381
US-Rwe,2005-05-15,0.234,1.912,9.606,0.234,0.774,38.538,10.55,12.96,8.14,18.38,19.513,-0.42,0.807,1.127,8.897,113.742,,,82.409,0.208,,,,,US-Rwe,US-Rwe,sagebrush,-0.729,-0.683,-0.776,-0.874,-0.655,-0.831,-0.723,3.434,2.705,1.063,0.944,31.479,422.687,67.738,64.826,612.527,533.444
US-Rwe,2005-05-20,0.236,2.541,6.889,0.276,0.855,48.174,7.79,11.75,3.83,7.48,19.513,-0.336,1.625,2.707,6.019,111.73,,79.095,80.192,0.191,,3.858,,,US-Rwe,US-Rwe,sagebrush,-1.0,-0.924,-1.037,-1.107,-0.95,-1.079,-0.997,3.789,2.789,0.914,1.145,35.348,425.919,65.954,64.388,612.58,533.511
US-Rwe,2005-05-25,0.215,3.952,5.971,0.228,0.759,62.635,8.46,14.8,2.12,0.0,19.513,-0.795,2.705,2.141,7.28,348.953,,79.808,45.046,0.582,,3.81,,,US-Rwe,US-Rwe,sagebrush,-1.402,-1.389,-1.442,-1.541,-1.334,-1.497,-1.386,4.123,2.721,0.878,1.292,39.699,429.744,64.675,64.425,612.606,533.561
US-Rwe,2005-05-30,0.231,2.44,10.64,0.289,0.781,55.392,10.05,13.3,6.8,18.82,19.513,-1.57,3.582,1.941,10.613,309.97,,79.066,64.64,0.514,,2.559,,,US-Rwe,US-Rwe,sagebrush,-1.396,-1.256,-1.442,-1.531,-1.336,-1.49,-1.388,5.023,3.627,1.185,1.528,44.873,434.526,62.513,63.513,612.619,533.646
US-Rwe,2005-06-04,0.281,4.496,7.992,0.24,0.783,58.349,11.91,17.67,6.15,0.0,19.513,-1.94,2.697,1.535,10.801,348.258,,78.815,49.002,0.686,,2.714,,,US-Rwe,US-Rwe,sagebrush,-2.157,-2.118,-2.203,-2.318,-2.079,-2.269,-2.139,5.674,3.517,1.031,1.849,51.121,440.609,61.093,63.341,612.606,533.706
US-Rwe,2005-06-09,0.314,3.146,6.414,0.244,0.748,55.09,7.36,12.59,2.13,0.0,19.513,-1.247,3.718,2.91,7.361,193.707,,79.026,49.316,0.529,,1.609,,,US-Rwe,US-Rwe,sagebrush,-2.303,-2.272,-2.345,-2.46,-2.22,-2.412,-2.283,5.771,3.469,0.961,1.915,57.581,446.943,59.821,63.302,612.579,533.761
US-Rwe,2005-06-14,0.32,6.378,9.556,0.24,0.761,56.05,15.965,22.56,9.37,0.0,19.513,-2.557,4.756,2.72,14.55,310.095,,78.88,41.008,1.047,,5.482,,,US-Rwe,US-Rwe,sagebrush,-2.498,-2.445,-2.548,-2.678,-2.411,-2.628,-2.479,6.471,3.973,1.192,2.102,64.665,454.021,58.387,63.046,612.533,533.826
US-Rwe,2005-06-19,0.332,4.693,8.055,0.251,0.809,59.129,12.085,18.07,6.1,0.0,19.513,-2.582,4.875,2.062,10.851,331.748,,79.137,53.262,0.639,,3.942,,,US-Rwe,US-Rwe,sagebrush,-2.829,-2.776,-2.876,-3.004,-2.736,-2.956,-2.804,6.912,4.083,1.119,2.307,72.44,461.916,57.042,62.864,612.471,533.889
US-Rwe,2005-06-24,0.316,6.3,12.891,0.208,0.732,59.009,16.785,22.93,10.64,0.0,19.513,-1.666,5.206,3.51,16.29,317.255,,79.177,34.259,1.233,,2.791,,,US-Rwe,US-Rwe,sagebrush,-3.046,-3.021,-3.109,-3.331,-2.921,-3.217,-3.013,7.701,4.655,1.545,2.451,80.666,470.378,55.766,62.697,612.392,533.952
US-Rwe,2005-06-29,0.309,4.15,9.386,0.271,0.833,57.272,11.04,16.61,5.47,0.0,19.513,-3.749,8.557,2.463,10.611,283.101,,79.597,69.76,0.429,,2.3,,,US-Rwe,US-Rwe,sagebrush,-2.449,-2.348,-2.497,-2.602,-2.369,-2.565,-2.427,6.617,4.168,1.289,2.122,87.773,477.456,54.274,62.286,612.281,534.025
US-Rwe,2005-07-04,0.331,5.176,11.916,0.214,0.747,59.511,16.38,21.38,11.38,0.0,19.513,-2.793,5.779,3.154,15.972,339.957,,79.64,31.91,1.243,,2.479,,,US-Rwe,US-Rwe,sagebrush,-3.288,-3.258,-3.348,-3.549,-3.16,-3.453,-3.249,8.071,4.783,1.54,2.6,96.47,486.476,53.129,62.206,612.17,534.088
US-Rwe,2005-07-09,0.302,2.197,15.75,0.197,0.698,45.642,11.05,13.76,8.34,2.43,19.513,-3.275,6.775,3.914,10.786,167.774,,79.146,75.273,0.35,,2.552,,,US-Rwe,US-Rwe,sagebrush,-2.206,-2.177,-2.276,-2.537,-2.058,-2.376,-2.167,6.796,4.591,2.003,1.909,102.738,492.623,51.966,62.048,612.038,534.154
US-Rwe,2005-07-14,0.298,8.255,16.069,0.191,0.669,58.471,18.765,26.22,11.31,0.0,19.513,-2.669,6.696,4.728,18.603,332.918,,79.823,23.391,1.673,,2.349,,,US-Rwe,US-Rwe,sagebrush,-2.686,-2.67,-2.757,-3.046,-2.517,-2.87,-2.647,7.643,4.958,2.085,2.213,110.03,499.999,50.894,61.958,611.895,534.219
US-Rwe,2005-07-19,0.299,10.107,17.721,0.172,0.667,57.339,22.94,30.13,15.75,0.0,19.513,-1.978,7.722,4.656,23.46,327.649,,79.326,21.019,2.302,,3.109,,,US-Rwe,US-Rwe,sagebrush,-2.325,-2.343,-2.402,-2.743,-2.113,-2.532,-2.274,7.246,4.921,2.361,1.945,116.357,506.25,49.978,62.007,611.75,534.279
US-Rwe,2005-07-24,0.289,8.692,16.203,0.156,0.674,56.791,20.225,27.4,13.05,0.0,19.513,-2.048,5.244,4.572,20.363,312.719,,79.556,25.203,1.814,,3.223,,,US-Rwe,US-Rwe,sagebrush,-2.475,-2.533,-2.547,-2.882,-2.284,-2.666,-2.423,7.148,4.673,2.199,1.971,122.732,512.583,49.351,62.375,611.626,534.329
US-Rwe,2005-07-29,0.272,7.414,18.217,0.145,0.683,51.883,22.33,27.5,17.16,0.0,19.513,-1.098,3.17,2.063,20.237,199.496,,79.639,38.282,1.49,,4.04,,,US-Rwe,US-Rwe,sagebrush,-1.756,-1.835,-1.834,-2.22,-1.519,-1.973,-1.69,6.274,4.518,2.534,1.489,127.411,516.916,48.789,62.781,611.503,534.377
US-Rwe,2005-08-08,0.26,7.57,20.63,0.154,0.68,49.418,23.31,28.3,18.32,0.0,19.513,-1.095,3.614,2.333,22.314,266.88,,79.502,26.798,1.999,,3.985,,,US-Rwe,US-Rwe,sagebrush,-0.991,-1.038,-1.072,-1.462,-0.717,-1.254,-0.906,5.646,4.655,3.022,1.045,135.916,524.539,47.423,63.203,611.209,534.489
US-Rwe,2005-08-13,0.251,4.459,12.853,0.141,0.681,51.456,16.215,20.48,11.95,0.0,19.513,-2.327,4.073,1.521,13.918,297.57,,79.406,34.076,1.075,,3.504,,,US-Rwe,US-Rwe,sagebrush,-1.709,-1.787,-1.767,-2.036,-1.55,-1.881,-1.655,5.378,3.67,1.905,1.383,140.176,528.395,47.173,63.944,611.108,534.526
US-Rwe,2005-08-18,0.241,7.283,14.601,0.136,0.683,48.913,14.83,20.64,9.02,0.0,19.513,-1.222,2.025,1.355,13.881,189.863,,79.123,58.923,0.674,,2.953,,,US-Rwe,US-Rwe,sagebrush,-1.268,-1.356,-1.331,-1.628,-1.091,-1.454,-1.204,4.9,3.632,2.143,1.098,143.43,531.066,46.933,64.661,611.007,534.564
US-Rwe,2005-08-23,0.232,11.468,16.343,0.13,0.683,47.554,18.685,25.85,11.52,0.0,19.513,-0.8,2.805,1.941,17.251,272.737,,79.076,30.369,1.399,,4.053,,,US-Rwe,US-Rwe,sagebrush,-0.789,-0.891,-0.856,-1.188,-0.587,-1.001,-0.722,4.374,3.585,2.402,0.785,145.585,532.443,46.707,65.362,610.908,534.603
US-Rwe,2005-08-28,0.221,15.686,14.874,0.123,0.683,46.988,20.515,28.9,12.13,0.0,19.513,-0.505,2.127,1.88,22.212,272.989,,79.392,15.184,2.309,,3.606,,,US-Rwe,US-Rwe,sagebrush,-0.439,-0.552,-0.5,-0.812,-0.252,-0.623,-0.368,3.512,3.073,2.21,0.518,146.803,532.719,46.607,66.211,610.826,534.636
US-Rwe,2005-09-02,0.217,17.552,13.096,0.117,0.682,44.58,19.125,27.94,10.31,0.0,19.513,-0.192,2.296,2.863,20.08,240.127,,79.261,16.484,2.006,,3.457,,,US-Rwe,US-Rwe,sagebrush,-0.251,-0.369,-0.307,-0.594,-0.081,-0.437,-0.188,2.902,2.651,1.989,0.364,147.474,532.359,46.613,67.187,610.759,534.665
US-Rwe,2005-09-07,0.227,14.698,13.04,0.112,0.681,43.337,17.695,24.79,10.6,0.0,19.513,-0.265,2.959,1.912,18.253,249.222,,79.588,20.716,1.676,,2.675,,,US-Rwe,US-Rwe,sagebrush,-0.451,-0.582,-0.507,-0.806,-0.278,-0.63,-0.383,3.201,2.749,1.983,0.485,148.554,532.497,46.664,68.206,610.7,534.691
US-Rwe,2005-09-17,0.201,2.933,8.757,0.175,0.676,24.791,6.265,9.59,2.94,9.15,19.513,-0.477,0.784,0.547,4.063,116.369,,,86.682,0.121,,,,,US-Rwe,US-Rwe,sagebrush,0.298,0.289,0.251,0.099,0.389,0.171,0.333,1.759,2.057,1.537,0.088,149.557,531.286,46.474,69.887,610.579,534.755
US-Rwe,2005-09-22,0.202,11.239,9.79,0.21,0.663,35.839,13.335,21.09,5.58,0.0,19.513,0.256,1.755,3.501,13.571,184.585,,79.25,27.86,1.133,,3.038,,,US-Rwe,US-Rwe,sagebrush,0.21,0.264,0.17,0.034,0.327,0.097,0.26,2.227,2.437,1.632,0.237,149.902,530.41,45.875,70.013,610.478,534.808
US-Rwe,2005-09-27,0.199,11.339,9.209,0.199,0.649,26.058,13.205,18.58,7.83,0.0,19.513,-0.005,1.082,2.436,11.78,149.071,,79.565,41.121,0.824,,2.393,,,US-Rwe,US-Rwe,sagebrush,0.517,0.567,0.449,0.353,0.572,0.394,0.492,1.547,2.063,1.547,0.0,149.415,528.208,45.398,70.642,610.384,534.856
US-Rwe,2005-10-02,0.192,3.275,7.482,0.254,0.671,27.6,2.775,6.69,-1.14,0.0,19.513,-0.171,1.021,0.98,-0.064,158.012,,,96.3,0.024,59.458,,26.091,38.342,US-Rwe,US-Rwe,sagebrush,0.443,0.548,0.422,0.311,0.57,0.344,0.497,1.731,2.174,1.413,0.127,149.439,526.89,44.643,70.535,610.267,534.916
US-Rwe,2005-10-07,0.187,6.275,4.42,0.262,0.755,30.523,8.42,13.62,3.22,0.0,19.513,-0.056,1.269,1.603,7.502,160.345,,78.847,48.26,0.549,47.063,2.75,18.616,21.554,US-Rwe,US-Rwe,sagebrush,0.357,0.437,0.341,0.223,0.493,0.261,0.426,1.5,1.857,1.172,0.131,149.486,525.593,44.036,70.662,610.158,534.968
US-Rwe,2005-10-12,0.18,5.371,3.84,0.247,0.745,28.919,7.1,12.39,1.81,0.0,19.513,-0.049,0.621,0.506,6.59,165.195,,79.681,72.589,0.29,61.79,2.775,18.085,18.453,US-Rwe,US-Rwe,sagebrush,0.374,0.431,0.351,0.239,0.491,0.281,0.428,1.338,1.712,1.129,0.083,149.35,524.105,43.559,70.947,610.057,535.014
US-Rwe,2005-10-17,0.17,7.904,4.457,0.227,0.709,26.81,10.58,17.34,3.82,0.0,19.513,0.062,0.896,0.915,10.63,148.706,,79.562,40.747,0.787,21.734,2.442,15.866,11.864,US-Rwe,US-Rwe,sagebrush,0.469,0.53,0.424,0.33,0.55,0.364,0.473,1.134,1.603,1.134,0.0,134.296,522.28,57.778,71.315,609.961,535.058
US-Rwe,2005-10-22,0.169,7.441,3.877,0.221,0.687,26.842,9.4,16.83,1.97,0.0,19.513,-0.106,0.975,0.937,11.705,171.824,,79.432,32.741,0.932,28.965,1.674,15.326,12.65,US-Rwe,US-Rwe,sagebrush,0.469,0.489,0.414,0.334,0.523,0.36,0.465,1.102,1.571,1.101,0.0,120.761,520.465,70.279,71.765,609.975,535.099
US-Rwe,2005-10-27,0.172,0.557,5.809,0.23,0.678,15.28,2.865,3.94,1.79,3.86,19.513,0.054,0.501,0.395,2.162,75.726,,,91.553,0.064,47.517,,7.926,18.798,US-Rwe,US-Rwe,sagebrush,0.583,0.737,0.602,0.446,0.878,0.5,0.71,0.274,0.857,0.274,0.0,108.588,518.653,80.978,71.967,610.097,535.147
US-Rwe,2005-11-01,0.145,3.626,3.751,0.227,0.698,17.053,8.02,12.8,3.24,0.0,19.513,-0.009,0.474,0.562,8.095,73.601,,79.213,51.969,0.544,-16.02,7.557,-14.812,11.241,US-Rwe,US-Rwe,sagebrush,0.535,0.653,0.549,0.414,0.771,0.458,0.648,0.626,1.16,0.626,0.0,97.643,516.848,90.436,72.358,610.283,535.189
US-Rwe,2005-11-21,0.057,3.055,-2.044,0.359,0.769,17.178,3.735,10.39,-2.92,0.0,19.513,0.375,0.303,0.904,5.356,89.913,,80.062,16.124,0.728,-67.049,2.535,-17.751,11.286,US-Rwe,US-Rwe,sagebrush,0.702,0.825,0.717,0.538,1.061,0.612,0.839,0.108,0.81,0.108,0.0,63.836,513.256,116.168,69.784,611.73,535.372
US-Rwe,2005-11-26,0.038,0.889,-0.309,0.414,0.863,5.979,-7.16,-3.51,-10.81,11.72,19.513,0.429,0.209,0.197,-7.888,103.272,,,94.723,0.017,-4.172,,-6.422,2.203,US-Rwe,US-Rwe,sagebrush,0.935,1.136,0.96,0.705,1.428,0.818,1.126,0.009,0.943,0.009,0.0,57.402,511.47,119.323,69.463,612.375,535.438
US-Rwe,2005-12-01,0.017,1.789,-4.915,0.418,0.895,8.991,-1.595,3.7,-6.89,19.86,19.513,1.119,0.06,0.482,-2.622,22.843,,,97.193,0.044,,,-9.126,-2.104,US-Rwe,US-Rwe,sagebrush,0.684,0.781,0.698,0.52,1.05,0.596,0.804,0.0,0.684,0.0,0.0,51.616,511.47,122.668,67.943,612.869,535.485
US-Rwe,2005-12-16,-0.012,1.07,-10.193,0.439,1.097,16.231,-7.855,-3.06,-12.65,0.0,19.513,0.429,0.067,0.502,-6.205,97.315,,78.585,35.353,0.257,-18.338,1.89,-14.048,8.605,US-Rwe,US-Rwe,sagebrush,0.462,0.475,0.471,0.357,0.743,0.396,0.523,0.0,0.462,0.0,0.0,37.528,511.47,130.629,64.445,614.117,535.601
US-Rwe,2005-12-21,-0.018,1.763,-3.393,0.439,1.316,10.691,4.96,8.16,1.76,7.24,19.513,0.505,0.038,1.108,4.5,31.151,,79.308,76.622,0.2,1.359,9.161,-39.621,3.801,US-Rwe,US-Rwe,sagebrush,0.827,0.952,0.847,0.619,1.283,0.712,0.958,0.0,0.827,0.0,0.0,33.745,511.47,131.247,62.775,614.76,535.659
US-Rwe,2005-12-26,-0.02,0.687,-1.974,0.439,1.317,11.319,0.755,2.3,-0.79,10.2,19.513,0.599,0.15,0.898,-1.085,28.495,,,99.579,0.002,-7.666,,-10.076,0.78,US-Rwe,US-Rwe,sagebrush,0.912,1.077,0.938,0.678,1.413,0.79,1.074,0.0,0.912,0.0,0.0,30.344,511.47,131.127,60.973,615.459,535.724
US-Rwe,2005-12-31,-0.021,0.59,-2.5,0.439,1.317,11.158,1.22,2.5,-0.06,17.94,19.513,0.298,0.17,1.114,0.193,31.481,,,96.878,0.019,-2.21,,-19.792,3.573,US-Rwe,US-Rwe,sagebrush,0.872,1.03,0.899,0.653,1.362,0.762,1.019,0.0,0.872,0.0,0.0,27.285,511.47,130.795,59.287,616.114,535.787
US-Rwe,2006-01-05,-0.022,2.353,-3.581,0.439,1.317,13.887,2.235,7.67,-3.2,0.0,19.513,0.653,0.061,0.902,5.113,77.608,,80.25,41.702,0.528,-46.217,6.635,-35.729,28.426,US-Rwe,US-Rwe,sagebrush,0.799,0.938,0.826,0.604,1.264,0.698,0.923,0.0,0.799,0.0,0.0,24.535,511.47,130.422,57.772,616.701,535.846
US-Rwe,2006-01-10,-0.024,0.805,-4.077,0.439,1.317,12.673,0.96,2.76,-0.84,7.08,19.513,0.652,0.118,0.792,-0.234,40.62,,79.022,80.025,0.123,-7.514,9.232,-57.77,52.836,US-Rwe,US-Rwe,sagebrush,0.763,0.89,0.791,0.58,1.219,0.669,0.877,0.0,0.763,0.0,0.0,22.062,511.47,129.894,56.35,617.251,535.902
US-Rwe,2006-01-15,-0.025,0.691,-2.798,0.439,1.317,8.064,-7.365,-4.56,-10.17,2.95,19.513,-0.585,0.0,0.052,-8.786,75.286,,,93.33,0.021,-18.074,,-15.636,2.759,US-Rwe,US-Rwe,sagebrush,0.833,0.988,0.867,0.631,1.33,0.738,0.962,0.0,0.833,0.0,0.0,22.037,511.47,126.632,54.825,617.833,535.965
US-Rwe,2006-01-20,-0.026,0.657,-3.755,0.439,1.317,15.506,-6.14,-3.73,-8.55,0.0,19.513,0.558,0.003,0.145,-6.982,57.491,,78.973,95.386,0.016,-1.099,8.303,-6.458,5.584,US-Rwe,US-Rwe,sagebrush,0.762,0.904,0.794,0.582,1.233,0.671,0.871,0.0,0.762,0.0,0.0,22.012,511.47,123.672,53.442,618.333,536.024
US-Rwe,2006-01-25,-0.029,2.275,-5.746,0.439,1.317,19.22,0.745,6.62,-5.13,0.0,19.513,0.955,0.247,1.869,2.226,113.064,,78.937,37.851,0.45,-51.759,4.594,-61.06,22.143,US-Rwe,US-Rwe,sagebrush,0.641,0.742,0.668,0.5,1.059,0.565,0.731,0.0,0.641,0.0,0.0,21.986,511.47,121.201,52.288,618.728,536.075
US-Rwe,2006-01-30,-0.028,1.243,-3.526,0.439,1.317,14.688,-0.135,2.98,-3.25,10.14,19.513,0.475,0.013,0.577,-0.872,48.766,,,97.686,0.014,-3.078,,-27.55,10.566,US-Rwe,US-Rwe,sagebrush,0.751,0.901,0.785,0.578,1.234,0.661,0.861,0.0,0.751,0.0,0.0,21.961,511.47,118.319,50.947,619.161,536.135
US-Rwe,2006-02-04,-0.016,1.57,-2.907,0.439,1.317,10.695,-1.29,3.14,-5.72,8.57,19.513,0.87,0.21,1.123,-1.929,57.114,,78.663,77.82,0.147,-37.646,9.723,-48.125,27.202,US-Rwe,US-Rwe,sagebrush,0.773,0.939,0.81,0.6,1.276,0.682,0.89,0.0,0.773,0.0,0.0,21.936,511.47,115.374,49.579,619.572,536.199
US-Rwe,2006-02-09,-0.015,2.031,-4.692,0.439,1.317,25.558,0.04,5.45,-5.37,0.0,19.513,0.86,0.153,0.57,-1.398,171.106,,79.875,59.635,0.221,-59.656,4.238,-39.104,4.982,US-Rwe,US-Rwe,sagebrush,0.663,0.796,0.696,0.522,1.116,0.587,0.764,0.0,0.663,0.0,0.0,21.911,511.47,112.867,48.415,619.895,536.255
US-Rwe,2006-02-14,-0.015,1.611,-5.965,0.439,1.317,22.473,-4.285,1.54,-10.11,0.0,19.513,0.784,0.15,2.042,-8.922,143.635,,78.623,79.815,0.066,-12.36,2.967,-6.731,5.215,US-Rwe,US-Rwe,sagebrush,0.59,0.697,0.62,0.47,0.999,0.525,0.689,0.0,0.59,0.0,0.0,21.886,511.47,110.655,47.388,620.16,536.306
US-Rwe,2006-02-19,-0.024,0.706,-6.931,0.439,1.317,26.093,-12.09,-7.88,-16.3,0.0,19.513,0.467,0.057,0.373,-11.854,195.983,,,81.345,0.05,9.439,,-13.711,1.336,US-Rwe,US-Rwe,sagebrush,0.537,0.627,0.564,0.432,0.913,0.471,0.63,0.0,0.537,0.0,0.0,21.861,511.47,108.655,46.46,620.382,536.352
US-Rwe,2006-02-24,-0.024,1.67,-5.652,0.439,1.317,28.917,-1.12,3.58,-5.82,0.0,19.513,0.248,0.183,0.66,-2.076,199.632,,79.092,70.13,0.16,-47.608,5.436,-33.478,6.958,US-Rwe,US-Rwe,sagebrush,0.589,0.705,0.62,0.471,1.01,0.523,0.692,0.0,0.589,0.0,0.0,21.836,511.47,106.471,45.45,620.605,536.404
US-Rwe,2006-03-01,-0.025,1.261,-3.224,0.439,1.317,32.535,-0.46,2.78,-3.7,0.0,19.513,0.253,0.224,0.766,-2.528,214.37,,78.884,72.821,0.149,-35.247,6.249,-21.765,14.492,US-Rwe,US-Rwe,sagebrush,0.701,0.872,0.74,0.558,1.201,0.62,0.819,0.0,0.701,0.0,0.0,21.811,511.47,103.884,44.257,620.84,536.468
US-Rwe,2006-03-06,-0.027,1.006,-3.628,0.439,1.317,23.041,0.32,2.71,-2.07,3.57,19.513,0.336,0.326,2.372,-0.594,91.864,,78.508,82.451,0.126,-14.318,9.031,-19.785,15.566,US-Rwe,US-Rwe,sagebrush,0.669,0.838,0.708,0.538,1.157,0.593,0.789,0.0,0.669,0.0,0.0,21.787,511.47,101.436,43.13,621.034,536.529
US-Rwe,2006-03-11,-0.028,1.223,-4.216,0.439,1.317,36.756,-9.555,-2.98,-16.13,0.0,19.513,1.019,1.643,2.144,-8.796,228.158,,77.588,78.229,0.071,-12.299,4.944,-7.854,-2.069,US-Rwe,US-Rwe,sagebrush,0.629,0.785,0.667,0.51,1.096,0.56,0.749,0.0,0.629,0.0,0.0,21.762,511.47,99.152,42.08,621.188,536.588
US-Rwe,2006-03-16,-0.029,1.329,-4.2,0.439,1.317,32.368,-1.585,2.16,-5.33,0.0,19.513,0.365,0.411,1.82,-2.569,227.39,,78.7,71.578,0.157,-9.626,6.312,-14.56,12.845,US-Rwe,US-Rwe,sagebrush,0.62,0.777,0.659,0.505,1.085,0.553,0.739,0.0,0.62,0.0,0.0,21.737,511.47,96.917,41.054,621.313,536.647
US-Rwe,2006-03-21,-0.03,1.393,-4.106,0.439,1.317,29.443,-2.865,1.49,-7.22,0.0,19.513,0.342,0.268,1.295,-4.144,186.473,,78.341,90.246,0.048,-4.713,4.057,-9.557,2.513,US-Rwe,US-Rwe,sagebrush,0.615,0.775,0.655,0.502,1.081,0.551,0.732,0.0,0.615,0.0,0.0,21.712,511.47,94.716,40.046,621.409,536.706
US-Rwe,2006-03-26,-0.032,1.073,-2.594,0.439,1.317,41.478,-3.43,-0.05,-6.81,0.0,19.513,0.2,0.291,0.751,-4.851,264.979,,78.999,81.196,0.089,10.314,6.547,2.292,9.715,US-Rwe,US-Rwe,sagebrush,0.678,0.875,0.724,0.553,1.198,0.607,0.812,0.0,0.678,0.0,0.0,21.687,511.47,92.309,38.946,621.484,536.773
US-Rwe,2006-03-31,-0.033,1.149,-2.782,0.439,1.317,34.348,0.265,3.04,-2.51,10.47,19.513,0.798,0.565,1.513,-0.942,188.847,,,92.639,0.044,3.057,,-6.627,5.601,US-Rwe,US-Rwe,sagebrush,0.658,0.857,0.704,0.539,1.166,0.591,0.788,0.0,0.658,0.0,0.0,21.663,511.47,89.996,37.89,621.523,536.838
US-Rwe,2006-04-05,-0.034,0.675,-1.788,0.439,1.317,27.051,-0.005,1.59,-1.6,17.75,19.513,0.79,0.429,1.401,-0.36,118.533,,,99.276,0.004,-6.469,,-9.55,8.42,US-Rwe,US-Rwe,sagebrush,0.695,0.928,0.746,0.566,1.233,0.623,0.83,0.0,0.695,0.0,0.0,21.638,511.47,87.573,36.788,621.529,536.909
US-Rwe,2006-04-10,-0.035,1.88,-2.462,0.439,1.317,41.569,1.33,5.8,-3.14,3.68,19.513,0.024,0.388,1.388,-1.496,226.505,,,92.78,0.044,19.481,,-16.395,17.815,US-Rwe,US-Rwe,sagebrush,0.65,0.872,0.701,0.533,1.158,0.585,0.782,0.0,0.65,0.0,0.0,21.613,511.47,85.328,35.768,621.5,536.976
US-Rwe,2006-04-15,-0.036,1.943,3.152,0.252,1.317,24.178,2.985,7.09,-1.12,9.16,19.513,0.265,0.804,0.597,2.593,172.18,,77.896,75.317,0.192,33.446,10.366,-60.56,48.523,US-Rwe,US-Rwe,sagebrush,0.496,0.675,0.538,0.395,0.849,0.457,0.615,0.0,0.496,0.0,0.0,21.553,509.69,83.671,36.779,621.455,537.028
US-Rwe,2006-04-20,-0.039,3.611,0.963,0.264,1.272,52.251,6.97,13.32,0.62,0.0,19.513,0.878,0.393,0.748,6.553,317.554,,79.044,44.086,0.542,43.289,4.57,-53.81,21.972,US-Rwe,US-Rwe,sagebrush,0.456,0.613,0.492,0.365,0.779,0.416,0.561,0.0,0.456,0.0,0.0,21.495,507.916,82.177,37.823,621.409,537.075
US-Rwe,2006-04-25,-0.039,2.895,3.468,0.242,1.179,53.49,6.165,11.34,0.99,0.0,19.513,0.8,0.412,0.836,5.224,275.508,,79.074,52.717,0.416,35.615,2.065,-34.109,17.878,US-Rwe,US-Rwe,sagebrush,0.478,0.649,0.513,0.376,0.805,0.432,0.589,0.0,0.478,0.0,0.0,21.434,506.148,80.64,38.803,621.356,537.126
US-Rwe,2006-04-30,-0.014,3.191,7.22,0.24,1.01,54.896,5.205,11.46,-1.05,0.0,19.513,0.78,0.358,0.646,5.238,344.038,,79.423,50.505,0.468,170.133,3.541,23.556,61.999,US-Rwe,US-Rwe,sagebrush,0.584,0.816,0.626,0.45,0.979,0.527,0.722,0.0,0.584,0.0,0.0,21.372,504.386,78.782,39.577,621.284,537.187
US-Rwe,2006-05-05,0.029,3.78,3.893,0.243,0.833,57.393,8.63,14.36,2.9,0.0,19.513,0.373,0.794,0.723,8.229,326.577,,,37.896,0.703,143.937,,58.031,67.08,US-Rwe,US-Rwe,sagebrush,0.49,0.67,0.523,0.383,0.818,0.438,0.602,0.033,0.523,0.033,0.0,21.31,502.631,77.261,40.482,621.215,537.238
US-Rwe,2006-05-10,0.071,3.529,3.058,0.251,0.759,58.81,6.82,13.07,0.57,0.0,19.513,0.108,1.144,1.339,6.621,351.572,,79.744,36.628,0.628,168.385,3.031,94.198,82.512,US-Rwe,US-Rwe,sagebrush,0.484,0.559,0.464,0.376,0.53,0.419,0.504,0.775,1.26,0.775,0.0,21.251,500.881,75.783,41.369,621.142,537.289
US-Rwe,2006-05-15,0.113,6.603,12.182,0.215,0.724,59.1,16.235,22.58,9.89,0.0,19.513,0.255,1.892,2.259,17.55,341.095,,79.75,27.104,1.476,147.151,4.802,50.684,76.415,US-Rwe,US-Rwe,sagebrush,0.187,0.221,0.159,-0.025,0.302,0.093,0.228,2.206,2.394,1.446,0.303,22.229,500.381,73.839,41.939,621.034,537.357
US-Rwe,2006-05-20,0.156,4.393,13.507,0.237,0.699,57.257,12.235,17.71,6.76,3.62,19.513,-1.597,3.417,2.176,10.008,334.099,,79.084,69.749,0.41,188.395,4.425,65.018,118.845,US-Rwe,US-Rwe,sagebrush,-0.404,-0.316,-0.432,-0.614,-0.285,-0.497,-0.369,3.512,3.108,1.568,0.774,24.834,501.818,71.565,42.26,620.883,537.439
US-Rwe,2006-05-25,0.198,4.285,9.051,0.222,0.72,60.283,10.595,16.57,4.62,0.0,19.513,-1.952,3.36,1.298,9.68,349.23,,78.979,54.804,0.608,162.386,3.979,69.306,103.854,US-Rwe,US-Rwe,sagebrush,-1.188,-1.165,-1.214,-1.367,-1.096,-1.277,-1.147,4.126,2.938,1.207,1.162,28.766,504.845,69.939,42.932,620.756,537.499
US-Rwe,2006-05-30,0.248,2.918,6.324,0.265,0.821,61.072,7.335,12.13,2.54,0.0,19.513,-1.658,3.981,1.496,7.669,327.259,,79.772,49.325,0.542,199.022,2.113,47.227,77.182,US-Rwe,US-Rwe,sagebrush,-1.732,-1.663,-1.75,-1.848,-1.646,-1.808,-1.688,4.922,3.19,1.037,1.547,34.024,509.441,68.236,43.52,620.61,537.564
US-Rwe,2006-06-04,0.297,4.797,12.596,0.232,0.755,49.219,14.91,19.96,9.86,0.0,19.513,-2.203,5.109,3.326,13.952,347.012,,79.187,53.447,0.787,179.475,5.732,44.445,116.958,US-Rwe,US-Rwe,sagebrush,-2.045,-1.988,-2.078,-2.294,-1.935,-2.139,-1.998,6.108,4.064,1.543,1.818,40.193,515.135,66.315,43.914,620.423,537.639
US-Rwe,2006-06-09,0.305,3.341,11.92,0.208,0.718,55.627,11.195,15.47,6.92,0.0,19.513,-1.822,3.396,1.02,10.18,222.313,,78.982,74.095,0.328,105.88,2.856,41.732,69.974,US-Rwe,US-Rwe,sagebrush,-2.801,-2.806,-2.839,-3.109,-2.661,-2.922,-2.74,7.156,4.355,1.514,2.246,47.815,522.57,64.766,44.52,620.251,537.703
US-Rwe,2006-06-14,0.31,2.688,10.471,0.296,0.766,30.258,7.605,11.88,3.33,15.84,19.513,-3.253,3.616,1.209,5.976,195.666,,,82.671,0.189,120.182,,34.54,67.611,US-Rwe,US-Rwe,sagebrush,-0.586,-0.406,-0.605,-0.695,-0.508,-0.654,-0.559,3.786,3.2,1.425,0.94,50.943,524.613,62.576,44.644,619.986,537.793
US-Rwe,2006-06-29,0.318,5.019,19.229,0.228,0.678,44.8,16.85,21.53,12.17,2.39,19.513,0.87,2.492,1.537,15.604,227.948,,,66.176,0.629,118.896,,0.187,116.13,US-Rwe,US-Rwe,sagebrush,-1.655,-1.577,-1.702,-2.095,-1.436,-1.82,-1.56,6.776,5.121,2.574,1.673,72.402,545.254,57.441,45.695,619.185,538.027
US-Rwe,2006-07-04,0.309,11.463,18.005,0.253,0.772,57.79,21.225,27.66,14.79,0.0,19.513,1.329,2.086,2.176,19.714,210.895,,,35.39,1.517,99.09,,-24.67,101.168,US-Rwe,US-Rwe,sagebrush,-2.017,-1.873,-2.058,-2.35,-1.852,-2.155,-1.952,7.332,5.315,2.432,1.951,78.931,551.371,55.288,45.591,618.777,538.13
US-Rwe,2006-07-09,0.284,11.964,16.74,0.226,0.74,58.461,21.06,27.39,14.73,0.0,19.513,-0.484,3.891,2.019,21.158,345.811,,,23.291,1.96,148.388,,24.646,125.165,US-Rwe,US-Rwe,sagebrush,-1.867,-1.807,-1.911,-2.228,-1.707,-1.999,-1.816,6.675,4.808,2.299,1.743,84.703,556.61,53.638,45.845,618.414,538.214
US-Rwe,2006-07-14,0.274,13.789,16.227,0.204,0.711,55.8,21.185,28.35,14.02,0.0,19.513,-0.812,4.084,4.149,22.264,360.977,,79.686,24.296,2.064,143.33,2.834,30.057,113.489,US-Rwe,US-Rwe,sagebrush,-1.496,-1.494,-1.542,-1.885,-1.329,-1.622,-1.444,5.848,4.352,2.268,1.426,89.349,560.528,52.322,46.331,618.087,538.287
US-Rwe,2006-07-19,0.268,16.848,16.889,0.189,0.695,56.84,22.05,30.18,13.92,0.0,19.513,-0.743,2.63,1.124,22.919,310.828,,79.68,19.76,2.25,126.371,2.277,27.104,103.903,US-Rwe,US-Rwe,sagebrush,-1.163,-1.198,-1.211,-1.597,-0.975,-1.305,-1.099,5.343,4.18,2.392,1.175,93.104,563.405,51.172,46.91,617.774,538.354
US-Rwe,2006-07-24,0.272,15.802,22.132,0.174,0.686,54.964,24.225,30.37,18.08,0.0,19.513,-1.117,2.811,1.698,23.172,316.548,,79.466,34.948,1.904,138.679,2.106,41.243,92.807,US-Rwe,US-Rwe,sagebrush,-0.597,-0.692,-0.655,-1.25,-0.284,-0.839,-0.45,5.422,4.825,3.317,0.838,95.673,564.887,49.944,47.35,617.423,538.428
US-Rwe,2006-07-29,0.267,14.184,18.825,0.158,0.682,55.37,22.32,28.59,16.05,0.0,19.513,-1.281,3.757,2.707,21.289,346.416,,79.202,26.679,1.897,132.532,3.064,59.922,64.682,US-Rwe,US-Rwe,sagebrush,-1.187,-1.315,-1.242,-1.746,-0.941,-1.361,-1.091,5.575,4.388,2.733,1.132,99.23,567.57,49.101,48.111,617.143,538.485
US-Rwe,2006-08-03,0.243,11.855,14.696,0.153,0.679,53.282,18.615,25.44,11.79,0.0,19.513,-1.015,2.854,1.438,18.386,322.901,,79.373,21.48,1.678,122.266,2.933,38.185,55.566,US-Rwe,US-Rwe,sagebrush,-1.202,-1.32,-1.248,-1.641,-1.027,-1.365,-1.123,4.854,3.652,2.15,1.077,102.582,570.017,48.512,49.089,616.917,538.531
US-Rwe,2006-08-08,0.247,12.697,17.383,0.141,0.678,52.32,18.915,25.93,11.9,0.0,19.513,-0.739,2.307,1.038,17.428,293.946,,79.483,40.174,1.296,104.213,4.17,66.12,48.038,US-Rwe,US-Rwe,sagebrush,-1.061,-1.226,-1.114,-1.606,-0.834,-1.234,-0.973,5.021,3.96,2.551,0.984,105.589,572.074,47.961,50.059,616.694,538.578
US-Rwe,2006-08-13,0.234,9.167,11.162,0.131,0.677,52.448,15.16,21.59,8.73,0.0,19.513,-0.662,2.94,2.846,14.6,322.461,,79.508,31.595,1.18,111.451,2.282,56.351,40.828,US-Rwe,US-Rwe,sagebrush,-1.225,-1.374,-1.265,-1.617,-1.067,-1.4,-1.136,4.288,3.064,1.765,1.005,108.649,574.211,47.729,51.337,616.545,538.609
US-Rwe,2006-08-18,0.219,8.555,12.368,0.123,0.677,50.861,15.25,21.03,9.47,0.0,19.513,-0.805,4.496,5.379,14.824,311.316,,79.893,31.376,1.2,98.908,2.376,55.479,35.126,US-Rwe,US-Rwe,sagebrush,-1.027,-1.198,-1.069,-1.458,-0.852,-1.2,-0.936,4.096,3.069,1.913,0.869,111.222,575.783,47.538,52.625,616.405,538.64
US-Rwe,2006-08-23,0.209,11.797,15.216,0.116,0.677,48.669,17.94,24.35,11.53,0.0,19.513,-1.409,1.94,0.792,17.827,297.035,,79.513,15.31,1.761,88.509,4.781,59.709,28.322,US-Rwe,US-Rwe,sagebrush,-0.619,-0.827,-0.667,-1.136,-0.408,-0.79,-0.509,3.815,3.196,2.286,0.609,112.881,576.281,47.34,53.871,616.264,538.672
US-Rwe,2006-08-28,0.202,17.497,13.854,0.111,0.676,47.323,19.37,27.26,11.48,0.0,19.513,-0.834,1.609,1.025,20.402,291.245,,79.543,22.935,1.859,90.66,2.927,44.397,31.664,US-Rwe,US-Rwe,sagebrush,-0.218,-0.423,-0.262,-0.695,-0.024,-0.392,-0.12,2.918,2.7,2.112,0.321,113.534,575.594,47.232,55.192,616.145,538.699
US-Rwe,2006-09-02,0.203,14.867,10.196,0.107,0.675,46.022,16.38,25.21,7.55,0.0,19.513,-0.396,1.625,1.543,17.62,284.101,,79.615,14.082,1.764,68.296,5.772,31.28,26.358,US-Rwe,US-Rwe,sagebrush,-0.373,-0.557,-0.41,-0.766,-0.204,-0.543,-0.28,2.669,2.296,1.693,0.389,114.414,575.187,47.246,56.637,616.055,538.722
US-Rwe,2006-09-07,0.197,13.972,15.653,0.106,0.674,42.984,18.325,23.61,13.04,0.0,19.513,-0.235,3.212,1.129,16.689,206.004,,79.356,38.306,1.191,51.801,2.592,24.24,25.747,US-Rwe,US-Rwe,sagebrush,-0.129,-0.367,-0.177,-0.667,0.085,-0.301,-0.026,3.022,2.893,2.356,0.265,114.863,574.275,47.151,57.92,615.947,538.749
US-Rwe,2006-09-17,0.173,7.064,7.011,0.17,0.668,39.194,5.875,11.3,0.45,0.0,19.513,0.286,0.904,0.314,6.271,256.912,,79.684,44.558,0.553,76.278,1.737,60.608,16.779,US-Rwe,US-Rwe,sagebrush,0.015,-0.042,-0.01,-0.18,0.158,-0.104,0.096,1.965,1.98,1.393,0.227,115.224,571.749,46.819,60.307,615.735,538.809
US-Rwe,2006-09-22,0.179,5.768,4.796,0.222,0.663,37.524,4.265,9.53,-1.0,0.0,19.513,0.301,0.813,1.061,1.712,240.883,,79.207,80.48,0.157,106.385,5.106,63.572,26.501,US-Rwe,US-Rwe,sagebrush,0.095,0.108,0.077,-0.055,0.243,-0.002,0.172,1.799,1.895,1.218,0.232,115.672,570.711,46.279,61.07,615.582,538.854
US-Rwe,2006-09-27,0.182,12.044,7.67,0.206,0.649,36.346,13.605,20.5,6.71,0.0,19.513,0.468,0.482,0.618,14.902,224.801,,79.946,25.774,1.276,48.318,2.115,29.541,21.255,US-Rwe,US-Rwe,sagebrush,0.273,0.276,0.249,0.106,0.404,0.176,0.329,1.784,2.056,1.447,0.134,115.764,568.996,45.71,62.011,615.42,538.901
US-Rwe,2006-10-02,0.172,7.092,9.241,0.192,0.639,27.11,9.71,12.42,7.0,0.0,19.513,0.275,0.605,0.974,9.096,67.411,,79.146,47.078,0.636,-1.02,3.072,-1.008,9.829,US-Rwe,US-Rwe,sagebrush,0.473,0.517,0.44,0.326,0.563,0.378,0.5,1.491,1.964,1.491,0.0,115.381,563.29,45.174,66.382,615.263,538.948
US-Rwe,2006-10-07,0.173,7.386,7.621,0.187,0.632,29.2,6.655,11.78,1.53,0.0,19.513,-0.509,1.161,0.459,4.97,172.124,,79.352,67.88,0.293,36.684,3.807,45.6,12.328,US-Rwe,US-Rwe,sagebrush,0.392,0.358,0.355,0.236,0.466,0.307,0.421,1.494,1.886,1.427,0.027,115.086,555.441,44.75,73.065,615.148,538.99
US-Rwe,2006-10-12,0.191,8.729,3.925,0.191,0.617,30.982,8.53,15.56,1.5,0.0,19.513,0.256,0.837,0.724,10.512,198.718,,79.279,24.685,0.978,30.002,2.561,24.134,15.468,US-Rwe,US-Rwe,sagebrush,0.188,0.144,0.184,0.051,0.343,0.105,0.28,1.439,1.627,1.128,0.124,115.131,543.239,44.458,84.599,615.087,539.024
US-Rwe,2006-10-17,0.181,2.332,3.077,0.217,0.624,23.182,1.495,4.49,-1.5,0.0,19.513,0.381,0.518,0.449,-0.59,107.835,,78.951,90.406,0.063,38.84,5.011,14.308,24.484,US-Rwe,US-Rwe,sagebrush,0.413,0.381,0.393,0.296,0.52,0.336,0.447,1.101,1.514,1.052,0.02,103.594,533.041,55.321,93.366,615.087,539.063
US-Rwe,2006-10-22,0.162,6.445,0.507,0.226,0.627,27.354,4.885,12.35,-2.58,0.0,19.513,0.005,0.595,1.506,7.947,177.417,,79.62,15.418,0.91,23.124,2.602,15.092,16.051,US-Rwe,US-Rwe,sagebrush,0.423,0.373,0.402,0.315,0.514,0.349,0.447,0.89,1.313,0.871,0.008,93.178,524.102,64.937,100.844,615.199,539.097
US-Rwe,2006-11-01,0.159,3.474,-7.059,0.245,0.602,22.965,-2.315,5.62,-10.25,0.0,19.513,0.236,0.01,0.218,0.788,153.895,,79.321,14.475,0.564,6.209,3.353,10.955,5.517,US-Rwe,US-Rwe,sagebrush,0.314,0.296,0.324,0.248,0.394,0.29,0.359,0.369,0.683,0.369,0.0,75.34,514.502,81.169,107.826,615.588,539.152
US-Rwe,2006-11-06,0.155,1.7,3.484,0.237,0.662,15.796,10.31,12.47,8.15,0.0,19.513,0.674,0.131,0.608,8.433,80.609,,79.737,73.426,0.3,16.266,7.909,-8.953,19.413,US-Rwe,US-Rwe,sagebrush,0.653,0.692,0.689,0.527,0.839,0.606,0.774,0.645,1.298,0.645,0.0,67.746,512.712,87.217,107.42,616.023,539.196
US-Rwe,2006-11-11,0.143,0.994,-0.479,0.255,0.653,10.589,-2.155,0.67,-4.98,0.0,19.513,0.395,0.362,1.058,-3.137,70.85,,,89.145,0.069,-17.918,,-13.471,12.829,US-Rwe,US-Rwe,sagebrush,0.565,0.582,0.602,0.466,0.746,0.519,0.688,0.185,0.751,0.185,0.0,60.917,510.927,92.635,107.345,616.429,539.234
US-Rwe,2006-11-16,0.121,1.562,-0.202,0.356,0.81,9.154,3.815,6.84,0.79,6.03,19.513,0.626,0.175,1.087,2.05,47.137,,78.847,87.829,0.095,5.881,6.029,-19.977,13.36,US-Rwe,US-Rwe,sagebrush,0.858,0.919,0.916,0.71,1.154,0.793,1.033,0.207,1.065,0.207,0.0,54.777,509.149,96.544,106.357,617.079,539.29
US-Rwe,2006-11-21,0.099,1.349,2.941,0.275,0.82,12.75,6.595,8.73,4.46,0.0,19.513,0.606,0.198,1.049,4.958,42.333,,78.69,62.16,0.333,-11.184,9.672,-29.999,23.279,US-Rwe,US-Rwe,sagebrush,0.788,0.847,0.838,0.634,1.062,0.726,0.941,0.234,1.022,0.234,0.0,49.256,507.377,99.95,105.636,617.696,539.342
US-Rwe,2006-11-26,0.077,0.969,-2.227,0.306,0.728,12.764,-3.535,-0.49,-6.58,8.01,19.513,0.217,0.202,0.516,-4.216,62.923,,78.054,84.63,0.072,-23.025,8.792,-1.89,3.892,US-Rwe,US-Rwe,sagebrush,0.64,0.66,0.677,0.529,0.863,0.588,0.76,0.081,0.721,0.081,0.0,44.291,507.377,103.15,103.641,618.213,539.384
US-Rwe,2006-12-01,0.055,0.372,-5.345,0.34,0.721,16.02,-8.025,-6.51,-9.54,0.0,19.513,0.179,0.0,0.143,-8.915,66.439,,,93.896,0.019,-14.012,,,,US-Rwe,US-Rwe,sagebrush,0.571,0.575,0.604,0.48,0.793,0.53,0.678,0.016,0.587,0.016,0.0,39.826,507.377,105.994,101.898,618.682,539.422
US-Rwe,2006-12-06,0.035,2.677,-7.324,0.348,0.755,15.71,0.525,7.86,-6.81,0.0,19.513,0.309,0.0,0.844,4.705,104.193,,80.006,33.391,0.573,-38.804,2.535,,,US-Rwe,US-Rwe,sagebrush,0.5,0.488,0.529,0.424,0.713,0.458,0.588,0.014,0.514,0.014,0.0,35.812,507.377,108.554,100.402,619.098,539.455
US-Rwe,2006-12-11,0.019,1.059,-3.422,0.402,0.793,13.455,-2.68,0.47,-5.83,0.0,19.513,-0.092,,0.28,-3.415,80.596,,,92.397,0.038,6.0,,-4.786,-12.738,US-Rwe,US-Rwe,sagebrush,0.804,0.841,0.852,0.693,1.132,0.745,0.951,0.0,0.804,0.0,0.0,32.202,507.377,109.78,98.044,619.77,539.508
US-Rwe,2006-12-21,0.032,1.117,-8.931,0.439,1.167,9.252,-4.05,-0.34,-7.76,5.46,19.513,0.138,0.0,0.259,-1.634,33.996,,79.049,76.191,0.142,-10.59,5.269,-23.014,10.388,US-Rwe,US-Rwe,sagebrush,0.555,0.535,0.587,0.472,0.817,0.512,0.654,0.003,0.557,0.003,0.0,26.038,507.377,111.828,94.16,620.891,539.6
US-Rwe,2006-12-26,0.032,1.288,-3.393,0.439,1.196,10.389,1.875,4.68,-0.93,5.41,19.513,0.383,0.312,0.837,0.873,36.502,,,74.856,0.18,-4.643,,-68.491,71.663,US-Rwe,US-Rwe,sagebrush,0.875,0.926,0.931,0.765,1.255,0.813,1.035,0.008,0.883,0.008,0.0,23.413,507.377,111.744,91.72,621.603,539.66
US-Rwe,2006-12-31,0.016,1.0,-7.872,0.439,1.265,13.716,-5.47,-1.82,-9.12,0.0,19.513,1.158,0.424,0.482,-3.76,81.403,,79.364,64.08,0.172,-15.818,1.565,-15.691,7.412,US-Rwe,US-Rwe,sagebrush,0.603,0.6,0.64,0.517,0.891,0.557,0.701,0.0,0.603,0.0,0.0,21.053,507.377,112.219,90.065,622.085,539.702
US-Rwe,2007-01-05,-0.002,0.444,-4.959,0.439,1.315,15.039,-10.68,-8.44,-12.92,0.0,19.513,0.323,0.048,0.018,-11.689,127.393,,,91.834,0.02,-6.62,,-10.232,29.086,US-Rwe,US-Rwe,sagebrush,0.765,0.801,0.815,0.667,1.117,0.714,0.9,0.0,0.765,0.0,0.0,18.931,507.377,111.929,87.994,622.688,539.756
US-Rwe,2007-01-10,-0.01,1.699,-6.593,0.439,1.311,9.802,-5.39,1.46,-12.24,0.0,19.513,0.079,0.2,0.447,-5.179,45.7,,78.088,78.518,0.116,-12.939,6.418,-30.143,26.077,US-Rwe,US-Rwe,sagebrush,0.664,0.678,0.707,0.576,0.989,0.619,0.77,0.0,0.664,0.0,0.0,17.023,507.377,111.731,86.222,623.199,539.804
US-Rwe,2007-01-15,-0.008,1.034,-12.17,0.439,1.309,17.363,-11.775,-5.25,-18.3,0.0,19.513,0.13,0.185,0.39,-8.362,122.648,,79.92,51.352,0.176,-4.267,2.26,-6.176,5.315,US-Rwe,US-Rwe,sagebrush,0.39,0.355,0.414,0.329,0.606,0.356,0.454,0.0,0.39,0.0,0.0,17.003,507.377,110.505,85.193,623.496,539.832
US-Rwe,2007-01-20,-0.0,0.941,-10.219,0.439,1.308,12.242,-6.73,-2.96,-10.5,0.0,19.513,0.419,0.0,0.679,-7.329,116.082,,78.987,74.028,0.095,-32.675,5.259,-5.758,4.082,US-Rwe,US-Rwe,sagebrush,0.471,0.451,0.501,0.404,0.72,0.438,0.547,0.0,0.471,0.0,0.0,16.984,507.377,109.024,83.955,623.845,539.867
US-Rwe,2007-01-30,-0.016,1.299,-9.922,0.439,1.302,20.15,-3.235,0.9,-7.37,0.0,19.513,0.632,0.0,0.853,-4.007,139.178,,78.822,62.428,0.174,-27.089,2.712,-29.627,7.283,US-Rwe,US-Rwe,sagebrush,0.475,0.462,0.505,0.409,0.724,0.441,0.55,0.0,0.475,0.0,0.0,16.945,507.377,106.089,81.507,624.506,539.937
US-Rwe,2007-02-04,-0.021,2.237,-8.004,0.439,1.302,19.297,4.19,8.61,-0.23,0.0,19.513,0.178,0.232,0.923,3.07,129.785,,80.112,80.77,0.165,-2.373,4.334,-10.54,6.913,US-Rwe,US-Rwe,sagebrush,0.561,0.569,0.597,0.484,0.852,0.522,0.656,0.0,0.561,0.0,0.0,16.926,507.377,104.34,80.053,624.88,539.98
US-Rwe,2007-02-09,-0.023,1.268,-1.163,0.434,1.317,22.181,2.96,5.52,0.4,0.0,19.513,-0.169,0.449,1.142,0.701,104.232,,79.082,87.942,0.085,2.408,5.95,-2.871,9.191,US-Rwe,US-Rwe,sagebrush,0.935,1.051,1.0,0.823,1.36,0.871,1.125,0.0,0.935,0.0,0.0,16.906,505.611,101.431,79.415,625.467,540.053
US-Rwe,2007-02-14,-0.019,0.707,-2.871,0.377,1.312,25.69,-2.31,-0.34,-4.28,0.0,19.513,0.249,0.0,0.77,-3.638,119.421,,79.433,84.524,0.074,-17.508,5.123,-12.054,3.452,US-Rwe,US-Rwe,sagebrush,0.7,0.768,0.744,0.618,1.028,0.653,0.834,0.0,0.7,0.0,0.0,16.877,505.611,99.297,77.604,625.886,540.109
US-Rwe,2007-02-19,-0.017,0.785,-1.894,0.406,1.315,26.025,-5.375,-2.61,-8.14,0.0,19.513,0.281,0.0,0.289,-6.504,153.321,,78.545,81.759,0.073,-17.054,5.685,-8.871,5.066,US-Rwe,US-Rwe,sagebrush,0.801,0.906,0.855,0.7,1.179,0.751,0.965,0.0,0.801,0.0,0.0,16.853,505.611,96.86,75.546,626.333,540.174
US-Rwe,2007-02-24,-0.015,0.921,-4.805,0.405,1.308,20.278,-6.71,-3.04,-10.38,7.15,19.513,0.135,0.001,0.217,-7.019,92.151,,78.664,82.688,0.062,-9.032,7.724,-12.893,9.557,US-Rwe,US-Rwe,sagebrush,0.633,0.698,0.675,0.556,0.956,0.589,0.751,0.0,0.633,0.0,0.0,16.829,505.611,94.952,73.934,626.66,540.226
US-Rwe,2007-03-01,-0.012,0.337,-6.009,0.42,1.292,26.137,-7.29,-6.0,-8.58,15.42,19.513,0.376,0.055,0.138,-8.98,100.058,,78.421,94.205,0.018,3.772,9.568,3.852,1.4,US-Rwe,US-Rwe,sagebrush,0.589,0.641,0.628,0.515,0.901,0.545,0.697,0.0,0.589,0.0,0.0,16.807,505.611,93.187,72.445,626.943,540.276
US-Rwe,2007-03-06,-0.01,2.397,-3.988,0.439,1.289,28.608,4.015,8.87,-0.84,0.0,19.513,0.144,0.009,0.192,4.737,182.76,,79.51,58.687,0.358,-1.342,2.335,-15.518,7.446,US-Rwe,US-Rwe,sagebrush,0.715,0.809,0.765,0.623,1.095,0.665,0.857,0.0,0.715,0.0,0.0,16.788,505.611,91.047,70.65,627.261,540.337
US-Rwe,2007-03-11,-0.01,3.1,0.245,0.355,1.317,33.37,7.665,12.69,2.64,0.0,19.513,0.303,0.506,0.864,7.495,207.129,,79.988,51.371,0.514,7.018,4.727,-3.084,1.183,US-Rwe,US-Rwe,sagebrush,0.751,0.884,0.807,0.646,1.126,0.706,0.916,0.0,0.751,0.0,0.0,16.756,503.851,88.827,70.54,627.561,540.403
US-Rwe,2007-03-16,-0.01,4.239,1.805,0.244,1.286,37.876,8.215,15.05,1.38,0.0,19.513,0.375,0.0,0.116,10.107,216.136,,79.677,26.355,0.919,6.914,2.775,-15.885,6.585,US-Rwe,US-Rwe,sagebrush,0.535,0.615,0.572,0.444,0.791,0.494,0.653,0.0,0.535,0.0,0.0,16.708,502.097,87.294,70.951,627.763,540.45
US-Rwe,2007-03-21,0.01,1.5,1.057,0.233,1.184,37.756,-2.95,1.84,-7.74,0.0,19.513,0.405,0.25,0.164,-3.724,256.515,,79.055,63.837,0.198,9.676,3.82,7.791,22.046,US-Rwe,US-Rwe,sagebrush,0.483,0.549,0.514,0.398,0.713,0.443,0.582,0.0,0.483,0.0,0.0,16.659,500.35,85.936,71.475,627.94,540.493
US-Rwe,2007-03-26,0.029,3.496,2.293,0.231,1.085,36.228,3.91,9.96,-2.14,0.0,19.513,0.415,0.034,0.392,2.231,195.463,,78.535,68.127,0.264,51.337,4.0,13.483,35.042,US-Rwe,US-Rwe,sagebrush,0.513,0.592,0.545,0.417,0.761,0.47,0.62,0.024,0.538,0.024,0.0,16.61,498.608,84.506,71.9,628.121,540.539
US-Rwe,2007-03-31,0.048,2.708,2.866,0.249,1.0,39.395,5.875,9.64,2.11,0.0,19.513,0.163,0.137,0.531,3.895,166.441,,78.926,59.073,0.341,85.791,4.73,10.177,50.338,US-Rwe,US-Rwe,sagebrush,0.58,0.682,0.614,0.473,0.852,0.528,0.706,0.25,0.83,0.25,0.0,16.563,496.873,82.905,72.135,628.318,540.591
US-Rwe,2007-04-05,0.067,5.123,3.62,0.238,0.926,45.32,7.52,14.01,1.03,0.0,19.513,0.57,0.287,0.843,7.912,277.274,,79.509,54.409,0.497,121.745,1.721,32.961,70.308,US-Rwe,US-Rwe,sagebrush,0.57,0.672,0.59,0.459,0.722,0.517,0.675,0.543,1.113,0.543,0.0,16.515,495.143,81.355,72.377,628.501,540.643
US-Rwe,2007-04-10,0.086,1.476,1.288,0.264,0.804,27.091,-2.065,2.31,-6.44,0.0,19.513,0.356,0.029,0.072,-4.724,202.298,,79.0,74.688,0.114,54.384,5.1,33.154,32.934,US-Rwe,US-Rwe,sagebrush,0.556,0.655,0.578,0.456,0.742,0.501,0.663,0.403,0.959,0.403,0.0,16.471,493.42,79.861,72.636,628.671,540.694
US-Rwe,2007-04-15,0.105,1.793,3.498,0.253,0.746,41.259,1.315,5.55,-2.92,0.0,19.513,0.378,0.118,0.33,-1.549,278.709,,,88.968,0.069,117.163,,41.937,61.667,US-Rwe,US-Rwe,sagebrush,0.491,0.481,0.479,0.409,0.566,0.428,0.528,1.021,1.512,0.836,0.074,16.68,492.006,78.263,72.754,628.845,540.749
US-Rwe,2007-04-20,0.124,2.424,0.074,0.31,0.722,46.922,0.645,6.72,-5.43,0.0,19.513,0.413,0.299,0.172,-0.785,273.543,,78.418,60.394,0.242,72.579,2.174,26.835,36.782,US-Rwe,US-Rwe,sagebrush,0.33,0.339,0.327,0.251,0.421,0.281,0.372,1.147,1.477,0.678,0.187,17.286,491.06,76.655,72.83,629.01,540.806
US-Rwe,2007-04-25,0.142,4.017,5.443,0.249,0.77,49.263,6.7,12.97,0.43,0.0,19.513,0.652,0.501,0.949,7.38,260.511,,79.219,60.579,0.436,125.99,3.571,48.522,51.408,US-Rwe,US-Rwe,sagebrush,0.058,0.054,0.044,-0.044,0.144,-0.008,0.094,1.928,1.985,0.937,0.394,18.598,490.971,74.972,72.779,629.172,540.867
US-Rwe,2007-04-30,0.161,6.284,9.29,0.216,0.726,53.068,11.43,18.44,4.42,0.0,19.513,0.37,1.589,1.612,11.28,313.364,,79.127,51.166,0.699,137.366,3.3,58.894,62.05,US-Rwe,US-Rwe,sagebrush,-0.28,-0.311,-0.303,-0.48,-0.192,-0.361,-0.244,2.761,2.481,1.185,0.627,20.704,491.839,73.286,72.677,629.322,540.929
US-Rwe,2007-05-05,0.18,2.067,2.044,0.244,0.71,57.116,0.64,5.91,-4.63,0.0,19.513,0.44,0.592,0.765,-0.845,307.934,,79.011,68.338,0.214,143.205,6.574,105.654,54.645,US-Rwe,US-Rwe,sagebrush,-0.555,-0.584,-0.569,-0.655,-0.463,-0.626,-0.52,2.548,1.993,0.769,0.708,23.087,493.036,72.019,72.982,629.428,540.978
US-Rwe,2007-05-10,0.199,5.917,10.626,0.209,0.696,57.898,14.035,19.46,8.61,0.0,19.513,-0.413,1.866,2.065,13.462,288.285,,79.257,34.273,1.048,117.895,4.25,35.654,69.583,US-Rwe,US-Rwe,sagebrush,-1.012,-1.054,-1.04,-1.269,-0.924,-1.102,-0.968,4.109,3.097,1.301,1.118,26.871,495.913,70.373,72.834,629.556,541.043
US-Rwe,2007-05-15,0.206,7.792,7.382,0.198,0.673,60.777,13.095,20.72,5.47,0.0,19.513,-0.275,2.593,2.167,13.304,350.99,,79.56,20.943,1.216,137.11,4.408,59.12,68.866,US-Rwe,US-Rwe,sagebrush,-1.069,-1.131,-1.095,-1.301,-0.974,-1.149,-1.02,3.753,2.684,1.083,1.063,30.45,498.554,69.118,73.074,629.646,541.095
US-Rwe,2007-05-20,0.231,2.706,10.163,0.189,0.658,29.888,9.4,12.96,5.84,0.0,19.513,-0.577,2.016,1.885,7.647,151.918,,78.841,61.166,0.436,78.685,3.524,22.784,41.254,US-Rwe,US-Rwe,sagebrush,-0.234,-0.302,-0.264,-0.505,-0.151,-0.325,-0.184,2.646,2.411,1.297,0.537,32.201,499.025,67.797,73.2,629.734,541.15
US-Rwe,2007-06-14,0.273,8.685,12.516,0.226,0.756,57.78,13.54,19.18,7.9,0.0,19.513,-1.726,3.144,2.138,13.97,338.479,,,39.726,0.942,,,60.355,107.161,US-Rwe,US-Rwe,sagebrush,-1.841,-1.853,-1.846,-2.141,-1.715,-1.918,-1.759,5.974,4.134,1.58,1.75,56.488,513.737,60.576,78.307,630.169,541.48
US-Rwe,2007-06-19,0.261,14.133,11.915,0.205,0.705,59.038,17.47,25.88,9.06,0.0,19.513,-1.817,4.569,3.424,17.4,339.855,,79.405,30.929,1.431,144.144,3.663,30.544,99.271,US-Rwe,US-Rwe,sagebrush,-1.373,-1.418,-1.386,-1.677,-1.253,-1.452,-1.305,4.983,3.609,1.554,1.365,61.017,517.557,59.252,78.015,630.235,541.548
US-Rwe,2007-06-24,0.27,8.071,12.16,0.192,0.669,59.898,12.83,18.49,7.17,0.0,19.513,-1.87,4.471,2.461,11.287,352.619,,79.031,34.849,0.888,144.027,2.864,52.067,85.723,US-Rwe,US-Rwe,sagebrush,-2.084,-2.156,-2.103,-2.442,-1.954,-2.189,-2.006,6.12,4.037,1.6,1.8,67.023,523.149,58.087,77.89,630.283,541.61
US-Rwe,2007-06-29,0.258,13.28,15.053,0.183,0.642,58.117,18.79,25.3,12.28,0.0,19.513,-2.058,4.198,2.765,17.593,355.775,,79.268,28.429,1.492,157.838,4.896,53.839,85.835,US-Rwe,US-Rwe,sagebrush,-1.492,-1.576,-1.517,-1.911,-1.331,-1.613,-1.412,5.552,4.06,1.944,1.437,71.752,524.937,56.875,79.941,630.322,541.678
US-Rwe,2007-07-04,0.252,18.061,16.272,0.169,0.633,59.792,21.38,29.45,13.31,0.0,19.513,-1.632,4.154,2.873,21.77,365.467,,79.944,25.07,1.994,144.002,3.588,46.624,106.413,US-Rwe,US-Rwe,sagebrush,-1.127,-1.243,-1.153,-1.6,-0.937,-1.261,-1.03,5.066,3.939,2.116,1.175,75.551,522.841,55.789,84.85,630.365,541.741
US-Rwe,2007-07-09,0.25,18.162,16.822,0.153,0.64,59.2,20.965,28.47,13.46,0.0,19.513,-1.502,3.406,1.92,20.953,351.798,,79.499,28.307,1.816,132.137,2.774,47.055,85.39,US-Rwe,US-Rwe,sagebrush,-1.071,-1.228,-1.101,-1.598,-0.857,-1.235,-0.957,4.956,3.885,2.194,1.1,79.069,522.374,54.892,87.925,630.433,541.798
US-Rwe,2007-07-14,0.243,22.778,20.069,0.14,0.649,57.736,23.87,31.74,16.0,0.0,19.513,-1.001,2.401,1.45,25.134,343.706,,79.625,23.15,2.484,131.822,2.27,47.619,75.68,US-Rwe,US-Rwe,sagebrush,-0.225,-0.43,-0.266,-0.87,0.069,-0.427,-0.084,4.057,3.832,2.683,0.547,80.658,522.478,54.029,88.08,630.518,541.856
US-Rwe,2007-07-19,0.23,14.976,16.66,0.149,0.657,57.276,17.27,23.8,10.74,0.0,19.513,-1.195,2.815,1.58,14.998,316.373,,79.223,46.416,0.979,117.551,3.328,62.652,46.86,US-Rwe,US-Rwe,sagebrush,-0.983,-1.144,-1.009,-1.5,-0.757,-1.143,-0.863,4.775,3.792,2.19,1.029,83.912,524.888,53.235,87.994,630.593,541.911
US-Rwe,2007-07-24,0.212,17.821,20.739,0.137,0.662,45.333,20.675,25.95,15.4,0.0,19.513,-0.617,3.28,3.985,19.25,220.392,,79.35,50.997,1.127,85.723,2.906,30.334,49.282,US-Rwe,US-Rwe,sagebrush,0.388,0.182,0.334,-0.259,0.579,0.165,0.511,3.177,3.565,2.828,0.139,84.073,523.633,52.425,87.827,630.664,541.968
US-Rwe,2007-08-03,0.221,19.684,18.788,0.137,0.662,52.165,22.255,27.8,16.71,0.0,19.513,-0.534,1.474,0.95,20.663,287.82,,79.549,32.81,1.669,102.066,3.093,51.131,40.754,US-Rwe,US-Rwe,sagebrush,-0.126,-0.317,-0.163,-0.684,0.118,-0.317,-0.0,3.626,3.5,2.508,0.445,85.822,522.825,50.848,87.486,630.781,542.083
US-Rwe,2007-08-08,0.212,14.907,13.585,0.142,0.661,52.527,17.11,23.87,10.35,0.0,19.513,-0.53,1.186,2.529,16.423,330.784,,79.354,31.656,1.313,109.2,3.116,66.562,34.185,US-Rwe,US-Rwe,sagebrush,-0.625,-0.774,-0.648,-1.034,-0.473,-0.743,-0.535,3.643,3.018,1.835,0.72,87.984,523.963,50.326,87.752,630.82,542.128
US-Rwe,2007-08-13,0.222,17.46,14.936,0.13,0.661,52.179,19.58,26.77,12.39,0.0,19.513,-0.377,1.073,0.567,20.089,321.835,,79.709,13.74,2.05,92.597,2.448,53.582,36.727,US-Rwe,US-Rwe,sagebrush,-0.601,-0.778,-0.634,-1.063,-0.418,-0.742,-0.505,3.726,3.125,2.002,0.687,90.013,524.96,49.875,88.102,630.855,542.17
US-Rwe,2007-08-18,0.203,16.057,14.315,0.124,0.661,51.534,18.28,25.2,11.36,0.0,19.513,-0.381,1.099,0.642,18.505,328.089,,78.973,13.025,1.9,90.027,5.112,54.189,31.903,US-Rwe,US-Rwe,sagebrush,-0.472,-0.656,-0.508,-0.923,-0.301,-0.614,-0.378,3.379,2.907,1.937,0.574,91.641,525.49,49.518,88.589,630.886,542.209
US-Rwe,2007-08-23,0.189,11.675,11.529,0.12,0.661,49.106,13.4,19.48,7.32,0.0,19.513,-0.603,0.963,0.402,13.499,309.683,,,38.48,0.986,95.916,,64.301,29.092,US-Rwe,US-Rwe,sagebrush,-0.478,-0.649,-0.51,-0.863,-0.331,-0.604,-0.389,2.992,2.514,1.643,0.537,93.132,525.867,49.287,89.282,630.914,542.241
US-Rwe,2007-09-02,0.186,18.835,17.076,0.172,0.655,44.87,21.005,27.79,14.22,0.0,19.513,0.132,0.463,1.464,21.291,282.198,,79.565,19.926,2.067,81.582,3.329,42.777,35.821,US-Rwe,US-Rwe,sagebrush,0.513,0.433,0.509,0.133,0.686,0.422,0.618,2.615,3.129,2.309,0.122,94.389,524.538,48.192,89.434,631.001,542.34
US-Rwe,2007-09-07,0.176,13.852,11.645,0.17,0.644,43.241,15.78,22.91,8.65,0.0,19.513,-0.066,1.529,1.559,15.486,271.397,,79.548,35.592,1.185,81.351,3.519,50.61,23.07,US-Rwe,US-Rwe,sagebrush,0.15,0.072,0.155,-0.119,0.295,0.074,0.242,2.305,2.455,1.659,0.257,94.944,521.875,47.592,91.303,631.038,542.393
US-Rwe,2007-09-12,0.172,16.057,10.756,0.163,0.631,42.356,17.725,26.29,9.16,0.0,19.513,0.122,1.69,0.714,19.595,251.64,,79.395,13.127,1.996,52.74,3.14,43.522,21.832,US-Rwe,US-Rwe,sagebrush,0.231,0.142,0.234,-0.032,0.381,0.159,0.32,2.002,2.233,1.567,0.173,95.202,514.997,47.095,97.177,631.08,542.44
US-Rwe,2007-09-17,0.162,8.312,9.145,0.151,0.627,32.087,8.77,13.09,4.45,0.0,19.513,-0.11,1.087,1.127,6.887,122.666,,79.156,64.219,0.371,15.703,3.619,26.118,7.414,US-Rwe,US-Rwe,sagebrush,0.312,0.206,0.305,0.057,0.448,0.233,0.389,1.595,1.907,1.407,0.075,95.112,506.74,46.748,104.207,631.145,542.48
US-Rwe,2007-09-22,0.157,10.522,9.823,0.182,0.622,27.557,12.4,16.83,7.97,17.36,19.513,0.635,0.689,5.163,11.432,70.559,,78.754,58.368,0.618,19.183,2.538,-4.491,28.037,US-Rwe,US-Rwe,sagebrush,0.578,0.603,0.634,0.446,0.804,0.525,0.728,1.292,1.871,1.292,0.0,94.789,496.62,46.163,112.16,631.275,542.533
US-Rwe,2007-09-27,0.17,9.915,6.59,0.234,0.718,36.683,12.28,19.26,5.3,0.0,19.513,1.035,0.744,1.576,13.705,231.404,,79.238,23.87,1.213,60.206,4.287,18.61,47.393,US-Rwe,US-Rwe,sagebrush,0.391,0.36,0.45,0.264,0.599,0.352,0.54,1.659,2.051,1.168,0.195,95.184,495.694,45.414,111.216,631.482,542.593
US-Rwf,2014-06-07,0.284,6.78,12.558,0.171,0.618,57.893,12.805,19.41,6.2,0.0,22.652,-5.205,9.346,5.259,12.886,334.657,,81.313,33.836,1.017,166.129,2.826,,,US-Rwf,US-Rwf,sagebrush,-2.849,-2.57,-2.847,-2.925,-2.749,-2.889,-2.805,6.556,3.707,0.502,2.411,84.57,108.221,91.183,97.019,961.958,832.923
US-Rwf,2014-06-12,0.315,11.517,13.078,0.157,0.61,57.701,17.22,25.13,9.31,0.0,22.652,-4.004,7.587,4.256,18.014,300.054,,80.651,19.576,1.748,125.33,3.07,,,US-Rwf,US-Rwf,sagebrush,-2.967,-2.681,-2.963,-3.051,-2.852,-3.009,-2.918,6.7,3.733,0.564,2.443,92.692,115.341,89.784,97.994,961.902,832.995
US-Rwf,2014-06-17,0.321,2.972,8.375,0.163,0.607,47.007,4.305,10.24,-1.63,3.18,22.652,-5.074,8.027,3.591,3.116,233.754,,80.87,68.661,0.264,119.197,2.948,,,US-Rwf,US-Rwf,sagebrush,-2.458,-2.269,-2.457,-2.541,-2.35,-2.5,-2.413,5.555,3.097,0.458,2.03,99.363,120.38,88.703,99.644,961.854,833.056
US-Rwf,2014-06-22,0.312,7.939,14.616,0.175,0.601,58.531,15.36,21.47,9.25,0.0,22.652,-3.249,6.294,2.508,15.236,335.377,,81.252,30.339,1.234,178.398,1.788,,,US-Rwf,US-Rwf,sagebrush,-3.335,-3.01,-3.329,-3.423,-3.21,-3.378,-3.279,7.726,4.391,0.705,2.796,108.662,128.049,87.019,101.022,961.782,833.144
US-Rwf,2014-06-27,0.331,3.34,11.663,0.202,0.596,41.989,11.705,15.84,7.57,5.0,22.652,-3.751,7.281,3.974,10.993,244.382,,80.898,77.229,0.331,148.954,2.027,,,US-Rwf,US-Rwf,sagebrush,-2.197,-1.937,-2.19,-2.255,-2.12,-2.227,-2.156,5.842,3.645,0.635,2.073,115.463,132.098,85.275,102.889,961.701,833.237
US-Rwf,2014-07-07,0.314,14.328,20.454,0.158,0.58,58.802,21.48,27.77,15.19,0.0,22.652,-2.377,5.758,3.182,21.53,359.153,,81.628,28.385,1.9,181.187,2.1,,,US-Rwf,US-Rwf,sagebrush,-2.57,-2.058,-2.549,-2.647,-2.456,-2.597,-2.5,7.075,4.505,1.166,2.353,128.698,138.126,81.697,107.809,961.518,833.438
US-Rwf,2014-07-12,0.283,14.442,22.203,0.152,0.566,54.542,21.545,27.87,15.22,0.0,22.652,-2.018,5.034,2.68,22.085,305.58,,81.829,32.198,1.88,159.439,2.049,,,US-Rwf,US-Rwf,sagebrush,-1.685,-1.101,-1.658,-1.774,-1.541,-1.724,-1.603,5.82,4.134,1.354,1.778,134.36,138.252,80.081,112.042,961.441,833.536
US-Rwf,2014-07-17,0.264,13.808,20.801,0.138,0.55,56.814,22.385,28.03,16.74,0.0,22.652,-1.608,4.1,2.971,23.676,273.408,,81.327,22.78,2.314,116.603,2.171,,,US-Rwf,US-Rwf,sagebrush,-1.827,-1.321,-1.805,-1.904,-1.726,-1.855,-1.761,5.705,3.878,1.271,1.766,139.94,137.13,78.891,117.872,961.399,833.618
US-Rwf,2014-07-22,0.248,11.604,14.401,0.176,0.539,42.479,17.4,24.32,10.48,0.0,22.652,-1.324,3.497,2.353,18.321,224.665,,81.707,45.574,1.208,107.304,2.028,,,US-Rwf,US-Rwf,sagebrush,-0.925,-0.629,-0.908,-0.969,-0.854,-0.935,-0.879,3.946,3.021,0.877,1.222,143.671,132.989,77.569,124.147,961.391,833.705
US-Rwf,2014-07-27,0.232,18.432,18.458,0.161,0.528,54.914,21.965,29.6,14.33,0.0,22.652,-1.342,3.661,2.976,22.949,330.623,,81.775,15.871,2.465,146.348,2.506,,,US-Rwf,US-Rwf,sagebrush,-0.868,-0.457,-0.845,-0.909,-0.762,-0.885,-0.809,4.203,3.335,1.12,1.228,147.391,128.373,76.217,130.61,961.423,833.798
US-Rwf,2014-08-01,0.222,14.725,21.084,0.144,0.515,48.997,20.42,26.61,14.23,0.0,22.652,-0.432,2.6,3.012,20.335,156.399,,81.688,34.604,1.599,53.201,2.179,,,US-Rwf,US-Rwf,sagebrush,-0.64,-0.134,-0.612,-0.718,-0.496,-0.672,-0.559,3.953,3.313,1.308,1.053,150.474,122.421,75.032,137.707,961.496,833.885
US-Rwf,2014-08-06,0.171,7.591,19.553,0.161,0.504,33.211,17.225,21.04,13.41,0.0,22.652,-1.467,2.79,1.927,17.176,186.105,,81.503,60.9,0.797,89.211,2.025,,,US-Rwf,US-Rwf,sagebrush,0.373,0.809,0.402,0.3,0.525,0.342,0.459,2.334,2.707,1.18,0.46,151.519,113.791,73.694,144.538,961.627,833.98
US-Rwf,2014-08-11,0.178,19.16,21.043,0.15,0.494,45.683,21.425,27.88,14.97,0.0,22.652,0.368,1.851,1.169,21.03,237.11,,81.668,35.626,1.672,100.895,2.622,,,US-Rwf,US-Rwf,sagebrush,0.292,0.781,0.324,0.21,0.463,0.25,0.391,2.512,2.804,1.255,0.5,152.688,105.445,72.473,151.207,961.801,834.073
US-Rwf,2014-08-16,0.194,13.044,18.062,0.196,0.551,49.832,18.0,24.17,11.83,0.0,22.652,-0.29,2.609,2.02,18.237,290.92,,81.635,46.129,1.193,132.345,2.208,,,US-Rwf,US-Rwf,sagebrush,-0.202,0.129,-0.174,-0.287,-0.04,-0.227,-0.124,3.584,3.382,1.02,1.021,155.709,103.284,70.778,152.665,962.071,834.189
US-Rwf,2014-08-21,0.183,11.713,17.625,0.185,0.543,46.861,16.49,21.73,11.25,0.0,22.652,-0.771,2.726,2.191,15.443,234.122,,81.173,44.952,1.009,107.373,1.987,,,US-Rwf,US-Rwf,sagebrush,-0.126,0.193,-0.101,-0.204,0.008,-0.147,-0.06,3.25,3.123,0.997,0.897,158.278,100.283,69.338,154.816,962.317,834.296
US-Rwf,2014-08-26,0.179,10.716,14.027,0.178,0.535,45.919,13.59,19.99,7.19,0.0,22.652,-1.002,2.084,1.002,13.442,290.342,,81.568,57.678,0.708,136.743,2.235,,,US-Rwf,US-Rwf,sagebrush,-0.276,-0.056,-0.258,-0.331,-0.181,-0.289,-0.227,2.941,2.665,0.801,0.852,160.673,96.893,68.301,157.931,962.527,834.383
US-Rwf,2014-08-31,0.163,7.906,14.338,0.169,0.526,44.787,10.93,16.67,5.19,0.0,22.652,-0.043,1.734,1.114,10.076,284.526,,81.205,65.28,0.5,138.18,2.164,,,US-Rwf,US-Rwf,sagebrush,-0.209,0.021,-0.191,-0.264,-0.118,-0.222,-0.161,2.772,2.563,0.813,0.78,162.801,92.91,67.383,161.45,962.744,834.467
US-Rwf,2014-09-05,0.163,9.17,10.311,0.157,0.518,44.779,12.67,18.98,6.36,0.0,22.652,-0.503,1.737,1.404,13.469,282.855,,81.581,23.513,1.22,100.02,2.483,,,US-Rwf,US-Rwf,sagebrush,-0.269,-0.114,-0.256,-0.323,-0.194,-0.295,-0.22,2.304,2.036,0.633,0.666,164.507,88.377,66.869,165.891,962.925,834.529
US-Rwf,2014-09-10,0.159,8.08,10.525,0.146,0.511,42.206,11.18,17.61,4.75,0.0,22.652,-0.673,1.375,0.901,10.228,265.01,,81.443,46.542,0.723,100.629,2.963,,,US-Rwf,US-Rwf,sagebrush,-0.253,-0.088,-0.24,-0.309,-0.174,-0.279,-0.206,2.191,1.938,0.634,0.62,166.034,83.659,66.478,170.491,963.113,834.587
US-Rwf,2014-09-15,0.149,14.309,15.231,0.138,0.504,39.848,18.18,25.96,10.4,0.0,22.652,-0.193,0.957,0.721,20.181,229.401,,81.429,21.96,1.892,85.118,3.009,,,US-Rwf,US-Rwf,sagebrush,0.116,0.387,0.135,0.062,0.222,0.091,0.175,1.961,2.077,0.831,0.45,166.957,78.327,65.962,174.531,963.353,834.653
US-Rwf,2014-09-20,0.137,11.84,13.984,0.134,0.498,37.957,16.54,22.65,10.43,0.0,22.652,-0.297,0.95,0.608,17.107,232.831,,81.601,40.449,1.226,86.57,2.303,,,US-Rwf,US-Rwf,sagebrush,0.162,0.403,0.179,0.105,0.263,0.134,0.219,1.705,1.867,0.757,0.377,167.621,72.896,65.566,178.583,963.592,834.713
US-Rwf,2014-09-25,0.124,11.986,14.645,0.138,0.493,33.995,14.78,21.09,8.47,0.0,22.652,-0.185,0.856,0.775,15.158,196.504,,80.951,31.894,1.242,63.289,2.851,,,US-Rwf,US-Rwf,sagebrush,0.428,0.519,0.447,0.371,0.543,0.401,0.49,1.382,1.81,0.773,0.242,167.823,67.196,65.097,182.067,963.87,834.778
US-Rwf,2014-09-30,0.112,1.899,9.321,0.238,0.607,24.949,5.41,8.78,2.04,5.0,22.652,2.35,0.495,2.842,5.465,136.623,,81.013,77.97,0.201,57.23,3.281,,,US-Rwf,US-Rwf,sagebrush,1.04,0.908,1.053,0.941,1.16,0.993,1.114,0.896,1.937,0.548,0.139,167.814,65.85,63.881,178.884,964.32,834.88
US-Rwf,2014-10-10,0.121,4.313,8.707,0.188,0.595,31.223,10.59,15.49,5.69,0.0,22.652,0.76,1.029,1.401,11.154,192.966,,81.403,37.157,0.856,58.854,1.894,,,US-Rwf,US-Rwf,sagebrush,0.514,0.602,0.526,0.455,0.6,0.495,0.563,1.15,1.664,0.523,0.25,151.882,63.67,78.766,175.147,964.939,835.038
US-Rwf,2014-10-15,0.123,3.612,8.62,0.187,0.582,18.175,6.3,12.99,-0.39,3.93,22.652,1.082,0.535,0.803,5.97,96.609,,80.722,61.985,0.426,38.435,1.895,,,US-Rwf,US-Rwf,sagebrush,0.79,0.639,0.799,0.73,0.863,0.766,0.839,0.691,1.481,0.481,0.083,136.861,61.278,92.584,174.336,965.323,835.112
US-Rwf,2014-10-20,0.125,5.619,8.214,0.19,0.581,27.055,11.995,19.04,4.95,4.04,22.652,0.707,0.746,1.245,13.808,145.364,,80.759,30.842,1.137,29.872,2.003,,,US-Rwf,US-Rwf,sagebrush,0.606,0.656,0.618,0.56,0.685,0.588,0.651,0.995,1.601,0.432,0.224,123.839,59.555,104.628,173.451,965.804,835.185
US-Rwf,2014-10-25,0.124,4.648,7.012,0.204,0.599,23.875,10.94,17.37,4.51,0.0,22.652,1.052,0.681,1.784,10.878,95.281,,80.699,37.071,0.866,-16.393,3.565,,,US-Rwf,US-Rwf,sagebrush,0.716,0.692,0.727,0.67,0.791,0.696,0.761,0.834,1.55,0.372,0.184,111.991,58.344,115.084,171.822,966.381,835.261
US-Rwf,2014-10-30,0.106,3.955,6.02,0.2,0.592,23.16,9.98,15.65,4.31,0.0,22.652,0.871,0.876,1.811,10.484,114.998,,81.313,45.204,0.717,9.351,4.748,,,US-Rwf,US-Rwf,sagebrush,0.748,0.645,0.758,0.702,0.822,0.729,0.789,0.643,1.391,0.325,0.126,101.139,56.705,124.307,170.682,966.978,835.332
US-Rwf,2014-11-04,0.113,1.278,1.248,0.241,0.654,8.578,3.455,5.95,0.96,0.0,22.652,0.493,0.518,1.148,3.276,58.74,,81.798,79.667,0.155,13.997,1.64,,,US-Rwf,US-Rwf,sagebrush,0.902,0.613,0.9,0.769,0.971,0.869,0.943,0.161,1.063,0.161,0.0,90.944,56.508,132.398,167.789,967.597,835.398
US-Rwf,2014-11-09,0.11,4.311,2.175,0.224,0.645,15.868,7.91,15.28,0.54,0.0,22.652,1.008,0.617,1.349,8.854,87.825,,80.811,56.597,0.554,-0.153,3.552,,,US-Rwf,US-Rwf,sagebrush,0.798,0.602,0.802,0.74,0.851,0.78,0.828,0.368,1.166,0.223,0.058,81.976,56.375,139.39,165.209,968.232,835.463
US-Rwf,2014-11-19,0.098,1.536,-9.375,0.34,0.643,15.932,-3.83,1.46,-9.12,0.0,22.652,0.387,0.192,0.578,3.3,66.383,,81.165,32.753,0.53,-8.75,2.412,,,US-Rwf,US-Rwf,sagebrush,0.607,0.374,0.6,0.508,0.698,0.559,0.64,0.089,0.696,0.089,0.0,66.283,56.375,151.299,160.528,969.327,835.569
US-Rwf,2014-11-24,0.088,1.104,-3.637,0.438,0.784,16.346,0.305,2.95,-2.34,0.0,22.652,0.289,0.147,0.329,-1.105,105.823,,81.798,73.025,0.166,18.511,2.581,,,US-Rwf,US-Rwf,sagebrush,1.309,0.903,1.299,1.176,1.413,1.243,1.354,0.127,1.436,0.127,0.0,59.602,56.375,154.392,156.455,970.348,835.665
US-Rwf,2014-11-29,0.078,2.062,-0.068,0.393,0.896,7.868,-2.43,4.33,-9.19,0.0,22.652,0.413,0.149,0.417,0.025,32.363,,79.873,78.727,0.15,-24.447,3.561,,,US-Rwf,US-Rwf,sagebrush,1.491,1.066,1.493,1.362,1.595,1.443,1.549,0.101,1.593,0.101,0.0,53.594,56.179,156.215,152.115,971.502,835.774
US-Rwf,2014-12-04,0.068,1.485,-0.062,0.388,1.002,8.507,4.8,7.48,2.12,9.39,22.652,0.475,0.255,0.901,3.449,43.518,,80.773,85.55,0.116,-6.367,1.77,,,US-Rwf,US-Rwf,sagebrush,1.459,1.049,1.46,1.341,1.562,1.412,1.511,0.081,1.54,0.081,0.0,48.192,55.983,157.446,147.967,972.614,835.883
US-Rwf,2014-12-09,0.058,2.297,-0.505,0.343,0.994,11.867,6.37,10.27,2.47,0.0,22.652,0.859,0.371,1.493,6.133,42.986,,81.458,62.922,0.355,-13.893,1.987,,,US-Rwf,US-Rwf,sagebrush,1.228,0.876,1.227,1.135,1.298,1.188,1.267,0.091,1.318,0.091,0.0,43.334,55.788,158.736,144.575,973.536,835.976
US-Rwf,2014-12-14,0.049,0.941,-2.12,0.276,0.989,14.015,-3.73,-0.74,-6.72,0.0,22.652,0.338,0.406,0.566,-5.491,77.462,,,88.355,0.051,-3.173,2.524,,,US-Rwf,US-Rwf,sagebrush,0.851,0.586,0.851,0.782,0.904,0.824,0.877,0.038,0.889,0.038,0.0,38.966,55.788,160.595,142.129,974.171,836.041
US-Rwf,2014-12-19,0.04,0.464,-1.414,0.338,0.937,8.268,0.43,1.48,-0.62,10.61,22.652,0.022,0.035,0.845,-0.601,26.503,,80.944,92.157,0.052,3.514,1.697,,,US-Rwf,US-Rwf,sagebrush,1.124,0.804,1.124,1.059,1.196,1.083,1.157,0.007,1.131,0.007,0.0,35.038,55.594,161.163,139.143,975.003,836.128
US-Rwf,2014-12-24,0.026,1.898,-0.564,0.307,1.143,7.535,-1.08,4.38,-6.54,9.87,22.652,0.291,0.045,0.14,0.212,17.075,,80.137,80.129,0.146,-18.002,,,,US-Rwf,US-Rwf,sagebrush,1.063,0.765,1.063,0.999,1.126,1.03,1.097,0.0,1.063,0.0,0.0,31.507,55.401,161.487,136.373,975.777,836.211
US-Rwf,2014-12-29,0.014,0.672,-4.425,0.38,1.095,7.041,-8.29,-5.37,-11.21,3.51,22.652,0.265,0.127,0.377,-7.143,50.158,,,96.034,0.123,,,,,US-Rwf,US-Rwf,sagebrush,1.014,0.715,1.013,0.932,1.087,0.975,1.05,0.0,1.014,0.0,0.0,28.331,55.401,161.574,133.583,976.502,836.291
US-Rwf,2015-01-03,0.036,1.42,-9.483,0.399,1.108,13.433,-5.075,0.26,-10.41,0.0,22.652,0.38,0.116,0.386,-3.576,88.819,,81.189,79.952,0.096,0.559,2.291,,,US-Rwf,US-Rwf,sagebrush,0.691,0.448,0.688,0.579,0.77,0.646,0.73,0.009,0.7,0.009,0.0,25.475,55.401,162.309,131.706,976.99,836.346
US-Rwf,2015-01-08,0.041,1.958,-4.865,0.438,1.122,14.486,2.225,6.61,-2.16,0.0,22.652,0.735,0.256,1.166,6.101,86.809,,81.518,59.314,0.405,-8.528,1.507,,,US-Rwf,US-Rwf,sagebrush,1.135,0.804,1.132,1.029,1.225,1.083,1.173,0.034,1.169,0.034,0.0,25.446,55.401,158.831,128.662,977.777,836.438
US-Rwf,2015-01-13,0.059,1.384,-5.311,0.437,1.134,15.412,-2.105,1.97,-6.18,0.0,22.652,0.957,0.46,0.954,-3.936,79.028,,81.7,82.962,0.083,20.933,2.07,,,US-Rwf,US-Rwf,sagebrush,1.076,0.761,1.07,0.966,1.163,1.027,1.111,0.065,1.141,0.065,0.0,25.416,55.401,155.555,125.797,978.482,836.526
US-Rwf,2015-01-18,0.081,1.787,-3.01,0.439,1.218,7.782,4.415,7.79,1.04,0.0,22.652,0.324,0.05,0.444,3.54,55.39,,81.328,83.765,0.129,4.563,2.77,,,US-Rwf,US-Rwf,sagebrush,1.268,0.931,1.26,1.164,1.358,1.215,1.3,0.084,1.352,0.084,0.0,25.387,55.401,151.709,122.445,979.263,836.632
US-Rwf,2015-01-23,0.092,1.845,-8.685,0.439,1.229,16.696,1.065,5.53,-3.4,0.0,22.652,0.43,0.183,0.502,-0.214,81.115,,82.172,83.485,0.104,5.859,1.534,,,US-Rwf,US-Rwf,sagebrush,0.758,0.531,0.755,0.644,0.855,0.698,0.804,0.104,0.862,0.063,0.016,25.415,55.467,149.359,120.39,979.716,836.699
US-Rwf,2015-01-28,0.097,1.63,-2.685,0.439,1.258,16.652,1.905,5.54,-1.73,0.0,22.652,0.509,0.283,0.441,1.097,101.061,,81.703,87.937,0.081,60.131,1.938,,,US-Rwf,US-Rwf,sagebrush,1.17,0.943,1.172,1.071,1.273,1.121,1.22,0.239,1.409,0.091,0.059,25.589,55.71,145.582,117.109,980.4,836.809
US-Rwf,2015-02-02,0.095,1.298,-2.077,0.437,1.278,10.752,4.04,6.48,1.6,6.94,22.652,0.278,0.379,0.551,2.417,54.807,,81.111,97.798,0.03,22.741,2.591,,,US-Rwf,US-Rwf,sagebrush,1.269,0.983,1.265,1.168,1.369,1.219,1.311,0.126,1.395,0.095,0.012,25.602,55.76,141.747,113.784,981.038,836.924
US-Rwf,2015-02-07,0.099,1.285,1.581,0.299,1.317,18.921,6.075,8.18,3.97,0.0,22.652,0.081,0.569,1.234,5.33,121.363,,80.6,67.647,0.298,42.106,3.067,,,US-Rwf,US-Rwf,sagebrush,0.945,0.822,0.951,0.879,1.035,0.915,0.991,0.305,1.25,0.119,0.074,25.797,55.871,138.656,111.271,981.515,837.02
US-Rwf,2015-02-12,0.108,2.848,-0.012,0.262,1.288,21.523,5.935,11.09,0.78,0.0,22.652,0.286,0.566,1.614,5.654,120.361,,81.883,54.757,0.416,46.457,1.904,,,US-Rwf,US-Rwf,sagebrush,0.609,0.613,0.613,0.559,0.682,0.584,0.645,0.435,1.044,0.108,0.13,26.177,56.211,136.337,109.415,981.85,837.095
US-Rwf,2015-02-17,0.116,1.989,-1.653,0.283,1.221,23.609,0.93,5.86,-4.0,0.0,22.652,0.343,0.4,1.061,-0.176,138.383,,81.445,53.931,0.292,,2.119,,,US-Rwf,US-Rwf,sagebrush,0.553,0.557,0.556,0.503,0.628,0.527,0.586,0.471,1.025,0.099,0.148,26.622,56.821,134.111,107.447,982.15,837.168
US-Rwf,2015-02-22,0.115,0.925,-2.447,0.283,1.206,25.216,-6.95,-3.19,-10.71,0.0,22.652,-0.162,0.523,0.343,-8.046,170.485,,81.179,60.048,0.136,62.502,2.895,,,US-Rwf,US-Rwf,sagebrush,0.627,0.556,0.63,0.573,0.704,0.598,0.662,0.264,0.891,0.095,0.067,26.787,57.097,132.039,105.613,982.409,837.237
US-Rwf,2015-02-27,0.112,1.265,-1.36,0.311,1.194,21.567,-1.07,2.33,-4.47,9.42,22.652,0.015,0.121,0.229,-2.175,78.1,,79.986,94.067,0.037,35.679,3.004,,,US-Rwf,US-Rwf,sagebrush,0.731,0.684,0.734,0.668,0.815,0.699,0.772,0.328,1.059,0.103,0.09,27.036,57.267,129.569,103.646,982.69,837.321
US-Rwf,2015-03-04,0.11,1.646,-3.567,0.331,1.194,32.826,-3.795,1.94,-9.53,0.0,22.652,0.154,0.323,0.795,-4.674,207.767,,81.319,40.663,0.274,31.6,1.942,,,US-Rwf,US-Rwf,sagebrush,0.526,0.514,0.528,0.464,0.614,0.49,0.565,0.517,1.043,0.09,0.17,27.566,57.965,127.352,101.701,982.918,837.397
US-Rwf,2015-03-09,0.125,3.685,1.146,0.268,1.236,34.394,6.225,13.13,-0.68,0.0,22.652,0.596,0.392,0.95,7.254,213.436,,81.28,27.594,0.768,62.218,1.544,,,US-Rwf,US-Rwf,sagebrush,0.373,0.425,0.377,0.325,0.447,0.348,0.408,0.896,1.269,0.122,0.308,28.557,59.029,125.002,99.832,983.134,837.481
US-Rwf,2015-03-14,0.137,2.204,3.461,0.243,1.167,17.616,9.765,12.72,6.81,5.29,22.652,0.724,0.218,0.843,9.4,50.938,,81.414,53.974,0.558,17.003,2.833,,,US-Rwf,US-Rwf,sagebrush,0.572,0.665,0.577,0.504,0.658,0.544,0.613,0.612,1.184,0.143,0.187,29.119,59.591,122.633,97.943,983.324,837.566
US-Rwf,2015-03-19,0.129,3.383,2.347,0.253,0.88,37.716,5.245,11.95,-1.46,0.0,22.652,0.257,0.83,1.149,5.376,237.062,,81.472,49.631,0.472,93.497,2.334,,,US-Rwf,US-Rwf,sagebrush,0.238,0.318,0.242,0.185,0.312,0.213,0.271,1.114,1.352,0.136,0.389,30.382,60.984,120.356,96.136,983.479,837.651
US-Rwf,2015-03-24,0.126,1.429,2.614,0.262,0.773,25.2,-0.495,3.25,-4.24,11.48,22.652,1.042,0.217,0.33,-0.816,144.255,,81.083,84.429,0.096,32.646,4.541,,,US-Rwf,US-Rwf,sagebrush,0.551,0.638,0.555,0.483,0.639,0.52,0.592,0.663,1.214,0.142,0.208,31.016,61.624,117.988,94.254,983.611,837.74
US-Rwf,2015-03-29,0.125,3.412,4.917,0.233,0.745,40.929,6.02,12.39,-0.35,0.0,22.652,0.124,1.263,1.604,5.757,259.727,,81.697,43.205,0.549,111.049,2.414,,,US-Rwf,US-Rwf,sagebrush,0.142,0.269,0.147,0.083,0.227,0.114,0.178,1.34,1.482,0.165,0.468,32.538,63.331,115.691,92.428,983.709,837.829
US-Rwf,2015-04-03,0.125,2.482,1.342,0.229,0.707,43.866,1.315,7.56,-4.93,0.0,22.652,0.053,1.058,0.828,0.715,238.936,,81.373,43.891,0.383,88.933,3.667,,,US-Rwf,US-Rwf,sagebrush,0.034,0.121,0.037,-0.004,0.106,0.01,0.062,1.184,1.218,0.138,0.416,33.877,64.821,113.932,91.061,983.764,837.899
US-Rwf,2015-04-08,0.141,1.56,3.705,0.296,0.787,36.726,1.705,5.22,-1.81,21.09,22.652,0.545,0.968,1.481,-1.021,217.927,,80.477,97.473,0.031,22.504,3.575,,,US-Rwf,US-Rwf,sagebrush,0.343,0.454,0.347,0.261,0.441,0.309,0.387,1.294,1.637,0.164,0.45,35.347,66.444,111.171,88.857,983.811,838.008
US-Rwf,2015-04-13,0.139,4.623,4.617,0.251,0.773,47.198,8.53,16.06,1.0,0.0,22.652,0.608,0.805,1.489,8.914,272.785,,80.882,32.587,0.829,104.674,3.639,,,US-Rwf,US-Rwf,sagebrush,-0.038,0.096,-0.034,-0.101,0.049,-0.067,-0.003,1.697,1.659,0.178,0.605,37.334,68.696,108.856,87.024,983.814,838.104
US-Rwf,2015-04-18,0.135,2.693,6.097,0.235,0.724,49.824,8.61,12.61,4.61,0.0,22.652,0.189,1.494,1.698,7.292,290.358,,81.403,40.282,0.633,117.886,4.665,,,US-Rwf,US-Rwf,sagebrush,-0.176,-0.015,-0.172,-0.239,-0.087,-0.206,-0.139,1.943,1.766,0.203,0.693,39.613,71.302,106.585,85.227,983.782,838.199
US-Rwf,2015-04-23,0.132,3.768,6.573,0.217,0.7,50.823,6.28,12.75,-0.19,0.0,22.652,-0.062,2.155,1.974,6.456,312.35,,80.481,33.044,0.676,143.917,1.956,,,US-Rwf,US-Rwf,sagebrush,-0.222,-0.049,-0.218,-0.281,-0.14,-0.248,-0.187,1.92,1.698,0.219,0.677,41.828,73.837,104.531,83.613,983.721,838.289
US-Rwf,2015-04-28,0.147,6.54,6.91,0.222,0.692,51.997,11.37,19.12,3.62,0.0,22.652,-0.478,2.501,2.113,11.286,320.491,,81.319,34.241,0.917,139.742,5.062,,,US-Rwf,US-Rwf,sagebrush,-0.329,-0.148,-0.325,-0.39,-0.245,-0.356,-0.292,2.158,1.829,0.233,0.767,44.345,76.729,102.423,81.958,983.627,838.382
US-Rwf,2015-05-03,0.167,4.881,11.258,0.205,0.675,54.179,12.235,17.44,7.03,0.0,22.652,-0.267,2.983,2.408,11.786,302.427,,80.773,30.37,0.985,143.73,2.285,,,US-Rwf,US-Rwf,sagebrush,-0.871,-0.605,-0.864,-0.941,-0.777,-0.903,-0.824,3.293,2.422,0.317,1.185,48.29,81.329,100.105,80.119,983.486,838.487
US-Rwf,2015-06-07,0.247,10.113,16.323,0.206,0.675,57.141,16.865,23.2,10.53,0.0,22.652,-2.745,7.487,4.858,17.155,304.005,,81.407,50.718,1.005,163.179,1.746,,,US-Rwf,US-Rwf,sagebrush,-2.053,-1.641,-2.044,-2.119,-1.94,-2.087,-1.995,5.82,3.767,0.682,2.046,83.827,122.85,83.877,67.427,981.142,839.304
US-Rwf,2015-06-12,0.269,9.715,15.826,0.194,0.652,59.168,15.87,22.53,9.21,0.0,22.652,-3.831,8.835,6.136,16.313,372.086,,81.2,31.672,1.305,190.061,3.23,,,US-Rwf,US-Rwf,sagebrush,-2.618,-2.237,-2.611,-2.682,-2.516,-2.655,-2.567,6.61,3.991,0.713,2.348,91.649,132.067,81.861,65.884,980.639,839.421
US-Rwf,2015-06-17,0.283,11.893,17.453,0.177,0.63,57.955,18.405,25.44,11.37,0.0,22.652,-3.523,9.418,5.872,19.333,356.352,,81.232,30.432,1.611,189.778,2.649,,,US-Rwf,US-Rwf,sagebrush,-2.578,-2.162,-2.569,-2.643,-2.479,-2.612,-2.527,6.594,4.016,0.852,2.286,99.22,139.448,80.035,66.052,980.123,839.532
US-Rwf,2015-06-22,0.312,9.607,16.959,0.159,0.61,58.885,14.8,21.89,7.71,0.0,22.652,-4.438,8.719,4.597,15.835,332.142,,81.372,38.609,1.163,170.405,1.992,,,US-Rwf,US-Rwf,sagebrush,-3.477,-3.107,-3.471,-3.578,-3.353,-3.518,-3.425,7.895,4.417,0.882,2.792,108.494,147.214,78.609,68.181,979.673,839.626
US-Rwf,2015-06-27,0.293,17.947,21.609,0.144,0.594,54.519,24.35,31.24,17.46,0.0,22.652,-1.713,8.579,7.949,25.582,257.744,,81.604,21.591,2.627,136.158,2.326,,,US-Rwf,US-Rwf,sagebrush,-1.776,-1.26,-1.76,-1.865,-1.653,-1.808,-1.709,5.493,3.717,1.252,1.689,113.915,148.831,77.191,71.81,979.21,839.724
US-Rwf,2015-07-02,0.224,17.49,22.955,0.129,0.578,58.329,24.215,31.0,17.43,0.0,22.652,-2.221,6.606,5.772,24.796,345.731,,81.5,21.648,2.517,188.436,1.92,,,US-Rwf,US-Rwf,sagebrush,-1.099,-0.553,-1.081,-1.22,-0.935,-1.137,-1.029,4.401,3.302,1.395,1.197,117.603,147.086,76.008,76.857,978.808,839.812
US-Rwf,2015-07-07,0.219,11.796,20.568,0.117,0.562,53.293,19.81,24.97,14.65,0.0,22.652,-1.918,6.675,4.438,19.699,278.848,,,41.752,1.384,167.196,2.233,,,US-Rwf,US-Rwf,sagebrush,-1.427,-0.995,-1.415,-1.51,-1.331,-1.456,-1.378,4.541,3.115,1.217,1.324,121.703,144.602,75.204,83.404,978.515,839.881
US-Rwf,2015-07-12,0.207,9.167,17.631,0.191,0.552,49.148,14.95,21.35,8.55,5.74,22.652,-0.297,6.789,8.763,14.387,206.038,,81.366,69.547,0.524,102.931,2.145,,,US-Rwf,US-Rwf,sagebrush,-0.887,-0.489,-0.866,-0.939,-0.765,-0.912,-0.827,4.19,3.304,1.025,1.26,125.646,141.189,73.435,89.415,978.055,840.002
US-Rwf,2015-07-17,0.196,7.488,16.443,0.183,0.557,57.359,12.175,17.64,6.71,0.0,22.652,-0.942,5.078,4.187,11.728,202.467,,81.157,48.508,0.734,80.042,3.233,,,US-Rwf,US-Rwf,sagebrush,-1.343,-1.003,-1.325,-1.389,-1.271,-1.355,-1.291,4.743,3.4,0.956,1.508,130.421,139.371,71.942,94.928,977.682,840.11
US-Rwf,2015-07-22,0.182,8.717,20.081,0.16,0.539,46.78,15.93,22.0,9.86,5.44,22.652,0.173,4.811,3.997,15.557,155.453,,80.886,60.984,0.719,83.349,1.845,,,US-Rwf,US-Rwf,sagebrush,-0.428,0.01,-0.406,-0.493,-0.299,-0.458,-0.364,3.448,3.02,1.204,0.893,133.033,133.766,70.589,101.631,977.358,840.215
US-Rwf,2015-07-27,0.175,6.414,16.703,0.16,0.525,55.932,10.57,15.89,5.25,0.0,22.652,-3.103,5.687,2.899,9.733,316.263,,81.286,54.114,0.605,160.295,4.12,,,US-Rwf,US-Rwf,sagebrush,-1.096,-0.779,-1.08,-1.146,-1.032,-1.108,-1.052,4.163,3.067,0.971,1.271,136.939,129.027,69.501,109.179,977.119,840.306
US-Rwf,2015-08-06,0.227,9.964,17.573,0.144,0.498,52.502,15.935,21.78,10.09,0.0,22.652,-1.849,3.941,2.047,15.541,308.539,,81.269,29.56,1.273,146.948,1.528,,,US-Rwf,US-Rwf,sagebrush,-1.537,-1.22,-1.522,-1.593,-1.454,-1.557,-1.486,4.869,3.332,1.014,1.535,145.467,118.858,67.592,125.583,976.81,840.482
US-Rwf,2015-08-11,0.213,16.531,19.644,0.131,0.485,50.897,23.34,29.4,17.28,0.0,22.652,-0.299,2.67,2.155,22.106,242.23,,81.193,28.06,2.009,85.47,3.892,,,US-Rwf,US-Rwf,sagebrush,-0.789,-0.407,-0.77,-0.847,-0.693,-0.821,-0.722,3.729,2.94,1.149,1.027,148.451,111.655,66.867,134.452,976.752,840.559
US-Rwf,2015-08-16,0.194,11.545,15.803,0.119,0.474,51.224,16.825,23.02,10.63,0.0,22.652,-0.965,2.37,1.081,16.743,289.702,,81.549,31.882,1.319,122.367,2.107,,,US-Rwf,US-Rwf,sagebrush,-1.138,-0.869,-1.126,-1.207,-1.039,-1.17,-1.081,3.769,2.631,0.897,1.144,151.81,104.95,66.498,143.798,976.753,840.617
US-Rwf,2015-08-21,0.18,13.971,16.958,0.111,0.463,49.139,16.655,24.12,9.19,0.0,22.652,-0.621,2.227,1.428,18.412,302.066,,80.906,22.834,1.692,126.468,3.067,,,US-Rwf,US-Rwf,sagebrush,-0.759,-0.455,-0.744,-0.838,-0.651,-0.794,-0.697,3.159,2.4,0.949,0.88,154.234,97.242,66.217,153.058,976.797,840.672
US-Rwf,2015-08-26,0.186,19.26,19.181,0.104,0.454,40.298,21.35,28.23,14.47,0.0,22.652,-0.25,1.598,1.271,22.284,244.322,,81.489,17.704,2.262,93.939,2.368,,,US-Rwf,US-Rwf,sagebrush,-0.18,0.199,-0.159,-0.268,-0.037,-0.225,-0.098,2.332,2.152,1.063,0.505,155.347,88.375,65.966,161.82,976.885,840.726
US-Rwf,2015-08-31,0.173,12.086,13.599,0.099,0.446,45.556,13.585,20.7,6.47,0.0,22.652,-0.646,1.911,1.205,13.077,275.724,,81.244,51.181,0.808,116.088,2.83,,,US-Rwf,US-Rwf,sagebrush,-0.725,-0.493,-0.712,-0.822,-0.619,-0.764,-0.659,2.674,1.95,0.735,0.772,157.369,81.217,65.959,170.449,976.981,840.766
US-Rwf,2015-09-05,0.162,6.403,11.057,0.098,0.439,41.731,4.705,9.98,-0.57,0.0,22.652,-0.759,1.583,1.007,4.441,240.304,,81.103,66.433,0.316,114.878,2.527,,,US-Rwf,US-Rwf,sagebrush,-0.638,-0.453,-0.628,-0.733,-0.529,-0.681,-0.571,2.336,1.698,0.617,0.685,159.08,74.234,66.044,178.682,977.092,840.801
US-Rwf,2015-09-15,0.17,2.641,13.96,0.118,0.429,26.854,7.235,10.11,4.36,14.84,22.652,1.744,0.078,0.664,5.973,86.382,,80.451,95.813,0.051,60.361,1.659,,,US-Rwf,US-Rwf,sagebrush,-0.102,0.11,-0.086,-0.174,0.022,-0.138,-0.033,1.93,1.828,0.704,0.488,161.675,61.207,65.845,191.918,977.486,840.893
US-Rwf,2015-09-20,0.136,11.909,11.257,0.174,0.452,38.562,15.765,23.4,8.13,0.0,22.652,1.172,0.583,2.092,16.762,236.013,,81.342,30.621,1.392,94.448,2.324,,,US-Rwf,US-Rwf,sagebrush,0.385,0.464,0.397,0.307,0.522,0.349,0.44,1.549,1.934,0.584,0.384,162.439,55.819,65.118,194.865,977.883,840.973
US-Rwf,2015-09-25,0.145,15.687,14.582,0.155,0.451,35.543,19.41,28.15,10.67,0.0,22.652,0.845,0.829,1.618,21.612,201.706,,81.34,14.439,2.252,47.609,2.163,,,US-Rwf,US-Rwf,sagebrush,0.438,0.602,0.455,0.357,0.582,0.408,0.504,1.588,2.026,0.699,0.354,163.069,50.914,64.434,197.142,978.295,841.054
US-Rwf,2015-09-30,0.135,8.846,13.76,0.144,0.448,29.579,15.755,21.28,10.23,0.0,22.652,1.089,0.961,2.729,17.112,116.401,,81.189,29.129,1.4,24.537,2.257,,,US-Rwf,US-Rwf,sagebrush,0.404,0.531,0.42,0.327,0.535,0.372,0.466,1.397,1.801,0.652,0.297,163.484,46.236,63.942,199.436,978.665,841.124
US-Rwf,2015-10-05,0.127,5.966,9.055,0.17,0.455,32.794,11.78,17.14,6.42,0.0,22.652,0.986,0.91,1.371,11.083,198.663,,81.072,56.235,0.611,68.562,2.69,,,US-Rwf,US-Rwf,sagebrush,0.389,0.437,0.397,0.311,0.518,0.358,0.437,1.265,1.654,0.481,0.312,163.988,42.337,63.418,200.956,979.048,841.195
US-Rwf,2015-10-10,0.123,11.573,12.664,0.157,0.456,31.131,17.31,23.52,11.1,0.0,22.652,0.342,0.75,0.83,19.046,191.324,,81.152,20.788,1.795,37.484,2.133,,,US-Rwf,US-Rwf,sagebrush,0.567,0.583,0.58,0.489,0.703,0.536,0.624,1.172,1.739,0.588,0.232,148.26,38.573,78.79,201.752,979.459,841.27
US-Rwf,2015-10-15,0.13,11.034,10.464,0.148,0.455,29.167,14.69,21.48,7.9,0.0,22.652,0.566,0.718,1.121,15.68,169.3,,81.623,20.706,1.43,30.587,3.36,,,US-Rwf,US-Rwf,sagebrush,0.421,0.489,0.431,0.346,0.544,0.385,0.474,1.098,1.519,0.466,0.252,134.183,35.278,92.529,202.775,979.903,841.333
US-Rwf,2015-10-20,0.132,1.982,7.63,0.248,0.64,26.458,6.805,10.01,3.6,0.0,22.652,0.891,0.278,1.324,4.882,133.107,,81.416,87.929,0.124,63.938,3.414,,,US-Rwf,US-Rwf,sagebrush,0.925,0.816,0.926,0.79,1.075,0.853,0.991,1.094,2.018,0.356,0.294,121.671,36.164,103.718,197.618,980.77,841.439
US-Rwf,2015-10-25,0.133,3.489,7.928,0.212,0.632,21.365,8.95,14.21,3.69,3.05,22.652,1.308,0.745,2.519,10.133,84.788,,80.924,36.126,0.83,-8.494,2.925,,,US-Rwf,US-Rwf,sagebrush,0.844,0.768,0.848,0.752,0.965,0.787,0.898,0.873,1.717,0.338,0.213,110.141,36.538,113.775,193.621,981.557,841.528
US-Rwf,2015-10-30,0.129,1.859,2.473,0.223,0.622,12.143,4.49,8.0,0.98,3.6,22.652,1.241,0.495,1.662,4.32,28.132,,81.082,79.687,0.166,-5.13,1.998,,,US-Rwf,US-Rwf,sagebrush,0.84,0.593,0.837,0.734,0.918,0.804,0.873,0.369,1.209,0.226,0.057,99.236,36.049,122.976,190.883,982.219,841.598
US-Rwf,2015-11-04,0.123,1.063,1.34,0.229,0.654,17.297,-2.37,0.72,-5.46,0.0,22.652,0.574,0.363,0.916,-3.8,96.73,,80.737,83.012,0.082,17.914,3.489,,,US-Rwf,US-Rwf,sagebrush,0.833,0.574,0.828,0.722,0.909,0.802,0.863,0.304,1.137,0.195,0.044,89.384,36.103,131.01,187.738,982.895,841.665
US-Rwf,2015-11-09,0.118,1.528,0.103,0.256,0.62,14.602,-0.685,3.42,-4.79,5.71,22.652,0.446,0.541,1.411,-1.579,32.171,,80.284,94.517,0.036,10.852,2.197,,,US-Rwf,US-Rwf,sagebrush,0.867,0.618,0.863,0.78,0.945,0.835,0.899,0.322,1.189,0.168,0.062,80.587,35.603,137.802,185.091,983.642,841.737
US-Rwf,2015-11-14,0.112,2.788,-0.862,0.28,0.619,17.994,5.785,10.87,0.7,0.0,22.652,1.069,0.226,0.746,7.409,111.507,,80.712,38.458,0.648,3.949,2.995,,,US-Rwf,US-Rwf,sagebrush,0.879,0.65,0.875,0.794,0.957,0.841,0.906,0.356,1.235,0.146,0.084,72.752,35.172,143.502,182.383,984.447,841.812
US-Rwf,2015-11-19,0.106,1.756,-0.827,0.323,0.617,9.096,1.455,5.55,-2.64,13.91,22.652,0.48,0.034,0.176,1.24,31.809,,80.98,93.644,0.04,18.463,3.148,,,US-Rwf,US-Rwf,sagebrush,1.169,0.786,1.153,1.007,1.253,1.118,1.192,0.173,1.341,0.136,0.014,65.469,34.437,147.863,179.137,985.418,841.9
US-Rwf,2015-11-24,0.087,1.705,-1.926,0.39,0.688,11.162,2.365,6.07,-1.34,8.92,22.652,0.477,0.005,0.077,1.549,33.493,,79.855,70.386,0.23,-1.145,2.23,,,US-Rwf,US-Rwf,sagebrush,1.346,0.908,1.325,1.177,1.44,1.278,1.376,0.147,1.493,0.118,0.012,58.91,34.484,150.962,174.601,986.536,842.003
US-Rwf,2015-12-04,0.012,1.048,-4.953,0.396,0.767,11.853,-1.47,1.38,-4.32,4.39,22.652,0.89,0.093,0.074,-1.703,48.854,,80.897,88.882,0.062,-26.796,2.593,,,US-Rwf,US-Rwf,sagebrush,1.104,0.712,1.088,0.969,1.197,1.047,1.136,0.0,1.104,0.0,0.0,47.632,34.484,157.393,168.747,988.033,842.14
US-Rwf,2015-12-09,0.003,2.183,-1.053,0.437,0.918,7.527,2.99,7.69,-1.71,4.74,22.652,0.618,0.147,0.52,3.085,21.179,,80.669,70.502,0.283,-21.703,3.188,,,US-Rwf,US-Rwf,sagebrush,1.632,1.116,1.61,1.443,1.746,1.548,1.667,0.0,1.632,0.0,0.0,42.831,34.364,157.713,163.729,989.366,842.265
US-Rwf,2016-01-08,-0.023,0.888,-6.169,0.439,1.17,14.513,-4.105,-1.22,-6.99,0.0,22.652,0.677,0.03,0.35,-4.435,88.827,,80.674,87.662,0.056,-35.082,2.727,,,US-Rwf,US-Rwf,sagebrush,1.053,0.694,1.037,0.939,1.128,0.992,1.075,0.0,1.053,0.0,0.0,25.151,34.244,154.524,141.945,994.879,842.86
US-Rwf,2016-01-13,-0.021,1.529,-7.485,0.439,1.168,11.688,0.215,4.05,-3.62,5.17,22.652,1.085,0.014,0.714,-0.197,40.095,,80.511,71.48,0.187,-18.104,4.007,,,US-Rwf,US-Rwf,sagebrush,0.928,0.601,0.913,0.804,1.005,0.872,0.951,0.0,0.928,0.0,0.0,25.122,34.244,151.857,139.295,995.504,842.94
US-Rwf,2016-01-18,-0.02,1.174,-4.388,0.439,1.178,15.008,0.23,3.08,-2.62,4.18,22.652,1.035,0.016,0.677,-0.344,96.472,,80.916,83.477,0.1,-1.815,3.125,,,US-Rwf,US-Rwf,sagebrush,1.18,0.806,1.163,1.069,1.245,1.122,1.199,0.0,1.18,0.0,0.0,25.093,34.244,148.474,135.948,996.258,843.043
US-Rwf,2016-01-23,-0.019,1.135,-3.814,0.439,1.228,12.797,0.64,3.31,-2.03,4.73,22.652,1.02,0.1,1.092,-0.412,76.675,,80.389,87.361,0.082,-10.778,5.547,,,US-Rwf,US-Rwf,sagebrush,1.213,0.84,1.196,1.108,1.275,1.154,1.234,0.0,1.213,0.0,0.0,25.065,34.244,145.018,132.534,996.984,843.152
US-Rwf,2016-01-28,-0.019,2.074,-6.894,0.439,1.24,11.067,0.59,5.91,-4.73,8.86,22.652,0.899,0.118,1.291,2.089,85.172,,81.25,64.388,0.281,-1.518,2.863,,,US-Rwf,US-Rwf,sagebrush,0.931,0.618,0.917,0.821,1.007,0.876,0.952,0.0,0.931,0.0,0.0,25.036,34.244,142.385,129.932,997.507,843.236
US-Rwf,2016-02-02,-0.019,0.943,-9.26,0.439,1.306,18.5,-7.14,-3.24,-11.04,0.0,22.652,0.842,0.08,0.653,-8.119,137.483,,80.974,77.862,0.079,9.069,1.964,,,US-Rwf,US-Rwf,sagebrush,0.744,0.475,0.732,0.625,0.818,0.688,0.771,0.0,0.744,0.0,0.0,25.008,34.244,140.296,127.864,997.902,843.305
US-Rwf,2016-02-07,-0.021,2.288,-6.688,0.439,1.313,20.06,3.0,7.96,-1.96,0.0,22.652,0.964,0.246,1.371,2.622,143.424,,82.375,72.722,0.213,10.633,1.62,,,US-Rwf,US-Rwf,sagebrush,0.925,0.621,0.91,0.823,1.0,0.872,0.945,0.0,0.925,0.0,0.0,24.979,34.244,137.705,125.309,998.365,843.392
US-Rwf,2016-02-12,-0.02,2.906,-5.705,0.439,1.317,19.816,4.8,10.55,-0.95,0.0,22.652,1.017,0.217,1.643,7.609,118.271,,81.571,46.7,0.56,-4.649,2.269,,,US-Rwf,US-Rwf,sagebrush,0.99,0.678,0.975,0.897,1.065,0.938,1.01,0.0,0.99,0.0,0.0,24.951,34.244,134.945,122.595,998.826,843.487
US-Rwf,2016-02-17,-0.012,2.143,-4.272,0.439,1.317,19.113,5.645,9.44,1.85,0.0,22.652,1.236,0.191,1.448,5.455,65.316,,79.959,58.573,0.392,-11.403,6.121,,,US-Rwf,US-Rwf,sagebrush,1.092,0.768,1.076,1.003,1.163,1.04,1.113,0.0,1.092,0.0,0.0,24.922,34.244,131.914,119.622,999.293,843.593
US-Rwf,2016-02-22,0.009,1.228,-0.877,0.426,1.317,24.931,-2.31,1.31,-5.93,0.0,22.652,0.666,0.348,1.131,-3.167,157.583,,81.413,75.338,0.122,13.137,4.462,,,US-Rwf,US-Rwf,sagebrush,1.33,0.979,1.314,1.222,1.401,1.272,1.352,0.0,1.33,0.0,0.0,24.891,34.125,128.247,116.153,999.799,843.724
US-Rwf,2016-02-27,0.022,1.575,-0.18,0.388,1.317,17.218,2.815,6.1,-0.47,2.67,22.652,1.021,0.0,0.536,2.07,128.727,,81.1,76.635,0.187,1.016,3.113,,,US-Rwf,US-Rwf,sagebrush,1.234,0.921,1.219,1.132,1.299,1.178,1.256,0.0,1.234,0.0,0.0,24.851,34.006,124.882,112.974,1000.207,843.85
US-Rwf,2016-03-03,0.035,2.287,2.5,0.267,1.317,27.44,5.635,9.72,1.55,0.0,22.652,0.864,0.139,1.102,6.086,121.982,,81.035,55.797,0.436,12.018,2.648,,,US-Rwf,US-Rwf,sagebrush,0.94,0.701,0.928,0.862,0.987,0.89,0.962,0.066,1.006,0.066,0.0,24.785,33.888,122.373,110.6,1000.476,843.947
US-Rwf,2016-03-08,0.048,1.504,1.166,0.265,1.249,28.455,0.455,4.15,-3.24,3.11,22.652,-0.235,0.333,0.948,-1.243,150.083,,80.528,81.841,0.115,51.637,1.962,,,US-Rwf,US-Rwf,sagebrush,0.804,0.63,0.798,0.74,0.863,0.769,0.826,0.155,0.959,0.084,0.028,24.817,33.886,120.134,108.489,1000.688,844.035
US-Rwf,2016-03-13,0.061,1.219,2.682,0.264,1.125,22.155,1.015,3.82,-1.79,13.64,22.652,-0.138,,0.905,0.746,107.331,,80.117,92.896,0.054,41.986,3.041,,,US-Rwf,US-Rwf,sagebrush,0.864,0.696,0.859,0.791,0.934,0.826,0.89,0.174,1.038,0.092,0.033,24.863,33.903,117.727,106.217,1000.885,844.132
US-Rwf,2016-03-18,0.075,2.078,-0.34,0.289,1.018,37.679,-0.11,5.52,-5.74,0.0,22.652,0.939,0.0,0.932,-2.16,241.988,,81.184,63.539,0.194,56.775,4.899,,,US-Rwf,US-Rwf,sagebrush,0.606,0.614,0.604,0.547,0.665,0.569,0.635,0.443,1.049,0.076,0.146,25.305,34.384,115.564,104.188,1001.032,844.221
US-Rwf,2016-03-23,0.088,1.774,0.808,0.266,0.942,38.53,1.185,5.41,-3.04,0.0,22.652,0.805,0.019,0.796,0.284,247.268,,81.416,67.726,0.228,105.958,2.856,,,US-Rwf,US-Rwf,sagebrush,0.471,0.504,0.469,0.415,0.53,0.437,0.5,0.631,1.101,0.083,0.218,25.99,35.16,113.492,102.245,1001.147,844.309
US-Rwf,2016-03-28,0.101,1.428,2.023,0.257,0.841,37.357,-1.395,2.61,-5.4,0.0,22.652,0.698,0.376,1.112,-3.664,237.553,,80.321,75.881,0.125,77.2,4.446,,,US-Rwf,US-Rwf,sagebrush,0.447,0.501,0.446,0.387,0.513,0.412,0.48,0.711,1.158,0.092,0.247,26.769,36.05,111.385,100.268,1001.237,844.399
US-Rwf,2016-04-02,0.11,4.226,5.697,0.248,0.764,43.472,8.66,14.96,2.36,0.0,22.652,1.048,0.281,1.64,9.369,271.448,,81.399,46.588,0.679,117.566,2.431,,,US-Rwf,US-Rwf,sagebrush,0.29,0.395,0.291,0.214,0.373,0.25,0.331,1.231,1.521,0.118,0.443,28.223,37.746,108.926,97.952,1001.304,844.507
US-Rwf,2016-04-07,0.114,5.461,6.737,0.23,0.721,45.836,10.76,17.71,3.81,0.0,22.652,1.316,0.613,1.997,12.144,286.161,,81.524,29.973,1.016,114.369,2.913,,,US-Rwf,US-Rwf,sagebrush,0.152,0.285,0.154,0.077,0.234,0.112,0.196,1.401,1.553,0.131,0.506,29.883,39.692,106.61,95.774,1001.33,844.611
US-Rwf,2016-04-12,0.116,2.429,8.265,0.214,0.701,32.663,6.8,10.83,2.77,5.82,22.652,0.733,0.696,1.848,7.751,102.655,,81.079,72.823,0.321,42.852,2.024,,,US-Rwf,US-Rwf,sagebrush,0.289,0.459,0.293,0.207,0.384,0.246,0.34,1.165,1.454,0.152,0.403,31.182,41.211,104.365,93.666,1001.319,844.715
US-Rwf,2016-04-17,0.123,3.969,5.223,0.25,0.736,49.612,8.305,14.05,2.56,0.0,22.652,0.504,0.821,1.319,8.014,308.296,,81.786,41.942,0.658,134.896,1.776,,,US-Rwf,US-Rwf,sagebrush,0.025,0.139,0.025,-0.047,0.097,-0.009,0.061,1.592,1.617,0.132,0.581,33.1,43.456,102.118,91.567,1001.269,844.82
US-Rwf,2016-04-22,0.138,3.517,10.275,0.216,0.715,45.346,8.61,14.06,3.16,11.33,22.652,0.921,1.29,2.412,9.138,104.591,,80.259,53.36,0.595,36.637,1.665,,,US-Rwf,US-Rwf,sagebrush,-0.207,0.007,-0.202,-0.297,-0.108,-0.254,-0.154,2.155,1.949,0.189,0.783,35.698,46.521,99.717,89.318,1001.173,844.936
US-Rwf,2016-05-07,0.226,3.11,13.279,0.256,0.701,48.533,11.415,15.3,7.53,3.42,22.652,-0.822,4.082,3.827,9.788,230.464,,80.621,77.907,0.288,154.109,2.299,,,US-Rwf,US-Rwf,sagebrush,-1.343,-1.052,-1.34,-1.46,-1.214,-1.393,-1.277,4.695,3.352,0.284,1.756,47.998,61.045,92.29,82.411,1000.569,845.311
US-Rwf,2016-05-12,0.253,7.427,8.725,0.23,0.724,56.358,12.805,20.27,5.34,0.0,22.652,-1.925,4.135,2.439,15.184,329.408,,81.378,26.443,1.321,150.928,2.422,,,US-Rwf,US-Rwf,sagebrush,-1.786,-1.597,-1.787,-1.853,-1.719,-1.822,-1.749,4.727,2.941,0.245,1.785,54.012,68.164,90.183,80.474,1000.299,845.425
US-Rwf,2016-05-17,0.279,5.212,8.338,0.229,0.696,56.232,9.085,15.43,2.74,0.0,22.652,-2.216,5.658,3.266,9.816,344.978,,81.395,63.262,0.496,175.543,2.072,,,US-Rwf,US-Rwf,sagebrush,-2.217,-2.034,-2.218,-2.281,-2.143,-2.258,-2.176,5.41,3.193,0.268,2.047,60.912,76.337,88.196,78.66,1000.0,845.537
US-Rwf,2016-05-22,0.287,1.969,7.048,0.254,0.734,41.481,3.985,7.86,0.11,0.0,22.652,-2.581,4.591,2.37,3.187,236.322,,80.752,78.267,0.178,140.694,1.487,,,US-Rwf,US-Rwf,sagebrush,-1.418,-1.248,-1.42,-1.476,-1.358,-1.45,-1.386,4.157,2.739,0.279,1.544,66.071,82.415,86.141,76.805,999.646,845.654
US-Rwf,2016-05-27,0.273,3.347,10.132,0.222,0.713,58.563,6.115,11.36,0.87,0.0,22.652,-3.348,6.754,3.563,7.421,325.077,,80.912,51.693,0.526,163.075,2.211,,,US-Rwf,US-Rwf,sagebrush,-2.596,-2.37,-2.596,-2.66,-2.51,-2.641,-2.552,6.173,3.577,0.363,2.313,73.85,91.631,84.176,75.026,999.257,845.771
US-Rwf,2016-06-01,0.248,9.41,12.169,0.208,0.686,57.177,16.375,23.66,9.09,0.0,22.652,-2.881,7.646,5.215,17.364,284.718,,81.132,27.174,1.5,139.775,2.589,,,US-Rwf,US-Rwf,sagebrush,-1.922,-1.645,-1.919,-1.976,-1.845,-1.952,-1.884,5.151,3.229,0.458,1.868,80.06,98.988,82.262,73.296,998.825,845.889
US-Rwf,2016-06-06,0.244,9.313,18.943,0.194,0.665,56.706,20.24,25.52,14.96,0.0,22.652,-2.543,7.441,5.28,20.32,247.765,,81.022,37.787,1.514,128.852,2.04,,,US-Rwf,US-Rwf,sagebrush,-1.967,-1.489,-1.953,-2.043,-1.847,-2.011,-1.902,5.816,3.849,0.746,2.019,86.76,106.935,79.97,71.206,998.252,846.032
US-Rwf,2016-06-11,0.251,4.6,13.524,0.18,0.644,58.508,8.04,13.73,2.35,0.0,22.652,-4.691,7.185,2.172,7.626,320.042,,81.297,47.951,0.578,153.112,3.385,,,US-Rwf,US-Rwf,sagebrush,-2.624,-2.326,-2.619,-2.689,-2.528,-2.658,-2.577,6.232,3.608,0.582,2.25,94.224,115.432,78.454,70.225,997.805,846.136
US-Rwf,2016-06-16,0.281,3.86,8.878,0.196,0.631,41.919,5.96,11.95,-0.03,4.3,22.652,-4.158,6.457,1.698,5.529,291.363,,81.061,66.19,0.35,183.628,1.75,,,US-Rwf,US-Rwf,sagebrush,-1.609,-1.4,-1.606,-1.665,-1.534,-1.635,-1.573,4.291,2.682,0.476,1.519,99.156,120.002,77.174,70.374,997.388,846.229
US-Rwf,2016-06-21,0.275,7.754,15.835,0.183,0.621,58.679,15.855,20.59,11.12,0.0,22.652,-4.171,6.488,2.31,16.012,356.157,,,28.002,1.232,,,46.734,138.913,US-Rwf,US-Rwf,sagebrush,-2.917,-2.557,-2.907,-2.987,-2.809,-2.948,-2.861,7.036,4.12,0.757,2.5,107.444,127.82,75.542,70.908,996.847,846.345
US-Rwf,2016-06-26,0.278,12.181,14.189,0.167,0.606,59.201,17.265,24.53,10.0,0.0,22.652,-3.119,6.183,3.329,18.679,368.091,,81.667,22.568,1.714,183.066,3.152,39.192,149.398,US-Rwf,US-Rwf,sagebrush,-2.52,-2.214,-2.511,-2.586,-2.421,-2.553,-2.467,6.111,3.591,0.736,2.14,114.448,132.893,74.317,73.016,996.391,846.441
US-Rwf,2016-07-01,0.305,13.395,19.849,0.151,0.591,58.487,20.15,26.53,13.77,0.0,22.652,-3.038,5.487,2.265,20.134,355.808,,81.27,33.52,1.637,188.574,1.839,47.216,130.702,US-Rwf,US-Rwf,sagebrush,-2.76,-2.298,-2.741,-2.823,-2.641,-2.786,-2.689,6.984,4.224,1.089,2.347,122.125,137.523,73.006,76.208,995.897,846.546
US-Rwf,2016-07-06,0.271,7.43,14.81,0.135,0.575,57.785,12.86,18.56,7.16,0.0,22.652,-4.399,6.292,1.848,13.147,315.0,,81.106,43.626,0.886,154.122,2.603,71.758,97.758,US-Rwf,US-Rwf,sagebrush,-2.922,-2.63,-2.913,-3.013,-2.794,-2.963,-2.861,6.63,3.707,0.843,2.304,129.608,140.559,72.27,81.296,995.564,846.62
US-Rwf,2016-07-11,0.193,6.43,11.11,0.138,0.564,56.375,9.615,16.2,3.03,0.0,22.652,-3.061,4.916,1.59,8.993,243.619,,81.225,67.039,0.413,106.968,1.762,49.772,70.62,US-Rwf,US-Rwf,sagebrush,-1.434,-1.215,-1.424,-1.496,-1.352,-1.467,-1.384,3.908,2.475,0.701,1.277,133.522,138.372,71.727,87.484,995.298,846.684
US-Rwf,2016-07-16,0.231,10.273,15.54,0.126,0.552,58.416,15.015,21.7,8.33,0.0,22.652,-3.113,4.431,1.339,14.885,362.59,,81.1,33.154,1.189,177.993,2.659,75.486,107.583,US-Rwf,US-Rwf,sagebrush,-2.137,-1.833,-2.124,-2.205,-2.032,-2.165,-2.08,5.381,3.244,0.922,1.775,139.126,137.404,71.142,94.303,995.042,846.753
US-Rwf,2016-07-21,0.277,16.746,18.29,0.118,0.539,56.908,21.56,29.11,14.01,0.0,22.652,-1.69,3.516,1.642,23.351,336.796,,81.462,19.399,2.372,154.929,2.231,31.118,124.703,US-Rwf,US-Rwf,sagebrush,-2.117,-1.742,-2.1,-2.192,-2.003,-2.144,-2.048,5.569,3.452,1.108,1.776,144.702,135.536,70.581,101.891,994.819,846.822
US-Rwf,2016-07-26,0.259,20.152,20.006,0.109,0.527,55.811,22.255,28.79,15.72,0.0,22.652,-1.781,2.714,1.338,23.236,321.035,,81.432,23.357,2.22,155.786,2.293,50.094,85.979,US-Rwf,US-Rwf,sagebrush,-1.464,-1.033,-1.443,-1.545,-1.345,-1.497,-1.39,4.591,3.128,1.245,1.332,148.714,131.093,70.127,110.203,994.646,846.887
US-Rwf,2016-07-31,0.231,17.719,19.745,0.101,0.516,55.01,20.53,26.29,14.77,0.0,22.652,-1.237,2.313,1.032,20.34,322.521,,81.104,20.964,1.917,155.592,1.926,81.09,76.36,US-Rwf,US-Rwf,sagebrush,-1.334,-0.915,-1.314,-1.425,-1.205,-1.374,-1.266,4.267,2.932,1.224,1.212,152.281,125.663,69.833,119.088,994.532,846.945
US-Rwf,2016-08-05,0.231,18.141,16.821,0.094,0.505,35.173,20.825,26.46,15.19,1.16,22.652,-0.739,1.771,1.249,20.345,181.39,,80.979,26.56,1.781,74.076,3.803,11.804,62.285,US-Rwf,US-Rwf,sagebrush,-0.602,-0.268,-0.586,-0.7,-0.483,-0.646,-0.541,2.7,2.098,1.019,0.669,153.961,117.671,69.742,128.515,994.474,846.99
US-Rwf,2016-08-10,0.219,11.351,12.597,0.092,0.495,51.986,12.665,19.56,5.77,0.0,22.652,-0.991,2.467,1.759,12.833,323.879,,81.233,45.347,0.858,156.781,1.923,105.93,46.864,US-Rwf,US-Rwf,sagebrush,-1.572,-1.343,-1.562,-1.672,-1.448,-1.624,-1.503,3.941,2.369,0.771,1.262,157.679,112.195,69.807,138.048,994.457,847.026
US-Rwf,2016-08-25,0.172,12.415,11.957,0.08,0.47,48.221,14.475,20.32,8.63,0.0,22.652,-0.291,3.216,0.891,14.635,291.117,,81.397,34.175,1.14,121.174,1.912,80.468,18.841,US-Rwf,US-Rwf,sagebrush,-0.868,-0.638,-0.856,-0.984,-0.75,-0.919,-0.794,2.616,1.747,0.705,0.761,163.139,89.882,70.034,165.307,994.56,847.137
US-Rwf,2016-08-30,0.191,19.998,17.993,0.077,0.464,41.25,22.135,28.64,15.63,0.0,22.652,0.342,0.692,0.532,22.738,162.754,,81.298,16.549,2.346,31.975,2.377,10.62,39.434,US-Rwf,US-Rwf,sagebrush,-0.499,-0.11,-0.477,-0.627,-0.32,-0.555,-0.401,2.403,1.904,0.996,0.56,164.398,82.524,70.181,173.637,994.646,847.17
US-Rwf,2016-09-04,0.181,5.603,10.715,0.085,0.458,32.319,6.875,9.5,4.25,3.23,22.652,1.644,0.418,0.747,7.798,105.563,,80.552,63.865,0.391,46.083,1.453,15.02,25.174,US-Rwf,US-Rwf,sagebrush,-0.559,-0.354,-0.545,-0.664,-0.444,-0.609,-0.484,2.073,1.514,0.626,0.576,165.706,75.773,70.399,181.531,994.742,847.199
US-Rwf,2016-09-19,0.176,12.707,13.338,0.145,0.449,38.096,14.75,20.86,8.64,0.0,22.652,0.977,0.636,1.513,15.321,189.207,,81.325,53.678,0.837,77.379,2.326,56.505,18.134,US-Rwf,US-Rwf,sagebrush,-0.074,0.09,-0.053,-0.153,0.066,-0.1,-0.005,2.221,2.147,0.687,0.611,169.325,58.603,69.458,197.057,995.548,847.38
US-Rwf,2016-09-24,0.151,7.782,7.542,0.158,0.447,36.675,8.16,12.95,3.37,0.0,22.652,0.889,0.549,1.626,8.15,225.917,,81.784,58.058,0.511,90.032,3.5,66.228,25.642,US-Rwf,US-Rwf,sagebrush,0.064,0.122,0.077,-0.006,0.167,0.03,0.123,1.58,1.644,0.477,0.439,170.227,53.602,69.074,200.836,995.869,847.444
US-Rwf,2016-09-29,0.158,15.785,13.678,0.147,0.446,31.71,18.355,24.32,12.39,0.0,22.652,0.605,0.59,1.133,19.954,210.811,,81.286,24.132,1.792,59.498,2.934,42.591,24.639,US-Rwf,US-Rwf,sagebrush,0.389,0.554,0.411,0.305,0.534,0.356,0.46,1.522,1.911,0.679,0.336,170.754,48.723,68.496,203.332,996.28,847.522
US-Rwf,2016-10-04,0.148,3.821,3.866,0.139,0.444,23.755,3.33,6.87,-0.21,0.0,22.652,0.085,0.23,0.546,3.155,86.792,,80.686,70.518,0.233,10.068,1.885,28.86,8.632,US-Rwf,US-Rwf,sagebrush,0.192,0.241,0.202,0.128,0.289,0.163,0.248,0.898,1.09,0.368,0.211,170.838,43.851,68.46,206.91,996.522,847.566
US-Rwf,2016-10-09,0.136,11.883,8.752,0.138,0.444,30.911,13.76,19.63,7.89,0.0,22.652,0.423,0.169,0.494,15.135,188.76,,81.144,30.87,1.221,52.505,1.489,27.097,18.675,US-Rwf,US-Rwf,sagebrush,0.275,0.371,0.29,0.202,0.396,0.246,0.336,1.125,1.4,0.483,0.255,154.499,39.727,84.809,209.266,996.848,847.623
US-Rwf,2016-10-14,0.142,7.522,9.3,0.144,0.442,14.412,10.445,15.14,5.75,5.99,22.652,1.155,0.038,1.223,7.963,44.086,,80.301,71.047,0.397,5.931,2.306,-25.816,46.374,US-Rwf,US-Rwf,sagebrush,0.65,0.448,0.656,0.543,0.771,0.603,0.706,0.623,1.273,0.452,0.068,139.161,35.293,99.206,210.874,997.303,847.685
US-Rwf,2016-10-19,0.127,2.599,3.425,0.216,0.491,27.722,3.265,7.48,-0.95,0.0,22.652,1.417,0.086,1.115,2.081,159.578,,81.922,75.781,0.184,70.57,2.479,12.822,30.174,US-Rwf,US-Rwf,sagebrush,0.605,0.527,0.612,0.519,0.717,0.555,0.653,0.864,1.47,0.285,0.231,125.93,32.958,111.552,210.333,997.962,847.761
US-Rwf,2016-10-24,0.11,2.535,7.686,0.183,0.514,20.959,9.795,13.24,6.35,5.72,22.652,1.691,0.086,1.563,9.945,48.177,,80.818,52.458,0.626,-15.101,3.682,-27.78,29.957,US-Rwf,US-Rwf,sagebrush,0.806,0.638,0.817,0.716,0.939,0.759,0.869,0.68,1.486,0.335,0.137,113.709,30.868,122.287,209.034,998.726,847.84
US-Rwf,2016-10-29,0.116,2.96,6.965,0.201,0.526,22.697,6.99,11.2,2.78,0.0,22.652,1.622,0.442,2.1,7.081,103.094,,80.966,79.073,0.216,20.693,4.028,-0.434,25.792,US-Rwf,US-Rwf,sagebrush,0.84,0.715,0.85,0.736,0.972,0.785,0.903,0.754,1.594,0.292,0.184,102.882,29.35,131.425,207.06,999.622,847.926
US-Rwf,2016-11-03,0.121,2.954,1.576,0.209,0.575,20.955,6.45,11.32,1.58,0.0,22.652,1.375,0.197,1.245,6.294,139.926,,81.89,52.846,0.462,4.552,4.708,-17.326,12.722,US-Rwf,US-Rwf,sagebrush,0.658,0.538,0.663,0.585,0.744,0.62,0.703,0.548,1.206,0.193,0.141,92.999,28.563,139.875,205.189,1000.355,847.993
US-Rwf,2016-11-08,0.117,4.845,3.634,0.204,0.573,18.806,10.36,16.44,4.28,0.0,22.652,1.004,0.153,1.058,10.992,122.236,,81.907,47.432,0.699,5.422,4.521,-17.359,9.624,US-Rwf,US-Rwf,sagebrush,0.786,0.61,0.791,0.702,0.892,0.745,0.833,0.509,1.295,0.201,0.123,84.049,27.705,147.001,203.022,1001.202,848.066
US-Rwf,2016-11-13,0.116,3.308,2.397,0.196,0.573,11.99,7.255,12.8,1.71,0.0,22.652,0.991,0.081,0.737,7.516,92.324,,81.583,56.449,0.472,-0.824,1.81,-4.718,7.323,US-Rwf,US-Rwf,sagebrush,0.784,0.535,0.784,0.681,0.873,0.743,0.827,0.308,1.092,0.171,0.054,75.764,26.604,153.386,201.262,1001.978,848.132
US-Rwf,2016-11-18,0.117,1.357,-4.325,0.213,0.561,13.913,-2.09,1.89,-6.07,0.0,22.652,0.85,0.188,1.022,-3.161,86.433,,81.118,64.36,0.179,5.36,6.425,11.226,11.174,US-Rwf,US-Rwf,sagebrush,0.562,0.355,0.559,0.485,0.629,0.527,0.588,0.183,0.745,0.105,0.031,68.235,26.733,159.502,199.126,1002.54,848.177
US-Rwf,2016-11-23,0.117,1.2,-1.34,0.213,0.564,13.777,-1.43,1.87,-4.73,0.0,22.652,0.639,0.004,0.315,-1.23,86.278,,80.911,73.758,0.152,-0.72,2.987,-7.798,10.288,US-Rwf,US-Rwf,sagebrush,0.703,0.46,0.701,0.619,0.775,0.672,0.736,0.212,0.915,0.116,0.038,61.489,25.475,164.421,197.923,1003.255,848.234
US-Rwf,2016-11-28,0.106,0.406,-1.51,0.236,0.556,6.017,-3.51,-2.31,-4.71,6.98,22.652,0.956,0.022,0.704,-3.853,43.948,,79.998,86.847,0.061,1.298,5.697,0.007,7.013,US-Rwf,US-Rwf,sagebrush,0.857,0.528,0.848,0.714,0.926,0.81,0.894,0.027,0.884,0.027,0.0,55.291,24.021,168.36,196.467,1004.074,848.298
US-Rwf,2016-12-03,0.087,0.902,-5.708,0.255,0.555,12.641,-1.21,1.16,-3.58,0.0,22.652,0.54,0.061,0.822,-1.98,58.206,,81.324,77.713,0.12,-10.2,2.003,-6.349,7.718,US-Rwf,US-Rwf,sagebrush,0.69,0.407,0.676,0.596,0.748,0.644,0.711,0.064,0.753,0.064,0.0,49.718,24.021,172.08,194.153,1004.742,848.35
US-Rwf,2016-12-08,0.069,1.467,-12.598,0.322,0.59,6.773,-5.89,0.06,-11.84,14.48,22.652,0.128,0.086,0.794,-8.772,32.165,,80.81,90.087,0.032,5.898,5.288,2.541,5.835,US-Rwf,US-Rwf,sagebrush,0.475,0.25,0.466,0.365,0.565,0.426,0.5,0.0,0.475,0.0,0.0,44.706,24.021,175.79,192.581,1005.206,848.385
US-Rwf,2016-12-13,0.051,1.097,-7.395,0.432,0.731,13.497,-4.97,-1.07,-8.87,0.0,22.652,0.546,0.015,0.596,-6.037,72.748,,80.916,65.754,0.137,-12.42,2.232,-10.541,-0.083,US-Rwf,US-Rwf,sagebrush,1.091,0.66,1.073,0.937,1.215,1.012,1.127,0.026,1.117,0.026,0.0,40.2,24.021,177.255,189.017,1006.275,848.467
US-Rwf,2016-12-18,0.033,0.936,-10.939,0.439,0.933,13.804,-12.27,-6.24,-18.3,0.0,22.652,0.841,0.0,0.757,-12.868,88.363,,81.726,67.944,0.074,67.268,2.09,-27.245,-1.946,US-Rwf,US-Rwf,sagebrush,0.793,0.448,0.779,0.642,0.917,0.721,0.831,0.0,0.793,0.0,0.0,36.148,24.021,179.065,186.458,1007.05,848.527
US-Rwf,2017-01-22,-0.043,1.084,-4.825,0.439,1.078,11.164,-3.215,0.15,-6.58,4.66,22.652,0.938,0.011,0.516,-3.69,60.181,,79.739,77.689,0.105,-32.27,5.216,-22.848,2.98,US-Rwf,US-Rwf,sagebrush,1.285,0.83,1.266,1.149,1.366,1.218,1.32,0.0,1.285,0.0,0.0,23.552,24.021,169.265,162.773,1014.133,849.137
US-Rwf,2017-03-03,0.032,1.736,-7.632,0.439,1.317,31.834,3.565,7.03,0.1,0.0,22.652,0.988,0.0,0.74,2.496,153.878,,80.952,55.564,0.331,11.88,2.657,-16.995,12.16,US-Rwf,US-Rwf,sagebrush,0.89,0.584,0.875,0.788,0.96,0.838,0.905,0.018,0.908,0.018,0.0,23.338,24.021,142.333,135.006,1020.692,850.012
US-Rwf,2017-03-08,0.043,1.205,-3.996,0.439,1.317,26.501,3.85,6.13,1.57,6.55,22.652,0.706,0.432,1.654,2.51,151.62,,81.234,78.469,0.172,10.708,2.437,-37.762,15.808,US-Rwf,US-Rwf,sagebrush,1.178,0.826,1.157,1.084,1.246,1.117,1.194,0.056,1.234,0.049,0.003,23.32,24.032,139.064,131.662,1021.301,850.131
US-Rwf,2017-03-13,0.053,4.042,-4.65,0.439,1.317,35.481,8.39,14.94,1.84,0.0,22.652,1.065,0.389,1.803,8.973,224.533,,81.451,36.842,0.746,38.68,1.651,-54.93,24.869,US-Rwf,US-Rwf,sagebrush,1.042,0.769,1.031,0.959,1.114,0.99,1.066,0.152,1.194,0.047,0.042,23.437,24.203,136.029,128.561,1021.824,850.245
US-Rwf,2017-03-18,0.064,2.421,3.847,0.253,1.317,32.112,9.13,12.55,5.71,2.59,22.652,0.931,0.074,1.583,9.462,96.16,,80.878,50.93,0.614,22.753,2.904,-123.338,17.792,US-Rwf,US-Rwf,sagebrush,0.852,0.752,0.855,0.783,0.945,0.814,0.895,0.384,1.237,0.08,0.121,23.79,24.617,133.242,125.761,1022.274,850.354
US-Rwf,2017-03-23,0.075,1.624,2.232,0.261,1.221,39.567,1.105,4.95,-2.74,0.0,22.652,1.339,0.327,1.761,0.678,249.104,,80.802,69.347,0.22,79.438,4.237,46.342,34.305,US-Rwf,US-Rwf,sagebrush,0.667,0.678,0.668,0.614,0.737,0.635,0.701,0.562,1.229,0.073,0.195,24.397,25.33,130.674,123.189,1022.656,850.456
US-Rwf,2017-03-28,0.086,1.741,1.22,0.275,1.136,37.055,0.835,5.08,-3.41,0.0,22.652,1.14,0.163,1.217,0.134,223.368,,81.475,74.267,0.171,90.844,3.152,71.014,35.31,US-Rwf,US-Rwf,sagebrush,0.623,0.623,0.623,0.57,0.688,0.593,0.654,0.606,1.229,0.071,0.213,25.069,26.117,128.164,120.681,1022.998,850.558
US-Rwf,2017-04-02,0.097,2.049,2.537,0.276,1.11,43.966,2.02,6.71,-2.67,0.0,22.652,1.335,0.567,1.94,2.383,281.786,,80.993,63.407,0.276,144.769,3.991,78.372,56.765,US-Rwf,US-Rwf,sagebrush,0.514,0.529,0.514,0.457,0.586,0.48,0.544,0.92,1.433,0.079,0.335,26.159,27.401,125.468,117.991,1023.329,850.67
US-Rwf,2017-04-07,0.108,1.729,5.753,0.251,0.992,30.949,4.93,8.07,1.79,3.37,22.652,1.305,0.159,1.217,4.662,124.78,,79.942,70.513,0.256,56.272,3.234,4.303,37.318,US-Rwf,US-Rwf,sagebrush,0.599,0.677,0.603,0.514,0.705,0.556,0.646,0.9,1.499,0.101,0.318,27.183,28.613,122.635,115.164,1023.636,850.791
US-Rwf,2017-04-12,0.119,3.307,3.827,0.254,0.832,35.03,7.51,12.99,2.03,0.0,22.652,1.081,0.244,1.18,7.088,223.544,,80.514,57.023,0.463,100.918,3.801,45.646,48.573,US-Rwf,US-Rwf,sagebrush,0.417,0.476,0.419,0.352,0.495,0.385,0.451,1.011,1.428,0.093,0.365,28.368,30.013,120.12,112.661,1023.872,850.901
US-Rwf,2017-04-17,0.129,1.672,4.814,0.277,0.798,38.125,6.355,9.1,3.61,6.8,22.652,1.456,0.46,1.51,4.828,218.255,,80.702,72.313,0.259,127.119,2.29,62.632,47.274,US-Rwf,US-Rwf,sagebrush,0.372,0.435,0.372,0.291,0.469,0.33,0.411,1.341,1.713,0.104,0.493,29.995,31.933,117.23,109.793,1024.096,851.03
US-Rwf,2017-04-22,0.141,3.271,3.725,0.254,0.773,47.57,6.66,12.43,0.89,0.0,22.652,0.763,0.676,1.202,5.944,234.524,,80.937,45.148,0.525,106.715,5.258,73.136,42.436,US-Rwf,US-Rwf,sagebrush,-0.025,0.045,-0.024,-0.083,0.039,-0.056,0.003,1.694,1.669,0.103,0.633,32.097,34.424,114.856,107.442,1024.244,851.14
US-Rwf,2017-04-27,0.15,1.186,2.382,0.288,0.84,26.189,-0.395,2.62,-3.41,0.0,22.652,1.085,0.634,1.567,-1.834,200.361,,80.542,77.198,0.13,113.027,5.089,68.533,47.347,US-Rwf,US-Rwf,sagebrush,0.619,0.667,0.618,0.542,0.694,0.581,0.652,0.702,1.32,0.102,0.239,32.841,35.285,112.371,104.996,1024.359,851.256
US-Rwf,2017-05-02,0.159,2.647,5.617,0.249,0.77,48.582,7.28,11.58,2.98,0.0,22.652,0.421,1.679,2.373,6.213,242.081,,81.353,70.685,0.3,126.014,3.382,96.55,35.631,US-Rwf,US-Rwf,sagebrush,-0.294,-0.185,-0.292,-0.36,-0.219,-0.324,-0.259,2.251,1.957,0.127,0.846,35.666,38.637,109.904,102.56,1024.434,851.376
US-Rwf,2017-05-07,0.164,2.337,6.502,0.252,0.748,51.983,3.9,8.65,-0.85,0.0,22.652,0.041,2.099,1.972,2.486,257.965,,80.742,70.238,0.242,148.61,3.248,83.3,51.526,US-Rwf,US-Rwf,sagebrush,-0.46,-0.334,-0.459,-0.531,-0.383,-0.491,-0.424,2.631,2.17,0.146,0.989,38.979,42.566,107.333,100.029,1024.467,851.503
US-Rwf,2017-05-12,0.169,2.929,9.95,0.22,0.725,34.283,3.15,9.77,-3.47,4.34,22.652,0.17,1.589,1.122,3.458,136.083,,80.597,74.003,0.235,66.625,2.438,38.688,54.241,US-Rwf,US-Rwf,sagebrush,-0.097,0.113,-0.09,-0.189,0.013,-0.139,-0.04,2.073,1.977,0.197,0.747,41.436,45.486,104.811,97.544,1024.453,851.631
US-Rwf,2017-05-17,0.195,0.659,3.311,0.301,0.785,36.142,-2.08,-0.28,-3.88,0.0,22.652,0.165,0.853,0.616,-2.171,109.645,,80.453,95.933,0.02,40.151,4.959,18.867,25.464,US-Rwf,US-Rwf,sagebrush,0.641,0.726,0.64,0.55,0.724,0.601,0.683,0.78,1.421,0.141,0.254,42.216,46.373,102.305,95.111,1024.391,851.761
US-Rwf,2017-05-22,0.226,5.041,11.475,0.229,0.755,58.703,13.585,19.45,7.72,0.0,22.652,-2.228,4.896,2.916,13.728,355.06,,81.666,46.017,0.883,177.959,2.255,80.554,83.592,US-Rwf,US-Rwf,sagebrush,-1.798,-1.556,-1.793,-1.89,-1.707,-1.842,-1.744,5.1,3.302,0.235,1.937,48.773,54.17,99.589,92.445,1024.267,851.906
US-Rwf,2017-05-27,0.263,4.623,9.742,0.211,0.707,59.314,10.72,17.21,4.23,0.0,22.652,-2.689,5.175,2.183,11.353,308.332,,81.523,44.498,0.777,143.445,1.832,56.035,70.423,US-Rwf,US-Rwf,sagebrush,-2.387,-2.179,-2.384,-2.479,-2.305,-2.424,-2.34,5.748,3.362,0.246,2.191,56.177,62.981,97.435,90.343,1024.12,852.027
US-Rwf,2017-06-01,0.315,3.001,14.534,0.202,0.672,41.51,9.895,14.03,5.76,4.47,22.652,-3.216,6.598,3.414,10.546,168.005,,80.854,73.772,0.339,87.707,1.668,21.69,75.813,US-Rwf,US-Rwf,sagebrush,-2.381,-2.05,-2.372,-2.476,-2.285,-2.423,-2.318,6.12,3.739,0.38,2.286,63.879,72.15,94.961,87.929,1023.9,852.169
US-Rwf,2017-06-06,0.344,7.107,12.61,0.205,0.661,55.916,15.305,22.41,8.2,0.0,22.652,-4.906,7.533,2.911,16.315,318.736,,81.189,30.906,1.318,157.104,3.16,31.73,121.986,US-Rwf,US-Rwf,sagebrush,-3.469,-3.194,-3.465,-3.586,-3.346,-3.519,-3.401,7.794,4.325,0.387,2.95,73.848,84.015,92.742,85.779,1023.648,852.301
US-Rwf,2017-06-11,0.342,2.723,7.864,0.208,0.649,38.17,5.72,10.69,0.75,18.28,22.652,-0.546,4.815,7.191,4.242,128.666,,80.318,77.384,0.2,65.28,1.609,15.824,43.922,US-Rwf,US-Rwf,sagebrush,-1.865,-1.68,-1.862,-1.913,-1.795,-1.895,-1.827,4.751,2.886,0.337,1.758,79.677,90.906,91.051,84.204,1023.414,852.408
US-Rwf,2017-06-21,0.264,5.477,17.352,0.223,0.725,58.573,15.84,21.38,10.3,0.0,22.652,-4.337,7.766,3.403,15.896,371.171,,81.366,43.304,1.059,192.67,3.041,27.878,183.351,US-Rwf,US-Rwf,sagebrush,-2.59,-2.145,-2.575,-2.675,-2.433,-2.641,-2.521,7.124,4.534,0.693,2.561,93.938,107.811,85.58,78.973,1022.482,852.752
US-Rwf,2017-06-26,0.296,10.159,18.351,0.207,0.692,57.592,20.97,28.1,13.84,0.0,22.652,-2.387,7.017,4.224,21.204,312.245,,81.145,30.519,1.803,160.926,3.172,-19.414,171.615,US-Rwf,US-Rwf,sagebrush,-2.648,-2.171,-2.632,-2.721,-2.492,-2.698,-2.58,7.197,4.549,0.811,2.543,102.411,117.881,83.067,76.573,1021.924,852.921
US-Rwf,2017-07-06,0.352,11.245,21.221,0.176,0.646,56.56,23.0,29.13,16.87,0.0,22.652,-3.473,6.806,2.959,23.65,323.463,,81.852,21.26,2.33,174.682,1.866,-9.953,175.974,US-Rwf,US-Rwf,sagebrush,-3.272,-2.703,-3.249,-3.359,-3.105,-3.323,-3.19,8.331,5.059,1.152,2.859,121.304,140.104,79.068,73.058,1020.808,853.215
US-Rwf,2017-07-11,0.327,8.772,19.234,0.159,0.629,57.795,18.455,24.58,12.33,0.0,22.652,-3.605,6.765,2.34,18.14,343.806,,81.189,34.013,1.408,182.938,1.957,41.238,160.074,US-Rwf,US-Rwf,sagebrush,-3.501,-3.031,-3.483,-3.588,-3.354,-3.542,-3.422,8.329,4.828,1.109,2.875,130.784,149.672,77.58,73.397,1020.291,853.338
US-Rwf,2017-07-21,0.278,10.889,17.748,0.13,0.599,57.166,18.57,25.24,11.9,0.0,22.652,-1.848,5.263,3.28,19.155,345.775,,81.466,29.225,1.603,170.4,2.156,51.557,105.377,US-Rwf,US-Rwf,sagebrush,-2.635,-2.243,-2.619,-2.71,-2.512,-2.675,-2.564,6.533,3.898,1.148,2.144,146.24,160.465,75.471,79.0,1019.418,853.543
US-Rwf,2017-07-26,0.25,12.617,20.648,0.119,0.587,53.783,18.865,24.77,12.96,0.0,22.652,-0.545,3.257,2.156,18.862,240.852,,81.561,47.473,1.178,130.121,2.212,16.36,117.612,US-Rwf,US-Rwf,sagebrush,-1.693,-1.208,-1.669,-1.762,-1.568,-1.73,-1.605,5.228,3.535,1.417,1.517,150.895,160.339,74.755,83.91,1019.072,853.629
US-Rwf,2017-07-31,0.187,17.366,21.418,0.111,0.577,55.163,23.2,29.66,16.74,0.0,22.652,-1.579,2.946,1.326,23.485,325.265,,81.916,21.49,2.348,143.275,1.9,37.369,86.852,US-Rwf,US-Rwf,sagebrush,-0.566,-0.056,-0.54,-0.654,-0.398,-0.605,-0.479,3.39,2.824,1.506,0.75,152.875,156.081,74.171,89.818,1018.777,853.708
US-Rwf,2017-08-05,0.243,15.468,18.728,0.103,0.567,54.121,20.5,27.15,13.85,0.0,22.652,-2.993,4.698,3.08,20.853,315.286,,81.125,20.353,2.021,125.223,2.628,47.682,89.109,US-Rwf,US-Rwf,sagebrush,-1.62,-1.225,-1.603,-1.715,-1.506,-1.658,-1.554,4.738,3.118,1.271,1.381,157.011,153.798,73.846,96.54,1018.565,853.771
US-Rwf,2017-08-20,0.192,13.255,15.67,0.137,0.54,49.564,15.715,22.3,9.13,0.0,22.652,-0.42,4.103,4.751,16.662,293.88,,81.349,26.0,1.428,120.204,2.015,73.472,46.854,US-Rwf,US-Rwf,sagebrush,-0.76,-0.456,-0.739,-0.833,-0.663,-0.782,-0.701,3.443,2.683,1.054,0.951,165.786,139.313,71.783,117.76,1017.924,854.035
US-Rwf,2017-08-25,0.211,15.45,17.894,0.145,0.532,46.468,18.88,25.62,12.14,0.0,22.652,-0.211,1.688,1.424,18.214,266.171,,81.196,42.264,1.252,110.424,2.441,61.602,36.533,US-Rwf,US-Rwf,sagebrush,-0.551,-0.19,-0.524,-0.61,-0.439,-0.566,-0.478,3.468,2.917,1.193,0.906,168.292,133.222,70.935,124.999,1017.771,854.136
US-Rwf,2017-08-30,0.197,13.964,20.863,0.138,0.524,41.118,21.195,27.37,15.02,12.05,22.652,0.177,1.14,0.971,21.406,162.538,,81.308,30.883,1.819,48.118,2.711,-4.213,53.3,US-Rwf,US-Rwf,sagebrush,-0.04,0.421,-0.006,-0.118,0.119,-0.074,0.053,2.938,2.898,1.411,0.608,169.752,125.754,70.052,132.099,1017.659,854.241
US-Rwf,2017-09-04,0.172,19.9,20.751,0.164,0.52,44.064,23.315,30.92,15.71,0.0,22.652,-0.134,2.854,4.263,24.52,243.328,,81.664,18.415,2.577,77.861,1.855,33.787,41.482,US-Rwf,US-Rwf,sagebrush,0.585,0.879,0.626,0.495,0.795,0.549,0.692,2.272,2.857,1.374,0.358,170.383,117.529,68.775,137.999,1017.573,854.374
US-Rwf,2017-09-09,0.14,11.564,19.236,0.149,0.513,39.783,19.725,24.19,15.26,0.0,22.652,0.638,0.381,0.635,19.139,219.626,,81.344,41.257,1.325,99.23,1.701,52.722,41.527,US-Rwf,US-Rwf,sagebrush,0.48,0.704,0.514,0.415,0.644,0.453,0.57,2.005,2.485,1.221,0.312,170.83,109.257,67.865,144.251,1017.543,854.484
US-Rwf,2017-09-14,0.18,9.866,15.583,0.157,0.505,31.652,10.785,16.76,4.81,0.0,22.652,1.32,0.117,0.875,12.041,135.165,,80.559,52.931,0.699,50.362,2.459,10.01,56.256,US-Rwf,US-Rwf,sagebrush,0.144,0.404,0.171,0.076,0.263,0.127,0.211,2.206,2.35,0.953,0.499,171.933,102.005,67.077,150.353,1017.556,854.586
US-Rwf,2017-09-19,0.187,3.039,8.502,0.185,0.502,12.302,3.51,6.55,0.47,4.38,22.652,1.317,0.5,1.559,2.851,151.57,,80.513,77.433,0.181,72.201,2.749,9.589,39.981,US-Rwf,US-Rwf,sagebrush,0.708,0.593,0.723,0.646,0.804,0.681,0.767,0.792,1.5,0.607,0.073,171.606,93.46,66.411,156.212,1017.604,854.677
US-Rwf,2017-09-24,0.165,4.773,4.373,0.196,0.541,37.049,4.79,10.08,-0.5,0.0,22.652,1.131,0.147,1.227,3.463,226.788,,81.044,62.912,0.316,86.402,4.034,56.372,26.59,US-Rwf,US-Rwf,sagebrush,0.015,0.051,0.029,-0.044,0.103,-0.02,0.076,1.619,1.634,0.458,0.462,172.638,89.226,65.916,159.683,1017.677,854.755
US-Rwf,2017-10-04,0.15,3.713,4.015,0.186,0.541,26.69,5.36,9.56,1.16,0.0,22.652,0.487,0.015,0.362,4.298,91.119,,81.208,54.314,0.393,16.483,1.671,23.915,17.328,US-Rwf,US-Rwf,sagebrush,0.306,0.344,0.318,0.248,0.392,0.276,0.367,1.038,1.344,0.437,0.239,173.618,80.475,64.961,165.413,1017.87,854.914
US-Rwf,2017-10-09,0.145,3.801,1.587,0.185,0.543,32.273,2.115,8.28,-4.05,0.0,22.652,0.448,0.095,0.528,1.585,190.442,,81.592,55.284,0.33,55.457,2.645,47.432,10.626,US-Rwf,US-Rwf,sagebrush,0.177,0.197,0.187,0.116,0.266,0.143,0.229,1.037,1.214,0.371,0.265,157.032,76.346,81.643,168.402,1017.964,854.976
US-Rwf,2017-10-14,0.132,2.245,1.616,0.193,0.54,29.989,-1.875,3.69,-7.44,0.0,22.652,0.362,0.0,0.429,-2.286,186.928,,82.008,71.231,0.166,57.328,2.156,19.585,22.505,US-Rwf,US-Rwf,sagebrush,0.311,0.314,0.32,0.253,0.389,0.28,0.361,0.891,1.202,0.341,0.219,141.958,72.172,96.388,171.083,1018.164,855.041
US-Rwf,2017-10-19,0.116,5.221,5.129,0.188,0.541,28.226,11.205,17.05,5.36,4.59,22.652,0.469,0.0,0.481,12.699,158.639,,80.393,17.808,1.23,12.988,2.469,-16.142,16.92,US-Rwf,US-Rwf,sagebrush,0.544,0.536,0.555,0.479,0.619,0.519,0.601,0.814,1.359,0.387,0.17,128.235,68.15,109.17,172.903,1018.509,855.118
US-Rwf,2017-10-24,0.115,4.754,3.818,0.22,0.61,26.473,7.895,15.06,0.73,0.0,22.652,0.755,0.0,1.409,9.863,158.943,,82.536,31.715,0.837,34.792,2.181,4.217,13.14,US-Rwf,US-Rwf,sagebrush,0.699,0.63,0.708,0.632,0.779,0.669,0.747,0.714,1.413,0.328,0.154,115.84,66.956,120.155,171.439,1018.995,855.206
US-Rwf,2017-10-29,0.106,4.974,5.273,0.206,0.609,24.298,10.03,16.73,3.33,0.0,22.652,1.017,0.095,1.544,11.822,143.82,,80.942,43.3,0.807,25.182,1.687,-2.639,8.205,US-Rwf,US-Rwf,sagebrush,0.77,0.643,0.781,0.697,0.851,0.74,0.823,0.635,1.406,0.333,0.12,104.578,65.632,129.693,169.992,1019.549,855.294
US-Rwf,2017-11-03,0.125,1.994,4.128,0.219,0.601,11.118,1.57,6.27,-3.13,9.18,22.652,1.466,0.089,1.446,1.695,31.394,,80.312,84.485,0.126,16.685,,-35.837,27.999,US-Rwf,US-Rwf,sagebrush,0.937,0.663,0.935,0.824,1.015,0.885,0.987,0.359,1.296,0.29,0.028,94.131,63.663,137.903,168.806,1020.166,855.382
US-Rwf,2017-11-08,0.136,1.623,-3.275,0.315,0.647,16.768,0.195,4.31,-3.92,0.0,22.652,1.915,0.245,1.639,-0.038,56.412,,80.908,59.677,0.264,-12.996,6.206,-51.038,38.271,US-Rwf,US-Rwf,sagebrush,0.824,0.616,0.825,0.756,0.92,0.781,0.864,0.357,1.181,0.172,0.074,84.898,63.966,145.059,165.751,1020.794,855.466
US-Rwf,2017-11-13,0.126,2.068,-0.136,0.288,0.783,17.366,4.495,8.45,0.54,5.85,22.652,1.59,0.269,1.634,4.79,106.877,,80.918,53.367,0.405,-5.636,2.892,-47.945,23.438,US-Rwf,US-Rwf,sagebrush,0.919,0.722,0.924,0.853,1.001,0.883,0.961,0.432,1.351,0.196,0.094,76.664,64.129,150.856,162.599,1021.53,855.561
US-Rwf,2017-11-18,0.111,1.393,-0.492,0.281,0.829,16.425,-2.52,1.72,-6.76,0.0,22.652,1.256,0.325,1.573,-3.745,104.061,,81.559,68.789,0.146,-15.114,4.04,-19.388,7.463,US-Rwf,US-Rwf,sagebrush,0.948,0.688,0.948,0.882,1.016,0.911,0.986,0.289,1.237,0.181,0.043,69.085,64.083,155.856,159.677,1022.25,855.651
US-Rwf,2017-11-23,0.097,2.59,4.397,0.268,0.824,14.357,10.67,14.0,7.34,0.0,22.652,1.566,0.236,1.695,10.924,69.676,,81.143,56.266,0.589,-9.16,2.562,-31.37,27.638,US-Rwf,US-Rwf,sagebrush,1.246,0.929,1.247,1.129,1.344,1.188,1.31,0.33,1.576,0.23,0.04,62.259,64.023,159.2,155.932,1023.19,855.768
US-Rwf,2017-11-28,0.077,1.377,0.409,0.273,0.809,15.017,-0.795,2.88,-4.47,5.0,22.652,0.926,0.405,1.563,-1.698,91.455,,81.095,65.883,0.184,0.066,3.727,-0.578,12.196,US-Rwf,US-Rwf,sagebrush,1.044,0.722,1.03,0.916,1.101,0.984,1.072,0.167,1.21,0.167,0.0,55.983,63.8,162.513,153.05,1023.944,855.862
US-Rwf,2017-12-03,0.055,1.326,-0.26,0.33,0.751,6.789,-2.365,1.6,-6.33,8.82,22.652,0.891,0.064,0.644,-4.31,45.268,,80.41,90.847,0.044,5.136,4.327,2.291,5.696,US-Rwf,US-Rwf,sagebrush,1.238,0.874,1.234,1.103,1.325,1.184,1.279,0.039,1.277,0.039,0.0,50.34,63.578,164.569,149.659,1024.84,855.974
US-Rwf,2017-12-08,0.033,1.875,-7.815,0.361,0.757,14.819,-1.57,4.02,-7.16,0.0,22.652,1.164,0.175,1.516,4.807,88.037,,82.468,14.87,0.735,-20.318,1.499,-12.031,5.793,US-Rwf,US-Rwf,sagebrush,0.763,0.491,0.757,0.673,0.84,0.717,0.794,0.01,0.773,0.01,0.0,45.266,63.578,167.395,147.47,1025.392,856.043
US-Rwf,2017-12-13,0.02,1.428,-9.948,0.36,0.798,13.005,-1.98,2.21,-6.17,0.0,22.652,0.782,0.137,1.071,2.033,63.016,,81.672,42.756,0.455,0.809,1.136,-9.961,6.486,US-Rwf,US-Rwf,sagebrush,0.627,0.386,0.621,0.528,0.707,0.584,0.655,0.0,0.627,0.0,0.0,40.703,63.578,170.079,145.7,1025.85,856.1
US-Rwf,2017-12-18,0.021,1.851,-6.548,0.358,0.823,13.22,1.045,5.53,-3.44,0.0,22.652,0.647,0.055,0.741,1.956,67.735,,81.222,66.823,0.239,-19.828,1.476,-21.703,9.543,US-Rwf,US-Rwf,sagebrush,0.844,0.554,0.838,0.763,0.914,0.799,0.873,0.0,0.844,0.0,0.0,36.6,63.578,171.616,143.348,1026.469,856.178
US-Rwf,2017-12-23,0.02,1.188,-6.302,0.374,0.84,11.047,-9.41,-3.16,-15.66,4.4,22.652,0.595,0.0,0.426,-6.903,32.217,,81.234,80.044,0.065,-25.122,4.479,-1.304,10.008,US-Rwf,US-Rwf,sagebrush,0.902,0.597,0.896,0.818,0.973,0.857,0.932,0.0,0.902,0.0,0.0,32.911,63.578,172.532,140.869,1027.127,856.26
US-Rwf,2017-12-28,0.019,2.128,-6.395,0.387,0.851,12.946,-0.155,5.66,-5.97,0.0,22.652,0.873,0.0,0.469,3.087,83.942,,81.351,52.015,0.392,4.18,1.567,-24.298,30.477,US-Rwf,US-Rwf,sagebrush,0.927,0.615,0.921,0.84,0.996,0.883,0.956,0.0,0.927,0.0,0.0,29.594,63.578,172.972,138.355,1027.795,856.346
US-Rwf,2018-01-02,0.017,2.092,-10.162,0.386,0.859,14.337,-0.585,5.32,-6.49,0.0,22.652,0.838,0.405,1.27,2.198,83.379,,81.905,24.227,0.544,-7.865,2.356,-24.555,11.933,US-Rwf,US-Rwf,sagebrush,0.656,0.405,0.65,0.549,0.732,0.616,0.685,0.0,0.656,0.0,0.0,26.611,63.578,173.902,136.597,1028.264,856.407
US-Rwf,2018-01-07,0.015,1.956,-5.131,0.429,0.876,11.906,1.69,6.25,-2.87,0.0,22.652,0.913,0.575,1.751,0.174,88.402,,81.169,78.925,0.137,21.192,2.564,-10.148,-0.919,US-Rwf,US-Rwf,sagebrush,1.142,0.78,1.135,1.044,1.222,1.09,1.175,0.0,1.142,0.0,0.0,23.928,63.578,172.988,133.575,1029.067,856.515
US-Rwf,2018-01-12,0.013,1.033,-3.493,0.439,0.959,13.791,2.21,4.37,0.05,0.0,22.652,1.002,0.153,0.787,0.938,69.364,,81.652,69.233,0.203,5.703,2.739,-5.723,11.48,US-Rwf,US-Rwf,sagebrush,1.314,0.922,1.308,1.224,1.398,1.263,1.357,0.0,1.314,0.0,0.0,23.901,63.578,168.859,130.143,1029.96,856.64
US-Rwf,2018-01-17,0.011,2.002,-6.225,0.439,0.994,12.954,2.155,6.68,-2.37,0.0,22.652,1.233,0.253,1.122,2.459,60.344,,81.5,70.965,0.226,0.277,3.903,-30.407,13.178,US-Rwf,US-Rwf,sagebrush,1.041,0.706,1.035,0.938,1.121,0.995,1.071,0.0,1.041,0.0,0.0,23.874,63.578,165.612,127.442,1030.627,856.741
US-Rwf,2018-01-22,0.009,0.988,-6.893,0.439,1.061,14.171,-4.485,-1.15,-7.82,0.0,22.652,0.56,0.173,0.92,-3.62,96.723,,81.256,82.214,0.081,5.024,2.245,-1.849,4.756,US-Rwf,US-Rwf,sagebrush,0.971,0.654,0.965,0.871,1.048,0.929,0.997,0.0,0.971,0.0,0.0,23.847,63.578,162.6,124.94,1031.217,856.837
US-Rwf,2018-01-27,0.006,1.376,-6.193,0.437,1.069,9.555,-1.57,2.32,-5.46,0.0,22.652,0.46,0.246,1.025,-1.86,44.041,,81.392,80.352,0.107,-2.534,2.878,-6.216,8.414,US-Rwf,US-Rwf,sagebrush,1.012,0.692,1.006,0.917,1.085,0.971,1.038,0.0,1.012,0.0,0.0,23.819,63.578,159.475,122.349,1031.798,856.939
US-Rwf,2018-02-01,0.004,1.308,-4.285,0.439,1.112,11.754,1.145,4.15,-1.86,0.0,22.652,0.657,0.185,0.898,0.537,51.059,,81.369,66.179,0.21,5.342,1.882,-3.194,8.612,US-Rwf,US-Rwf,sagebrush,1.166,0.824,1.16,1.083,1.24,1.126,1.198,0.0,1.166,0.0,0.0,23.792,63.578,155.892,119.385,1032.423,857.059
US-Rwf,2018-02-06,0.002,1.29,-3.476,0.439,1.193,19.03,0.25,3.41,-2.91,0.0,22.652,0.358,0.509,0.83,-0.604,132.659,,81.342,68.598,0.188,36.35,2.946,13.648,12.474,US-Rwf,US-Rwf,sagebrush,1.219,0.876,1.213,1.144,1.294,1.175,1.252,0.0,1.219,0.0,0.0,23.765,63.578,152.169,116.313,1033.024,857.186
US-Rwf,2018-02-11,-0.001,1.097,-4.077,0.411,1.219,18.898,-3.97,-0.36,-7.58,2.95,22.652,0.545,0.161,0.559,-3.944,47.659,,80.199,54.746,0.223,-10.246,1.943,-7.371,10.232,US-Rwf,US-Rwf,sagebrush,1.065,0.759,1.06,0.992,1.131,1.032,1.092,0.0,1.065,0.0,0.0,23.732,63.578,148.945,113.65,1033.505,857.3
US-Rwf,2018-02-16,-0.003,1.151,-7.242,0.414,1.211,13.871,-5.02,-0.88,-9.16,0.0,22.652,0.467,0.196,0.297,-4.598,92.731,,81.241,65.833,0.148,-8.981,2.477,-9.27,18.534,US-Rwf,US-Rwf,sagebrush,0.819,0.558,0.814,0.742,0.89,0.782,0.843,0.0,0.819,0.0,0.0,23.699,63.578,146.487,111.617,1033.846,857.389
US-Rwf,2018-02-21,-0.005,0.796,-10.98,0.437,1.204,16.002,-8.13,-4.65,-11.61,3.76,22.652,0.187,0.326,0.582,-8.898,80.739,,80.668,63.43,0.113,-0.115,2.066,7.943,8.828,US-Rwf,US-Rwf,sagebrush,0.606,0.385,0.6,0.506,0.682,0.559,0.639,0.0,0.606,0.0,0.0,23.672,63.578,144.68,110.121,1034.082,857.455
US-Rwf,2018-02-26,-0.007,0.999,-8.217,0.439,1.201,22.826,-8.925,-4.09,-13.76,3.12,22.652,0.132,0.256,0.566,-8.373,138.878,,80.254,86.084,0.044,4.556,3.465,-3.546,-0.062,US-Rwf,US-Rwf,sagebrush,0.784,0.531,0.778,0.7,0.864,0.735,0.812,0.0,0.784,0.0,0.0,23.645,63.578,142.341,108.193,1034.366,857.542
US-Rwf,2018-03-03,-0.01,0.984,-7.126,0.439,1.201,25.182,-6.01,-2.27,-9.75,0.0,22.652,0.226,0.066,0.562,-6.166,155.921,,80.141,72.93,0.105,8.395,2.659,-6.013,4.126,US-Rwf,US-Rwf,sagebrush,0.853,0.591,0.846,0.769,0.928,0.809,0.877,0.0,0.853,0.0,0.0,23.618,63.578,139.808,106.112,1034.648,857.638
US-Rwf,2018-03-08,-0.012,1.795,-7.328,0.439,1.226,27.405,3.11,6.83,-0.61,0.0,22.652,1.186,0.448,1.754,3.77,165.065,,80.672,46.921,0.43,24.974,2.674,-50.691,42.865,US-Rwf,US-Rwf,sagebrush,0.828,0.574,0.822,0.744,0.905,0.781,0.853,0.0,0.828,0.0,0.0,23.591,63.578,137.363,104.104,1034.895,857.733
US-Rwf,2018-03-13,-0.01,2.334,0.269,0.364,1.317,32.354,6.69,10.57,2.81,6.55,22.652,1.412,0.279,1.398,4.136,162.531,,80.631,65.13,0.298,37.134,6.417,-55.449,27.076,US-Rwf,US-Rwf,sagebrush,1.179,0.898,1.176,1.101,1.261,1.134,1.218,0.0,1.179,0.0,0.0,23.548,63.357,133.906,101.489,1035.198,857.869
US-Rwf,2018-03-18,0.006,1.134,-0.048,0.254,1.305,28.638,-1.74,1.43,-4.91,0.0,22.652,0.346,0.336,0.333,-3.204,203.97,,80.813,74.906,0.133,64.188,2.092,29.868,17.629,US-Rwf,US-Rwf,sagebrush,0.752,0.555,0.75,0.694,0.795,0.723,0.778,0.0,0.752,0.0,0.0,23.483,63.136,131.755,99.912,1035.362,857.958
US-Rwf,2018-03-23,0.031,1.366,2.27,0.27,1.299,29.91,0.775,4.02,-2.47,0.0,22.652,0.358,0.486,0.711,0.128,145.184,,80.481,59.776,0.254,34.883,2.012,-2.859,40.886,US-Rwf,US-Rwf,sagebrush,0.928,0.714,0.926,0.85,1.0,0.888,0.968,0.028,0.956,0.028,0.0,23.422,62.916,129.099,97.927,1035.533,858.068
US-Rwf,2018-03-28,0.054,2.034,0.631,0.268,1.242,38.264,4.605,8.45,0.76,0.0,22.652,0.531,0.867,1.327,2.517,230.472,,81.375,62.378,0.306,92.027,3.944,32.822,59.8,US-Rwf,US-Rwf,sagebrush,0.724,0.624,0.727,0.664,0.798,0.699,0.757,0.273,0.997,0.119,0.061,23.57,62.949,126.785,96.217,1035.655,858.167
US-Rwf,2018-04-02,0.077,2.012,2.335,0.244,1.177,24.819,-1.79,4.42,-8.0,7.16,22.652,0.805,0.718,0.825,-3.45,220.178,,80.336,63.878,0.17,60.314,4.929,41.44,50.961,US-Rwf,US-Rwf,sagebrush,0.665,0.626,0.67,0.605,0.758,0.639,0.706,0.37,1.035,0.132,0.095,23.829,63.118,124.516,94.54,1035.749,858.265
US-Rwf,2018-04-07,0.101,2.449,4.661,0.26,1.091,29.737,6.56,10.7,2.42,9.09,22.652,1.212,0.6,1.314,5.715,138.632,,80.041,73.828,0.249,78.418,3.655,4.824,48.231,US-Rwf,US-Rwf,sagebrush,0.635,0.729,0.641,0.56,0.738,0.601,0.684,0.736,1.372,0.153,0.232,24.566,63.853,121.749,92.46,1035.826,858.387
US-Rwf,2018-04-12,0.124,1.125,3.756,0.246,0.894,33.783,-2.055,1.16,-5.27,3.88,22.652,1.107,0.634,0.868,-3.192,171.639,,80.307,78.975,0.107,43.655,5.424,30.992,30.531,US-Rwf,US-Rwf,sagebrush,0.51,0.605,0.515,0.448,0.608,0.483,0.552,0.736,1.247,0.147,0.235,25.305,64.594,119.355,90.68,1035.859,858.496
US-Rwf,2018-04-17,0.146,1.752,2.093,0.257,0.78,43.422,-0.9,3.99,-5.79,0.0,22.652,0.222,1.301,0.978,-2.236,270.662,,80.998,61.075,0.228,126.451,3.912,79.356,51.274,US-Rwf,US-Rwf,sagebrush,-0.016,0.056,-0.013,-0.059,0.063,-0.037,0.01,1.513,1.497,0.135,0.549,27.128,66.623,117.123,89.034,1035.861,858.599
US-Rwf,2018-04-22,0.158,2.796,6.853,0.229,0.732,48.949,5.4,10.43,0.37,0.0,22.652,-0.003,2.019,2.242,5.063,264.582,,81.178,48.175,0.466,120.43,0.753,70.073,28.575,US-Rwf,US-Rwf,sagebrush,-0.402,-0.252,-0.396,-0.459,-0.312,-0.429,-0.358,2.384,1.982,0.188,0.874,30.063,69.982,114.622,87.166,1035.828,858.717
US-Rwf,2018-05-12,0.183,1.868,5.668,0.227,0.666,36.371,5.46,8.75,2.17,9.41,22.652,0.448,0.943,1.634,3.827,92.148,,80.501,89.124,0.101,70.824,1.907,12.058,56.738,US-Rwf,US-Rwf,sagebrush,-0.279,-0.13,-0.275,-0.329,-0.194,-0.301,-0.25,2.037,1.758,0.228,0.72,42.678,84.471,105.274,80.253,1035.34,859.187
US-Rwf,2018-05-17,0.211,2.751,12.476,0.247,0.724,42.563,9.88,13.63,6.13,7.52,22.652,0.335,3.807,4.267,7.795,121.122,,80.793,84.985,0.163,103.615,1.737,7.105,52.309,US-Rwf,US-Rwf,sagebrush,-0.784,-0.492,-0.774,-0.879,-0.651,-0.827,-0.717,3.719,2.935,0.358,1.338,47.173,89.674,102.06,77.828,1035.032,859.356
US-Rwf,2018-05-22,0.236,3.959,12.976,0.249,0.767,55.952,12.56,17.3,7.82,0.0,22.652,0.175,6.285,7.301,11.694,165.166,,80.789,71.833,0.395,84.574,1.78,13.878,74.027,US-Rwf,US-Rwf,sagebrush,-1.825,-1.519,-1.817,-1.915,-1.701,-1.868,-1.767,5.52,3.695,0.398,2.039,54.075,97.74,98.846,75.412,1034.643,859.531
US-Rwf,2018-05-27,0.232,4.5,11.565,0.258,0.75,56.047,11.72,17.56,5.88,8.49,22.652,-1.875,3.094,3.422,10.795,357.207,,81.068,72.249,0.423,224.587,3.833,75.681,116.564,US-Rwf,US-Rwf,sagebrush,-1.611,-1.334,-1.605,-1.689,-1.506,-1.648,-1.562,5.084,3.473,0.405,1.863,60.354,105.052,95.828,73.169,1034.196,859.701
US-Rwf,2018-06-01,0.234,3.796,11.913,0.218,0.724,56.931,7.555,13.51,1.6,0.0,22.652,-4.114,6.638,1.164,7.006,365.335,,81.351,61.575,0.447,191.982,2.895,110.639,100.61,US-Rwf,US-Rwf,sagebrush,-1.973,-1.693,-1.967,-2.034,-1.89,-2.005,-1.929,5.363,3.39,0.451,1.956,66.914,112.721,93.462,71.45,1033.777,859.842
US-Rwf,2018-06-06,0.246,7.36,14.574,0.2,0.679,46.602,16.18,22.4,9.96,0.0,22.652,-3.088,11.029,11.039,15.598,326.134,,80.773,38.044,1.14,177.179,2.095,35.623,117.705,US-Rwf,US-Rwf,sagebrush,-1.532,-1.179,-1.522,-1.591,-1.445,-1.558,-1.485,4.755,3.223,0.575,1.665,72.439,119.166,91.152,69.776,1033.31,859.984
US-Rwf,2018-06-11,0.266,3.596,10.129,0.197,0.647,46.1,8.065,13.57,2.56,0.0,22.652,-4.521,6.373,2.675,7.674,246.698,,81.177,55.472,0.495,126.827,2.811,56.194,82.655,US-Rwf,US-Rwf,sagebrush,-1.767,-1.527,-1.763,-1.807,-1.687,-1.794,-1.731,4.696,2.929,0.469,1.683,78.008,125.454,89.411,68.783,1032.908,860.097
US-Rwf,2018-06-16,0.299,3.397,14.429,0.183,0.63,51.419,10.035,14.76,5.31,7.6,22.652,-3.438,8.391,5.87,9.976,225.063,,80.396,54.459,0.574,112.792,1.89,34.286,76.285,US-Rwf,US-Rwf,sagebrush,-3.013,-2.68,-3.005,-3.082,-2.907,-3.049,-2.957,7.075,4.062,0.645,2.56,86.574,134.096,87.518,68.881,1032.434,860.223
US-Rwf,2018-06-21,0.349,4.286,15.425,0.228,0.715,57.603,14.115,18.76,9.47,0.0,22.652,-2.797,7.098,4.83,14.221,332.914,,81.326,61.875,0.652,178.79,2.616,60.359,135.309,US-Rwf,US-Rwf,sagebrush,-4.148,-3.771,-4.137,-4.26,-4.002,-4.203,-4.06,9.559,5.411,0.743,3.51,98.423,148.048,84.909,66.934,1031.757,860.394
US-Rwf,2018-06-26,0.336,6.161,16.174,0.204,0.679,58.798,14.175,20.22,8.13,0.0,22.652,-3.872,9.25,5.252,13.375,366.092,,81.262,42.055,0.92,192.405,1.986,54.257,125.345,US-Rwf,US-Rwf,sagebrush,-4.011,-3.621,-4.001,-4.119,-3.873,-4.066,-3.934,9.238,5.227,0.869,3.332,109.602,161.222,82.716,65.334,1031.101,860.548
US-Rwf,2018-07-01,0.342,7.532,14.374,0.187,0.654,58.575,15.125,21.96,8.29,0.0,22.652,-3.527,7.73,3.562,15.599,362.492,,81.427,45.477,1.022,193.807,2.334,59.871,139.82,US-Rwf,US-Rwf,sagebrush,-3.794,-3.465,-3.786,-3.914,-3.653,-3.851,-3.719,8.561,4.768,0.856,3.068,119.817,173.263,81.042,64.17,1030.523,860.675
US-Rwf,2018-07-06,0.332,8.859,18.659,0.171,0.637,53.549,20.04,25.56,14.52,0.0,22.652,-0.897,6.416,5.912,18.812,210.767,,81.828,24.616,1.669,95.157,2.229,-24.326,121.937,US-Rwf,US-Rwf,sagebrush,-3.106,-2.649,-3.091,-3.185,-2.978,-3.144,-3.036,7.83,4.724,1.2,2.64,128.503,182.17,79.344,64.313,1029.882,860.809
US-Rwf,2018-07-16,0.235,12.099,21.815,0.142,0.609,55.646,21.22,27.64,14.8,0.0,22.652,-1.929,6.122,3.287,21.048,286.79,,81.497,35.066,1.671,144.74,2.097,11.188,126.643,US-Rwf,US-Rwf,sagebrush,-1.326,-0.774,-1.302,-1.415,-1.172,-1.371,-1.244,5.105,3.778,1.615,1.39,141.092,189.423,76.827,70.109,1028.782,861.035
US-Rwf,2018-07-26,0.274,12.202,22.065,0.118,0.585,54.974,22.58,28.82,16.34,0.0,22.652,-2.179,7.021,5.984,22.795,317.208,,81.671,20.195,2.25,152.716,1.73,34.991,114.35,US-Rwf,US-Rwf,sagebrush,-1.98,-1.464,-1.961,-2.075,-1.84,-2.02,-1.894,6.003,4.023,1.686,1.719,151.203,188.437,75.204,81.677,1027.963,861.217
US-Rwf,2018-08-05,0.228,8.772,17.265,0.101,0.566,53.311,17.17,23.2,11.14,0.0,22.652,-2.588,4.021,1.833,16.681,276.79,,81.296,33.818,1.299,120.282,1.932,59.216,64.005,US-Rwf,US-Rwf,sagebrush,-1.894,-1.562,-1.885,-2.011,-1.786,-1.937,-1.833,5.12,3.226,1.263,1.536,157.616,179.246,74.432,97.543,1027.462,861.351
US-Rwf,2018-08-10,0.213,19.49,22.5,0.095,0.557,51.927,26.155,34.1,18.21,0.0,22.652,-1.044,3.726,3.661,27.546,280.93,,81.428,14.497,3.201,103.667,2.655,15.445,78.246,US-Rwf,US-Rwf,sagebrush,-0.567,-0.052,-0.55,-0.685,-0.401,-0.627,-0.477,3.483,2.916,1.74,0.694,159.358,171.935,74.13,106.368,1027.279,861.415
US-Rwf,2018-08-15,0.195,15.92,19.455,0.089,0.549,46.262,21.665,28.87,14.46,0.0,22.652,-0.801,2.811,1.793,22.568,259.733,,81.264,17.746,2.305,104.041,2.492,42.965,47.72,US-Rwf,US-Rwf,sagebrush,-0.612,-0.213,-0.6,-0.739,-0.492,-0.661,-0.547,3.109,2.497,1.424,0.671,161.014,164.18,74.021,115.699,1027.165,861.466
US-Rwf,2018-08-20,0.216,12.027,18.019,0.086,0.542,49.144,17.665,22.96,12.37,0.0,22.652,-0.672,2.719,1.632,17.26,235.578,,81.098,34.864,1.325,85.827,3.322,53.604,34.191,US-Rwf,US-Rwf,sagebrush,-1.326,-0.977,-1.318,-1.456,-1.201,-1.374,-1.262,4.101,2.774,1.282,1.122,164.221,158.116,74.003,125.231,1027.094,861.512
US-Rwf,2018-08-25,0.181,14.346,14.1,0.082,0.534,48.174,16.315,23.55,9.08,0.0,22.652,-1.025,2.303,0.757,15.692,263.375,,81.038,29.034,1.316,112.007,2.167,60.481,39.247,US-Rwf,US-Rwf,sagebrush,-0.833,-0.576,-0.827,-0.967,-0.728,-0.886,-0.767,2.878,2.045,1.002,0.747,166.118,150.215,74.153,135.243,1027.065,861.548
US-Rwf,2018-08-30,0.18,14.714,14.874,0.095,0.53,45.958,17.44,22.79,12.09,0.0,22.652,-0.704,2.341,1.729,17.852,257.523,,81.034,28.979,1.483,104.766,2.103,57.653,43.97,US-Rwf,US-Rwf,sagebrush,-0.628,-0.358,-0.617,-0.736,-0.521,-0.676,-0.564,2.766,2.138,1.031,0.691,167.815,142.296,74.12,144.595,1027.06,861.596
US-Rwf,2018-09-14,0.174,11.747,10.64,0.085,0.516,40.369,13.275,19.98,6.57,0.0,22.652,-0.541,2.047,1.498,13.186,221.56,,80.903,27.914,1.145,73.464,2.889,50.383,23.202,US-Rwf,US-Rwf,sagebrush,-0.533,-0.34,-0.525,-0.651,-0.419,-0.585,-0.464,2.152,1.619,0.751,0.558,172.133,118.896,74.5,171.842,1027.201,861.711
US-Rwf,2018-09-19,0.169,9.997,9.545,0.083,0.514,38.965,11.075,16.81,5.34,0.0,22.652,-0.31,2.212,2.164,11.205,238.029,,80.855,34.622,0.898,90.29,2.186,79.716,16.035,US-Rwf,US-Rwf,sagebrush,-0.5,-0.321,-0.491,-0.617,-0.382,-0.554,-0.43,1.998,1.498,0.687,0.522,173.222,111.446,74.764,180.331,1027.279,861.741
US-Rwf,2018-09-24,0.15,7.657,6.068,0.082,0.512,37.768,6.915,12.82,1.01,0.0,22.652,-0.157,1.705,1.271,6.361,237.097,,81.274,38.937,0.615,78.531,2.631,73.588,11.49,US-Rwf,US-Rwf,sagebrush,-0.339,-0.203,-0.332,-0.449,-0.222,-0.395,-0.27,1.505,1.166,0.545,0.382,173.825,103.931,75.117,188.481,1027.359,861.765
US-Rwf,2018-10-04,0.145,6.118,9.348,0.1,0.512,16.389,5.195,9.92,0.47,13.3,22.652,1.799,0.145,1.013,4.552,23.038,,80.649,91.068,0.095,5.143,1.887,-25.674,12.124,US-Rwf,US-Rwf,sagebrush,0.352,0.213,0.353,0.253,0.462,0.29,0.42,0.751,1.102,0.632,0.047,173.584,88.954,75.47,201.915,1027.659,861.836
US-Rwf,2018-10-09,0.13,1.08,6.555,0.216,0.545,19.667,3.595,5.66,1.53,9.15,22.652,2.222,0.129,2.144,2.526,28.791,,80.231,98.504,0.012,20.458,3.819,-28.013,11.957,US-Rwf,US-Rwf,sagebrush,1.062,0.719,1.055,0.867,1.221,0.958,1.147,0.506,1.568,0.506,0.0,156.087,83.323,91.441,203.18,1028.14,861.937
US-Rwf,2018-10-14,0.129,2.494,1.012,0.202,0.575,30.47,-0.95,3.65,-5.55,0.0,22.652,1.157,0.891,1.5,-2.364,192.466,,81.674,57.802,0.235,49.745,1.869,43.965,12.265,US-Rwf,US-Rwf,sagebrush,0.437,0.39,0.45,0.368,0.536,0.397,0.491,0.838,1.275,0.338,0.199,141.04,80.228,105.938,204.154,1028.557,862.005
US-Rwf,2018-10-19,0.129,7.666,4.845,0.2,0.568,27.89,9.74,16.56,2.92,0.0,22.652,1.017,0.85,1.839,11.121,168.308,,81.96,32.111,0.909,42.368,0.039,6.9,19.166,US-Rwf,US-Rwf,sagebrush,0.664,0.616,0.68,0.577,0.779,0.619,0.737,0.865,1.529,0.393,0.188,127.471,76.919,118.379,204.571,1029.172,862.089
US-Rwf,2018-10-29,0.123,1.77,7.838,0.183,0.568,12.831,0.93,4.34,-2.48,0.0,22.652,0.361,0.789,0.755,1.639,123.37,,81.205,73.099,0.192,25.206,0.143,16.043,8.777,US-Rwf,US-Rwf,sagebrush,0.996,0.679,1.001,0.839,1.131,0.929,1.068,0.492,1.488,0.403,0.036,103.711,70.186,138.549,204.556,1030.692,862.263
US-Rwf,2018-11-03,0.115,2.159,1.642,0.214,0.586,16.985,2.895,6.44,-0.65,0.0,22.652,0.486,0.545,1.165,2.671,112.667,,81.508,62.832,0.292,24.979,2.524,11.51,7.158,US-Rwf,US-Rwf,sagebrush,0.81,0.579,0.819,0.724,0.91,0.772,0.864,0.423,1.233,0.255,0.067,93.488,67.64,146.917,204.083,1031.439,862.339
US-Rwf,2018-11-08,0.114,1.867,-3.126,0.219,0.577,20.064,-3.09,2.12,-8.3,0.0,22.652,0.454,0.543,0.956,-3.725,131.445,,81.896,56.786,0.222,16.042,1.871,5.562,5.343,US-Rwf,US-Rwf,sagebrush,0.589,0.417,0.595,0.524,0.679,0.554,0.631,0.345,0.934,0.177,0.067,84.296,67.915,154.692,201.632,1032.032,862.396
US-Rwf,2018-11-13,0.117,2.935,-4.931,0.238,0.574,18.028,0.26,6.78,-6.26,0.0,22.652,0.631,0.323,1.085,2.429,102.726,,82.258,29.6,0.524,1.738,2.36,-12.367,3.189,US-Rwf,US-Rwf,sagebrush,0.602,0.402,0.607,0.537,0.691,0.567,0.642,0.26,0.863,0.15,0.044,75.95,68.095,161.522,199.307,1032.625,862.451
US-Rwf,2018-11-18,0.116,2.045,-4.084,0.233,0.599,17.576,-1.595,3.89,-7.08,0.0,22.652,0.614,0.511,1.6,-2.078,111.787,,81.436,63.533,0.202,-13.241,2.22,-14.71,3.546,US-Rwf,US-Rwf,sagebrush,0.625,0.427,0.631,0.556,0.714,0.593,0.664,0.282,0.906,0.149,0.053,68.476,68.312,167.361,196.908,1033.264,862.509
US-Rwf,2018-11-23,0.118,0.978,-0.205,0.246,0.626,9.379,0.215,2.55,-2.12,10.14,22.652,0.537,0.041,0.206,-0.783,30.604,,80.24,90.7,0.052,-14.268,3.616,-25.928,4.896,US-Rwf,US-Rwf,sagebrush,0.996,0.638,1.003,0.861,1.1,0.949,1.056,0.13,1.126,0.13,0.0,61.574,67.109,171.616,194.778,1034.181,862.59
US-Rwf,2018-11-28,0.114,1.285,-0.009,0.365,0.723,12.583,2.655,5.31,0.0,5.24,22.652,0.383,0.0,0.805,-0.425,87.309,,80.275,88.011,0.074,33.377,1.933,-13.954,10.105,US-Rwf,US-Rwf,sagebrush,1.556,1.07,1.565,1.389,1.731,1.49,1.632,0.221,1.778,0.171,0.02,55.437,66.958,173.519,189.786,1035.647,862.72
US-Rwf,2018-12-03,0.098,1.216,-3.755,0.429,0.766,11.553,-7.725,-2.19,-13.26,0.0,22.652,1.3,0.04,1.092,-6.882,87.838,,81.236,75.44,0.091,-3.608,1.488,-9.928,-0.967,US-Rwf,US-Rwf,sagebrush,1.445,0.951,1.446,1.298,1.588,1.378,1.513,0.115,1.56,0.115,0.0,49.849,66.958,175.113,185.113,1036.967,862.84
US-Rwf,2018-12-08,0.081,1.079,-10.866,0.425,0.79,13.833,-3.69,-0.22,-7.16,0.0,22.652,1.153,0.029,1.263,-2.823,40.342,,81.677,89.181,0.054,-10.203,1.51,-7.787,2.801,US-Rwf,US-Rwf,sagebrush,0.766,0.445,0.767,0.639,0.893,0.718,0.816,0.0,0.766,0.0,0.0,44.824,66.958,177.982,182.675,1037.663,862.905
US-Rwf,2018-12-13,0.065,1.816,-9.071,0.412,0.813,14.175,-2.57,3.27,-8.41,0.0,22.652,1.05,0.241,1.829,-1.917,74.041,,81.637,42.316,0.312,-26.282,3.205,-41.034,11.182,US-Rwf,US-Rwf,sagebrush,0.881,0.53,0.882,0.767,0.998,0.833,0.93,0.047,0.928,0.047,0.0,40.306,66.958,179.984,179.911,1038.465,862.979
US-Rwf,2018-12-18,0.048,1.083,-4.185,0.438,0.837,8.274,1.605,3.97,-0.76,4.68,22.652,0.962,0.315,1.739,1.255,43.412,,80.935,77.911,0.152,-0.807,3.61,-26.366,19.769,US-Rwf,US-Rwf,sagebrush,1.414,0.93,1.42,1.294,1.546,1.361,1.475,0.02,1.435,0.02,0.0,36.243,66.958,179.954,175.535,1039.741,863.1
US-Rwf,2018-12-23,0.031,0.927,-7.465,0.436,0.878,8.81,-1.325,1.14,-3.79,8.1,22.652,0.705,0.0,0.58,-1.024,21.876,,81.049,80.636,0.115,-1.135,1.668,-12.74,11.08,US-Rwf,US-Rwf,sagebrush,1.067,0.667,1.069,0.958,1.185,1.02,1.111,0.002,1.069,0.002,0.0,32.59,66.958,180.489,172.28,1040.687,863.192
US-Rwf,2018-12-28,0.017,0.675,-8.797,0.429,0.889,14.223,-8.51,-5.53,-11.49,0.0,22.652,0.505,0.0,0.248,-9.193,77.895,,81.234,85.681,0.046,46.758,3.218,-11.144,5.017,US-Rwf,US-Rwf,sagebrush,0.926,0.566,0.927,0.812,1.033,0.885,0.967,0.0,0.926,0.0,0.0,29.305,66.958,181.042,169.489,1041.5,863.273
US-Rwf,2019-01-02,0.003,1.314,-9.543,0.424,0.895,11.868,-5.575,-0.51,-10.64,0.0,22.652,0.783,0.139,1.631,-4.48,82.407,,81.393,57.587,0.182,-2.95,1.388,-11.243,-0.266,US-Rwf,US-Rwf,sagebrush,0.848,0.511,0.849,0.73,0.952,0.807,0.888,0.0,0.848,0.0,0.0,26.351,66.958,181.473,166.962,1042.236,863.348
US-Rwf,2019-01-07,-0.02,0.959,-6.257,0.416,0.902,11.549,-5.38,-1.92,-8.84,0.0,22.652,0.944,0.153,1.576,-5.37,90.92,,80.68,77.32,0.095,-11.547,3.493,-20.571,-2.792,US-Rwf,US-Rwf,sagebrush,1.106,0.708,1.109,1.008,1.215,1.068,1.146,0.0,1.106,0.0,0.0,23.695,66.958,180.816,163.7,1043.183,863.446
US-Rwf,2019-01-12,-0.014,1.818,-8.821,0.428,0.91,14.971,-1.095,4.09,-6.28,0.0,22.652,1.456,0.219,1.846,-2.032,100.843,,81.141,55.238,0.244,-46.098,7.557,-41.399,8.212,US-Rwf,US-Rwf,sagebrush,0.903,0.555,0.905,0.796,0.997,0.862,0.94,0.0,0.903,0.0,0.0,23.666,66.958,178.124,161.064,1043.943,863.528
US-Rwf,2019-01-17,-0.014,0.69,-7.032,0.424,0.915,13.621,0.4,1.99,-1.19,0.0,22.652,0.778,0.189,1.006,-0.326,61.182,,80.114,85.16,0.092,-19.752,4.064,-24.892,7.475,US-Rwf,US-Rwf,sagebrush,1.036,0.66,1.038,0.945,1.124,0.997,1.076,0.0,1.036,0.0,0.0,23.635,66.958,175.046,158.057,1044.786,863.622
US-Rwf,2019-01-22,-0.015,1.005,-8.072,0.439,1.014,15.69,-5.835,-2.05,-9.62,0.0,22.652,0.723,0.094,0.839,-6.054,87.282,,81.637,59.032,0.176,-16.818,2.42,-22.294,8.042,US-Rwf,US-Rwf,sagebrush,0.97,0.611,0.971,0.871,1.057,0.93,1.008,0.0,0.97,0.0,0.0,23.608,66.958,172.173,155.255,1045.548,863.713
US-Rwf,2019-01-27,-0.018,2.07,-7.922,0.439,1.019,17.204,3.2,7.55,-1.15,0.0,22.652,1.034,0.16,1.471,4.362,115.692,,81.554,48.25,0.437,-7.946,3.018,-29.713,15.673,US-Rwf,US-Rwf,sagebrush,0.97,0.615,0.971,0.875,1.052,0.932,1.007,0.0,0.97,0.0,0.0,23.582,66.958,169.31,152.467,1046.282,863.805
US-Rwf,2019-02-01,-0.021,2.223,-9.038,0.439,1.042,18.382,2.335,7.38,-2.71,0.0,22.652,0.987,0.164,1.09,4.158,92.641,,80.368,56.15,0.365,-16.894,3.669,-49.282,17.223,US-Rwf,US-Rwf,sagebrush,0.866,0.54,0.866,0.76,0.948,0.827,0.903,0.0,0.866,0.0,0.0,23.555,66.958,166.768,149.991,1046.913,863.888
US-Rwf,2019-02-06,-0.024,0.496,-7.323,0.439,1.133,12.668,-11.455,-8.77,-14.14,0.0,22.652,0.783,0.019,0.734,-11.308,72.787,,80.233,85.019,0.039,-12.367,5.252,-2.962,4.295,US-Rwf,US-Rwf,sagebrush,0.998,0.645,0.999,0.912,1.072,0.965,1.035,0.0,0.998,0.0,0.0,23.528,66.958,163.845,147.152,1047.613,863.986
US-Rwf,2019-02-11,-0.027,0.7,-8.526,0.438,1.127,16.832,-7.405,-4.56,-10.25,0.0,22.652,0.861,0.077,0.903,-7.738,80.147,,80.283,77.823,0.079,-19.358,3.689,-26.954,12.243,US-Rwf,US-Rwf,sagebrush,0.884,0.562,0.884,0.788,0.963,0.847,0.92,0.0,0.884,0.0,0.0,23.501,66.958,161.269,144.651,1048.207,864.074
US-Rwf,2019-02-16,-0.03,0.832,-6.92,0.439,1.152,19.566,-5.505,-2.53,-8.48,0.0,22.652,0.896,0.245,1.271,-6.178,104.618,,79.975,80.001,0.077,-13.484,2.974,-24.891,2.319,US-Rwf,US-Rwf,sagebrush,1.008,0.662,1.008,0.926,1.081,0.973,1.04,0.0,1.008,0.0,0.0,23.474,66.958,158.343,141.817,1048.854,864.176
US-Rwf,2019-02-21,-0.033,0.881,-8.127,0.438,1.146,13.924,-9.94,-5.4,-14.48,0.0,22.652,0.691,0.026,0.662,-9.213,137.068,,79.967,92.254,0.023,23.937,,-14.647,5.965,US-Rwf,US-Rwf,sagebrush,0.894,0.577,0.893,0.807,0.969,0.858,0.924,0.0,0.894,0.0,0.0,23.447,66.958,155.762,139.318,1049.4,864.268
US-Rwf,2019-02-26,-0.036,1.212,-4.155,0.438,1.163,16.983,-0.335,2.74,-3.41,20.9,22.652,1.058,0.244,1.81,-2.143,66.894,,80.158,93.359,0.036,-6.058,2.957,-11.699,9.722,US-Rwf,US-Rwf,sagebrush,1.225,0.847,1.227,1.154,1.291,1.191,1.259,0.0,1.225,0.0,0.0,23.42,66.958,152.232,135.914,1050.107,864.395
US-Rwf,2019-03-08,-0.041,1.235,-4.478,0.439,1.257,27.715,-5.33,-0.72,-9.94,0.0,22.652,0.953,0.313,1.12,-5.918,175.743,,80.021,68.591,0.124,10.407,3.474,-4.742,7.185,US-Rwf,US-Rwf,sagebrush,1.163,0.808,1.163,1.096,1.231,1.133,1.197,0.0,1.163,0.0,0.0,23.367,66.958,146.484,130.377,1051.157,864.611
US-Rwf,2019-03-13,-0.045,0.916,-7.125,0.439,1.259,18.338,-5.395,-2.1,-8.69,0.0,22.652,0.876,0.326,0.948,-7.086,169.84,,80.75,78.785,0.081,-2.931,7.255,-7.861,5.304,US-Rwf,US-Rwf,sagebrush,0.922,0.617,0.921,0.854,0.991,0.889,0.953,0.0,0.922,0.0,0.0,23.34,66.958,143.875,127.867,1051.591,864.713
US-Rwf,2019-03-18,-0.046,2.163,-6.425,0.439,1.307,37.933,2.92,7.59,-1.75,0.0,22.652,1.881,0.0,1.998,1.638,247.988,,81.376,57.389,0.302,14.255,4.743,-17.266,6.867,US-Rwf,US-Rwf,sagebrush,0.966,0.657,0.965,0.904,1.034,0.93,1.0,0.0,0.966,0.0,0.0,23.314,66.958,141.155,125.256,1052.012,864.82
US-Rwf,2019-03-23,-0.054,1.391,2.562,0.271,1.317,24.173,2.09,5.1,-0.92,7.41,22.652,1.025,0.038,1.381,1.105,68.577,,80.833,92.489,0.051,21.183,2.754,-8.909,14.346,US-Rwf,US-Rwf,sagebrush,1.052,0.767,1.058,0.973,1.142,1.014,1.1,0.0,1.052,0.0,0.0,23.252,66.725,138.24,122.664,1052.432,864.94
US-Rwf,2019-03-28,-0.102,1.475,3.323,0.263,1.316,38.017,1.53,4.87,-1.81,3.75,22.652,0.792,0.425,1.528,-0.154,171.458,,80.932,77.424,0.145,18.981,2.049,-16.774,10.604,US-Rwf,US-Rwf,sagebrush,1.049,0.775,1.054,0.969,1.147,1.005,1.1,0.0,1.049,0.0,0.0,23.19,66.493,135.356,120.099,1052.812,865.06
US-Rwf,2019-04-02,-0.065,0.619,5.112,0.248,1.257,21.463,3.195,4.37,2.02,5.55,22.652,0.717,0.04,1.112,1.741,68.788,,80.297,92.692,0.051,30.825,3.678,-11.884,3.974,US-Rwf,US-Rwf,sagebrush,1.068,0.803,1.073,0.979,1.183,1.015,1.129,0.0,1.068,0.0,0.0,23.124,66.262,132.442,117.502,1053.157,865.185
US-Rwf,2019-04-07,-0.029,1.482,4.475,0.242,1.083,25.775,8.53,10.62,6.44,6.83,22.652,0.794,0.209,1.153,6.721,130.133,,81.085,66.481,0.348,46.209,2.367,-76.961,11.847,US-Rwf,US-Rwf,sagebrush,0.986,0.744,0.991,0.907,1.082,0.934,1.038,0.0,0.986,0.0,0.0,23.058,66.031,129.776,115.139,1053.437,865.303
US-Rwf,2019-04-12,0.007,1.389,2.695,0.254,0.905,26.227,1.125,4.34,-2.09,0.0,22.652,0.68,0.084,0.826,-0.396,138.243,,80.545,88.788,0.072,42.437,2.75,17.648,28.298,US-Rwf,US-Rwf,sagebrush,0.928,0.703,0.932,0.86,1.008,0.884,0.971,0.0,0.928,0.0,0.0,22.994,65.801,127.282,112.941,1053.668,865.415
US-Rwf,2019-04-17,0.044,2.579,4.92,0.265,0.841,46.421,5.63,10.32,0.94,0.0,22.652,0.966,0.28,1.143,4.68,248.632,,81.489,67.639,0.283,125.736,2.93,80.063,30.784,US-Rwf,US-Rwf,sagebrush,1.036,0.861,1.04,0.944,1.142,0.995,1.085,0.262,1.298,0.159,0.041,23.075,65.742,124.339,110.318,1053.899,865.549
US-Rwf,2019-04-22,0.08,3.606,6.319,0.233,0.756,50.427,7.235,13.45,1.02,0.0,22.652,0.788,0.905,1.664,7.153,308.224,,81.493,51.48,0.543,146.794,2.6,121.602,38.736,US-Rwf,US-Rwf,sagebrush,0.531,0.655,0.539,0.452,0.64,0.495,0.592,0.955,1.486,0.173,0.311,24.081,66.792,121.688,107.966,1054.067,865.674
US-Rwf,2019-05-12,0.186,5.942,11.792,0.197,0.659,56.774,14.775,21.36,8.19,0.0,22.652,-0.299,5.245,6.212,16.767,327.511,,80.876,26.104,1.442,157.137,2.56,78.736,76.077,US-Rwf,US-Rwf,sagebrush,-1.156,-0.897,-1.147,-1.25,-1.045,-1.194,-1.1,3.906,2.75,0.296,1.437,37.629,82.358,112.089,99.506,1054.335,866.154
US-Rwf,2019-05-17,0.205,0.59,8.781,0.25,0.658,35.521,1.26,2.53,-0.01,23.67,22.652,-1.001,0.945,0.376,1.22,51.085,,80.278,95.217,0.034,39.564,3.277,4.924,40.524,US-Rwf,US-Rwf,sagebrush,0.744,0.939,0.754,0.632,0.874,0.698,0.82,0.954,1.698,0.271,0.272,38.462,83.189,109.171,96.921,1054.3,866.308
US-Rwf,2019-05-22,0.224,1.313,6.983,0.266,0.841,42.311,4.315,6.74,1.89,5.6,22.652,-0.109,2.713,3.027,3.255,90.047,,80.223,92.285,0.064,63.444,3.074,23.266,38.67,US-Rwf,US-Rwf,sagebrush,-0.292,-0.137,-0.285,-0.377,-0.205,-0.322,-0.245,2.587,2.295,0.246,0.932,41.575,86.729,106.378,94.462,1054.21,866.459
US-Rwf,2019-05-27,0.276,3.347,10.473,0.258,0.807,54.826,9.145,14.09,4.2,0.0,22.652,-1.204,4.626,3.082,7.955,211.733,,80.482,77.713,0.255,120.09,3.668,68.084,73.542,US-Rwf,US-Rwf,sagebrush,-2.122,-1.896,-2.115,-2.216,-2.024,-2.168,-2.063,5.945,3.823,0.32,2.24,49.186,95.626,103.249,91.685,1054.042,866.632
US-Rwf,2019-06-11,0.302,5.73,13.765,0.228,0.72,58.302,15.12,21.27,8.97,0.0,22.652,-2.385,6.752,5.093,15.874,362.304,,81.839,41.034,1.082,196.426,2.345,56.535,126.961,US-Rwf,US-Rwf,sagebrush,-2.999,-2.669,-2.993,-3.088,-2.896,-3.048,-2.942,7.544,4.545,0.574,2.775,78.616,130.18,94.132,83.647,1053.075,867.179
US-Rwf,2019-06-16,0.287,5.756,14.678,0.218,0.702,58.76,15.815,21.71,9.92,0.0,22.652,-2.548,9.031,7.586,16.885,362.946,,81.024,34.269,1.287,190.631,2.424,42.074,145.95,US-Rwf,US-Rwf,sagebrush,-2.909,-2.547,-2.903,-2.986,-2.805,-2.954,-2.857,7.431,4.523,0.672,2.691,87.657,140.782,91.535,81.402,1052.647,867.349
US-Rwf,2019-06-26,0.265,5.595,14.561,0.193,0.658,56.542,14.66,20.83,8.49,0.0,22.652,-3.348,7.275,2.847,15.01,328.47,,80.691,37.944,1.139,175.661,1.776,34.983,123.451,US-Rwf,US-Rwf,sagebrush,-2.486,-2.127,-2.481,-2.543,-2.404,-2.524,-2.443,6.516,4.029,0.779,2.284,102.2,157.802,88.054,78.528,1051.915,867.601
US-Rwf,2019-07-01,0.294,6.963,16.151,0.178,0.644,58.012,17.185,23.93,10.44,0.0,22.652,-3.173,6.871,2.761,17.839,303.941,,81.147,28.283,1.534,150.192,1.999,10.095,142.754,US-Rwf,US-Rwf,sagebrush,-3.163,-2.764,-3.157,-3.24,-3.06,-3.201,-3.109,7.705,4.542,0.915,2.703,111.174,167.853,86.204,77.483,1051.462,867.74
US-Rwf,2019-07-06,0.33,6.557,16.948,0.167,0.632,58.293,18.86,24.46,13.26,0.0,22.652,-2.773,6.64,4.548,19.251,289.758,,81.189,34.725,1.473,140.757,2.683,-8.712,136.876,US-Rwf,US-Rwf,sagebrush,-3.868,-3.454,-3.861,-3.981,-3.738,-3.924,-3.803,8.899,5.031,1.031,3.133,121.588,178.375,84.55,77.862,1051.007,867.872
US-Rwf,2019-07-11,0.322,7.965,19.886,0.153,0.62,57.195,20.445,26.45,14.44,0.0,22.652,-3.259,7.232,3.499,20.71,339.343,,81.445,40.479,1.468,185.169,1.941,32.683,151.244,US-Rwf,US-Rwf,sagebrush,-3.31,-2.797,-3.299,-3.402,-3.181,-3.347,-3.241,8.256,4.946,1.323,2.76,130.666,185.983,82.991,79.62,1050.541,868.003
US-Rwf,2019-07-21,0.234,10.449,17.39,0.133,0.596,55.725,19.47,26.47,12.47,0.0,22.652,-2.8,4.623,1.073,19.728,322.943,,81.325,25.085,1.795,166.78,2.822,23.897,129.32,US-Rwf,US-Rwf,sagebrush,-1.775,-1.369,-1.767,-1.851,-1.691,-1.81,-1.725,5.289,3.513,1.252,1.607,143.951,191.083,80.831,88.204,1049.807,868.215
US-Rwf,2019-07-26,0.278,5.724,20.357,0.123,0.586,35.988,19.015,23.46,14.57,0.0,22.652,-1.388,3.419,1.829,18.962,104.061,,81.607,38.674,1.37,34.254,2.56,-32.7,97.82,US-Rwf,US-Rwf,sagebrush,-1.2,-0.696,-1.188,-1.279,-1.088,-1.243,-1.134,4.628,3.428,1.521,1.237,147.656,188.421,79.945,94.256,1049.501,868.314
US-Rwf,2019-07-31,0.282,10.315,19.789,0.129,0.576,55.259,21.53,27.84,15.22,0.0,22.652,-2.28,4.72,2.457,21.518,295.915,,81.227,29.107,1.856,142.345,2.286,13.585,118.597,US-Rwf,US-Rwf,sagebrush,-2.32,-1.851,-2.308,-2.408,-2.213,-2.365,-2.255,6.508,4.188,1.474,2.004,153.998,187.948,79.028,101.083,1049.218,868.415
US-Rwf,2019-08-05,0.283,11.5,21.253,0.118,0.566,52.844,23.15,29.68,16.62,0.0,22.652,-1.922,4.563,3.578,22.305,311.25,,81.414,30.812,1.924,153.402,1.774,24.788,119.412,US-Rwf,US-Rwf,sagebrush,-1.989,-1.47,-1.976,-2.092,-1.865,-2.036,-1.912,6.071,4.082,1.638,1.765,159.477,185.482,78.26,108.915,1048.992,868.51
US-Rwf,2019-08-10,0.219,4.968,19.202,0.185,0.559,45.267,13.845,19.23,8.46,0.0,22.652,-0.08,3.807,3.027,13.273,220.358,,80.985,69.296,0.482,108.57,2.336,16.453,102.882,US-Rwf,US-Rwf,sagebrush,-0.651,-0.199,-0.623,-0.738,-0.497,-0.684,-0.563,4.498,3.847,1.46,1.21,163.11,180.156,76.497,115.784,1048.671,868.671
US-Rwf,2019-08-30,0.198,16.066,19.633,0.13,0.526,45.77,19.095,23.98,14.21,0.0,22.652,-0.156,2.351,1.618,18.828,228.362,,81.396,44.53,1.23,98.092,1.863,54.954,51.739,US-Rwf,US-Rwf,sagebrush,-0.183,0.254,-0.164,-0.26,-0.056,-0.229,-0.102,3.105,2.922,1.437,0.664,173.138,150.288,72.418,148.725,1048.174,869.146
US-Rwf,2019-09-04,0.215,18.065,19.297,0.121,0.519,42.391,20.595,26.62,14.57,0.0,22.652,-0.245,1.986,1.874,21.994,193.95,,81.393,25.682,1.969,59.121,2.448,11.701,49.391,US-Rwf,US-Rwf,sagebrush,-0.225,0.199,-0.208,-0.304,-0.094,-0.275,-0.146,3.004,2.779,1.377,0.648,174.692,141.266,71.882,157.735,1048.205,869.237
US-Rwf,2019-09-09,0.205,5.007,12.018,0.173,0.516,40.328,9.655,13.88,5.43,0.0,22.652,0.521,1.278,1.653,8.818,140.495,,80.85,76.795,0.273,47.769,1.987,25.735,43.356,US-Rwf,US-Rwf,sagebrush,-0.469,-0.305,-0.453,-0.556,-0.375,-0.506,-0.405,3.193,2.724,0.866,0.926,177.28,133.878,71.038,165.521,1048.301,869.346
US-Rwf,2019-09-14,0.15,15.424,14.027,0.172,0.518,40.353,17.51,24.72,10.3,0.0,22.652,-0.014,1.152,0.415,19.099,243.878,,81.3,24.819,1.69,93.503,2.473,37.671,53.438,US-Rwf,US-Rwf,sagebrush,0.492,0.697,0.512,0.398,0.63,0.467,0.56,1.862,2.354,0.963,0.358,177.896,124.898,70.098,172.088,1048.458,869.464
US-Rwf,2019-09-19,0.139,2.745,8.794,0.171,0.516,34.213,5.64,9.13,2.15,4.86,22.652,1.259,0.609,0.98,4.701,129.932,,80.736,87.371,0.118,93.881,2.383,28.248,46.503,US-Rwf,US-Rwf,sagebrush,0.282,0.384,0.295,0.206,0.377,0.245,0.345,1.567,1.849,0.683,0.352,178.487,116.409,69.529,178.891,1048.618,869.556
US-Rwf,2019-09-24,0.146,7.319,10.702,0.167,0.517,34.471,13.275,17.45,9.1,0.0,22.652,0.653,3.023,5.935,12.609,197.227,,81.654,58.274,0.624,91.353,2.452,51.287,38.508,US-Rwf,US-Rwf,sagebrush,0.345,0.473,0.359,0.262,0.455,0.312,0.412,1.643,1.988,0.747,0.357,179.088,108.699,68.899,184.598,1048.827,869.654
US-Rwf,2019-10-04,0.169,1.768,4.338,0.181,0.523,25.355,1.765,4.83,-1.3,0.0,22.652,0.894,0.372,1.117,1.468,83.987,,81.131,79.378,0.15,22.462,2.842,5.864,24.764,US-Rwf,US-Rwf,sagebrush,0.292,0.318,0.3,0.213,0.385,0.254,0.351,1.201,1.493,0.482,0.286,179.285,94.176,68.141,195.013,1049.247,869.81
US-Rwf,2019-10-09,0.13,1.234,5.353,0.179,0.525,17.266,-4.225,-0.46,-7.99,0.0,22.652,0.658,0.512,0.883,-4.62,108.824,,80.892,74.246,0.116,24.69,5.154,38.774,22.921,US-Rwf,US-Rwf,sagebrush,0.763,0.488,0.745,0.604,0.868,0.682,0.809,0.477,1.24,0.477,0.0,161.214,87.16,85.19,198.899,1049.501,869.891
US-Rwf,2019-10-14,0.118,5.096,3.045,0.185,0.517,29.961,6.45,12.59,0.31,0.0,22.652,0.531,0.494,0.986,7.287,174.252,,80.984,41.859,0.595,57.52,1.529,45.046,8.538,US-Rwf,US-Rwf,sagebrush,0.498,0.461,0.504,0.429,0.581,0.461,0.554,0.792,1.29,0.396,0.158,145.508,80.95,100.267,202.826,1049.847,869.966
US-Rwf,2019-10-19,0.102,1.396,4.089,0.186,0.522,17.645,0.945,4.23,-2.34,5.06,22.652,0.721,0.342,1.012,0.459,57.072,,80.338,77.284,0.146,-4.638,5.403,-43.708,22.93,US-Rwf,US-Rwf,sagebrush,0.823,0.514,0.802,0.662,0.921,0.729,0.863,0.373,1.196,0.373,0.0,130.841,74.803,113.458,205.778,1050.325,870.045
US-Rwf,2019-10-24,0.096,4.252,0.704,0.2,0.548,25.947,4.525,11.12,-2.07,0.0,22.652,0.759,0.359,0.886,4.404,151.41,,82.051,32.399,0.602,42.346,1.697,19.159,10.317,US-Rwf,US-Rwf,sagebrush,0.653,0.46,0.653,0.571,0.73,0.611,0.692,0.454,1.107,0.285,0.067,117.885,70.464,125.167,207.522,1050.83,870.116
US-Rwf,2019-10-29,0.103,0.825,-2.512,0.205,0.541,25.631,-11.05,-6.42,-15.68,0.0,22.652,0.418,0.296,0.28,-11.082,156.8,,81.08,54.308,0.122,38.033,4.597,23.008,4.556,US-Rwf,US-Rwf,sagebrush,0.645,0.38,0.626,0.536,0.717,0.591,0.671,0.207,0.852,0.207,0.0,106.002,70.464,135.694,205.116,1051.307,870.175
US-Rwf,2019-11-08,0.117,5.465,-1.672,0.211,0.569,19.699,7.305,15.17,-0.56,0.0,22.652,0.312,0.869,2.288,10.769,126.814,,81.823,23.582,0.997,7.927,1.984,-17.148,5.162,US-Rwf,US-Rwf,sagebrush,0.627,0.441,0.628,0.559,0.706,0.589,0.66,0.367,0.994,0.199,0.067,86.087,70.933,152.781,200.111,1052.424,870.3
US-Rwf,2019-11-13,0.119,2.966,-0.429,0.216,0.568,17.933,5.16,10.32,0.0,0.0,22.652,0.412,0.602,0.923,5.072,105.714,,81.222,63.134,0.331,11.822,1.488,12.622,1.367,US-Rwf,US-Rwf,sagebrush,0.709,0.514,0.712,0.645,0.79,0.67,0.748,0.399,1.108,0.203,0.078,77.679,67.678,159.416,200.825,1053.119,870.373
US-Rwf,2019-11-18,0.125,3.771,0.904,0.216,0.569,16.379,7.395,13.06,1.73,0.0,22.652,0.358,0.397,0.871,9.039,85.767,,81.0,53.654,0.556,-2.575,1.373,-10.03,5.272,US-Rwf,US-Rwf,sagebrush,0.785,0.576,0.787,0.716,0.863,0.744,0.831,0.42,1.205,0.204,0.086,70.146,64.63,164.923,201.095,1053.918,870.454
US-Rwf,2019-11-23,0.116,2.724,-4.044,0.226,0.562,16.197,1.585,8.25,-5.08,0.0,22.652,0.443,0.71,1.549,2.217,97.177,,81.617,49.693,0.369,-8.974,1.677,-11.031,2.039,US-Rwf,US-Rwf,sagebrush,0.622,0.413,0.619,0.554,0.69,0.587,0.654,0.255,0.877,0.14,0.046,63.234,64.818,170.198,198.752,1054.54,870.514
US-Rwf,2019-11-28,0.11,1.054,-5.362,0.234,0.575,11.261,-5.25,-1.44,-9.06,0.0,22.652,0.204,0.355,0.994,-5.645,37.046,,79.534,96.151,0.015,5.706,,3.124,4.197,US-Rwf,US-Rwf,sagebrush,0.651,0.384,0.643,0.568,0.721,0.599,0.682,0.095,0.746,0.095,0.0,56.86,64.818,174.835,196.582,1055.135,870.57
US-Rwf,2019-12-03,0.105,0.99,-5.206,0.242,0.594,15.035,0.655,2.95,-1.64,0.0,22.652,0.495,0.571,1.905,-0.269,56.157,,81.383,93.877,0.038,19.43,1.963,-0.602,1.765,US-Rwf,US-Rwf,sagebrush,0.688,0.408,0.675,0.601,0.751,0.634,0.714,0.114,0.802,0.114,0.0,51.129,64.818,178.688,194.322,1055.773,870.63
US-Rwf,2019-12-08,0.097,0.482,-2.836,0.306,0.612,8.366,0.055,1.17,-1.06,9.31,22.652,0.543,0.474,2.006,-0.458,33.248,,80.588,97.197,0.017,2.168,3.303,-1.481,5.031,US-Rwf,US-Rwf,sagebrush,1.089,0.689,1.086,0.967,1.178,1.028,1.139,0.035,1.124,0.035,0.0,45.975,64.818,180.814,190.798,1056.785,870.725
US-Rwf,2019-12-13,0.089,0.557,-1.498,0.416,0.654,9.962,-2.035,-0.53,-3.54,13.08,22.652,1.159,0.0,0.629,-2.87,25.406,,80.806,94.049,0.031,-12.502,4.032,-5.176,3.009,US-Rwf,US-Rwf,sagebrush,1.676,1.117,1.674,1.493,1.817,1.589,1.749,0.048,1.724,0.048,0.0,41.341,64.593,180.719,185.686,1058.324,870.872
US-Rwf,2019-12-18,0.081,1.294,-10.789,0.425,0.703,12.822,-3.39,0.78,-7.56,0.0,22.652,1.184,0.0,1.117,-4.489,69.015,,80.74,52.222,0.216,-9.927,5.311,-27.465,20.496,US-Rwf,US-Rwf,sagebrush,0.784,0.453,0.779,0.649,0.899,0.726,0.831,0.0,0.784,0.0,0.0,37.174,64.593,182.647,183.224,1059.035,870.942
US-Rwf,2019-12-23,0.074,1.408,-6.88,0.417,0.731,5.217,-0.335,3.3,-3.97,3.29,22.652,1.097,0.011,1.47,-1.39,37.01,,80.295,90.509,0.062,-8.845,1.71,-8.521,3.185,US-Rwf,US-Rwf,sagebrush,1.098,0.686,1.093,0.98,1.188,1.034,1.148,0.027,1.126,0.027,0.0,33.427,64.593,183.221,179.818,1060.025,871.04
US-Rwf,2019-12-28,0.066,0.5,-10.148,0.406,0.749,12.621,-4.635,-3.02,-6.25,0.0,22.652,0.773,0.005,0.535,-5.95,54.731,,81.026,78.837,0.084,-7.153,3.878,-6.0,5.09,US-Rwf,US-Rwf,sagebrush,0.788,0.462,0.784,0.663,0.896,0.737,0.828,0.0,0.788,0.0,0.0,30.057,64.593,184.289,177.401,1060.729,871.112
US-Rwf,2020-01-02,0.059,0.468,-3.943,0.433,0.773,11.423,-0.975,0.19,-2.14,0.0,22.652,1.233,0.086,1.425,-2.506,43.642,,80.83,79.909,0.104,-14.78,4.086,-13.143,11.282,US-Rwf,US-Rwf,sagebrush,1.435,0.943,1.431,1.323,1.519,1.366,1.493,0.019,1.454,0.019,0.0,27.028,64.593,183.096,173.053,1061.993,871.243
US-Rwf,2020-01-07,0.051,1.717,-7.286,0.419,0.789,13.953,2.03,5.85,-1.79,0.0,22.652,1.327,0.025,1.201,1.991,82.722,,81.017,59.313,0.291,-24.513,2.867,-41.712,8.636,US-Rwf,US-Rwf,sagebrush,1.042,0.651,1.038,0.937,1.142,0.993,1.078,0.041,1.083,0.041,0.0,24.303,64.593,182.735,169.932,1062.891,871.34
US-Rwf,2020-01-12,0.043,0.368,-6.448,0.406,0.802,10.171,-5.21,-3.99,-6.43,10.97,22.652,1.67,0.137,1.636,-5.991,77.169,,80.071,88.695,0.045,2.811,4.053,-12.279,10.582,US-Rwf,US-Rwf,sagebrush,1.075,0.681,1.072,0.979,1.166,1.028,1.109,0.005,1.08,0.005,0.0,24.269,64.593,179.569,166.747,1063.8,871.442
US-Rwf,2020-01-17,0.036,0.621,-6.87,0.397,0.813,13.377,-6.085,-3.82,-8.35,0.0,22.652,1.346,0.001,1.026,-6.672,107.835,,80.84,74.951,0.094,5.402,3.108,-21.855,0.309,US-Rwf,US-Rwf,sagebrush,0.997,0.629,0.993,0.907,1.084,0.953,1.03,0.006,1.003,0.006,0.0,24.232,64.593,176.649,163.81,1064.614,871.537
US-Rwf,2020-01-22,0.028,1.139,-4.368,0.41,0.825,13.191,-0.68,2.26,-3.62,0.0,22.652,1.172,0.272,1.755,-2.172,95.53,,81.084,84.551,0.078,28.732,2.46,-9.356,3.263,US-Rwf,US-Rwf,sagebrush,1.249,0.825,1.247,1.165,1.318,1.201,1.292,0.002,1.251,0.002,0.0,24.198,64.593,172.993,160.149,1065.595,871.659
US-Rwf,2020-01-27,0.02,0.948,-3.818,0.439,0.92,13.77,0.445,2.67,-1.78,0.0,22.652,0.895,0.493,2.274,-0.991,66.731,,81.284,84.338,0.089,-6.999,2.742,-15.736,1.496,US-Rwf,US-Rwf,sagebrush,1.382,0.928,1.378,1.295,1.457,1.329,1.432,0.0,1.382,0.0,0.0,24.171,64.593,168.962,156.13,1066.628,871.797
US-Rwf,2020-02-01,0.013,2.07,-5.713,0.439,0.96,17.208,4.84,8.7,0.98,2.67,22.652,1.619,0.002,1.599,6.214,75.624,,81.442,41.43,0.558,-33.262,2.274,-69.525,37.008,US-Rwf,US-Rwf,sagebrush,1.17,0.769,1.165,1.081,1.254,1.124,1.203,0.0,1.17,0.0,0.0,24.143,64.593,165.57,152.749,1067.459,871.916
US-Rwf,2020-02-06,0.005,0.093,-5.194,0.439,0.978,8.576,1.955,2.14,1.77,0.0,22.652,1.191,0.002,1.127,0.968,46.02,,80.821,89.621,0.07,1.012,6.414,-16.204,11.627,US-Rwf,US-Rwf,sagebrush,1.201,0.799,1.197,1.119,1.276,1.155,1.233,0.0,1.201,0.0,0.0,24.115,64.593,162.106,149.303,1068.268,872.041
US-Rwf,2020-02-11,-0.003,1.697,-9.073,0.439,1.014,21.816,-2.815,2.67,-8.3,0.0,22.652,1.341,0.377,1.997,-2.076,144.767,,81.193,61.908,0.208,-6.136,3.293,-33.105,7.579,US-Rwf,US-Rwf,sagebrush,0.848,0.529,0.842,0.742,0.932,0.806,0.881,0.0,0.848,0.0,0.0,24.088,64.593,159.68,146.885,1068.812,872.13
US-Rwf,2020-02-16,-0.006,1.159,-5.708,0.437,1.018,16.961,-4.22,-0.3,-8.14,9.68,22.652,1.106,0.035,1.105,-2.543,86.147,,80.821,85.21,0.068,-16.851,4.787,-15.733,4.899,US-Rwf,US-Rwf,sagebrush,1.117,0.744,1.113,1.039,1.189,1.076,1.149,0.0,1.117,0.0,0.0,24.06,64.593,156.487,143.716,1069.494,872.25
US-Rwf,2020-02-26,-0.002,2.115,-9.034,0.439,1.047,26.569,1.445,6.53,-3.64,0.0,22.652,1.049,0.166,1.905,1.637,183.416,,81.848,46.437,0.372,15.039,1.826,-15.775,5.67,US-Rwf,US-Rwf,sagebrush,0.821,0.519,0.815,0.724,0.904,0.779,0.853,0.0,0.821,0.0,0.0,24.005,64.593,152.288,139.537,1070.338,872.413
US-Rwf,2020-03-02,0.009,1.787,-8.917,0.439,1.119,29.037,-1.63,3.68,-6.94,0.0,22.652,1.077,0.373,1.374,-1.946,185.704,,81.074,59.647,0.206,27.47,3.323,-14.589,10.674,US-Rwf,US-Rwf,sagebrush,0.821,0.523,0.815,0.728,0.901,0.779,0.853,0.0,0.821,0.0,0.0,23.977,64.593,149.978,137.245,1070.773,872.505
US-Rwf,2020-03-07,0.022,2.278,-4.076,0.439,1.233,25.467,2.83,7.83,-2.17,0.0,22.652,1.252,0.234,1.34,3.274,90.731,,80.083,59.194,0.356,12.869,2.324,-20.524,24.707,US-Rwf,US-Rwf,sagebrush,1.217,0.844,1.212,1.136,1.284,1.175,1.249,0.0,1.217,0.0,0.0,23.95,64.593,146.554,133.867,1071.377,872.643
US-Rwf,2020-03-12,0.035,1.679,-0.856,0.352,1.315,36.867,-0.32,4.12,-4.76,0.0,22.652,1.224,0.52,2.142,-1.68,230.707,,80.964,53.145,0.265,29.587,2.82,-6.935,14.391,US-Rwf,US-Rwf,sagebrush,1.186,0.846,1.182,1.101,1.247,1.148,1.218,0.071,1.257,0.071,0.0,23.905,64.368,143.259,130.827,1071.916,872.78
US-Rwf,2020-03-17,0.048,1.915,1.893,0.269,1.317,31.331,1.775,6.19,-2.64,3.95,22.652,1.125,0.682,1.879,1.323,165.38,,80.076,77.562,0.149,41.425,3.234,-15.866,16.166,US-Rwf,US-Rwf,sagebrush,0.992,0.74,0.987,0.926,1.074,0.949,1.026,0.188,1.179,0.131,0.022,23.919,64.236,140.451,128.246,1072.343,872.901
US-Rwf,2020-03-22,0.061,2.463,0.695,0.255,1.285,39.489,3.225,8.55,-2.1,0.0,22.652,1.121,0.678,2.166,2.697,243.525,,80.915,42.642,0.44,35.454,2.25,-20.21,31.071,US-Rwf,US-Rwf,sagebrush,0.745,0.631,0.747,0.699,0.813,0.719,0.779,0.349,1.094,0.122,0.09,24.165,64.384,138.064,126.073,1072.68,873.006
US-Rwf,2020-03-27,0.073,1.345,-0.44,0.257,1.245,30.816,-2.265,1.73,-6.26,0.0,22.652,1.036,0.033,0.533,-2.998,203.649,,80.48,66.462,0.168,23.222,3.36,-0.967,21.974,US-Rwf,US-Rwf,sagebrush,0.709,0.584,0.709,0.665,0.765,0.684,0.737,0.291,1.0,0.114,0.07,24.341,64.449,135.872,124.091,1072.968,873.105
US-Rwf,2020-04-06,0.099,1.917,2.828,0.264,1.209,39.84,3.65,7.5,-0.2,0.0,22.652,1.245,0.095,0.895,2.645,96.086,,80.244,82.79,0.128,-2.459,1.726,-11.161,6.569,US-Rwf,US-Rwf,sagebrush,0.57,0.616,0.571,0.513,0.65,0.536,0.605,0.873,1.443,0.14,0.292,25.392,65.405,130.505,119.169,1073.574,873.352
US-Rwf,2020-04-11,0.111,2.78,4.816,0.246,1.122,45.608,3.445,9.5,-2.61,0.0,22.652,1.51,0.559,1.263,3.929,234.668,,80.556,57.467,0.353,71.562,5.053,4.474,42.692,US-Rwf,US-Rwf,sagebrush,0.349,0.438,0.351,0.281,0.436,0.314,0.392,1.294,1.644,0.161,0.451,26.876,67.031,127.774,116.659,1073.829,873.482
US-Rwf,2020-04-16,0.124,1.904,2.316,0.251,1.005,48.233,-0.67,4.63,-5.97,0.0,22.652,0.156,1.028,0.506,-2.182,309.077,,81.076,64.778,0.202,98.486,2.527,57.876,41.591,US-Rwf,US-Rwf,sagebrush,0.147,0.209,0.147,0.103,0.208,0.124,0.17,1.389,1.537,0.143,0.496,28.512,68.836,125.426,114.525,1074.017,873.597
US-Rwf,2020-04-21,0.137,3.931,5.853,0.24,0.895,44.651,9.005,14.37,3.64,0.0,22.652,0.667,1.335,1.487,8.379,239.79,,81.235,44.708,0.626,113.799,2.377,79.638,28.942,US-Rwf,US-Rwf,sagebrush,0.119,0.238,0.12,0.049,0.203,0.083,0.16,1.707,1.826,0.184,0.607,30.522,71.088,122.731,112.052,1074.196,873.732
US-Rwf,2020-04-26,0.148,4.959,10.262,0.245,0.78,50.174,9.795,15.18,4.41,0.0,22.652,0.611,2.155,2.621,8.979,300.142,,81.123,63.897,0.476,181.848,2.307,115.479,48.609,US-Rwf,US-Rwf,sagebrush,-0.064,0.144,-0.059,-0.175,0.085,-0.121,-0.003,2.527,2.463,0.251,0.907,33.563,74.564,119.343,108.905,1074.362,873.904
US-Rwf,2020-05-01,0.16,4.868,8.847,0.226,0.731,47.678,6.875,13.1,0.65,0.0,22.652,0.254,2.564,2.375,6.602,231.57,,81.093,65.789,0.366,117.077,2.07,69.55,43.963,US-Rwf,US-Rwf,sagebrush,-0.259,-0.066,-0.256,-0.345,-0.166,-0.302,-0.21,2.483,2.225,0.245,0.891,36.536,77.966,116.573,106.362,1074.447,874.05
US-Rwf,2020-05-06,0.168,4.587,8.143,0.213,0.702,47.303,5.26,11.45,-0.93,0.0,22.652,-1.786,3.884,2.5,6.457,324.112,,81.442,38.681,0.626,159.566,3.745,134.727,52.902,US-Rwf,US-Rwf,sagebrush,-0.418,-0.23,-0.417,-0.491,-0.338,-0.455,-0.379,2.541,2.122,0.248,0.913,39.57,81.444,114.171,104.178,1074.482,874.181
US-Rwf,2020-05-11,0.174,7.766,12.512,0.205,0.68,52.495,13.44,18.99,7.89,0.0,22.652,-1.274,4.26,3.353,15.004,267.648,,80.388,23.883,1.332,113.613,2.377,55.412,66.691,US-Rwf,US-Rwf,sagebrush,-0.659,-0.364,-0.655,-0.764,-0.541,-0.716,-0.604,3.297,2.638,0.342,1.177,43.502,85.994,111.391,101.624,1074.475,874.335
US-Rwf,2020-05-16,0.199,5.595,7.239,0.234,0.69,44.556,7.52,14.27,0.77,0.0,22.652,-2.194,4.59,2.328,8.173,245.735,,80.855,46.422,0.616,116.608,4.635,68.681,44.366,US-Rwf,US-Rwf,sagebrush,-0.494,-0.32,-0.494,-0.56,-0.42,-0.525,-0.457,2.749,2.255,0.266,0.989,46.785,89.756,108.943,99.409,1074.424,874.476
US-Rwf,2020-05-21,0.216,2.169,6.296,0.287,0.842,42.913,4.885,8.94,0.83,7.43,22.652,-1.347,3.087,1.984,3.173,182.788,,80.747,83.453,0.14,108.608,1.931,41.348,55.766,US-Rwf,US-Rwf,sagebrush,-0.448,-0.298,-0.449,-0.534,-0.372,-0.486,-0.409,2.987,2.539,0.265,1.084,50.408,93.896,106.02,96.756,1074.307,874.645
US-Rwf,2020-05-26,0.223,3.95,13.04,0.234,0.763,45.2,13.27,17.61,8.93,0.0,22.652,-1.475,2.392,0.066,11.516,200.379,,81.254,77.479,0.323,119.494,1.789,47.362,76.919,US-Rwf,US-Rwf,sagebrush,-0.996,-0.674,-0.993,-1.106,-0.87,-1.043,-0.94,4.204,3.208,0.421,1.506,55.455,99.757,102.932,93.924,1074.112,874.83
US-Rwf,2020-05-31,0.223,5.262,15.456,0.208,0.709,57.712,11.515,17.44,5.59,0.0,22.652,-2.892,8.837,4.848,10.642,253.905,,80.913,65.071,0.471,133.432,1.379,51.468,75.983,US-Rwf,US-Rwf,sagebrush,-1.889,-1.494,-1.886,-1.999,-1.764,-1.939,-1.831,5.679,3.789,0.524,2.052,62.359,107.841,100.075,91.312,1073.859,875.008
US-Rwf,2020-06-05,0.217,10.584,15.28,0.2,0.673,56.903,16.91,25.82,8.0,0.0,22.652,-3.376,6.01,5.574,18.542,271.518,,80.276,33.212,1.551,131.709,2.971,-17.062,143.476,US-Rwf,US-Rwf,sagebrush,-1.414,-1.019,-1.41,-1.511,-1.295,-1.456,-1.364,4.786,3.372,0.568,1.679,67.95,114.364,97.496,88.972,1073.566,875.176
US-Rwf,2020-06-10,0.229,5.809,12.434,0.235,0.731,58.054,12.615,18.98,6.25,0.0,22.652,-4.423,7.146,3.607,13.053,317.928,,81.559,58.714,0.672,168.416,2.603,46.107,106.564,US-Rwf,US-Rwf,sagebrush,-1.646,-1.33,-1.646,-1.731,-1.55,-1.686,-1.6,5.226,3.58,0.513,1.877,74.224,121.676,94.78,86.525,1073.192,875.356
US-Rwf,2020-06-15,0.234,2.965,9.954,0.246,0.756,38.139,8.805,13.21,4.4,3.84,22.652,-1.77,6.007,4.679,8.651,122.205,,80.864,68.522,0.392,63.433,2.308,1.809,56.724,US-Rwf,US-Rwf,sagebrush,-0.646,-0.381,-0.646,-0.73,-0.548,-0.686,-0.611,3.378,2.732,0.474,1.156,78.002,126.001,92.322,84.344,1072.788,875.525
US-Rwf,2020-06-25,0.27,6.341,18.376,0.219,0.705,58.45,16.83,22.45,11.21,0.0,22.652,-3.381,8.369,4.451,16.732,368.614,,81.158,44.875,1.114,198.932,2.474,38.194,154.334,US-Rwf,US-Rwf,sagebrush,-2.455,-1.932,-2.451,-2.565,-2.309,-2.522,-2.398,7.158,4.703,0.872,2.503,92.153,142.529,86.672,79.25,1071.618,875.929
US-Rwf,2020-06-30,0.3,3.298,9.927,0.275,0.761,51.193,10.48,14.91,6.05,5.6,22.652,-4.663,9.73,5.605,10.001,332.709,,80.833,70.429,0.417,204.952,1.7,70.962,135.976,US-Rwf,US-Rwf,sagebrush,-2.059,-1.784,-2.064,-2.15,-1.978,-2.112,-2.008,5.955,3.896,0.567,2.145,99.315,150.846,84.149,77.045,1070.973,876.119
US-Rwf,2020-07-05,0.306,5.577,15.409,0.223,0.718,59.038,15.86,21.43,10.29,0.0,22.652,-3.466,7.816,3.975,15.955,352.134,,81.324,42.13,1.08,191.068,1.867,43.183,136.912,US-Rwf,US-Rwf,sagebrush,-3.286,-2.871,-3.287,-3.377,-3.184,-3.345,-3.231,8.242,4.956,0.842,2.946,109.176,162.424,81.76,74.936,1070.27,876.308
US-Rwf,2020-07-10,0.296,7.617,16.214,0.205,0.68,58.454,16.405,23.62,9.19,0.0,22.652,-3.608,8.107,4.42,16.474,359.63,,81.537,44.779,1.094,186.608,2.521,38.596,166.571,US-Rwf,US-Rwf,sagebrush,-2.999,-2.563,-2.999,-3.084,-2.9,-3.048,-2.943,7.723,4.724,0.96,2.693,118.117,172.921,79.669,73.11,1069.567,876.483
US-Rwf,2020-07-15,0.317,7.492,14.275,0.188,0.652,58.237,16.035,23.35,8.72,0.0,22.652,-2.299,6.988,4.625,16.938,358.577,,81.405,27.266,1.453,181.036,2.222,38.412,140.171,US-Rwf,US-Rwf,sagebrush,-3.273,-2.914,-3.275,-3.38,-3.171,-3.333,-3.215,7.8,4.527,0.915,2.742,127.178,183.582,78.102,71.785,1068.957,876.628
US-Rwf,2020-07-20,0.292,7.863,18.349,0.171,0.631,56.621,19.53,25.95,13.11,0.0,22.652,-1.194,4.451,2.013,20.09,344.494,,81.387,34.922,1.565,178.204,2.288,43.281,121.583,US-Rwf,US-Rwf,sagebrush,-2.751,-2.264,-2.746,-2.842,-2.655,-2.798,-2.691,7.327,4.576,1.249,2.42,135.08,190.797,76.523,72.521,1068.287,876.778
US-Rwf,2020-07-25,0.256,6.521,18.166,0.213,0.631,55.279,17.36,23.44,11.28,0.0,22.652,-1.573,4.969,3.828,17.427,315.101,,81.267,32.448,1.377,155.644,1.776,43.898,114.626,US-Rwf,US-Rwf,sagebrush,-1.873,-1.354,-1.863,-1.98,-1.704,-1.936,-1.801,6.369,4.496,1.296,2.02,141.626,196.34,74.362,72.658,1067.392,876.975
US-Rwf,2020-07-30,0.245,8.994,21.018,0.191,0.616,54.76,23.525,29.47,17.58,0.0,22.652,-0.785,5.334,4.932,23.533,312.338,,81.469,29.767,2.131,141.193,4.732,18.263,133.119,US-Rwf,US-Rwf,sagebrush,-1.32,-0.705,-1.303,-1.443,-1.13,-1.396,-1.218,5.681,4.362,1.596,1.627,146.767,198.482,72.391,74.647,1066.5,877.165
US-Rwf,2020-08-04,0.238,8.23,17.888,0.169,0.598,53.363,18.575,25.67,11.48,0.0,22.652,-1.184,4.379,2.844,19.41,324.935,,81.388,32.041,1.595,155.299,1.917,63.199,91.52,US-Rwf,US-Rwf,sagebrush,-1.601,-1.147,-1.591,-1.686,-1.499,-1.636,-1.541,5.449,3.847,1.35,1.632,151.88,198.48,71.101,79.361,1065.829,877.308
US-Rwf,2020-08-09,0.239,6.324,16.66,0.156,0.582,51.663,17.3,23.26,11.34,0.0,22.652,-1.281,3.638,1.836,17.144,319.066,,81.47,40.443,1.212,152.968,2.415,78.371,73.557,US-Rwf,US-Rwf,sagebrush,-1.806,-1.414,-1.797,-1.885,-1.725,-1.85,-1.749,5.527,3.721,1.272,1.694,157.173,196.96,70.126,86.017,1065.283,877.43
US-Rwf,2020-08-14,0.219,7.568,15.84,0.142,0.569,51.058,16.825,24.05,9.6,0.0,22.652,-1.089,4.226,3.479,17.24,314.196,,81.633,22.73,1.565,141.93,1.918,68.63,65.894,US-Rwf,US-Rwf,sagebrush,-1.462,-1.109,-1.454,-1.534,-1.381,-1.5,-1.411,4.746,3.284,1.223,1.403,161.421,192.888,69.432,94.166,1064.857,877.534
US-Rwf,2020-08-19,0.215,8.794,22.28,0.153,0.561,46.962,22.78,27.86,17.7,0.0,22.652,0.733,2.933,3.371,22.371,127.374,,81.3,37.029,1.738,32.101,2.108,-22.624,71.26,US-Rwf,US-Rwf,sagebrush,-0.484,0.108,-0.462,-0.6,-0.301,-0.547,-0.384,4.208,3.723,1.806,0.956,164.13,186.312,68.222,102.06,1064.317,877.681
US-Rwf,2020-08-24,0.206,7.875,20.884,0.142,0.55,39.232,20.37,25.17,15.57,0.0,22.652,0.553,1.929,2.378,21.211,126.557,,81.207,28.089,1.878,37.142,2.11,-13.048,49.0,US-Rwf,US-Rwf,sagebrush,-0.222,0.292,-0.203,-0.324,-0.07,-0.266,-0.141,3.414,3.192,1.642,0.706,165.948,177.946,67.321,110.897,1063.911,877.806
US-Rwf,2020-08-29,0.193,11.682,16.913,0.181,0.545,46.633,18.385,26.71,10.06,0.0,22.652,0.005,2.71,2.759,20.696,267.238,,81.022,23.79,1.934,108.724,2.359,44.592,71.571,US-Rwf,US-Rwf,sagebrush,-0.286,0.077,-0.265,-0.356,-0.17,-0.313,-0.213,3.454,3.168,1.268,0.871,168.386,170.191,66.117,119.11,1063.502,877.954
US-Rwf,2020-09-03,0.185,11.602,15.945,0.16,0.536,44.696,20.525,27.73,13.32,0.0,22.652,-0.314,3.259,3.552,20.904,270.642,,81.693,28.622,1.812,111.351,1.899,57.382,53.481,US-Rwf,US-Rwf,sagebrush,-0.301,0.021,-0.284,-0.366,-0.202,-0.32,-0.243,3.118,2.818,1.177,0.773,170.447,161.761,65.293,127.961,1063.226,878.076
US-Rwf,2020-09-08,0.19,4.789,10.852,0.146,0.528,43.424,6.84,13.77,-0.09,0.0,22.652,-0.371,2.42,1.298,5.668,271.203,,81.548,36.9,0.645,107.595,2.283,82.054,20.678,US-Rwf,US-Rwf,sagebrush,-0.679,-0.485,-0.67,-0.748,-0.591,-0.716,-0.628,3.028,2.349,0.849,0.868,172.807,153.572,64.925,137.615,1063.078,878.161
US-Rwf,2020-09-13,0.166,13.854,14.838,0.138,0.522,41.598,18.95,27.58,10.32,0.0,22.652,0.069,1.476,0.891,21.485,228.229,,81.357,13.325,2.251,58.362,3.475,7.253,35.368,US-Rwf,US-Rwf,sagebrush,-0.041,0.242,-0.027,-0.115,0.054,-0.076,0.011,2.331,2.29,1.061,0.506,173.897,143.981,64.476,146.783,1062.97,878.256
US-Rwf,2020-09-18,0.151,7.697,15.062,0.131,0.517,27.251,15.75,20.53,10.97,0.0,22.652,0.818,0.768,1.369,16.991,81.555,,81.048,32.129,1.392,-8.834,2.764,-29.179,28.546,US-Rwf,US-Rwf,sagebrush,0.373,0.469,0.387,0.297,0.488,0.334,0.43,1.579,1.951,1.048,0.211,173.957,133.525,64.127,155.626,1062.921,878.344
US-Rwf,2020-09-23,0.152,7.826,13.595,0.127,0.514,36.713,16.375,21.22,11.53,0.0,22.652,-0.02,1.604,1.618,17.316,155.382,,81.326,23.116,1.563,35.629,1.955,7.451,28.311,US-Rwf,US-Rwf,sagebrush,-0.03,0.221,-0.018,-0.108,0.073,-0.068,0.025,2.039,2.009,0.928,0.443,174.807,124.583,63.893,164.021,1062.922,878.423
US-Rwf,2020-09-28,0.147,9.987,7.879,0.125,0.512,35.365,10.755,17.35,4.16,0.0,22.652,-0.156,1.415,1.477,9.927,218.465,,82.112,44.911,0.718,84.397,1.991,48.83,21.506,US-Rwf,US-Rwf,sagebrush,0.022,0.166,0.03,-0.055,0.116,-0.018,0.078,1.42,1.443,0.639,0.311,175.199,115.678,63.893,172.331,1062.955,878.482
US-Rwf,2020-10-08,0.132,12.798,9.9,0.119,0.509,32.168,14.51,21.61,7.41,0.0,22.652,0.313,0.883,1.629,16.122,167.131,,80.954,15.627,1.562,32.071,1.054,19.014,17.545,US-Rwf,US-Rwf,sagebrush,0.246,0.309,0.256,0.163,0.353,0.201,0.305,1.154,1.4,0.682,0.188,158.434,99.084,80.807,186.539,1063.124,878.609
US-Rwf,2020-10-13,0.126,9.726,8.27,0.186,0.519,23.706,10.93,15.93,5.93,1.02,22.652,1.429,0.581,2.463,10.499,65.14,,81.327,57.629,0.554,0.033,2.668,-18.678,26.391,US-Rwf,US-Rwf,sagebrush,0.804,0.633,0.816,0.718,0.934,0.761,0.865,0.804,1.608,0.563,0.096,142.795,91.761,95.287,190.574,1063.45,878.712
US-Rwf,2020-10-18,0.131,8.843,6.536,0.175,0.522,19.854,10.585,14.6,6.57,0.0,22.652,0.85,1.033,1.925,9.993,169.626,,81.226,50.208,0.619,58.291,3.364,26.354,22.792,US-Rwf,US-Rwf,sagebrush,0.712,0.535,0.721,0.629,0.826,0.676,0.772,0.667,1.379,0.462,0.082,128.683,85.117,108.198,194.383,1063.838,878.798
US-Rwf,2020-10-23,0.124,5.721,-0.561,0.171,0.521,26.689,2.36,8.99,-4.27,0.0,22.652,0.543,1.075,1.801,2.117,158.647,,81.067,28.068,0.548,53.323,2.119,18.091,13.561,US-Rwf,US-Rwf,sagebrush,0.365,0.327,0.37,0.297,0.451,0.329,0.409,0.587,0.952,0.274,0.125,116.142,79.104,120.097,198.846,1064.151,878.853
US-Rwf,2020-10-28,0.123,8.138,0.341,0.196,0.519,24.7,7.42,14.59,0.25,0.0,22.652,0.585,0.802,1.603,9.174,149.537,,81.667,33.866,0.772,27.284,2.107,6.606,10.386,US-Rwf,US-Rwf,sagebrush,0.555,0.44,0.559,0.479,0.643,0.516,0.601,0.541,1.096,0.264,0.11,104.815,73.421,130.308,202.329,1064.622,878.923
US-Rwf,2020-11-02,0.127,9.66,1.729,0.194,0.524,21.124,9.79,17.78,1.8,0.0,22.652,0.84,0.788,1.345,11.872,137.049,,81.766,26.988,1.039,12.843,3.114,-14.904,7.442,US-Rwf,US-Rwf,sagebrush,0.65,0.489,0.651,0.567,0.737,0.612,0.693,0.514,1.164,0.262,0.1,94.595,68.328,139.123,204.925,1065.2,878.998
US-Rwf,2020-11-07,0.13,1.953,3.948,0.187,0.532,15.873,-1.865,2.06,-5.79,7.36,22.652,0.775,0.356,1.006,-1.06,30.321,,79.222,92.855,0.043,-7.377,2.259,1.619,3.886,US-Rwf,US-Rwf,sagebrush,0.742,0.552,0.743,0.652,0.839,0.702,0.788,0.534,1.276,0.274,0.104,85.417,63.944,146.611,206.509,1065.897,879.08
US-Rwf,2020-11-12,0.123,1.801,-4.373,0.229,0.523,19.369,-5.395,-0.08,-10.71,0.0,22.652,0.575,0.454,0.857,-4.885,111.384,,80.863,63.038,0.166,0.271,3.05,-12.234,9.565,US-Rwf,US-Rwf,sagebrush,0.565,0.389,0.561,0.483,0.638,0.524,0.599,0.325,0.89,0.152,0.069,77.045,64.227,153.644,204.132,1066.445,879.141
US-Rwf,2020-11-17,0.111,2.523,-0.47,0.422,0.646,15.971,7.065,11.2,2.93,11.32,22.652,2.673,0.197,2.328,6.575,43.055,,80.478,50.836,0.522,-18.319,5.402,-71.774,35.766,US-Rwf,US-Rwf,sagebrush,1.706,1.17,1.692,1.503,1.863,1.615,1.766,0.327,2.032,0.182,0.058,69.477,64.081,157.027,198.285,1067.932,879.303
US-Rwf,2020-11-22,0.1,1.547,-5.763,0.394,0.747,17.204,-1.25,3.09,-5.59,0.0,22.652,1.152,0.447,1.497,-3.218,102.367,,80.984,57.826,0.211,-19.614,5.78,-22.452,8.244,US-Rwf,US-Rwf,sagebrush,1.083,0.682,1.069,0.949,1.21,1.011,1.125,0.18,1.263,0.125,0.022,62.549,64.17,161.22,194.489,1068.856,879.405
US-Rwf,2020-11-27,0.089,1.683,-6.847,0.395,0.765,16.119,-1.535,3.37,-6.44,0.0,22.652,1.087,0.38,1.307,-2.471,96.438,,,54.23,0.24,-8.871,1.657,-16.3,4.404,US-Rwf,US-Rwf,sagebrush,1.011,0.614,0.993,0.872,1.123,0.934,1.044,0.131,1.141,0.111,0.008,56.271,64.202,164.881,191.076,1069.708,879.498
US-Rwf,2020-12-02,0.078,1.143,-9.909,0.388,0.796,15.146,-3.05,0.48,-6.58,0.0,22.652,1.469,0.302,0.854,-4.113,91.641,,,59.875,0.184,-17.841,6.393,-44.563,19.497,US-Rwf,US-Rwf,sagebrush,0.761,0.431,0.749,0.633,0.867,0.701,0.793,0.04,0.801,0.04,0.0,50.599,64.202,168.539,188.578,1070.346,879.568
US-Rwf,2020-12-07,0.067,2.536,-9.33,0.38,0.815,15.18,0.93,7.55,-5.69,0.0,22.652,1.417,0.229,0.933,1.81,86.339,,,38.967,0.44,-17.739,2.597,-0.951,17.554,US-Rwf,US-Rwf,sagebrush,0.788,0.451,0.776,0.666,0.887,0.729,0.821,0.051,0.839,0.051,0.0,45.499,64.202,171.511,186.03,1071.011,879.641
US-Rwf,2020-12-12,0.056,0.956,-8.055,0.372,0.828,14.308,-6.465,-2.71,-10.22,0.0,22.652,0.175,0.317,0.663,-7.229,76.449,,80.88,70.767,0.106,-28.779,2.227,-29.631,-1.969,US-Rwf,US-Rwf,sagebrush,0.864,0.506,0.851,0.744,0.955,0.812,0.899,0.026,0.89,0.026,0.0,40.912,64.202,173.723,183.274,1071.743,879.721
US-Rwf,2020-12-17,0.045,0.974,-4.945,0.374,0.838,11.987,0.535,2.81,-1.74,3.26,22.652,0.771,0.217,1.126,-1.534,27.401,,80.395,89.114,0.059,3.586,4.197,-19.168,22.904,US-Rwf,US-Rwf,sagebrush,1.125,0.696,1.111,1.006,1.222,1.072,1.155,0.021,1.147,0.021,0.0,36.789,64.202,174.709,179.733,1072.69,879.825
US-Rwf,2020-12-22,0.034,2.017,-6.103,0.383,0.851,11.328,-3.035,3.9,-9.97,0.0,22.652,1.173,0.106,0.803,-5.056,51.679,,80.744,69.416,0.146,-28.289,5.184,-23.202,18.551,US-Rwf,US-Rwf,sagebrush,1.045,0.637,1.032,0.924,1.135,0.994,1.073,0.011,1.056,0.011,0.0,33.08,64.202,175.469,176.487,1073.56,879.924
US-Rwf,2020-12-27,0.023,1.638,-7.925,0.389,0.859,14.34,-3.625,2.0,-9.25,0.0,22.652,0.716,0.118,0.671,-5.46,83.109,,80.987,82.497,0.073,-27.925,3.34,-20.094,-5.56,US-Rwf,US-Rwf,sagebrush,0.906,0.537,0.894,0.79,0.989,0.852,0.933,0.0,0.906,0.0,0.0,29.746,64.202,176.222,173.709,1074.306,880.01
US-Rwf,2021-01-01,0.022,1.248,-8.878,0.382,0.866,13.038,-2.65,1.13,-6.43,0.0,22.652,0.59,0.253,0.969,-2.431,61.37,,81.081,72.69,0.148,-5.038,2.826,-6.642,6.752,US-Rwf,US-Rwf,sagebrush,0.811,0.472,0.8,0.692,0.893,0.759,0.836,0.0,0.811,0.0,0.0,26.748,64.202,176.888,171.249,1074.968,880.087
US-Rwf,2021-01-06,0.018,1.743,-7.372,0.426,0.882,12.089,-0.385,4.28,-5.05,0.0,22.652,0.772,0.262,1.658,0.83,46.086,,81.121,45.969,0.36,-24.279,2.715,-24.614,17.778,US-Rwf,US-Rwf,sagebrush,1.041,0.63,1.028,0.92,1.127,0.985,1.065,0.0,1.041,0.0,0.0,24.051,64.202,176.567,168.123,1075.806,880.187
US-Rwf,2021-01-11,0.026,1.6,-9.902,0.416,0.891,13.27,-2.895,2.25,-8.04,0.0,22.652,0.862,0.398,1.799,-0.704,85.672,,81.481,54.658,0.269,-12.051,2.145,-13.368,4.003,US-Rwf,US-Rwf,sagebrush,0.8,0.461,0.789,0.668,0.885,0.745,0.827,0.0,0.8,0.0,0.0,24.019,64.202,174.266,165.746,1076.44,880.265
US-Rwf,2021-01-16,0.031,1.245,-8.942,0.438,0.906,16.053,0.57,3.54,-2.4,0.0,22.652,0.78,0.548,1.967,0.379,98.531,,81.751,76.919,0.155,23.593,1.484,-10.727,7.56,US-Rwf,US-Rwf,sagebrush,0.915,0.542,0.902,0.785,0.997,0.856,0.938,0.004,0.919,0.004,0.0,23.992,64.202,171.633,163.038,1077.143,880.356
US-Rwf,2021-01-21,0.034,1.185,-11.323,0.433,0.915,9.788,0.27,3.14,-2.6,0.0,22.652,0.78,0.692,2.142,0.234,35.035,,80.72,67.979,0.202,-5.49,1.577,-6.956,6.96,US-Rwf,US-Rwf,sagebrush,0.709,0.4,0.698,0.573,0.795,0.658,0.736,0.0,0.709,0.0,0.0,23.963,64.202,169.606,160.948,1077.672,880.427
US-Rwf,2021-01-26,0.038,0.719,-12.002,0.422,0.924,16.452,-7.605,-4.63,-10.58,0.0,22.652,0.169,0.476,0.616,-7.986,77.264,,79.763,77.381,0.08,21.022,2.523,4.058,5.795,US-Rwf,US-Rwf,sagebrush,0.638,0.355,0.628,0.507,0.718,0.588,0.664,0.0,0.638,0.0,0.0,23.932,64.202,167.792,159.075,1078.135,880.491
US-Rwf,2021-01-31,0.042,1.699,-9.42,0.42,0.934,18.513,-1.18,3.64,-6.0,0.0,22.652,0.844,0.494,1.299,-1.939,132.127,,81.307,70.197,0.159,9.515,6.038,-17.211,5.136,US-Rwf,US-Rwf,sagebrush,0.812,0.48,0.8,0.69,0.885,0.759,0.833,0.023,0.835,0.023,0.0,23.901,64.202,165.483,156.7,1078.707,880.575
US-Rwf,2021-02-05,0.046,0.333,-8.226,0.43,0.943,12.918,0.01,0.78,-0.76,0.0,22.652,0.771,0.406,1.711,-1.312,63.818,,80.931,77.004,0.128,-18.631,5.615,-17.569,10.569,US-Rwf,US-Rwf,sagebrush,0.921,0.561,0.908,0.807,0.99,0.868,0.941,0.005,0.926,0.005,0.0,23.871,64.202,162.867,154.02,1079.332,880.67
US-Rwf,2021-02-10,0.049,1.577,-10.096,0.422,0.949,21.841,-1.375,3.11,-5.86,0.0,22.652,0.688,0.366,0.66,-1.404,157.005,,80.654,43.802,0.312,13.164,2.832,-18.988,11.133,US-Rwf,US-Rwf,sagebrush,0.749,0.44,0.737,0.627,0.818,0.698,0.771,0.0,0.749,0.0,0.0,23.841,64.202,160.755,151.852,1079.821,880.749
US-Rwf,2021-02-15,0.053,0.844,-5.354,0.436,0.982,16.008,-0.17,1.88,-2.22,8.42,22.652,0.96,0.497,1.761,-1.619,64.102,,79.886,89.598,0.058,-7.068,5.396,-11.914,9.509,US-Rwf,US-Rwf,sagebrush,1.165,0.751,1.149,1.056,1.216,1.11,1.181,0.034,1.199,0.034,0.0,23.813,64.202,157.464,148.497,1080.548,880.873
US-Rwf,2021-02-20,0.057,0.842,-6.248,0.432,0.985,17.895,-4.775,-1.92,-7.63,0.0,22.652,0.812,0.255,0.792,-5.468,118.252,,80.94,87.741,0.05,-3.621,4.579,-7.518,-1.156,US-Rwf,US-Rwf,sagebrush,1.057,0.675,1.042,0.955,1.109,1.008,1.074,0.039,1.096,0.039,0.0,23.784,64.202,154.495,145.473,1081.171,880.988
US-Rwf,2021-02-25,0.061,1.38,-9.021,0.432,0.988,18.675,-5.855,-0.35,-11.36,0.0,22.652,0.746,0.266,1.328,-5.179,113.316,,81.199,47.568,0.215,-16.948,3.631,-22.712,8.266,US-Rwf,US-Rwf,sagebrush,0.818,0.499,0.804,0.705,0.882,0.766,0.838,0.048,0.866,0.048,0.0,23.756,64.202,152.213,143.145,1081.627,881.079
US-Rwf,2021-03-02,0.064,2.323,-8.752,0.432,0.992,32.146,2.065,7.49,-3.36,0.0,22.652,0.964,0.78,2.828,2.973,198.385,,80.863,41.191,0.452,12.104,2.739,-16.848,7.326,US-Rwf,US-Rwf,sagebrush,0.802,0.51,0.79,0.701,0.867,0.752,0.826,0.113,0.914,0.069,0.017,23.787,64.273,149.912,140.801,1082.067,881.171
US-Rwf,2021-03-17,0.075,2.161,-1.003,0.405,1.182,36.37,2.585,7.37,-2.2,0.0,22.652,0.578,0.356,0.85,2.468,220.959,,80.856,61.454,0.296,43.887,3.423,-15.945,16.902,US-Rwf,US-Rwf,sagebrush,1.19,0.958,1.182,1.11,1.273,1.139,1.222,0.413,1.603,0.111,0.12,24.394,64.878,140.646,131.641,1083.615,881.559
US-Rwf,2021-03-22,0.079,0.947,-0.443,0.255,1.295,17.033,-2.315,0.39,-5.02,13.21,22.652,0.669,0.213,0.868,-2.959,120.58,,80.623,85.88,0.076,27.694,2.842,11.385,16.232,US-Rwf,US-Rwf,sagebrush,0.821,0.562,0.806,0.744,0.863,0.782,0.83,0.128,0.948,0.115,0.005,24.344,64.672,138.435,129.585,1083.936,881.658
US-Rwf,2021-04-01,0.087,5.011,0.194,0.252,1.261,43.477,8.065,16.2,-0.07,0.0,22.652,0.843,0.864,1.727,8.095,277.793,,81.0,28.24,0.832,84.869,3.962,-53.495,68.581,US-Rwf,US-Rwf,sagebrush,0.529,0.536,0.527,0.485,0.587,0.501,0.56,0.627,1.156,0.121,0.202,25.462,65.705,133.841,125.307,1084.53,881.869
US-Rwf,2021-04-06,0.09,3.058,1.324,0.223,1.214,45.094,2.36,9.18,-4.46,0.0,22.652,0.198,1.381,1.39,1.604,286.911,,80.915,42.25,0.447,116.086,3.319,42.022,48.185,US-Rwf,US-Rwf,sagebrush,0.378,0.423,0.378,0.332,0.442,0.348,0.409,0.777,1.155,0.131,0.257,26.271,66.532,131.84,123.453,1084.76,881.964
US-Rwf,2021-04-11,0.094,1.84,1.62,0.232,1.123,47.941,-2.945,3.16,-9.05,0.0,22.652,-0.66,2.033,1.29,-4.013,305.765,,80.933,48.405,0.259,140.058,3.684,118.574,31.266,US-Rwf,US-Rwf,sagebrush,0.343,0.387,0.341,0.295,0.403,0.314,0.377,0.915,1.257,0.136,0.31,27.263,67.575,129.73,121.493,1084.98,882.065
US-Rwf,2021-04-16,0.099,2.951,2.617,0.233,1.06,43.134,3.695,8.69,-1.3,0.0,22.652,0.049,1.863,1.646,3.135,238.423,,81.207,52.818,0.383,103.227,1.945,86.084,17.654,US-Rwf,US-Rwf,sagebrush,0.395,0.453,0.394,0.34,0.457,0.365,0.428,0.918,1.314,0.147,0.307,28.242,68.601,127.507,119.419,1085.187,882.174
US-Rwf,2021-04-21,0.105,3.018,3.262,0.232,0.966,51.237,4.57,9.7,-0.56,0.0,22.652,-0.272,2.69,2.357,4.119,322.186,,80.665,28.158,0.609,135.628,3.124,109.52,24.29,US-Rwf,US-Rwf,sagebrush,0.238,0.308,0.237,0.184,0.297,0.207,0.275,1.221,1.459,0.156,0.424,29.62,70.103,125.248,117.311,1085.37,882.287
US-Rwf,2021-04-26,0.113,1.212,4.533,0.249,0.847,42.305,0.52,3.41,-2.37,11.92,22.652,0.795,1.046,1.918,-0.637,102.708,,80.002,88.692,0.071,57.442,1.742,40.722,20.332,US-Rwf,US-Rwf,sagebrush,0.57,0.651,0.569,0.496,0.653,0.533,0.612,0.916,1.486,0.174,0.296,30.556,71.073,122.638,114.857,1085.546,882.419
US-Rwf,2021-05-01,0.126,3.62,11.395,0.231,0.756,40.475,8.76,13.67,3.85,0.0,22.652,0.638,2.303,3.001,9.501,221.858,,80.749,54.807,0.558,107.295,3.358,94.738,34.722,US-Rwf,US-Rwf,sagebrush,0.39,0.614,0.395,0.264,0.56,0.316,0.476,1.779,2.17,0.268,0.602,32.541,73.297,119.314,111.683,1085.712,882.591
US-Rwf,2021-05-06,0.136,9.364,9.358,0.215,0.707,55.143,15.24,23.15,7.33,0.0,22.652,0.895,2.368,3.113,16.142,274.166,,81.002,25.559,1.427,120.598,3.565,52.602,46.019,US-Rwf,US-Rwf,sagebrush,-0.095,0.097,-0.092,-0.188,0.015,-0.15,-0.04,2.172,2.077,0.247,0.766,35.083,76.189,116.644,109.163,1085.798,882.734
US-Rwf,2021-05-11,0.138,4.586,5.615,0.21,0.674,56.905,7.23,13.62,0.84,0.0,22.652,-0.39,2.761,2.278,7.291,299.328,,81.29,40.368,0.627,136.963,1.917,95.864,18.327,US-Rwf,US-Rwf,sagebrush,-0.317,-0.185,-0.317,-0.375,-0.255,-0.351,-0.284,2.131,1.814,0.207,0.766,37.614,79.07,114.579,107.25,1085.834,882.848
US-Rwf,2021-05-16,0.135,7.857,11.18,0.198,0.661,56.784,13.62,19.26,7.98,0.0,22.652,-0.06,3.189,3.212,13.894,332.629,,80.798,32.967,1.118,162.238,2.175,99.177,37.1,US-Rwf,US-Rwf,sagebrush,-0.282,-0.033,-0.278,-0.377,-0.169,-0.336,-0.224,2.47,2.188,0.304,0.862,40.466,82.338,112.078,104.898,1085.839,882.989
US-Rwf,2021-05-21,0.152,0.742,3.847,0.206,0.651,33.217,0.195,1.94,-1.55,10.23,22.652,1.322,1.279,2.415,-0.567,64.024,,80.35,98.265,0.01,21.293,3.097,2.145,10.247,US-Rwf,US-Rwf,sagebrush,0.473,0.562,0.474,0.411,0.543,0.44,0.506,0.616,1.089,0.206,0.163,40.9,82.722,110.369,103.344,1085.816,883.089
US-Rwf,2021-05-26,0.169,3.652,8.275,0.244,0.695,57.183,7.65,13.11,2.19,0.0,22.652,-0.367,2.772,2.611,6.532,242.888,,81.326,75.396,0.261,116.639,1.724,67.63,43.779,US-Rwf,US-Rwf,sagebrush,-0.637,-0.46,-0.637,-0.721,-0.552,-0.676,-0.597,3.182,2.545,0.27,1.159,44.782,87.196,107.66,100.801,1085.74,883.247
US-Rwf,2021-05-31,0.172,7.404,12.431,0.208,0.679,59.248,15.18,21.34,9.02,0.0,22.652,-0.439,5.182,4.367,16.075,360.195,,81.532,29.579,1.315,180.425,2.283,94.946,78.916,US-Rwf,US-Rwf,sagebrush,-0.895,-0.607,-0.89,-0.996,-0.79,-0.945,-0.843,3.691,2.796,0.371,1.322,49.199,92.322,105.031,98.33,1085.613,883.405
US-Rwf,2021-06-05,0.217,8.556,16.785,0.191,0.647,58.33,13.495,22.05,4.94,0.0,22.652,-2.131,6.628,4.434,16.044,347.605,,80.83,36.559,1.222,172.375,3.001,62.236,119.786,US-Rwf,US-Rwf,sagebrush,-1.7,-1.277,-1.691,-1.823,-1.561,-1.757,-1.628,5.306,3.605,0.518,1.906,55.612,99.691,102.255,95.848,1085.417,883.577
US-Rwf,2021-06-10,0.253,2.768,12.103,0.249,0.634,42.468,5.0,10.35,-0.35,22.18,22.652,-0.539,5.269,2.898,4.389,222.841,,81.081,76.099,0.244,126.22,,44.686,76.515,US-Rwf,US-Rwf,sagebrush,-1.151,-0.869,-1.148,-1.254,-1.023,-1.194,-1.095,4.512,3.361,0.428,1.626,61.065,105.092,99.195,93.903,1085.131,883.77
US-Rwf,2021-06-15,0.219,7.957,17.458,0.211,0.687,58.179,14.845,22.56,7.13,0.0,22.652,-3.645,8.043,4.386,16.299,367.225,,81.342,40.227,1.239,178.832,2.252,30.794,154.188,US-Rwf,US-Rwf,sagebrush,-1.565,-1.109,-1.553,-1.692,-1.401,-1.618,-1.485,5.434,3.869,0.633,1.911,67.466,112.578,96.176,91.018,1084.774,883.968
US-Rwf,2021-06-20,0.232,7.368,17.635,0.191,0.645,58.019,17.3,23.4,11.2,0.0,22.652,-4.056,8.435,4.061,17.426,366.075,,81.16,40.891,1.212,188.478,3.059,51.06,141.775,US-Rwf,US-Rwf,sagebrush,-1.962,-1.503,-1.951,-2.065,-1.825,-2.003,-1.895,5.873,3.911,0.693,2.063,74.356,120.319,93.629,88.945,1084.396,884.143
US-Rwf,2021-06-25,0.245,7.236,17.477,0.181,0.617,57.548,18.11,23.37,12.85,0.0,22.652,-4.019,8.844,4.622,18.173,344.496,,81.274,44.324,1.203,178.25,3.443,50.603,141.732,US-Rwf,US-Rwf,sagebrush,-2.232,-1.784,-2.221,-2.315,-2.12,-2.269,-2.169,6.209,3.977,0.742,2.177,81.611,126.559,91.374,89.098,1084.001,884.306
US-Rwf,2021-06-30,0.28,10.478,22.115,0.162,0.595,55.425,24.545,29.73,19.36,0.0,22.652,-2.64,8.12,5.527,24.28,338.651,,81.116,23.944,2.362,181.018,3.183,1.522,168.522,US-Rwf,US-Rwf,sagebrush,-2.168,-1.534,-2.147,-2.279,-1.983,-2.224,-2.087,6.452,4.285,1.051,2.151,88.738,130.893,89.144,90.968,1083.571,884.473
US-Rwf,2021-07-05,0.265,11.634,22.386,0.148,0.575,56.995,21.875,28.38,15.37,0.0,22.652,-2.938,8.783,4.69,22.546,282.859,,81.404,34.992,1.828,141.402,2.052,13.599,112.371,US-Rwf,US-Rwf,sagebrush,-2.003,-1.371,-1.982,-2.102,-1.845,-2.055,-1.928,6.07,4.067,1.127,1.968,95.198,132.879,87.263,94.655,1083.183,884.623
US-Rwf,2021-07-20,0.239,8.207,21.271,0.11,0.526,50.313,19.72,25.09,14.35,1.74,22.652,0.431,3.334,3.191,20.382,147.17,,81.452,47.98,1.269,53.745,1.786,0.429,57.272,US-Rwf,US-Rwf,sagebrush,-1.772,-1.225,-1.754,-1.89,-1.65,-1.809,-1.699,5.161,3.39,1.153,1.596,112.966,129.291,83.901,115.148,1082.486,884.94
US-Rwf,2021-07-25,0.235,14.2,20.16,0.106,0.51,55.888,23.23,30.23,16.23,0.0,22.652,-1.147,3.7,2.408,23.35,261.024,,81.394,21.151,2.323,96.614,2.234,44.045,60.834,US-Rwf,US-Rwf,sagebrush,-1.679,-1.182,-1.663,-1.786,-1.558,-1.711,-1.609,4.865,3.185,1.087,1.504,117.696,124.811,83.17,124.06,1082.367,885.025
US-Rwf,2021-07-30,0.213,13.353,22.274,0.099,0.498,49.942,22.565,28.92,16.21,0.0,22.652,-1.076,5.286,5.487,23.297,230.057,,81.52,34.213,1.916,100.563,2.933,48.089,48.719,US-Rwf,US-Rwf,sagebrush,-1.063,-0.471,-1.04,-1.191,-0.897,-1.108,-0.965,3.978,2.916,1.236,1.092,120.976,118.14,82.521,133.405,1082.293,885.106
US-Rwf,2021-08-04,0.214,13.776,21.838,0.151,0.486,52.212,23.655,30.76,16.55,0.0,22.652,-0.715,2.804,2.252,23.747,231.045,,81.451,27.201,2.188,89.956,2.858,23.78,60.545,US-Rwf,US-Rwf,sagebrush,-0.656,-0.113,-0.627,-0.752,-0.472,-0.692,-0.55,4.126,3.47,1.187,1.17,124.569,111.681,80.897,141.094,1082.225,885.256
US-Rwf,2021-08-19,0.155,5.842,12.459,0.114,0.451,49.276,11.72,18.08,5.36,0.0,22.652,-1.624,2.926,0.855,11.503,268.494,,81.04,55.969,0.673,107.642,3.107,90.864,23.014,US-Rwf,US-Rwf,sagebrush,-0.745,-0.501,-0.733,-0.828,-0.63,-0.781,-0.683,2.799,2.055,0.647,0.857,134.001,90.495,78.577,167.691,1082.335,885.54
US-Rwf,2021-08-24,0.186,11.869,14.185,0.109,0.442,48.127,15.025,21.76,8.29,0.0,22.652,-1.189,2.675,1.313,14.959,261.947,,81.053,23.846,1.351,97.265,2.196,56.923,23.021,US-Rwf,US-Rwf,sagebrush,-0.912,-0.625,-0.898,-0.995,-0.777,-0.956,-0.847,3.164,2.252,0.702,0.981,136.841,83.78,78.199,176.334,1082.437,885.609
US-Rwf,2021-08-29,0.185,14.473,13.041,0.104,0.434,47.437,17.5,25.03,9.97,0.0,22.652,-0.901,1.97,0.415,18.064,269.291,,81.139,26.728,1.591,99.498,3.195,67.182,29.887,US-Rwf,US-Rwf,sagebrush,-0.773,-0.507,-0.759,-0.864,-0.633,-0.816,-0.706,2.777,2.004,0.644,0.849,139.211,76.966,77.957,184.703,1082.558,885.67
US-Rwf,2021-09-03,0.141,10.727,10.73,0.099,0.427,45.97,13.7,20.96,6.44,0.0,22.652,-0.975,2.438,1.339,14.037,278.154,,81.36,25.878,1.218,106.491,2.04,73.316,22.638,US-Rwf,US-Rwf,sagebrush,-0.408,-0.185,-0.395,-0.503,-0.28,-0.452,-0.34,1.954,1.545,0.548,0.559,140.566,69.51,77.863,192.762,1082.684,885.721
US-Rwf,2021-09-18,0.145,10.797,12.696,0.107,0.41,30.724,14.88,20.58,9.18,6.59,22.652,-0.48,0.481,1.602,13.956,69.359,,80.738,38.724,1.117,63.531,2.545,37.41,26.598,US-Rwf,US-Rwf,sagebrush,0.038,0.286,0.055,-0.049,0.207,-0.011,0.117,1.45,1.488,0.567,0.351,143.183,49.878,76.991,210.424,1083.346,885.92
US-Rwf,2021-09-23,0.14,8.418,10.61,0.181,0.47,37.05,11.465,16.78,6.15,0.0,22.652,0.15,1.498,1.745,11.051,221.096,,81.643,51.083,0.687,79.529,2.212,63.082,22.819,US-Rwf,US-Rwf,sagebrush,0.402,0.472,0.412,0.31,0.563,0.358,0.464,1.634,2.036,0.486,0.457,144.272,46.573,75.937,211.101,1083.811,886.039
US-Rwf,2021-10-08,0.119,1.348,9.822,0.193,0.474,21.992,5.48,7.78,3.18,8.31,22.652,1.013,0.238,1.27,5.4,37.339,,80.686,77.743,0.21,18.033,2.262,-8.582,34.979,US-Rwf,US-Rwf,sagebrush,0.97,0.744,0.976,0.855,1.139,0.906,1.034,0.725,1.696,0.445,0.112,145.279,36.296,73.304,211.88,1085.076,886.369
US-Rwf,2021-10-13,0.128,1.194,0.411,0.217,0.561,22.19,-0.79,2.34,-3.92,0.0,22.652,1.421,0.343,1.249,-1.142,65.97,,80.684,61.013,0.22,8.524,1.925,-0.055,19.273,US-Rwf,US-Rwf,sagebrush,0.658,0.48,0.658,0.571,0.742,0.616,0.698,0.433,1.091,0.247,0.074,130.89,34.622,86.908,210.644,1085.394,886.454
US-Rwf,2021-10-18,0.117,1.926,6.374,0.196,0.56,24.246,6.865,9.96,3.77,0.0,22.652,1.133,0.791,2.1,7.374,79.654,,80.221,39.589,0.632,7.948,1.921,13.061,14.766,US-Rwf,US-Rwf,sagebrush,0.703,0.64,0.707,0.623,0.836,0.652,0.746,0.811,1.514,0.323,0.194,118.368,33.517,98.549,208.521,1085.879,886.561
US-Rwf,2021-10-23,0.112,0.711,7.272,0.21,0.56,19.767,2.37,3.81,0.93,8.55,22.652,0.687,0.618,1.639,1.989,50.79,,80.323,77.327,0.162,18.065,1.631,-0.276,34.765,US-Rwf,US-Rwf,sagebrush,1.156,0.756,1.134,0.915,1.294,1.062,1.201,0.286,1.442,0.286,0.0,106.436,31.667,108.48,205.842,1086.505,886.683
US-Rwf,2021-10-28,0.113,2.935,4.283,0.252,0.761,19.965,10.325,14.24,6.41,0.0,22.652,1.215,1.147,2.461,9.299,150.806,,81.748,64.108,0.438,47.595,2.444,6.148,17.493,US-Rwf,US-Rwf,sagebrush,1.048,0.817,1.047,0.952,1.17,0.993,1.087,0.556,1.603,0.237,0.127,96.145,32.078,116.882,201.23,1087.227,886.813
US-Rwf,2021-11-02,0.114,1.58,5.378,0.249,0.716,18.766,5.53,8.26,2.8,0.0,22.652,1.398,0.689,1.902,4.819,69.497,,81.558,78.063,0.19,34.865,1.733,3.771,15.259,US-Rwf,US-Rwf,sagebrush,1.114,0.873,1.114,1.01,1.24,1.059,1.164,0.56,1.674,0.235,0.129,86.899,32.496,123.943,196.497,1088.019,886.95
US-Rwf,2021-11-07,0.121,1.395,4.604,0.24,0.703,12.287,-1.82,2.2,-5.84,0.0,22.652,0.858,0.814,1.274,-1.739,116.051,,81.12,65.201,0.193,37.574,1.689,5.337,13.517,US-Rwf,US-Rwf,sagebrush,1.128,0.798,1.122,0.989,1.232,1.077,1.168,0.335,1.463,0.209,0.05,78.312,32.588,130.146,192.275,1088.768,887.075
US-Rwf,2021-11-12,0.122,3.361,1.673,0.281,0.823,17.5,9.07,14.06,4.08,0.0,22.652,0.808,0.783,1.734,8.997,114.549,,81.824,59.817,0.485,37.413,1.182,-11.38,18.423,US-Rwf,US-Rwf,sagebrush,1.037,0.808,1.033,0.953,1.125,0.996,1.071,0.462,1.499,0.163,0.119,70.829,32.964,135.334,188.111,1089.54,887.202
US-Rwf,2021-11-17,0.121,1.267,-1.39,0.256,0.746,17.94,-4.485,-0.04,-8.93,0.0,22.652,0.8,0.606,0.704,-5.972,114.739,,81.541,57.675,0.171,-0.996,3.722,0.492,10.181,US-Rwf,US-Rwf,sagebrush,0.788,0.57,0.784,0.726,0.856,0.753,0.812,0.301,1.089,0.127,0.07,63.93,33.135,140.409,185.155,1090.117,887.295
US-Rwf,2021-11-22,0.117,2.361,-2.87,0.292,0.746,16.849,2.665,7.95,-2.62,0.0,22.652,0.747,0.51,2.56,4.016,102.602,,81.384,29.112,0.584,-19.631,2.519,-26.636,14.673,US-Rwf,US-Rwf,sagebrush,0.823,0.604,0.817,0.759,0.896,0.784,0.844,0.305,1.128,0.108,0.078,57.756,33.457,144.604,181.982,1090.737,887.393
US-Rwf,2021-11-27,0.115,2.788,-1.742,0.332,0.752,10.956,5.685,10.81,0.56,0.0,22.652,0.872,0.357,0.942,5.725,89.45,,81.594,60.002,0.372,11.971,1.198,-7.314,2.619,US-Rwf,US-Rwf,sagebrush,1.12,0.783,1.11,1.018,1.195,1.068,1.147,0.21,1.33,0.109,0.04,52.074,33.623,147.523,178.073,1091.519,887.517
US-Rwf,2021-12-02,0.115,3.315,-0.43,0.323,0.79,14.476,6.92,12.67,1.17,0.0,22.652,1.274,0.503,1.662,8.412,87.708,,81.438,50.261,0.564,-17.544,1.615,-21.908,3.701,US-Rwf,US-Rwf,sagebrush,1.13,0.842,1.123,1.037,1.217,1.085,1.161,0.305,1.434,0.111,0.077,47.092,33.824,149.637,174.142,1092.339,887.648
US-Rwf,2021-12-07,0.113,1.319,-0.337,0.337,0.798,11.742,2.065,4.91,-0.78,0.0,22.652,0.992,0.26,0.807,1.327,59.752,,80.894,81.134,0.13,7.89,1.312,-11.121,9.116,US-Rwf,US-Rwf,sagebrush,1.252,0.897,1.241,1.145,1.342,1.199,1.28,0.203,1.455,0.105,0.039,42.479,33.866,151.024,170.077,1093.19,887.787
US-Rwf,2021-12-12,0.092,0.856,-1.875,0.339,0.813,5.991,0.045,2.1,-2.01,3.75,22.652,0.238,0.209,0.818,-0.637,35.425,,79.966,70.596,0.175,-11.123,2.5,-18.014,17.954,US-Rwf,US-Rwf,sagebrush,1.18,0.8,1.164,1.072,1.245,1.132,1.2,0.045,1.225,0.045,0.0,38.197,33.866,152.23,166.372,1093.943,887.914
US-Rwf,2021-12-17,0.033,0.932,-3.843,0.403,0.844,14.287,-7.335,-3.42,-11.25,0.0,22.652,0.421,0.529,2.096,-4.018,78.616,,,64.345,0.202,,,-12.007,5.771,US-Rwf,US-Rwf,sagebrush,1.228,0.829,1.211,1.107,1.303,1.156,1.256,0.009,1.237,0.009,0.0,34.347,33.866,152.835,162.577,1094.711,888.047
US-Rwf,2021-12-22,0.017,1.215,-4.35,0.43,0.869,8.47,0.76,3.61,-2.09,5.2,22.652,0.227,0.561,1.141,0.215,76.333,,80.414,69.313,0.197,-9.469,2.53,-24.787,6.906,US-Rwf,US-Rwf,sagebrush,1.26,0.85,1.242,1.131,1.337,1.187,1.29,0.0,1.26,0.0,0.0,30.885,33.866,152.927,158.742,1095.477,888.185
US-Rwf,2021-12-27,0.001,0.645,-4.801,0.439,0.93,10.082,-10.735,-7.35,-14.12,6.93,22.652,0.737,0.0,0.873,-11.535,54.705,,79.255,80.106,0.05,-3.917,3.973,-9.015,-1.597,US-Rwf,US-Rwf,sagebrush,1.232,0.828,1.214,1.11,1.307,1.165,1.266,0.0,1.232,0.0,0.0,27.772,33.866,152.713,155.047,1096.203,888.321
US-Rwf,2022-01-01,-0.013,0.772,-5.38,0.439,0.939,14.633,-13.785,-8.33,-19.24,0.0,22.652,1.06,0.227,1.373,-10.395,100.726,,80.924,43.33,0.19,-20.804,2.763,-30.694,2.952,US-Rwf,US-Rwf,sagebrush,1.166,0.778,1.149,1.055,1.242,1.1,1.2,0.0,1.166,0.0,0.0,24.973,33.866,152.338,151.599,1096.867,888.452
US-Rwf,2022-01-06,-0.02,0.823,-3.332,0.439,1.002,9.583,2.8,4.43,1.17,11.12,22.652,0.88,0.051,1.193,2.144,40.646,,80.509,77.199,0.164,-10.865,3.257,-31.283,-4.145,US-Rwf,US-Rwf,sagebrush,1.352,0.931,1.335,1.234,1.439,1.282,1.383,0.0,1.352,0.0,0.0,22.455,33.866,151.148,147.653,1097.605,888.606
US-Rwf,2022-01-11,-0.012,1.608,-6.087,0.439,1.075,13.018,-0.89,3.53,-5.31,0.0,22.652,1.022,0.305,1.85,1.424,53.894,,81.99,55.552,0.316,-25.488,2.606,-36.752,9.357,US-Rwf,US-Rwf,sagebrush,1.077,0.719,1.062,0.968,1.158,1.015,1.111,0.0,1.077,0.0,0.0,22.43,33.866,148.207,144.552,1098.165,888.73
US-Rwf,2022-01-16,-0.01,1.548,-6.501,0.439,1.118,15.719,-1.335,3.04,-5.71,0.0,22.652,1.055,0.118,0.804,0.265,104.727,,81.385,48.322,0.326,3.963,1.415,-18.427,-0.056,US-Rwf,US-Rwf,sagebrush,1.025,0.683,1.011,0.915,1.107,0.967,1.053,0.0,1.025,0.0,0.0,22.404,33.866,145.421,141.619,1098.663,888.85
US-Rwf,2022-01-21,-0.003,1.119,-4.601,0.439,1.124,16.588,-2.87,0.53,-6.27,0.0,22.652,0.454,0.107,0.373,-3.978,96.244,,81.73,79.295,0.095,-5.937,4.826,-5.858,2.662,US-Rwf,US-Rwf,sagebrush,1.179,0.812,1.163,1.072,1.252,1.115,1.208,0.0,1.179,0.0,0.0,22.379,33.866,142.233,138.27,1099.192,888.99
US-Rwf,2022-01-26,-0.011,1.535,-8.205,0.439,1.126,15.346,-4.52,1.08,-10.12,0.0,22.652,1.023,0.192,1.428,-2.27,97.019,,81.386,33.826,0.348,-20.702,1.696,-15.738,3.711,US-Rwf,US-Rwf,sagebrush,0.859,0.56,0.846,0.736,0.939,0.793,0.889,0.0,0.859,0.0,0.0,22.353,33.866,139.93,135.848,1099.546,889.094
US-Rwf,2022-01-31,-0.009,1.294,-8.444,0.439,1.129,16.036,-3.915,0.43,-8.26,0.0,22.652,1.159,0.188,1.152,-4.851,110.735,,80.929,60.889,0.174,-10.835,5.532,-23.457,9.307,US-Rwf,US-Rwf,sagebrush,0.831,0.542,0.818,0.709,0.91,0.765,0.863,0.0,0.831,0.0,0.0,22.328,33.866,137.712,133.518,1099.864,889.196
US-Rwf,2022-02-05,-0.002,1.468,-7.285,0.439,1.13,20.296,-2.005,2.33,-6.34,0.0,22.652,1.345,0.177,1.153,-1.345,137.175,,81.879,56.742,0.242,-16.476,3.315,-17.263,0.061,US-Rwf,US-Rwf,sagebrush,0.909,0.608,0.896,0.798,0.99,0.85,0.937,0.0,0.909,0.0,0.0,22.302,33.866,135.293,130.982,1100.184,889.309
US-Rwf,2022-02-10,-0.002,2.386,-6.694,0.439,1.244,21.326,3.56,8.56,-1.44,0.0,22.652,1.449,0.69,2.954,5.659,151.007,,81.881,53.014,0.451,-5.039,2.843,-23.805,5.71,US-Rwf,US-Rwf,sagebrush,0.944,0.641,0.93,0.84,1.024,0.888,0.973,0.0,0.944,0.0,0.0,22.277,33.866,132.794,128.367,1100.485,889.429
US-Rwf,2022-02-15,-0.004,0.665,-4.462,0.439,1.316,22.573,-3.1,-1.14,-5.06,0.0,22.652,0.351,0.475,1.023,-5.111,122.189,,80.448,81.195,0.08,5.671,6.167,-4.547,3.774,US-Rwf,US-Rwf,sagebrush,1.116,0.787,1.101,1.02,1.194,1.056,1.146,0.0,1.116,0.0,0.0,22.251,33.866,129.853,125.299,1100.797,889.571
US-Rwf,2022-02-20,-0.008,1.615,-7.419,0.439,1.317,18.868,-2.39,2.61,-7.39,0.0,22.652,1.056,0.12,1.028,-2.152,121.386,,80.18,62.745,0.216,-4.104,4.357,-17.588,8.609,US-Rwf,US-Rwf,sagebrush,0.862,0.583,0.849,0.756,0.941,0.805,0.891,0.0,0.862,0.0,0.0,22.226,33.866,127.6,122.947,1101.005,889.683
US-Rwf,2022-02-25,-0.01,1.094,-11.594,0.439,1.315,26.739,-10.195,-4.14,-16.25,0.0,22.652,0.631,0.053,0.59,-10.923,201.502,,81.403,60.313,0.114,48.048,1.766,-6.142,-1.056,US-Rwf,US-Rwf,sagebrush,0.574,0.357,0.564,0.46,0.646,0.515,0.609,0.0,0.574,0.0,0.0,22.201,33.866,126.115,121.389,1101.127,889.759
US-Rwf,2022-03-02,-0.013,3.121,-4.82,0.439,1.317,27.826,8.155,13.04,3.27,0.0,22.652,1.313,0.701,2.237,8.177,140.589,,81.102,45.56,0.6,15.529,4.164,-27.773,10.769,US-Rwf,US-Rwf,sagebrush,1.046,0.743,1.032,0.953,1.125,0.99,1.078,0.0,1.046,0.0,0.0,22.175,33.866,123.4,118.568,1101.318,889.898
US-Rwf,2022-03-07,0.003,1.796,-5.196,0.425,1.313,30.046,-2.945,3.0,-8.89,0.0,22.652,0.983,0.364,1.255,-3.307,207.682,,81.5,54.478,0.24,19.494,3.496,-10.001,7.887,US-Rwf,US-Rwf,sagebrush,0.966,0.683,0.953,0.878,1.041,0.914,0.996,0.0,0.966,0.0,0.0,22.147,33.866,120.915,115.985,1101.455,890.028
US-Rwf,2022-03-12,0.016,2.771,-2.538,0.424,1.31,35.286,4.65,10.15,-0.85,0.0,22.652,0.896,0.492,1.745,5.624,225.175,,80.982,29.937,0.652,37.404,2.042,-62.404,48.743,US-Rwf,US-Rwf,sagebrush,1.161,0.855,1.147,1.063,1.238,1.099,1.196,0.0,1.161,0.0,0.0,22.119,33.866,117.944,112.907,1101.569,890.187
US-Rwf,2022-03-17,0.027,2.087,0.104,0.269,1.315,35.319,1.535,6.51,-3.44,0.0,22.652,0.659,0.507,1.273,1.138,180.431,,81.21,48.555,0.344,26.771,2.794,-7.72,20.885,US-Rwf,US-Rwf,sagebrush,0.824,0.607,0.815,0.759,0.864,0.784,0.85,0.003,0.827,0.003,0.0,22.061,33.748,115.888,110.859,1101.616,890.302
US-Rwf,2022-03-22,0.039,2.518,0.541,0.259,1.292,35.368,5.235,9.93,0.54,0.0,22.652,0.439,0.359,0.941,3.278,199.025,,81.88,73.909,0.22,62.823,2.631,-3.134,4.133,US-Rwf,US-Rwf,sagebrush,0.777,0.594,0.77,0.707,0.828,0.738,0.802,0.112,0.889,0.076,0.014,22.049,33.689,113.91,108.89,1101.634,890.414
US-Rwf,2022-04-01,0.063,3.294,0.77,0.258,0.958,42.131,1.86,8.96,-5.24,0.0,22.652,-0.037,1.672,1.577,1.371,256.574,,80.848,48.052,0.383,103.913,1.91,66.251,22.217,US-Rwf,US-Rwf,sagebrush,0.601,0.601,0.601,0.532,0.671,0.562,0.64,0.39,0.991,0.078,0.124,22.629,34.292,109.435,104.424,1101.576,890.675
US-Rwf,2022-04-06,0.074,3.811,1.321,0.251,0.85,45.005,0.135,7.33,-7.06,0.0,22.652,-0.496,2.441,2.026,-0.313,284.781,,81.952,40.085,0.39,133.166,1.788,100.478,21.037,US-Rwf,US-Rwf,sagebrush,0.487,0.561,0.487,0.419,0.555,0.447,0.526,0.569,1.056,0.082,0.194,23.235,34.97,107.546,102.55,1101.507,890.789
US-Rwf,2022-04-11,0.086,0.907,0.076,0.278,0.762,34.059,-4.115,-1.16,-7.07,19.01,22.652,0.838,0.455,0.552,-5.291,176.306,,79.188,79.723,0.082,42.582,5.492,14.034,25.018,US-Rwf,US-Rwf,sagebrush,0.678,0.626,0.677,0.602,0.756,0.634,0.719,0.287,0.965,0.078,0.083,23.463,35.191,105.606,100.632,1101.409,890.907
US-Rwf,2022-04-16,0.098,1.528,0.09,0.332,0.815,30.562,-0.345,3.65,-4.34,4.79,22.652,0.623,0.433,1.597,-1.357,112.272,,80.202,76.302,0.135,21.42,5.896,-2.074,26.388,US-Rwf,US-Rwf,sagebrush,0.706,0.744,0.704,0.614,0.799,0.655,0.752,0.521,1.227,0.078,0.176,24.023,35.793,103.252,98.306,1101.251,891.052
US-Rwf,2022-04-21,0.109,1.557,5.109,0.252,0.794,31.25,1.745,5.24,-1.75,4.26,22.652,0.692,0.731,1.439,1.664,157.254,,80.147,71.765,0.203,56.905,1.722,15.643,42.525,US-Rwf,US-Rwf,sagebrush,0.496,0.636,0.498,0.398,0.597,0.446,0.546,0.859,1.355,0.108,0.299,24.987,36.896,100.998,96.066,1101.056,891.196
US-Rwf,2022-04-26,0.121,2.45,6.842,0.238,0.745,39.072,5.29,9.51,1.07,5.45,22.652,0.498,1.406,1.572,4.805,160.541,,80.729,63.392,0.335,91.671,1.891,58.611,45.738,US-Rwf,US-Rwf,sagebrush,0.206,0.385,0.209,0.111,0.307,0.161,0.259,1.379,1.585,0.124,0.5,26.638,38.821,98.734,93.817,1100.816,891.343
US-Rwf,2022-05-01,0.133,2.326,4.643,0.285,0.761,35.432,4.35,8.42,0.28,0.0,22.652,0.245,1.925,1.729,3.059,202.459,,80.618,76.928,0.212,120.095,,68.009,48.503,US-Rwf,US-Rwf,sagebrush,0.344,0.478,0.344,0.236,0.436,0.295,0.392,1.261,1.604,0.115,0.456,28.146,40.56,96.312,91.422,1100.509,891.503
US-Rwf,2022-05-06,0.145,3.63,8.892,0.263,0.788,32.663,7.235,13.5,0.97,6.18,22.652,-0.415,2.482,2.112,8.638,238.187,,80.47,53.878,0.567,131.317,1.656,65.991,57.646,US-Rwf,US-Rwf,sagebrush,0.326,0.554,0.33,0.194,0.467,0.269,0.399,1.546,1.872,0.156,0.554,29.979,42.692,93.614,88.748,1100.103,891.686
US-Rwf,2022-05-11,0.156,1.937,2.237,0.282,0.807,52.255,1.86,6.31,-2.59,0.0,22.652,-0.242,1.956,0.858,0.595,191.77,,80.941,57.749,0.294,89.366,2.749,65.228,36.705,US-Rwf,US-Rwf,sagebrush,-0.277,-0.169,-0.279,-0.344,-0.203,-0.318,-0.243,1.996,1.719,0.11,0.751,32.493,45.628,91.663,86.841,1099.76,891.822
US-Rwf,2022-05-16,0.164,4.296,12.742,0.231,0.767,53.384,11.44,16.83,6.05,0.0,22.652,0.078,4.334,3.574,12.296,269.516,,80.957,50.238,0.74,134.204,2.442,79.793,52.755,US-Rwf,US-Rwf,sagebrush,-0.748,-0.414,-0.741,-0.874,-0.6,-0.803,-0.673,3.401,2.653,0.224,1.265,36.761,50.666,89.034,84.239,1099.237,892.01
US-Rwf,2022-05-21,0.173,2.616,5.375,0.221,0.719,45.524,5.525,10.34,0.71,0.0,22.652,-1.063,3.249,2.352,3.902,210.276,,81.114,49.138,0.425,98.826,2.358,66.826,33.415,US-Rwf,US-Rwf,sagebrush,-0.547,-0.372,-0.545,-0.605,-0.482,-0.575,-0.512,2.313,1.767,0.16,0.857,39.606,54.011,87.41,82.657,1098.864,892.132
US-Rwf,2022-05-26,0.187,7.65,13.518,0.208,0.695,54.901,16.175,22.69,9.66,0.0,22.652,-2.172,5.261,4.017,16.792,277.567,,80.828,33.79,1.309,135.452,3.29,31.407,86.836,US-Rwf,US-Rwf,sagebrush,-1.156,-0.797,-1.148,-1.26,-1.033,-1.201,-1.091,3.914,2.758,0.281,1.447,44.47,59.766,85.167,80.449,1098.305,892.302
US-Rwf,2022-05-31,0.205,2.682,7.288,0.273,0.841,44.468,6.435,11.07,1.8,0.0,22.652,-2.448,5.741,2.121,4.554,234.934,,81.21,80.011,0.191,141.052,2.057,78.066,65.225,US-Rwf,US-Rwf,sagebrush,-0.651,-0.435,-0.651,-0.745,-0.564,-0.693,-0.606,3.025,2.374,0.215,1.119,48.215,64.155,82.916,78.266,1097.686,892.476
US-Rwf,2022-06-05,0.223,3.487,11.443,0.254,0.761,37.775,9.66,14.66,4.66,14.79,22.652,-1.884,6.309,4.172,9.467,160.103,,80.602,78.633,0.267,118.721,1.648,21.482,67.01,US-Rwf,US-Rwf,sagebrush,-0.676,-0.355,-0.672,-0.792,-0.563,-0.723,-0.61,3.339,2.663,0.298,1.211,52.259,68.907,80.454,75.87,1096.932,892.671
US-Rwf,2022-06-10,0.239,7.446,16.045,0.225,0.744,56.046,17.98,24.55,11.41,0.0,22.652,-3.829,11.205,8.554,18.188,314.346,,81.183,44.498,1.227,168.851,1.18,26.097,132.628,US-Rwf,US-Rwf,sagebrush,-2.046,-1.596,-2.038,-2.155,-1.904,-2.099,-1.975,5.818,3.771,0.424,2.148,59.51,77.49,77.95,73.425,1096.074,892.877
US-Rwf,2022-06-15,0.254,5.062,7.547,0.246,0.787,58.103,8.135,17.06,-0.79,0.0,22.652,-5.028,8.098,3.739,8.787,374.606,,81.118,43.257,0.698,196.205,3.768,83.369,109.84,US-Rwf,US-Rwf,sagebrush,-1.87,-1.646,-1.871,-1.941,-1.793,-1.906,-1.829,4.864,2.994,0.287,1.823,65.628,84.707,76.18,71.741,1095.393,893.03
US-Rwf,2022-06-20,0.267,3.962,9.097,0.227,0.73,58.206,8.835,15.02,2.65,0.0,22.652,-5.005,9.572,4.563,7.823,290.933,,81.533,59.581,0.468,158.039,2.179,68.549,82.648,US-Rwf,US-Rwf,sagebrush,-2.349,-2.095,-2.349,-2.415,-2.262,-2.389,-2.309,5.675,3.326,0.346,2.122,72.75,93.129,74.514,70.159,1094.692,893.18
US-Rwf,2022-06-30,0.329,6.637,14.902,0.197,0.681,59.001,17.295,23.61,10.98,0.0,22.652,-4.794,9.696,4.197,17.324,365.407,,81.284,26.085,1.524,190.655,2.6,21.001,170.894,US-Rwf,US-Rwf,sagebrush,-3.876,-3.482,-3.871,-3.977,-3.739,-3.929,-3.817,8.573,4.697,0.602,3.174,91.938,115.883,71.06,66.868,1093.055,893.507
US-Rwf,2022-07-05,0.377,6.301,16.097,0.188,0.662,44.711,16.13,22.56,9.7,0.0,22.652,-3.551,11.834,10.904,15.92,261.522,,80.998,44.935,1.049,148.652,2.166,8.313,133.435,US-Rwf,US-Rwf,sagebrush,-3.437,-3.007,-3.429,-3.517,-3.314,-3.478,-3.38,7.931,4.495,0.729,2.868,101.522,127.26,69.479,65.37,1092.196,893.667
US-Rwf,2022-07-10,0.35,6.111,18.178,0.175,0.644,58.155,17.0,22.84,11.16,0.0,22.652,-4.319,8.849,4.56,16.817,354.082,,81.82,42.664,1.13,190.337,2.265,44.252,148.554,US-Rwf,US-Rwf,sagebrush,-4.331,-3.844,-4.321,-4.45,-4.185,-4.38,-4.263,9.575,5.244,0.91,3.45,113.07,140.511,67.99,64.438,1091.31,893.827
US-Rwf,2022-07-15,0.304,9.747,21.93,0.16,0.629,53.963,22.49,28.82,16.16,0.0,22.652,-2.92,8.274,4.61,23.711,348.19,,81.389,17.647,2.462,176.27,2.044,-23.068,205.218,US-Rwf,US-Rwf,sagebrush,-2.558,-1.921,-2.535,-2.642,-2.416,-2.595,-2.478,6.997,4.439,1.266,2.282,120.535,147.638,66.562,64.825,1090.384,893.988
US-Rwf,2022-07-20,0.352,10.164,21.004,0.154,0.615,56.45,22.085,28.7,15.47,0.0,22.652,-3.169,8.442,6.199,22.829,344.375,,81.566,23.078,2.183,177.211,2.369,5.587,156.693,US-Rwf,US-Rwf,sagebrush,-3.559,-2.987,-3.54,-3.65,-3.403,-3.606,-3.476,8.544,4.985,1.266,2.898,130.092,156.025,65.341,66.614,1089.522,894.137
US-Rwf,2022-07-30,0.29,12.952,22.464,0.127,0.593,54.801,24.22,30.98,17.46,0.0,22.652,-1.64,5.463,3.966,25.012,303.794,,81.491,19.353,2.639,140.542,2.555,6.629,123.132,US-Rwf,US-Rwf,sagebrush,-2.159,-1.56,-2.135,-2.24,-2.023,-2.198,-2.066,6.244,4.085,1.544,1.871,144.047,163.085,63.802,74.504,1088.193,894.37
US-Rwf,2022-08-04,0.299,9.957,21.754,0.119,0.584,52.111,23.53,28.57,18.49,0.0,22.652,-1.763,5.461,2.914,23.455,277.051,,81.181,27.402,2.144,143.703,1.648,22.713,113.481,US-Rwf,US-Rwf,sagebrush,-2.46,-1.911,-2.439,-2.543,-2.316,-2.501,-2.373,6.61,4.149,1.517,2.028,150.472,164.591,63.232,79.904,1087.627,894.474
US-Rwf,2022-08-09,0.29,11.681,21.578,0.136,0.574,41.613,22.01,27.35,16.67,0.0,22.652,-0.257,3.124,1.91,21.656,142.3,,81.456,41.212,1.582,68.066,2.317,-8.245,87.232,US-Rwf,US-Rwf,sagebrush,-1.275,-0.718,-1.249,-1.347,-1.137,-1.309,-1.19,4.895,3.62,1.54,1.336,154.508,162.331,62.444,85.813,1086.98,894.6
US-Rwf,2022-08-14,0.272,11.635,18.812,0.142,0.563,50.803,20.19,26.5,13.88,0.0,22.652,-1.33,4.501,2.837,18.981,309.898,,81.47,31.143,1.568,153.71,2.211,29.064,117.308,US-Rwf,US-Rwf,sagebrush,-1.837,-1.397,-1.817,-1.914,-1.736,-1.866,-1.768,5.575,3.738,1.31,1.698,159.787,160.657,61.733,92.566,1086.398,894.72
US-Rwf,2022-08-19,0.283,8.847,22.944,0.131,0.554,44.759,19.97,24.94,15.0,0.0,22.652,0.305,4.256,4.235,18.857,188.575,,81.186,48.42,1.146,101.989,2.34,-5.759,102.395,US-Rwf,US-Rwf,sagebrush,-1.5,-0.906,-1.471,-1.587,-1.338,-1.543,-1.397,5.48,3.98,1.701,1.505,164.363,157.443,61.026,99.842,1085.843,894.844
US-Rwf,2022-08-24,0.263,13.138,19.617,0.123,0.545,41.054,21.92,28.62,15.22,0.0,22.652,-0.889,4.451,3.616,21.819,243.159,,81.067,26.59,1.975,98.213,2.551,15.85,86.209,US-Rwf,US-Rwf,sagebrush,-1.026,-0.577,-1.004,-1.106,-0.916,-1.056,-0.948,4.17,3.144,1.397,1.104,167.528,151.954,60.612,108.015,1085.438,894.944
US-Rwf,2022-09-03,0.233,18.911,19.86,0.108,0.531,42.838,24.355,31.25,17.46,0.0,22.652,0.145,2.408,2.309,25.702,223.197,,81.393,13.807,2.892,77.807,2.275,3.042,80.853,US-Rwf,US-Rwf,sagebrush,-0.54,-0.09,-0.519,-0.622,-0.414,-0.579,-0.466,3.24,2.7,1.393,0.735,172.289,138.469,60.262,125.388,1084.908,895.106
US-Rwf,2022-09-08,0.223,12.407,19.906,0.113,0.526,42.345,14.9,21.55,8.25,0.0,22.652,-0.848,3.045,2.328,16.628,263.372,,81.361,25.882,1.419,109.383,2.637,65.926,51.772,US-Rwf,US-Rwf,sagebrush,-0.728,-0.284,-0.705,-0.812,-0.61,-0.764,-0.654,3.627,2.899,1.373,0.898,174.695,131.917,60.02,133.551,1084.687,895.194
US-Rwf,2022-09-13,0.178,11.976,17.639,0.11,0.52,26.967,14.68,18.63,10.73,0.0,22.652,0.695,1.73,1.999,14.156,108.52,,80.756,59.258,0.669,43.209,2.736,8.997,47.815,US-Rwf,US-Rwf,sagebrush,0.199,0.365,0.219,0.118,0.313,0.155,0.273,1.797,1.995,1.181,0.245,174.836,122.772,59.904,141.751,1084.533,895.272
US-Rwf,2022-09-18,0.155,11.44,14.146,0.127,0.517,33.313,13.715,18.19,9.24,0.0,22.652,0.697,1.929,2.853,11.055,150.65,,80.312,61.384,0.529,49.269,3.097,26.853,39.873,US-Rwf,US-Rwf,sagebrush,0.116,0.378,0.135,0.036,0.214,0.078,0.181,1.774,1.89,0.928,0.337,175.319,114.475,59.71,149.218,1084.411,895.355
US-Rwf,2022-09-23,0.195,10.865,9.029,0.123,0.514,37.496,12.215,18.41,6.02,0.0,22.652,-0.059,2.207,1.104,11.999,229.536,,81.526,42.5,0.851,85.84,1.22,53.687,35.548,US-Rwf,US-Rwf,sagebrush,-0.431,-0.272,-0.418,-0.511,-0.324,-0.466,-0.366,2.178,1.747,0.663,0.603,176.711,107.74,59.743,156.681,1084.35,895.418
US-Rwf,2022-09-28,0.182,15.605,14.404,0.118,0.511,35.042,18.145,24.16,12.13,0.0,22.652,-0.09,1.834,1.776,19.61,183.484,,81.258,20.175,1.852,44.095,2.049,18.242,41.195,US-Rwf,US-Rwf,sagebrush,-0.094,0.171,-0.075,-0.182,0.01,-0.127,-0.023,2.054,1.959,0.901,0.459,177.595,100.798,59.646,163.272,1084.311,895.494
US-Rwf,2022-10-03,0.167,10.636,9.891,0.115,0.51,33.406,12.075,17.75,6.4,0.0,22.652,-0.326,1.724,0.998,11.903,203.388,,81.558,47.351,0.761,76.578,1.614,56.774,18.883,US-Rwf,US-Rwf,sagebrush,-0.132,0.043,-0.118,-0.214,-0.028,-0.167,-0.065,1.685,1.553,0.671,0.404,178.279,94.133,59.731,169.772,1084.307,895.553
US-Rwf,2022-10-08,0.136,11.931,9.692,0.113,0.509,30.557,13.765,19.8,7.73,0.0,22.652,0.11,1.506,1.249,14.783,186.875,,81.718,29.495,1.2,58.785,1.743,53.984,19.557,US-Rwf,US-Rwf,sagebrush,0.166,0.27,0.18,0.084,0.266,0.13,0.233,1.152,1.318,0.649,0.2,178.255,87.141,59.847,175.766,1084.327,895.61
US-Rwf,2022-10-13,0.141,11.741,8.005,0.111,0.509,30.15,13.42,19.69,7.15,0.0,22.652,0.195,1.314,1.101,13.987,183.791,,81.721,27.322,1.179,55.493,1.295,42.906,13.164,US-Rwf,US-Rwf,sagebrush,0.103,0.238,0.115,0.021,0.206,0.066,0.168,1.111,1.213,0.571,0.215,161.028,80.792,77.278,181.309,1084.365,895.661
US-Rwf,2022-10-18,0.14,11.161,7.274,0.11,0.51,28.544,12.315,19.45,5.18,0.0,22.652,0.358,1.016,0.963,13.55,169.438,,81.793,19.25,1.27,37.394,2.357,18.51,10.287,US-Rwf,US-Rwf,sagebrush,0.113,0.231,0.125,0.029,0.219,0.073,0.178,1.021,1.135,0.498,0.208,145.516,74.977,92.854,186.335,1084.476,895.709
US-Rwf,2022-10-23,0.145,1.042,2.498,0.238,0.565,17.105,-1.97,0.96,-4.9,0.0,22.652,0.881,0.889,2.233,-3.191,60.988,,80.595,77.852,0.11,2.276,3.852,5.971,24.193,US-Rwf,US-Rwf,sagebrush,0.932,0.643,0.934,0.794,1.034,0.883,0.987,0.388,1.32,0.34,0.019,130.914,71.153,105.844,186.634,1084.85,895.812
US-Rwf,2022-10-28,0.143,3.333,-0.732,0.243,0.612,19.015,3.475,8.68,-1.73,0.0,22.652,0.477,0.574,1.118,2.372,87.49,,81.443,41.529,0.439,-10.683,3.012,-18.064,15.49,US-Rwf,US-Rwf,sagebrush,0.665,0.531,0.675,0.6,0.777,0.628,0.715,0.517,1.182,0.256,0.104,118.076,69.738,117.452,185.479,1085.241,895.897
US-Rwf,2022-11-02,0.146,1.166,3.25,0.233,0.628,16.852,-3.165,0.47,-6.8,2.32,22.652,0.414,0.75,1.267,-4.199,97.534,,80.367,75.832,0.112,17.238,1.661,7.609,11.891,US-Rwf,US-Rwf,sagebrush,0.943,0.689,0.952,0.848,1.049,0.898,1.009,0.452,1.394,0.303,0.059,106.378,68.856,127.19,182.949,1085.794,896.002
US-Rwf,2022-11-07,0.13,1.258,-0.061,0.392,0.745,13.03,-1.26,2.17,-4.69,7.69,22.652,0.209,0.758,1.315,-2.614,115.964,,79.751,68.155,0.169,29.857,3.024,-5.061,13.952,US-Rwf,US-Rwf,sagebrush,1.518,1.058,1.518,1.322,1.668,1.443,1.599,0.264,1.782,0.232,0.013,95.699,68.669,134.477,177.901,1086.674,896.158
US-Rwf,2022-11-12,0.092,1.078,-4.85,0.438,0.72,15.872,-4.74,-0.98,-8.5,0.0,22.652,1.047,0.57,2.214,-5.831,80.483,,80.784,61.724,0.153,-0.595,4.463,-7.888,18.104,US-Rwf,US-Rwf,sagebrush,1.233,0.81,1.231,1.082,1.356,1.174,1.301,0.114,1.347,0.114,0.0,86.053,68.669,141.217,173.788,1087.403,896.282
US-Rwf,2022-11-17,0.053,1.493,-8.402,0.439,0.734,17.832,-3.45,1.5,-8.4,0.0,22.652,0.99,0.947,3.56,-3.733,102.509,,81.594,62.217,0.202,10.669,2.463,-7.081,-0.423,US-Rwf,US-Rwf,sagebrush,0.921,0.57,0.919,0.789,1.048,0.85,0.978,0.043,0.965,0.043,0.0,77.379,68.669,147.619,170.797,1087.967,896.375
US-Rwf,2022-11-22,0.017,2.327,-9.063,0.435,0.769,16.345,-0.72,6.1,-7.54,0.0,22.652,0.958,0.284,1.532,0.847,82.577,,81.182,38.563,0.406,-3.646,2.655,-14.03,9.717,US-Rwf,US-Rwf,sagebrush,0.863,0.526,0.86,0.738,0.986,0.8,0.913,0.0,0.863,0.0,0.0,69.58,68.669,153.207,168.058,1088.514,896.461
US-Rwf,2022-11-27,-0.003,1.178,-7.339,0.435,0.821,11.797,-1.66,1.62,-4.94,5.82,22.652,0.95,0.18,0.832,-1.827,53.772,,80.607,56.839,0.237,-12.951,3.057,-10.609,7.463,US-Rwf,US-Rwf,sagebrush,1.014,0.638,1.011,0.887,1.134,0.949,1.068,0.0,1.014,0.0,0.0,62.566,68.669,157.538,164.909,1089.172,896.563
US-Rwf,2022-12-02,-0.029,0.799,-3.779,0.438,0.86,15.258,-9.21,-5.39,-13.03,0.0,22.652,1.069,0.406,1.071,-10.208,88.609,,80.736,69.338,0.088,-2.655,3.889,-14.9,-2.319,US-Rwf,US-Rwf,sagebrush,1.361,0.906,1.359,1.22,1.494,1.3,1.422,0.0,1.361,0.0,0.0,56.26,68.669,160.15,160.773,1090.06,896.699
US-Rwf,2022-12-07,-0.044,1.578,-6.459,0.436,0.87,15.126,-4.885,1.09,-10.86,0.0,22.652,0.926,0.331,1.216,-6.153,91.753,,80.989,73.105,0.106,-20.433,3.217,-8.638,-2.882,US-Rwf,US-Rwf,sagebrush,1.091,0.697,1.088,0.968,1.202,1.027,1.138,0.0,1.091,0.0,0.0,50.589,68.669,162.797,157.525,1090.768,896.81
US-Rwf,2022-12-12,-0.071,0.399,-3.822,0.439,0.932,11.986,-4.06,-2.84,-5.28,18.38,22.652,1.376,0.274,1.473,-5.148,33.312,,79.69,88.697,0.047,0.336,,-11.927,0.887,US-Rwf,US-Rwf,sagebrush,1.353,0.901,1.35,1.228,1.473,1.294,1.405,0.0,1.353,0.0,0.0,45.489,68.669,164.077,153.572,1091.638,896.947
US-Rwf,2022-12-17,-0.07,1.182,-7.203,0.439,0.931,14.899,-8.965,-3.0,-14.93,0.0,22.652,1.581,0.181,1.26,-6.997,87.225,,80.84,51.554,0.178,-27.749,2.159,-26.675,0.173,US-Rwf,US-Rwf,sagebrush,1.023,0.648,1.019,0.912,1.125,0.968,1.069,0.0,1.023,0.0,0.0,40.904,68.669,165.73,150.635,1092.288,897.052
US-Rwf,2022-12-22,-0.069,0.669,-5.799,0.438,0.94,13.135,-13.14,-8.81,-17.47,5.0,22.652,1.103,0.096,0.578,-12.62,59.893,,81.155,69.699,0.071,-17.133,1.842,-14.084,-1.18,US-Rwf,US-Rwf,sagebrush,1.144,0.742,1.141,1.031,1.239,1.094,1.186,0.0,1.144,0.0,0.0,36.781,68.669,166.528,147.402,1093.006,897.171
US-Rwf,2022-12-27,-0.067,1.713,-3.037,0.439,1.03,10.616,2.96,6.53,-0.61,6.05,22.652,0.496,0.044,0.998,2.759,30.507,,79.445,69.631,0.238,-7.144,5.433,-57.27,19.315,US-Rwf,US-Rwf,sagebrush,1.41,0.954,1.409,1.297,1.503,1.358,1.458,0.0,1.41,0.0,0.0,33.074,68.669,166.095,143.482,1093.868,897.318
US-Rwf,2023-01-01,-0.065,0.839,-4.078,0.439,1.081,14.324,-6.49,-3.25,-9.73,0.0,22.652,1.154,0.335,1.695,-6.599,62.373,,80.301,83.985,0.06,-23.953,3.567,-12.952,-4.959,US-Rwf,US-Rwf,sagebrush,1.291,0.87,1.289,1.193,1.379,1.246,1.333,0.0,1.291,0.0,0.0,29.74,68.669,165.608,139.951,1094.629,897.455
US-Rwf,2023-01-06,-0.063,1.156,-4.224,0.439,1.074,13.856,-1.045,2.03,-4.12,0.0,22.652,1.608,0.334,2.455,-1.38,58.187,,81.028,79.554,0.113,-18.895,2.698,-22.511,0.07,US-Rwf,US-Rwf,sagebrush,1.264,0.852,1.263,1.167,1.347,1.216,1.304,0.0,1.264,0.0,0.0,26.742,68.669,164.838,136.544,1095.347,897.59
US-Rwf,2023-01-11,-0.061,1.002,-4.755,0.439,1.086,14.697,-0.945,1.66,-3.55,0.0,22.652,1.599,0.056,1.152,-2.015,87.085,,80.842,70.594,0.157,-17.574,3.492,-32.144,-2.376,US-Rwf,US-Rwf,sagebrush,1.201,0.805,1.199,1.111,1.28,1.157,1.239,0.0,1.201,0.0,0.0,26.712,68.669,161.268,133.354,1096.002,897.721
US-Rwf,2023-01-16,-0.052,0.835,-3.83,0.439,1.16,14.268,-3.815,-1.18,-6.45,0.0,22.652,1.285,0.291,1.578,-4.199,81.481,,79.644,77.196,0.103,-3.439,2.219,-7.198,-0.744,US-Rwf,US-Rwf,sagebrush,1.269,0.866,1.268,1.188,1.341,1.222,1.308,0.0,1.269,0.0,0.0,26.681,68.669,157.518,130.01,1096.643,897.862
US-Rwf,2023-01-21,-0.056,1.561,-6.857,0.439,1.151,17.012,-4.385,1.26,-10.03,4.49,22.652,1.426,1.308,7.044,-4.434,111.613,,81.418,42.903,0.257,2.347,2.196,-15.583,3.12,US-Rwf,US-Rwf,sagebrush,0.979,0.641,0.976,0.887,1.048,0.942,1.011,0.0,0.979,0.0,0.0,26.651,68.669,154.649,127.449,1097.099,897.972
US-Rwf,2023-01-26,-0.039,0.948,-7.13,0.439,1.15,16.986,-0.405,1.96,-2.77,0.0,22.652,1.632,0.144,1.619,-0.671,106.363,,81.99,67.186,0.196,-5.497,3.14,-25.958,6.185,US-Rwf,US-Rwf,sagebrush,0.944,0.617,0.941,0.855,1.014,0.91,0.977,0.0,0.944,0.0,0.0,26.62,68.669,151.898,124.997,1097.507,898.08
US-Rwf,2023-02-05,-0.022,0.807,-5.94,0.439,1.157,17.118,-0.215,1.75,-2.18,4.0,22.652,1.626,0.231,1.564,-1.257,133.863,,80.43,67.741,0.186,7.287,4.777,-22.361,11.302,US-Rwf,US-Rwf,sagebrush,1.018,0.685,1.015,0.939,1.083,0.983,1.047,0.0,1.018,0.0,0.0,26.56,68.669,146.648,120.324,1098.204,898.293
US-Rwf,2023-02-10,-0.017,2.397,-7.058,0.439,1.158,21.853,0.51,6.89,-5.87,0.0,22.652,2.08,0.24,2.435,0.529,151.714,,81.182,46.085,0.347,-9.057,5.435,-27.952,5.866,US-Rwf,US-Rwf,sagebrush,0.914,0.606,0.911,0.836,0.983,0.879,0.947,0.0,0.914,0.0,0.0,26.529,68.669,144.024,117.994,1098.509,898.402
US-Rwf,2023-02-15,-0.015,1.133,-6.985,0.439,1.16,23.504,-6.995,-2.22,-11.77,0.0,22.652,0.983,0.298,0.958,-7.994,169.109,,81.027,66.953,0.115,4.626,4.158,-11.22,-1.522,US-Rwf,US-Rwf,sagebrush,0.908,0.606,0.905,0.833,0.976,0.873,0.938,0.0,0.908,0.0,0.0,26.499,68.669,141.432,115.695,1098.781,898.512
US-Rwf,2023-02-20,-0.01,0.82,-6.925,0.439,1.163,22.805,2.135,3.83,0.44,0.0,22.652,1.506,0.024,1.386,1.176,140.758,,80.939,70.298,0.2,7.306,4.737,-29.023,12.271,US-Rwf,US-Rwf,sagebrush,0.901,0.604,0.898,0.826,0.969,0.865,0.93,0.0,0.901,0.0,0.0,26.469,68.669,138.873,113.429,1099.02,898.623
US-Rwf,2023-02-25,0.01,1.682,-8.304,0.439,1.184,26.909,-2.83,2.6,-8.26,0.0,22.652,1.158,0.172,1.282,-3.49,193.137,,80.362,62.529,0.181,-1.268,6.151,-16.352,0.624,US-Rwf,US-Rwf,sagebrush,0.788,0.518,0.785,0.708,0.86,0.751,0.82,0.0,0.788,0.0,0.0,26.439,68.669,136.649,111.459,1099.204,898.721
US-Rwf,2023-03-02,0.02,1.354,-6.489,0.439,1.182,22.618,-5.665,-0.38,-10.95,0.0,22.652,0.944,0.059,0.945,-5.333,118.546,,80.508,62.996,0.151,-7.826,3.212,-14.491,8.249,US-Rwf,US-Rwf,sagebrush,0.912,0.621,0.909,0.835,0.981,0.876,0.941,0.0,0.912,0.0,0.0,26.409,68.669,134.085,109.195,1099.386,898.836
US-Rwf,2023-03-07,0.032,1.253,-6.255,0.439,1.183,29.062,-6.36,-1.25,-11.47,8.3,22.652,1.236,0.002,0.879,-7.264,120.91,,80.582,73.649,0.094,-12.253,4.098,-12.158,1.14,US-Rwf,US-Rwf,sagebrush,0.918,0.63,0.915,0.843,0.988,0.882,0.948,0.015,0.933,0.015,0.0,26.378,68.669,131.519,106.933,1099.535,898.954
US-Rwf,2023-03-12,0.043,1.975,-4.945,0.439,1.206,28.377,0.945,5.82,-3.93,14.26,22.652,0.902,0.345,2.056,-0.489,126.629,,80.595,79.023,0.125,17.022,3.057,-15.286,2.834,US-Rwf,US-Rwf,sagebrush,1.007,0.708,1.002,0.939,1.073,0.97,1.033,0.075,1.083,0.075,0.0,26.348,68.669,128.72,104.472,1099.66,899.084
US-Rwf,2023-03-17,0.055,1.663,-5.746,0.439,1.311,38.802,-2.81,2.54,-8.16,0.0,22.652,1.11,0.445,1.956,-4.341,251.365,,81.228,52.055,0.213,-3.428,7.07,-26.532,9.167,US-Rwf,US-Rwf,sagebrush,0.888,0.649,0.887,0.818,0.965,0.852,0.932,0.16,1.048,0.089,0.028,26.416,68.786,126.152,102.216,1099.737,899.207
US-Rwf,2023-03-22,0.066,1.546,-4.633,0.439,1.317,36.911,-0.275,3.75,-4.3,0.0,22.652,1.071,0.479,1.839,-1.83,185.352,,79.978,69.308,0.171,10.294,2.842,-12.114,7.814,US-Rwf,US-Rwf,sagebrush,0.921,0.715,0.922,0.853,1.011,0.883,0.968,0.232,1.153,0.095,0.054,26.574,69.009,123.401,99.806,1099.779,899.34
US-Rwf,2023-03-27,0.077,1.485,-5.704,0.439,1.317,40.14,-4.91,0.65,-10.47,0.0,22.652,1.047,0.02,1.316,-5.537,237.384,,81.159,52.056,0.204,9.879,4.423,-35.321,23.964,US-Rwf,US-Rwf,sagebrush,0.795,0.639,0.796,0.723,0.879,0.757,0.841,0.277,1.072,0.09,0.075,26.801,69.316,120.932,97.643,1099.78,899.463
US-Rwf,2023-04-01,0.089,1.045,-3.412,0.439,1.317,20.429,-1.36,1.45,-4.17,8.31,22.652,1.294,0.196,1.56,-2.425,162.636,,80.491,77.478,0.118,1.751,4.534,-23.812,20.131,US-Rwf,US-Rwf,sagebrush,1.039,0.782,1.038,0.966,1.124,0.999,1.084,0.156,1.194,0.104,0.021,26.842,69.401,118.038,95.117,1099.734,899.61
US-Rwf,2023-04-06,0.1,1.957,-5.298,0.439,1.317,43.531,-0.115,5.13,-5.36,0.0,22.652,1.694,0.796,2.332,-1.094,288.165,,81.016,51.146,0.284,21.183,6.29,-51.201,31.081,US-Rwf,US-Rwf,sagebrush,0.665,0.578,0.666,0.593,0.749,0.624,0.711,0.5,1.165,0.093,0.162,27.371,70.067,115.599,92.988,1099.654,899.736
US-Rwf,2023-04-11,0.111,3.303,-3.621,0.439,1.317,42.424,4.75,11.51,-2.01,0.0,22.652,1.579,1.118,3.582,6.059,223.783,,80.623,57.21,0.422,39.621,2.691,-66.744,9.018,US-Rwf,US-Rwf,sagebrush,0.691,0.611,0.693,0.623,0.781,0.653,0.736,0.654,1.346,0.104,0.219,28.096,70.967,112.877,90.619,1099.519,899.881
US-Rwf,2023-04-16,0.123,3.574,-3.076,0.439,1.317,38.991,7.31,13.42,1.2,0.0,22.652,2.024,0.779,3.12,7.65,249.255,,80.812,32.29,0.741,54.855,3.684,-89.114,57.65,US-Rwf,US-Rwf,sagebrush,0.683,0.611,0.686,0.612,0.777,0.643,0.728,0.715,1.398,0.109,0.241,28.895,71.958,110.112,88.217,1099.329,900.03
US-Rwf,2023-04-21,0.134,1.163,0.3,0.3,1.317,32.238,2.055,4.54,-0.43,7.65,22.652,1.279,0.189,1.591,0.387,152.439,,81.453,77.091,0.151,29.148,4.769,-16.609,37.451,US-Rwf,US-Rwf,sagebrush,0.549,0.583,0.554,0.488,0.629,0.527,0.581,0.643,1.191,0.136,0.202,29.522,72.535,107.92,86.53,1099.136,900.154
US-Rwf,2023-04-26,0.145,4.114,3.754,0.248,1.313,51.202,8.495,15.14,1.85,0.0,22.652,1.557,1.662,2.837,8.6,305.923,,81.361,39.337,0.704,103.421,1.847,-10.172,19.332,US-Rwf,US-Rwf,sagebrush,-0.183,-0.082,-0.177,-0.231,-0.113,-0.206,-0.151,1.87,1.687,0.17,0.677,31.774,75.064,105.796,84.889,1098.914,900.277
US-Rwf,2023-05-01,0.157,5.634,10.807,0.234,1.175,53.306,13.04,20.0,6.08,0.0,22.652,0.505,3.43,4.445,13.579,270.08,,79.882,42.382,0.908,143.519,1.671,69.853,29.234,US-Rwf,US-Rwf,sagebrush,-0.452,-0.213,-0.44,-0.547,-0.32,-0.497,-0.386,2.89,2.438,0.272,1.042,35.277,79.085,102.965,82.64,1098.566,900.444
US-Rwf,2023-05-06,0.168,1.925,6.613,0.278,0.855,44.02,3.685,7.55,-0.18,12.8,22.652,0.354,1.633,1.73,1.487,116.108,,80.584,83.283,0.124,80.918,1.847,39.851,43.222,US-Rwf,US-Rwf,sagebrush,-0.17,-0.028,-0.162,-0.251,-0.077,-0.204,-0.122,2.327,2.157,0.226,0.836,38.072,82.246,100.236,80.496,1098.17,900.608
US-Rwf,2023-05-11,0.179,3.547,7.23,0.249,0.8,53.127,7.995,13.75,2.24,0.0,22.652,-0.743,2.813,1.528,8.61,323.759,,81.177,45.64,0.641,160.164,2.385,115.891,46.881,US-Rwf,US-Rwf,sagebrush,-0.695,-0.525,-0.689,-0.758,-0.618,-0.724,-0.654,3.027,2.332,0.247,1.107,41.783,86.507,97.85,78.641,1097.767,900.757
US-Rwf,2023-05-16,0.191,4.645,12.71,0.255,0.759,54.528,13.185,18.66,7.71,0.0,22.652,-0.223,4.341,3.721,12.975,238.339,,81.524,55.274,0.682,118.637,1.681,56.478,57.874,US-Rwf,US-Rwf,sagebrush,-0.962,-0.662,-0.95,-1.072,-0.797,-1.008,-0.889,4.109,3.146,0.367,1.49,46.808,92.326,94.715,76.148,1097.165,900.956
US-Rwf,2023-05-21,0.202,6.396,15.905,0.218,0.731,53.287,16.73,23.01,10.45,1.48,22.652,0.165,5.094,4.687,15.955,208.408,,81.274,45.933,1.026,113.426,2.393,3.64,101.211,US-Rwf,US-Rwf,sagebrush,-1.291,-0.877,-1.277,-1.405,-1.129,-1.343,-1.214,4.63,3.339,0.483,1.651,52.359,98.788,91.862,73.892,1096.527,901.144
US-Rwf,2023-05-26,0.214,3.177,11.539,0.223,0.734,48.809,10.415,14.68,6.15,6.49,22.652,-2.511,5.736,3.96,10.454,216.545,,80.737,55.176,0.576,119.686,1.89,54.103,66.672,US-Rwf,US-Rwf,sagebrush,-1.248,-0.963,-1.24,-1.32,-1.156,-1.283,-1.202,4.151,2.903,0.403,1.492,57.348,104.575,89.544,72.105,1095.937,901.304
US-Rwf,2023-05-31,0.223,3.215,13.352,0.266,0.772,39.05,10.93,15.1,6.76,7.81,22.652,-1.419,5.024,2.213,10.253,137.841,,80.643,72.694,0.348,66.323,1.785,17.583,49.023,US-Rwf,US-Rwf,sagebrush,-0.623,-0.281,-0.611,-0.744,-0.466,-0.669,-0.55,3.723,3.1,0.481,1.291,61.648,109.514,86.473,69.693,1095.082,901.517
US-Rwf,2023-06-05,0.225,5.064,14.694,0.227,0.754,56.018,13.845,19.64,8.05,0.0,22.652,-4.215,9.207,4.542,14.255,333.232,,81.11,54.066,0.775,180.328,2.115,53.869,111.517,US-Rwf,US-Rwf,sagebrush,-1.806,-1.424,-1.796,-1.896,-1.686,-1.84,-1.75,5.45,3.644,0.552,1.95,68.19,117.144,83.926,67.72,1094.273,901.702
US-Rwf,2023-06-15,0.287,3.821,10.343,0.247,0.771,59.268,8.35,14.48,2.22,0.0,22.652,-5.165,10.78,3.983,8.517,364.016,,81.034,47.74,0.61,187.416,3.26,78.097,113.245,US-Rwf,US-Rwf,sagebrush,-2.689,-2.427,-2.687,-2.763,-2.598,-2.734,-2.636,6.619,3.93,0.489,2.441,81.866,133.052,78.84,63.833,1092.407,902.089
US-Rwf,2023-06-20,0.348,2.301,6.152,0.254,0.768,35.125,3.425,8.26,-1.41,4.5,22.652,-3.183,6.753,3.204,2.841,210.776,,81.123,65.949,0.263,114.085,1.654,52.392,58.673,US-Rwf,US-Rwf,sagebrush,-1.421,-1.236,-1.42,-1.487,-1.348,-1.457,-1.388,4.146,2.725,0.413,1.486,86.766,138.694,77.171,62.654,1091.681,902.227
US-Rwf,2023-06-30,0.268,8.508,16.485,0.231,0.733,57.739,18.655,25.11,12.2,0.0,22.652,-2.421,8.436,4.707,19.308,335.524,,81.491,39.567,1.415,183.632,2.216,18.044,145.572,US-Rwf,US-Rwf,sagebrush,-2.343,-1.883,-2.335,-2.432,-2.208,-2.385,-2.289,6.696,4.352,0.871,2.319,102.388,156.936,72.526,59.151,1089.472,902.618
US-Rwf,2023-07-05,0.327,8.308,14.051,0.21,0.699,60.228,15.98,23.33,8.63,0.0,22.652,-2.937,9.886,5.94,16.298,360.844,,81.291,29.051,1.365,185.559,2.227,36.036,141.851,US-Rwf,US-Rwf,sagebrush,-3.501,-3.138,-3.498,-3.606,-3.38,-3.557,-3.438,8.15,4.649,0.804,2.925,112.154,168.405,70.822,57.928,1088.512,902.776
US-Rwf,2023-07-10,0.294,8.68,21.766,0.197,0.674,57.091,19.9,25.89,13.91,0.0,22.652,-3.722,9.65,5.871,20.43,352.345,,81.005,32.11,1.665,186.488,2.132,13.008,206.586,US-Rwf,US-Rwf,sagebrush,-2.423,-1.756,-2.406,-2.531,-2.234,-2.5,-2.342,7.307,4.885,1.387,2.358,119.92,177.503,68.707,56.345,1087.263,902.973
US-Rwf,2023-07-15,0.352,11.521,17.909,0.181,0.653,57.628,21.425,28.83,14.02,0.0,22.652,-1.812,8.799,6.853,21.667,347.976,,81.619,27.667,1.929,187.588,2.374,18.102,140.759,US-Rwf,US-Rwf,sagebrush,-3.509,-3.033,-3.502,-3.615,-3.389,-3.568,-3.447,8.444,4.936,1.164,2.899,129.51,188.793,67.243,55.32,1086.263,903.125
US-Rwf,2023-07-20,0.308,13.027,20.684,0.17,0.635,56.093,23.395,30.62,16.17,0.0,22.652,-1.3,5.961,4.129,23.396,340.615,,81.552,27.181,2.163,172.68,2.133,11.35,157.168,US-Rwf,US-Rwf,sagebrush,-2.329,-1.744,-2.314,-2.432,-2.193,-2.38,-2.253,6.817,4.488,1.474,2.128,136.396,195.276,65.815,55.921,1085.211,903.281
US-Rwf,2023-07-25,0.29,9.758,19.46,0.157,0.623,55.441,18.735,25.52,11.95,0.0,22.652,-0.636,7.702,6.496,18.943,335.916,,81.524,34.061,1.494,158.157,1.835,50.279,121.004,US-Rwf,US-Rwf,sagebrush,-2.487,-1.973,-2.475,-2.587,-2.369,-2.533,-2.42,6.823,4.336,1.426,2.149,143.314,200.339,64.721,58.242,1084.302,903.413
US-Rwf,2023-07-30,0.283,10.739,19.9,0.143,0.611,53.983,22.41,28.54,16.28,0.0,22.652,-0.667,5.668,4.697,22.296,326.45,,81.455,15.984,2.306,141.303,1.538,34.966,103.457,US-Rwf,US-Rwf,sagebrush,-2.196,-1.683,-2.183,-2.291,-2.078,-2.24,-2.129,6.313,4.117,1.517,1.91,149.365,202.939,63.85,62.131,1083.495,903.532
US-Rwf,2023-08-04,0.282,5.638,19.649,0.168,0.603,40.424,15.4,20.62,10.18,0.0,22.652,0.005,2.227,0.533,14.555,228.853,,81.505,62.188,0.646,134.501,1.779,38.669,74.654,US-Rwf,US-Rwf,sagebrush,-1.401,-0.882,-1.382,-1.501,-1.262,-1.44,-1.322,5.284,3.884,1.532,1.494,153.993,202.808,62.675,66.631,1082.533,903.677
US-Rwf,2023-08-09,0.253,10.979,16.777,0.205,0.611,49.551,19.575,26.1,13.05,0.0,22.652,-1.273,4.262,2.684,19.059,271.336,,81.011,35.606,1.485,125.833,2.08,47.128,82.279,US-Rwf,US-Rwf,sagebrush,-1.28,-0.855,-1.257,-1.379,-1.15,-1.308,-1.194,5.092,3.812,1.304,1.508,158.703,203.72,61.252,69.737,1081.461,903.842
US-Rwf,2023-08-14,0.192,12.605,19.073,0.177,0.599,50.271,21.745,28.16,15.33,0.0,22.652,-1.307,3.596,2.342,21.523,310.507,,81.651,27.738,1.918,139.001,3.582,61.026,66.242,US-Rwf,US-Rwf,sagebrush,-0.345,0.142,-0.321,-0.446,-0.188,-0.378,-0.258,3.614,3.269,1.522,0.833,161.03,200.416,60.101,74.395,1080.51,903.991
US-Rwf,2023-08-19,0.168,7.723,19.958,0.165,0.586,40.443,19.425,25.09,13.76,3.32,22.652,0.831,2.493,2.21,19.001,134.349,,81.099,43.479,1.274,47.799,1.778,13.25,41.344,US-Rwf,US-Rwf,sagebrush,0.172,0.678,0.197,0.063,0.338,0.138,0.264,2.778,2.95,1.601,0.468,162.075,194.278,59.092,80.364,1079.643,904.131
US-Rwf,2023-08-24,0.189,9.623,17.014,0.232,0.711,47.496,16.625,24.84,8.41,0.0,22.652,0.452,2.617,2.558,18.76,284.337,,81.383,40.876,1.31,136.291,2.489,44.239,69.168,US-Rwf,US-Rwf,sagebrush,-0.144,0.261,-0.108,-0.249,0.02,-0.169,-0.035,3.585,3.441,1.322,0.901,164.703,197.305,57.47,77.983,1078.524,904.321
US-Rwf,2023-08-29,0.212,10.141,19.806,0.217,0.683,46.131,17.17,25.3,9.04,0.0,22.652,-0.194,3.68,3.803,20.643,268.982,,81.161,26.529,1.859,100.143,3.875,17.271,86.676,US-Rwf,US-Rwf,sagebrush,-0.177,0.327,-0.14,-0.301,0.03,-0.219,-0.062,3.94,3.763,1.589,0.936,167.422,200.462,55.869,75.608,1077.314,904.515
US-Rwf,2023-09-03,0.226,2.234,16.875,0.224,0.656,32.436,10.7,13.52,7.88,5.51,22.652,1.948,0.599,0.677,11.295,53.866,,81.06,72.694,0.375,31.573,1.808,-24.567,68.33,US-Rwf,US-Rwf,sagebrush,-0.187,0.214,-0.157,-0.294,-0.029,-0.219,-0.092,3.534,3.347,1.353,0.868,169.91,203.332,54.479,73.56,1076.152,904.692
US-Rwf,2023-09-08,0.192,7.561,15.972,0.222,0.688,41.827,16.525,22.28,10.77,0.0,22.652,0.118,2.266,1.679,16.064,236.444,,81.46,37.089,1.18,93.856,2.026,34.725,66.087,US-Rwf,US-Rwf,sagebrush,-0.174,0.198,-0.146,-0.278,-0.029,-0.21,-0.078,3.351,3.177,1.3,0.817,172.209,205.979,53.229,71.715,1075.004,904.861
US-Rwf,2023-09-13,0.168,7.919,14.699,0.203,0.659,40.574,14.245,19.56,8.93,0.0,22.652,-0.071,2.259,0.949,13.541,250.737,,81.297,43.164,0.904,108.584,2.511,71.631,38.244,US-Rwf,US-Rwf,sagebrush,0.035,0.364,0.057,-0.065,0.172,0.003,0.121,2.641,2.676,1.219,0.566,173.608,207.588,52.312,70.312,1074.002,905.003
US-Rwf,2023-09-18,0.177,11.175,14.52,0.192,0.638,30.987,17.055,22.72,11.39,0.0,22.652,-0.203,2.285,1.865,16.729,200.342,,81.113,30.101,1.366,77.624,1.817,40.756,40.921,US-Rwf,US-Rwf,sagebrush,0.358,0.679,0.378,0.256,0.502,0.323,0.451,1.978,2.335,1.216,0.303,174.079,206.672,51.548,70.547,1073.055,905.134
US-Rwf,2023-09-23,0.178,7.658,7.173,0.2,0.625,37.498,10.055,17.17,2.94,0.0,22.652,-0.527,2.121,1.18,10.271,236.59,,81.14,34.327,0.853,85.723,3.868,31.998,36.161,US-Rwf,US-Rwf,sagebrush,-0.09,0.077,-0.075,-0.185,0.051,-0.126,-0.019,1.937,1.846,0.779,0.461,175.105,204.847,51.128,72.826,1072.352,905.23
US-Rws,2014-10-05,0.097,10.303,11.831,0.211,0.661,32.788,15.36,23.28,7.44,0.0,28.167,0.601,0.429,1.32,18.0,198.161,,86.229,30.401,1.492,53.739,1.986,19.077,36.697,US-Rws,US-Rws,sagebrush,0.328,0.305,0.331,0.276,0.389,0.299,0.361,0.901,1.229,0.371,0.211,54.644,77.427,50.113,85.141,512.833,472.858
US-Rws,2014-10-10,0.102,7.271,10.913,0.2,0.64,31.149,12.36,19.19,5.53,0.0,28.167,0.506,0.734,1.226,13.828,186.662,,85.946,36.68,1.053,38.563,2.101,22.046,27.848,US-Rws,US-Rws,sagebrush,0.221,0.2,0.223,0.17,0.276,0.2,0.252,0.946,1.167,0.339,0.242,49.969,77.687,54.474,83.788,513.107,472.884
US-Rws,2014-10-15,0.104,4.617,10.962,0.197,0.626,18.394,9.405,15.88,2.93,3.74,28.167,0.11,0.671,0.944,10.068,118.688,,85.302,50.728,0.689,20.207,2.624,-11.95,39.202,US-Rws,US-Rws,sagebrush,0.419,0.4,0.422,0.368,0.479,0.396,0.449,0.608,1.027,0.328,0.111,45.316,76.774,58.277,83.128,513.406,472.91
US-Rws,2014-10-20,0.107,7.733,10.489,0.199,0.627,26.998,13.63,22.16,5.1,4.22,28.167,0.252,0.639,1.027,16.508,144.858,,85.226,29.712,1.35,24.161,2.153,0.16,20.06,US-Rws,US-Rws,sagebrush,0.261,0.237,0.264,0.209,0.32,0.238,0.293,0.851,1.113,0.305,0.217,41.498,76.35,61.539,82.452,513.73,472.936
US-Rws,2014-10-25,0.11,6.297,9.256,0.212,0.643,23.754,12.105,19.88,4.33,0.0,28.167,0.256,0.642,0.818,14.52,100.327,,85.206,33.036,1.154,-14.116,4.183,-29.242,35.701,US-Rws,US-Rws,sagebrush,0.312,0.276,0.316,0.264,0.371,0.291,0.344,0.762,1.074,0.274,0.195,37.986,76.581,64.32,81.011,514.082,472.962
US-Rws,2014-10-30,0.114,4.878,8.35,0.207,0.636,23.092,10.785,17.69,3.88,0.0,28.167,-0.102,0.543,0.417,12.117,114.191,,85.88,47.563,0.801,14.965,2.13,0.056,16.487,US-Rws,US-Rws,sagebrush,0.254,0.219,0.258,0.206,0.307,0.233,0.282,0.769,1.024,0.252,0.206,34.868,76.526,66.789,80.079,514.421,472.987
US-Rws,2014-11-04,0.111,2.027,3.19,0.234,0.681,8.192,4.8,8.58,1.02,0.0,28.167,0.184,0.782,1.281,7.146,45.288,,86.495,64.281,0.364,3.573,2.313,-9.318,15.571,US-Rws,US-Rws,sagebrush,0.475,0.357,0.477,0.439,0.512,0.461,0.494,0.215,0.689,0.179,0.014,31.402,76.318,69.073,78.767,514.728,473.009
US-Rws,2014-11-09,0.113,4.386,3.931,0.223,0.667,15.275,7.765,15.39,0.14,1.73,28.167,0.128,0.407,0.672,11.398,87.99,,85.361,51.385,0.729,4.592,3.399,-9.18,17.949,US-Rws,US-Rws,sagebrush,0.353,0.305,0.357,0.323,0.391,0.34,0.376,0.409,0.762,0.181,0.091,28.55,76.425,70.985,77.503,515.039,473.031
US-Rws,2014-11-14,0.116,1.618,-0.893,0.299,0.642,8.359,-3.595,1.93,-9.12,15.76,28.167,0.016,0.081,0.074,-0.632,32.156,,85.175,88.573,0.065,8.269,,-16.489,9.325,US-Rws,US-Rws,sagebrush,0.484,0.369,0.489,0.454,0.531,0.468,0.504,0.176,0.661,0.132,0.018,25.733,75.856,72.522,76.579,515.366,473.053
US-Rws,2014-11-19,0.112,1.418,-5.537,0.344,0.719,15.548,-4.775,0.42,-9.97,0.0,28.167,0.123,0.204,0.084,-3.214,65.441,,85.946,77.122,0.113,3.028,0.764,3.423,5.642,US-Rws,US-Rws,sagebrush,0.377,0.293,0.381,0.333,0.422,0.359,0.401,0.178,0.555,0.096,0.032,23.251,75.989,73.978,75.293,515.644,473.072
US-Rws,2014-11-24,0.108,1.797,-0.606,0.326,0.915,15.904,2.07,6.09,-1.95,0.0,28.167,0.282,0.358,0.325,3.019,99.787,,86.578,59.771,0.316,16.347,3.023,-11.006,17.525,US-Rws,US-Rws,sagebrush,0.463,0.375,0.47,0.43,0.518,0.451,0.485,0.316,0.779,0.127,0.075,21.167,76.033,74.749,73.846,516.019,473.098
US-Rws,2014-11-29,0.105,2.704,3.72,0.257,0.883,7.98,1.825,8.49,-4.84,0.0,28.167,0.448,0.188,0.445,4.63,50.833,,84.513,59.716,0.371,-28.783,5.142,-41.701,37.627,US-Rws,US-Rws,sagebrush,0.552,0.428,0.556,0.518,0.605,0.539,0.575,0.197,0.749,0.161,0.014,19.082,75.826,75.297,72.434,516.388,473.124
US-Rws,2015-01-08,0.084,1.799,-1.47,0.361,0.843,14.475,1.525,5.71,-2.66,0.0,28.167,0.072,0.333,0.31,2.101,96.26,,86.06,85.503,0.11,8.32,1.046,16.059,10.927,US-Rws,US-Rws,sagebrush,0.519,0.443,0.524,0.486,0.573,0.502,0.546,0.188,0.708,0.108,0.032,14.123,74.759,69.655,63.157,518.64,473.312
US-Rws,2015-01-13,0.094,1.595,-1.113,0.326,0.901,15.341,-0.665,3.64,-4.97,0.0,28.167,0.232,0.323,0.211,-0.308,99.15,,86.529,71.424,0.179,-16.377,2.063,-4.901,19.319,US-Rws,US-Rws,sagebrush,0.436,0.384,0.439,0.406,0.483,0.42,0.457,0.235,0.671,0.11,0.05,14.264,74.703,68.257,62.032,518.872,473.339
US-Rws,2015-01-18,0.097,2.235,-0.158,0.385,0.988,7.536,4.88,9.08,0.68,4.99,28.167,0.493,0.293,0.194,7.777,64.65,,86.001,70.097,0.326,2.751,2.949,-45.282,26.396,US-Rws,US-Rws,sagebrush,0.64,0.526,0.643,0.597,0.705,0.62,0.665,0.131,0.771,0.117,0.006,14.26,74.466,66.483,60.545,519.141,473.373
US-Rws,2015-01-23,0.105,1.842,-2.6,0.355,1.03,16.661,0.78,5.33,-3.77,0.0,28.167,-0.064,0.394,0.252,0.107,93.158,,86.996,83.799,0.114,19.989,1.004,8.238,8.306,US-Rws,US-Rws,sagebrush,0.39,0.339,0.392,0.354,0.436,0.372,0.412,0.27,0.66,0.101,0.067,14.466,74.743,65.157,59.227,519.326,473.4
US-Rws,2015-01-28,0.104,2.163,0.052,0.322,1.078,16.708,3.175,7.76,-1.41,0.0,28.167,0.093,0.583,1.021,4.138,107.756,,86.458,75.682,0.206,44.11,1.777,1.944,17.11,US-Rws,US-Rws,sagebrush,0.398,0.363,0.401,0.371,0.443,0.383,0.418,0.325,0.723,0.119,0.082,14.718,74.82,63.76,58.098,519.502,473.429
US-Rws,2015-02-07,0.105,2.435,5.65,0.274,1.122,18.951,9.405,12.79,6.02,0.0,28.167,0.619,0.75,1.373,9.714,115.108,,85.198,54.543,0.56,27.815,5.291,-38.871,67.011,US-Rws,US-Rws,sagebrush,0.377,0.377,0.378,0.343,0.426,0.361,0.397,0.524,0.901,0.167,0.142,15.241,75.007,60.888,55.746,519.806,473.491
US-Rws,2015-02-12,0.105,3.361,1.496,0.269,0.832,21.711,6.39,12.47,0.31,0.0,28.167,0.157,1.531,2.346,6.031,117.291,,86.591,68.687,0.301,16.64,1.438,1.675,17.359,US-Rws,US-Rws,sagebrush,0.246,0.234,0.246,0.223,0.283,0.232,0.258,0.464,0.71,0.131,0.132,15.657,75.29,59.738,54.841,519.906,473.517
US-Rws,2015-02-17,0.111,2.739,-0.48,0.268,0.752,23.786,2.305,8.82,-4.21,0.0,28.167,-0.006,0.853,1.026,1.504,155.592,,86.224,56.245,0.31,32.829,1.886,19.198,15.982,US-Rws,US-Rws,sagebrush,0.165,0.15,0.164,0.138,0.203,0.15,0.177,0.485,0.65,0.117,0.146,16.121,75.63,58.755,54.097,519.98,473.54
US-Rws,2015-02-22,0.124,1.303,-0.685,0.261,0.73,25.49,-3.615,0.66,-7.89,0.0,28.167,-0.084,0.638,0.542,-3.738,165.951,,86.073,47.201,0.247,49.317,2.658,42.628,26.382,US-Rws,US-Rws,sagebrush,0.148,0.135,0.146,0.12,0.184,0.132,0.16,0.481,0.629,0.117,0.145,16.578,75.962,57.834,53.41,520.041,473.562
US-Rws,2015-02-27,0.126,1.777,0.763,0.272,0.742,21.857,1.615,5.72,-2.49,3.94,28.167,0.058,0.388,0.252,1.81,101.198,,84.7,77.235,0.163,47.452,2.343,17.276,22.827,US-Rws,US-Rws,sagebrush,0.146,0.139,0.145,0.122,0.184,0.131,0.158,0.58,0.727,0.129,0.18,17.155,76.437,56.783,52.593,520.098,473.587
US-Rws,2015-03-04,0.127,2.134,-1.55,0.262,0.775,33.268,-1.605,4.98,-8.19,0.0,28.167,0.045,0.6,0.551,-1.728,194.198,,86.165,41.002,0.327,46.175,1.861,31.715,30.73,US-Rws,US-Rws,sagebrush,-0.043,-0.055,-0.046,-0.071,-0.01,-0.059,-0.032,0.749,0.706,0.113,0.253,17.982,77.477,55.948,51.72,520.135,473.608
US-Rws,2015-03-09,0.132,4.735,2.543,0.251,0.754,34.853,7.595,16.13,-0.94,0.0,28.167,0.188,1.021,1.447,9.104,202.776,,85.902,35.616,0.777,51.944,2.138,5.225,35.366,US-Rws,US-Rws,sagebrush,-0.12,-0.116,-0.122,-0.143,-0.09,-0.134,-0.109,1.039,0.919,0.148,0.355,19.156,78.665,54.922,50.925,520.167,473.633
US-Rws,2015-03-14,0.142,3.357,6.503,0.225,0.722,17.857,10.745,15.18,6.31,2.8,28.167,0.472,1.031,1.735,13.322,50.528,,85.994,44.664,0.862,13.375,2.607,-22.114,31.998,US-Rws,US-Rws,sagebrush,0.122,0.148,0.119,0.09,0.147,0.105,0.134,0.746,0.868,0.192,0.221,19.859,79.297,53.813,50.041,520.187,473.662
US-Rws,2015-03-19,0.155,4.555,4.925,0.223,0.708,38.22,6.8,15.17,-1.57,0.0,28.167,-0.391,1.862,1.238,7.174,225.779,,86.149,51.862,0.522,76.374,2.335,35.658,26.254,US-Rws,US-Rws,sagebrush,-0.448,-0.432,-0.452,-0.474,-0.424,-0.465,-0.439,1.599,1.15,0.177,0.566,21.751,81.347,52.838,49.287,520.191,473.688
US-Rws,2015-03-24,0.156,2.014,5.148,0.237,0.704,25.387,2.995,7.27,-1.28,6.48,28.167,-0.55,1.576,0.737,3.538,138.755,,85.828,67.842,0.262,64.518,3.779,7.238,65.243,US-Rws,US-Rws,sagebrush,-0.136,-0.113,-0.139,-0.158,-0.113,-0.151,-0.126,1.141,1.005,0.187,0.38,22.998,82.624,51.795,48.466,520.18,473.716
US-Rws,2015-03-29,0.157,5.474,6.666,0.221,0.707,41.544,7.62,15.86,-0.62,0.0,28.167,-0.601,2.076,1.176,8.274,250.066,,86.376,41.772,0.677,92.143,2.198,34.467,33.814,US-Rws,US-Rws,sagebrush,-0.579,-0.55,-0.584,-0.609,-0.557,-0.598,-0.571,1.893,1.314,0.21,0.67,25.24,85.09,50.78,47.667,520.155,473.744
US-Rws,2015-04-03,0.164,3.874,3.205,0.216,0.686,44.621,2.92,11.07,-5.23,0.0,28.167,-1.149,1.639,0.611,4.372,225.971,,86.11,38.528,0.557,72.025,2.911,48.882,29.295,US-Rws,US-Rws,sagebrush,-0.654,-0.641,-0.659,-0.69,-0.623,-0.676,-0.64,1.835,1.181,0.178,0.66,27.438,87.504,50.006,47.107,520.125,473.766
US-Rws,2015-04-08,0.17,2.507,6.362,0.273,0.751,37.683,4.7,9.56,-0.16,18.88,28.167,-0.054,1.682,1.387,2.827,165.706,,85.2,79.966,0.179,54.487,,-28.474,27.471,US-Rws,US-Rws,sagebrush,-0.521,-0.484,-0.524,-0.551,-0.491,-0.542,-0.505,1.979,1.458,0.224,0.699,29.776,90.07,48.76,46.084,520.059,473.801
US-Rws,2015-04-13,0.175,7.223,6.397,0.241,0.747,48.22,10.19,19.96,0.42,0.0,28.167,-0.889,1.713,0.924,12.717,264.75,,85.444,29.772,1.144,107.593,2.365,8.247,78.348,US-Rws,US-Rws,sagebrush,-0.83,-0.796,-0.835,-0.867,-0.802,-0.85,-0.817,2.373,1.543,0.234,0.852,32.628,93.254,47.731,45.27,519.984,473.832
US-Rws,2015-04-18,0.178,5.449,8.281,0.224,0.709,50.948,10.455,16.53,4.38,0.0,28.167,-1.091,3.078,2.166,11.767,279.964,,86.026,33.601,0.949,103.963,3.247,47.898,63.865,US-Rws,US-Rws,sagebrush,-1.126,-1.083,-1.132,-1.173,-1.089,-1.15,-1.113,2.908,1.782,0.275,1.048,36.145,97.236,46.722,44.471,519.891,473.862
US-Rws,2015-04-23,0.183,6.274,8.715,0.209,0.688,51.983,8.24,16.54,-0.06,0.0,28.167,-1.192,2.778,1.354,9.651,303.048,,85.08,31.554,0.867,124.609,2.153,60.266,58.221,US-Rws,US-Rws,sagebrush,-1.24,-1.195,-1.247,-1.292,-1.195,-1.268,-1.226,3.064,1.824,0.3,1.101,39.827,101.419,45.822,43.777,519.79,473.891
US-Rws,2015-04-28,0.181,9.324,9.255,0.208,0.674,53.169,12.575,21.83,3.32,0.0,28.167,-0.651,2.581,1.95,15.164,314.692,,85.879,30.089,1.272,133.291,3.612,65.326,66.618,US-Rws,US-Rws,sagebrush,-1.159,-1.109,-1.166,-1.21,-1.12,-1.186,-1.146,2.966,1.807,0.328,1.051,43.325,105.382,44.932,43.09,519.673,473.92
US-Rws,2015-05-03,0.18,8.976,13.654,0.192,0.662,55.867,13.91,21.18,6.64,0.0,28.167,-0.802,1.77,0.507,14.616,305.666,,85.297,29.651,1.221,127.492,2.056,52.631,58.853,US-Rws,US-Rws,sagebrush,-1.489,-1.411,-1.498,-1.543,-1.44,-1.523,-1.475,3.71,2.221,0.45,1.298,47.658,110.346,43.964,42.318,519.528,473.953
US-Rws,2015-05-08,0.173,6.997,7.149,0.209,0.654,31.933,10.155,16.47,3.84,0.0,28.167,-0.468,2.641,1.863,10.391,239.202,,85.263,59.32,0.594,141.135,2.184,45.026,91.404,US-Rws,US-Rws,sagebrush,-0.402,-0.357,-0.407,-0.437,-0.378,-0.424,-0.389,1.62,1.218,0.323,0.516,49.288,112.083,43.234,41.794,519.398,473.979
US-Rws,2015-05-13,0.178,6.813,12.815,0.196,0.65,55.476,8.695,14.87,2.52,0.0,28.167,-1.241,2.368,1.758,7.934,257.262,,85.19,59.945,0.466,115.159,2.353,59.272,53.374,US-Rws,US-Rws,sagebrush,-1.495,-1.42,-1.502,-1.555,-1.441,-1.528,-1.479,3.708,2.213,0.464,1.292,53.582,116.98,42.34,41.112,519.227,474.011
US-Rws,2015-05-18,0.183,4.557,12.675,0.223,0.656,45.451,11.335,15.68,6.99,2.4,28.167,-0.334,3.567,4.176,11.669,216.302,,85.635,71.51,0.437,122.304,1.912,53.998,52.937,US-Rws,US-Rws,sagebrush,-1.15,-1.06,-1.153,-1.197,-1.111,-1.172,-1.132,3.271,2.121,0.487,1.109,57.243,121.126,41.302,40.271,519.009,474.048
US-Rws,2015-05-23,0.183,9.131,13.718,0.227,0.706,41.645,14.22,20.17,8.27,0.0,28.167,-0.216,2.383,2.592,14.815,240.794,,85.41,61.65,0.715,126.646,2.776,55.725,71.642,US-Rws,US-Rws,sagebrush,-0.812,-0.707,-0.814,-0.859,-0.777,-0.834,-0.794,2.813,2.001,0.542,0.904,60.191,124.42,40.222,39.387,518.755,474.087
US-Rws,2015-05-28,0.171,10.151,14.525,0.218,0.684,59.723,13.81,21.28,6.34,0.0,28.167,-0.396,2.448,3.183,14.835,343.096,,85.926,50.688,0.922,159.022,2.08,78.694,76.52,US-Rws,US-Rws,sagebrush,-1.356,-1.249,-1.36,-1.413,-1.312,-1.383,-1.337,3.741,2.384,0.589,1.255,64.334,129.142,39.202,38.558,518.481,474.126
US-Rws,2015-06-02,0.161,9.242,16.76,0.21,0.664,54.041,13.56,19.57,7.55,0.0,28.167,-0.64,2.053,1.312,14.012,281.54,,85.623,55.677,0.76,125.137,2.613,76.816,56.759,US-Rws,US-Rws,sagebrush,-1.066,-0.937,-1.07,-1.124,-1.026,-1.094,-1.048,3.404,2.337,0.707,1.074,67.835,133.104,38.179,37.718,518.173,474.165
US-Rws,2015-06-07,0.154,15.92,18.794,0.191,0.647,57.577,19.47,27.53,11.41,0.0,28.167,-0.0,2.069,2.01,20.641,332.738,,85.861,42.587,1.497,141.064,1.944,75.435,46.516,US-Rws,US-Rws,sagebrush,-0.725,-0.581,-0.73,-0.792,-0.675,-0.76,-0.703,2.919,2.193,0.83,0.832,70.479,135.801,37.248,37.216,517.855,474.204
US-Rws,2015-06-12,0.148,14.807,18.439,0.178,0.63,59.582,19.125,26.54,11.71,0.0,28.167,0.35,1.885,2.42,20.946,368.091,,85.651,25.996,1.904,152.678,2.864,105.423,68.366,US-Rws,US-Rws,sagebrush,-0.803,-0.674,-0.808,-0.864,-0.763,-0.833,-0.784,2.954,2.151,0.834,0.844,73.149,137.232,36.474,38.168,517.556,474.238
US-Rws,2015-06-17,0.142,17.427,20.073,0.161,0.617,58.309,20.685,29.14,12.23,0.0,28.167,0.654,0.737,1.157,23.024,352.614,,85.646,26.67,2.134,140.414,2.169,79.363,37.224,US-Rws,US-Rws,sagebrush,-0.535,-0.401,-0.541,-0.597,-0.483,-0.574,-0.513,2.563,2.028,0.939,0.647,75.119,136.781,35.808,40.237,517.279,474.27
US-Rws,2015-06-22,0.136,14.615,19.587,0.145,0.608,59.266,17.885,26.29,9.48,0.0,28.167,0.048,1.245,1.559,19.688,343.574,,85.854,33.28,1.634,130.845,2.198,80.49,23.593,US-Rws,US-Rws,sagebrush,-0.668,-0.556,-0.676,-0.73,-0.626,-0.706,-0.647,2.665,1.997,0.918,0.696,77.238,135.828,35.308,43.109,517.055,474.296
US-Rws,2015-06-27,0.125,26.238,24.139,0.133,0.602,54.979,26.665,35.43,17.9,0.0,28.167,0.555,0.211,0.73,29.603,272.904,,85.929,18.908,3.467,87.095,2.306,51.133,21.192,US-Rws,US-Rws,sagebrush,0.208,0.368,0.198,0.081,0.318,0.147,0.249,1.545,1.753,1.215,0.131,77.394,132.081,34.804,46.351,516.841,474.324
US-Rws,2015-07-02,0.116,25.147,25.477,0.122,0.596,58.925,26.9,34.81,18.99,0.0,28.167,0.608,0.28,1.443,29.128,350.772,,85.834,19.293,3.38,123.005,2.063,83.319,24.38,US-Rws,US-Rws,sagebrush,0.226,0.327,0.213,0.081,0.314,0.149,0.273,1.557,1.783,1.295,0.104,77.45,127.954,34.379,49.867,516.664,474.35
US-Rws,2015-07-07,0.116,19.083,23.241,0.114,0.592,53.768,23.08,29.42,16.74,0.0,28.167,0.443,0.64,1.084,24.677,294.325,,,32.387,2.156,120.769,2.171,83.73,36.161,US-Rws,US-Rws,sagebrush,-0.05,0.081,-0.062,-0.151,0.031,-0.106,-0.024,1.743,1.693,1.11,0.252,78.01,124.23,34.082,53.686,516.537,474.371
US-Rws,2015-07-12,0.127,13.737,20.182,0.169,0.585,49.837,17.825,25.07,10.58,2.76,28.167,2.182,0.244,2.08,17.269,243.891,,85.863,67.504,0.684,129.671,1.91,34.5,72.055,US-Rws,US-Rws,sagebrush,-0.191,-0.073,-0.19,-0.249,-0.134,-0.214,-0.169,2.098,1.908,0.908,0.474,79.37,121.06,33.428,57.238,516.37,474.404
US-Rws,2015-07-17,0.152,11.909,18.893,0.178,0.576,57.908,16.01,21.88,10.14,0.0,28.167,1.356,0.625,1.889,16.505,214.759,,85.683,36.369,1.232,66.517,2.654,58.649,62.095,US-Rws,US-Rws,sagebrush,-0.879,-0.783,-0.878,-0.931,-0.829,-0.903,-0.855,3.202,2.323,0.833,0.943,82.351,119.385,32.773,61.089,516.228,474.437
US-Rws,2015-07-22,0.122,13.633,22.588,0.157,0.566,47.308,19.755,26.21,13.3,2.83,28.167,1.215,1.098,2.114,19.918,164.715,,85.331,48.261,1.264,64.292,1.922,,,US-Rws,US-Rws,sagebrush,0.036,0.173,0.036,-0.046,0.112,0.001,0.075,1.891,1.927,1.048,0.336,83.211,114.615,32.188,65.476,516.122,474.47
US-Rws,2015-07-27,0.11,10.341,19.132,0.149,0.558,56.372,14.415,20.12,8.71,0.0,28.167,0.112,1.057,1.276,14.446,310.115,,85.859,40.661,1.045,122.969,3.487,,,US-Rws,US-Rws,sagebrush,-0.321,-0.234,-0.323,-0.374,-0.281,-0.342,-0.302,2.131,1.81,0.834,0.517,84.686,110.26,31.78,70.396,516.068,474.496
US-Rws,2015-08-01,0.113,25.262,22.988,0.137,0.551,54.151,25.15,34.58,15.72,0.0,28.167,0.658,0.63,1.047,28.131,315.216,,85.854,12.207,3.448,101.051,2.186,46.16,33.389,US-Rws,US-Rws,sagebrush,0.272,0.371,0.269,0.188,0.353,0.231,0.312,1.391,1.663,1.037,0.141,84.85,104.24,31.38,75.285,516.048,474.523
US-Rws,2015-08-06,0.116,15.363,19.904,0.132,0.547,52.543,18.24,25.41,11.07,0.0,28.167,0.212,0.704,0.757,18.586,306.312,,85.759,25.72,1.644,98.034,1.964,58.861,21.099,US-Rws,US-Rws,sagebrush,-0.213,-0.121,-0.217,-0.267,-0.169,-0.244,-0.193,1.895,1.682,0.835,0.422,85.98,99.483,31.099,80.218,516.065,474.546
US-Rws,2015-08-11,0.12,24.397,22.052,0.124,0.543,50.905,25.045,32.98,17.11,0.0,28.167,0.621,0.643,0.958,26.407,243.862,,85.549,24.067,2.73,62.378,4.084,37.857,29.525,US-Rws,US-Rws,sagebrush,0.118,0.239,0.114,0.05,0.195,0.08,0.147,1.458,1.576,0.933,0.209,86.366,93.921,30.839,84.994,516.113,474.569
US-Rws,2015-08-16,0.102,16.651,17.998,0.115,0.541,51.22,18.565,26.4,10.73,0.0,28.167,0.017,0.779,0.816,19.597,285.307,,86.03,29.358,1.665,84.327,2.028,57.061,17.563,US-Rws,US-Rws,sagebrush,-0.132,-0.056,-0.137,-0.187,-0.082,-0.163,-0.11,1.5,1.368,0.71,0.315,87.107,89.023,30.728,89.842,516.176,474.586
US-Rws,2015-08-21,0.096,17.893,19.295,0.109,0.538,49.174,19.58,27.97,11.19,0.0,28.167,0.087,0.673,0.859,22.12,295.621,,85.319,19.614,2.233,92.611,3.003,80.928,20.704,US-Rws,US-Rws,sagebrush,0.025,0.119,0.021,-0.038,0.083,-0.008,0.052,1.275,1.3,0.75,0.209,87.476,83.902,30.643,94.452,516.261,474.603
US-Rws,2015-08-26,0.109,21.596,21.47,0.104,0.537,40.157,22.745,31.21,14.28,0.0,28.167,0.223,0.526,0.687,25.001,234.744,,85.875,16.922,2.699,58.867,2.518,31.792,16.302,US-Rws,US-Rws,sagebrush,0.189,0.199,0.186,0.117,0.27,0.149,0.224,1.103,1.293,0.832,0.108,87.491,78.654,30.561,98.695,516.37,474.62
US-Rws,2015-08-31,0.11,14.166,15.82,0.101,0.536,45.565,15.81,23.94,7.68,0.0,28.167,-0.316,0.756,0.374,16.025,268.656,,85.773,47.284,1.041,86.866,2.019,63.53,11.99,US-Rws,US-Rws,sagebrush,-0.314,-0.25,-0.318,-0.378,-0.248,-0.348,-0.286,1.558,1.244,0.573,0.392,88.484,74.899,30.582,102.891,516.472,474.633
US-Rws,2015-09-05,0.117,8.399,13.302,0.101,0.535,41.502,8.34,14.19,2.49,0.0,28.167,-0.452,0.555,0.166,12.313,216.068,,85.763,46.798,0.898,73.751,2.89,76.29,11.054,US-Rws,US-Rws,sagebrush,-0.424,-0.379,-0.428,-0.492,-0.36,-0.461,-0.393,1.615,1.191,0.484,0.45,89.672,71.598,30.642,106.947,516.578,474.645
US-Rws,2015-09-10,0.11,18.888,16.779,0.098,0.535,42.661,20.17,29.58,10.76,0.0,28.167,0.1,0.474,0.49,22.211,252.879,,86.033,20.682,2.188,65.227,2.126,43.568,14.523,US-Rws,US-Rws,sagebrush,-0.137,-0.059,-0.139,-0.196,-0.064,-0.174,-0.102,1.3,1.164,0.59,0.283,90.278,67.832,30.674,110.61,516.713,474.658
US-Rws,2015-09-15,0.11,5.731,15.978,0.121,0.536,26.839,10.165,13.71,6.62,9.62,28.167,0.882,0.259,0.828,18.349,83.745,,85.042,,1.627,56.093,1.668,10.0,44.426,US-Rws,US-Rws,sagebrush,0.054,0.104,0.054,0.006,0.127,0.023,0.085,1.118,1.172,0.551,0.226,90.702,64.11,30.578,113.519,516.911,474.676
US-Rws,2015-09-20,0.106,15.608,13.487,0.178,0.539,38.856,17.05,26.3,7.8,0.0,28.167,0.607,0.176,0.698,18.261,231.394,,85.809,33.028,1.48,74.816,2.258,35.555,33.713,US-Rws,US-Rws,sagebrush,0.217,0.194,0.218,0.15,0.309,0.176,0.25,1.116,1.334,0.464,0.26,82.455,60.907,39.038,115.075,517.23,474.703
US-Rws,2015-09-25,0.101,18.868,16.968,0.162,0.538,35.826,20.055,29.8,10.31,0.0,28.167,0.44,0.341,0.722,23.225,200.592,,85.737,15.523,2.486,44.249,2.15,25.856,21.71,US-Rws,US-Rws,sagebrush,0.384,0.394,0.386,0.316,0.486,0.34,0.424,0.976,1.36,0.53,0.178,74.757,57.524,46.457,116.376,517.645,474.731
US-Rws,2015-09-30,0.11,12.405,16.068,0.151,0.535,29.816,16.625,23.43,9.82,0.0,28.167,0.21,0.42,0.785,19.286,112.147,,85.64,27.233,1.642,16.829,1.472,7.99,13.412,US-Rws,US-Rws,sagebrush,0.232,0.242,0.233,0.164,0.331,0.19,0.276,1.068,1.3,0.463,0.241,68.052,54.543,53.058,117.843,518.08,474.755
US-Rws,2015-10-05,0.119,10.027,11.217,0.163,0.534,32.73,13.545,21.01,6.08,0.0,28.167,0.031,0.285,0.385,13.844,192.629,,85.607,50.819,0.832,52.556,2.094,35.209,11.028,US-Rws,US-Rws,sagebrush,0.048,0.011,0.047,-0.031,0.132,0.009,0.086,1.157,1.204,0.32,0.333,62.341,52.106,58.963,119.381,518.525,474.778
US-Rws,2015-10-10,0.106,17.408,14.974,0.155,0.532,31.06,19.165,27.42,10.91,0.0,28.167,0.16,0.293,0.442,23.729,186.582,,85.562,17.717,2.464,18.356,3.716,0.399,13.357,US-Rws,US-Rws,sagebrush,0.317,0.306,0.318,0.236,0.428,0.272,0.366,0.894,1.21,0.375,0.206,56.77,49.272,64.073,120.519,519.073,474.803
US-Rws,2015-10-15,0.095,14.154,12.618,0.149,0.531,29.101,15.76,24.01,7.51,0.0,28.167,0.21,0.19,0.314,17.127,167.165,,86.125,27.77,1.439,25.791,2.214,23.296,6.603,US-Rws,US-Rws,sagebrush,0.293,0.274,0.293,0.212,0.394,0.253,0.334,0.729,1.022,0.302,0.17,51.635,46.456,68.706,121.842,519.584,474.824
US-Rws,2015-10-20,0.093,3.046,9.857,0.268,0.758,26.039,9.475,13.81,5.14,0.0,28.167,1.465,0.161,0.812,9.186,143.605,,86.063,71.58,0.347,62.419,2.668,10.192,48.738,US-Rws,US-Rws,sagebrush,0.725,0.552,0.723,0.58,0.845,0.658,0.792,0.73,1.455,0.236,0.197,47.108,47.102,71.791,117.984,520.571,474.864
US-Rws,2015-10-25,0.098,4.529,10.213,0.227,0.699,21.352,11.045,17.23,4.86,1.35,28.167,1.084,0.277,1.235,13.709,91.892,,85.468,35.173,1.068,7.493,2.098,-21.372,44.081,US-Rws,US-Rws,sagebrush,0.61,0.492,0.609,0.499,0.712,0.553,0.661,0.636,1.246,0.232,0.161,42.916,47.6,74.682,114.882,521.395,474.898
US-Rws,2015-10-30,0.111,2.855,4.26,0.233,0.685,11.848,6.21,11.28,1.14,3.6,28.167,0.962,0.237,0.865,8.625,25.219,,85.697,63.62,0.414,-13.117,3.142,-41.223,40.855,US-Rws,US-Rws,sagebrush,0.54,0.407,0.537,0.464,0.603,0.505,0.568,0.326,0.866,0.155,0.068,38.824,47.713,77.547,112.643,522.019,474.924
US-Rws,2015-11-09,0.12,1.809,2.754,0.239,0.67,14.201,1.43,5.68,-2.82,3.68,28.167,0.219,0.575,1.066,2.461,42.853,,84.986,78.745,0.164,-2.047,2.194,-10.455,22.906,US-Rws,US-Rws,sagebrush,0.444,0.334,0.441,0.38,0.499,0.412,0.469,0.402,0.847,0.131,0.108,32.252,48.468,82.167,108.634,523.194,474.974
US-Rws,2015-11-14,0.124,3.482,1.286,0.241,0.671,17.561,6.575,12.84,0.31,0.0,28.167,0.041,0.905,1.844,6.839,110.346,,85.324,44.017,0.554,24.194,1.624,-10.915,15.987,US-Rws,US-Rws,sagebrush,0.354,0.249,0.351,0.296,0.403,0.325,0.377,0.456,0.81,0.116,0.136,29.468,48.856,84.022,106.828,523.747,474.997
US-Rws,2015-11-19,0.126,2.028,1.073,0.259,0.684,8.602,2.42,6.92,-2.08,11.54,28.167,0.302,0.342,0.652,4.051,44.103,,,82.353,0.18,27.437,3.324,-17.483,11.922,US-Rws,US-Rws,sagebrush,0.528,0.387,0.524,0.472,0.575,0.501,0.551,0.232,0.76,0.111,0.048,26.665,48.885,85.457,104.909,524.341,475.023
US-Rws,2015-11-24,0.099,2.19,-0.706,0.305,0.711,10.883,2.925,7.66,-1.81,5.32,28.167,0.284,0.376,1.032,5.185,42.608,,84.503,60.979,0.392,5.082,,-30.866,23.525,US-Rws,US-Rws,sagebrush,0.586,0.417,0.582,0.525,0.642,0.554,0.606,0.189,0.775,0.096,0.037,24.104,48.867,86.472,102.882,524.973,475.051
US-Rws,2015-11-29,0.011,0.939,-6.923,0.312,0.751,15.451,-8.365,-4.07,-12.66,0.0,28.167,-0.155,0.564,0.195,-12.7,35.93,,86.026,87.138,0.03,-8.14,1.051,28.69,-0.927,US-Rws,US-Rws,sagebrush,0.409,0.246,0.405,0.35,0.456,0.383,0.428,0.0,0.409,0.0,0.0,21.675,48.867,87.817,101.501,525.376,475.069
US-Rws,2015-12-04,0.004,1.543,-1.54,0.323,0.781,11.139,0.8,4.51,-2.91,2.7,28.167,0.224,0.688,1.275,1.726,60.634,,,69.078,0.278,,,-37.097,22.499,US-Rws,US-Rws,sagebrush,0.644,0.421,0.64,0.579,0.701,0.61,0.662,0.0,0.644,0.0,0.0,19.49,48.867,88.267,99.356,526.006,475.097
US-Rws,2015-12-09,0.003,2.664,1.533,0.278,0.977,7.345,5.625,10.5,0.75,4.72,28.167,0.133,0.737,1.644,3.236,28.32,,,76.109,0.275,,,,,US-Rws,US-Rws,sagebrush,0.661,0.442,0.657,0.586,0.719,0.629,0.685,0.0,0.661,0.0,0.0,17.525,48.696,88.43,97.357,526.644,475.127
US-Rws,2015-12-24,0.002,1.017,-1.028,0.376,0.997,12.135,-6.05,-2.15,-9.95,5.07,28.167,0.194,0.121,0.505,-2.896,57.843,,,63.851,0.259,,,-15.906,7.085,US-Rws,US-Rws,sagebrush,0.755,0.521,0.749,0.698,0.815,0.724,0.774,0.0,0.755,0.0,0.0,15.707,48.19,84.001,90.61,528.732,475.235
US-Rws,2016-01-03,0.001,1.426,-9.406,0.436,0.965,10.719,-3.43,1.25,-8.11,0.0,28.167,0.375,0.249,0.171,-0.342,59.879,,85.699,58.89,0.247,15.359,3.093,-12.049,28.3,US-Rws,US-Rws,sagebrush,0.439,0.274,0.433,0.36,0.484,0.407,0.456,0.0,0.439,0.0,0.0,15.67,48.19,81.011,87.119,529.663,475.291
US-Rws,2016-01-08,0.004,1.348,-5.242,0.439,1.025,14.243,-1.59,2.21,-5.39,0.0,28.167,0.315,0.235,0.196,-0.346,82.296,,85.439,70.527,0.179,-28.461,2.257,-6.781,11.223,US-Rws,US-Rws,sagebrush,0.626,0.423,0.619,0.558,0.669,0.593,0.642,0.0,0.626,0.0,0.0,15.652,48.19,79.328,85.162,530.16,475.324
US-Rws,2016-01-13,0.016,1.729,-5.642,0.437,1.039,11.539,0.96,5.13,-3.21,2.46,28.167,0.419,0.144,0.404,0.609,38.211,,85.227,70.297,0.205,-2.685,2.909,-24.317,18.479,US-Rws,US-Rws,sagebrush,0.594,0.401,0.588,0.527,0.634,0.56,0.611,0.0,0.594,0.0,0.0,15.634,48.19,77.738,83.315,530.611,475.357
US-Rws,2016-01-18,0.032,1.827,-1.942,0.438,1.079,14.885,1.7,5.91,-2.51,2.01,28.167,0.186,0.218,0.25,3.146,92.187,,85.635,71.749,0.225,7.528,2.175,-21.791,24.431,US-Rws,US-Rws,sagebrush,0.775,0.554,0.769,0.72,0.819,0.743,0.793,0.016,0.791,0.016,0.0,15.616,48.19,75.67,80.924,531.169,475.4
US-Rws,2016-01-23,0.048,1.62,-0.562,0.436,1.156,12.528,2.785,6.18,-0.61,2.44,28.167,0.301,0.46,0.767,2.467,73.726,,85.086,77.244,0.179,27.787,2.639,-24.115,34.87,US-Rws,US-Rws,sagebrush,0.832,0.611,0.824,0.773,0.88,0.795,0.847,0.063,0.895,0.063,0.0,15.598,48.022,73.466,78.549,531.728,475.447
US-Rws,2016-01-28,0.063,2.038,-1.771,0.4,1.191,10.766,0.3,5.63,-5.03,6.33,28.167,-0.174,0.166,0.364,0.364,60.831,,85.995,81.154,0.121,1.476,1.494,-25.971,13.109,US-Rws,US-Rws,sagebrush,0.675,0.497,0.666,0.627,0.706,0.644,0.685,0.086,0.761,0.076,0.004,15.589,48.039,71.682,76.482,532.155,475.487
US-Rws,2016-02-02,0.079,1.373,-5.255,0.431,1.245,18.084,-4.615,0.32,-9.55,0.0,28.167,-0.259,0.404,0.351,-4.032,128.414,,85.83,62.454,0.178,-4.777,2.04,-0.291,11.066,US-Rws,US-Rws,sagebrush,0.52,0.396,0.515,0.458,0.563,0.488,0.539,0.126,0.647,0.061,0.026,15.66,48.146,70.225,74.798,532.483,475.521
US-Rws,2016-02-07,0.095,2.65,-2.352,0.438,1.257,20.105,3.495,9.19,-2.2,0.0,28.167,0.208,0.318,0.192,4.011,118.967,,87.146,73.246,0.224,32.602,1.251,7.268,9.711,US-Rws,US-Rws,sagebrush,0.572,0.465,0.565,0.52,0.609,0.54,0.589,0.284,0.855,0.073,0.084,15.931,48.49,68.413,72.713,532.863,475.564
US-Rws,2016-02-12,0.111,2.802,-0.086,0.371,1.312,19.908,4.28,10.01,-1.45,0.0,28.167,0.12,0.539,0.467,3.74,106.021,,84.576,78.625,0.181,26.845,1.084,4.063,11.7,US-Rws,US-Rws,sagebrush,0.469,0.393,0.465,0.431,0.504,0.445,0.484,0.414,0.883,0.085,0.131,16.354,48.859,66.704,70.907,533.197,475.607
US-Rws,2016-02-17,0.128,2.735,2.066,0.257,1.305,19.263,7.025,11.57,2.48,0.0,28.167,0.609,0.494,0.936,7.722,74.69,,82.885,57.782,0.467,13.968,2.73,-18.959,42.814,US-Rws,US-Rws,sagebrush,0.219,0.192,0.215,0.192,0.246,0.203,0.227,0.559,0.778,0.098,0.183,16.942,49.442,65.466,69.618,533.425,475.639
US-Rws,2016-02-22,0.14,1.822,0.687,0.26,1.226,25.134,0.53,5.11,-4.05,0.0,28.167,-0.226,0.723,0.501,1.018,146.909,,84.536,59.505,0.273,42.386,2.591,32.264,31.029,US-Rws,US-Rws,sagebrush,0.052,0.024,0.048,0.025,0.076,0.036,0.06,0.762,0.814,0.092,0.267,17.816,50.366,64.342,68.459,533.621,475.669
US-Rws,2016-02-27,0.153,2.59,1.542,0.269,1.169,16.197,4.75,9.79,-0.29,2.06,28.167,-0.039,0.865,0.471,5.799,158.601,,85.764,61.972,0.373,54.034,3.503,15.565,34.804,US-Rws,US-Rws,sagebrush,0.212,0.186,0.208,0.185,0.238,0.193,0.218,0.57,0.781,0.099,0.187,18.416,50.96,63.124,67.194,533.818,475.702
US-Rws,2016-03-03,0.156,3.331,4.062,0.251,1.104,27.695,7.85,13.25,2.45,0.0,28.167,-0.018,1.046,0.928,9.172,103.961,,85.653,49.463,0.631,22.469,2.11,2.219,18.746,US-Rws,US-Rws,sagebrush,-0.092,-0.103,-0.096,-0.118,-0.07,-0.11,-0.082,1.142,1.05,0.118,0.408,19.771,52.458,61.844,65.855,534.009,475.737
US-Rws,2016-03-08,0.156,2.168,2.41,0.264,0.863,28.764,3.205,7.79,-1.38,1.8,28.167,-0.358,1.267,0.533,2.507,150.313,,85.249,70.006,0.233,97.941,1.956,20.166,40.005,US-Rws,US-Rws,sagebrush,-0.101,-0.117,-0.106,-0.128,-0.079,-0.12,-0.094,1.105,1.004,0.111,0.396,21.083,53.901,60.642,64.609,534.172,475.772
US-Rws,2016-03-13,0.156,2.055,5.65,0.256,0.779,22.318,5.21,8.94,1.48,10.16,28.167,-0.083,1.035,0.808,4.804,112.281,,84.764,77.22,0.209,64.347,3.809,-24.315,74.879,US-Rws,US-Rws,sagebrush,0.038,0.041,0.034,0.006,0.064,0.018,0.049,1.023,1.062,0.14,0.352,22.238,55.158,59.272,63.169,534.338,475.812
US-Rws,2016-03-18,0.153,2.793,1.507,0.261,0.775,38.218,1.97,8.57,-4.63,0.0,28.167,-0.418,2.004,1.355,3.836,223.339,,85.949,,0.276,79.608,3.274,21.806,38.437,US-Rws,US-Rws,sagebrush,-0.288,-0.3,-0.293,-0.319,-0.263,-0.308,-0.278,1.34,1.052,0.112,0.489,23.864,56.974,58.212,62.083,534.453,475.844
US-Rws,2016-03-23,0.153,2.791,2.751,0.244,0.754,38.953,3.96,9.54,-1.62,0.0,28.167,-1.08,2.155,0.87,,220.462,,86.152,,,88.445,3.002,38.661,40.737,US-Rws,US-Rws,sagebrush,-0.367,-0.368,-0.372,-0.395,-0.342,-0.385,-0.357,1.473,1.106,0.127,0.536,25.645,58.977,57.183,61.03,534.552,475.876
US-Rws,2016-03-28,0.174,2.443,3.366,0.238,0.724,38.236,1.325,6.72,-4.07,0.0,28.167,-0.912,2.186,0.911,,229.261,,85.068,,,81.561,3.573,52.969,48.341,US-Rws,US-Rws,sagebrush,-0.535,-0.531,-0.54,-0.566,-0.509,-0.555,-0.525,1.76,1.225,0.138,0.646,27.798,61.426,56.173,59.996,534.636,475.908
US-Rws,2016-04-02,0.184,7.232,7.429,0.223,0.701,44.475,10.365,18.68,2.05,0.0,28.167,-0.606,2.195,1.03,,256.76,,85.986,,,98.357,2.076,27.305,40.518,US-Rws,US-Rws,sagebrush,-0.846,-0.819,-0.851,-0.891,-0.817,-0.869,-0.833,2.434,1.588,0.185,0.895,30.802,64.889,55.018,58.794,534.716,475.946
US-Rws,2016-04-07,0.189,8.631,8.163,0.211,0.685,46.874,12.28,21.02,3.54,0.0,28.167,-0.818,2.183,0.567,10.841,277.559,,86.082,,0.625,106.876,2.631,35.813,55.21,US-Rws,US-Rws,sagebrush,-0.994,-0.959,-0.999,-1.044,-0.959,-1.016,-0.979,2.664,1.671,0.208,0.978,34.078,68.681,53.94,57.677,534.774,475.982
US-Rws,2016-04-12,0.193,4.136,10.304,0.201,0.671,33.827,9.995,15.47,4.52,3.93,28.167,-0.496,2.028,1.633,12.042,94.232,,85.649,60.457,0.595,32.659,2.678,2.1,38.791,US-Rws,US-Rws,sagebrush,-0.773,-0.718,-0.778,-0.814,-0.747,-0.792,-0.762,2.372,1.599,0.254,0.843,36.877,71.906,52.844,56.535,534.816,476.02
US-Rws,2016-04-17,0.194,6.832,7.082,0.231,0.697,50.731,9.875,17.44,2.31,0.0,28.167,-1.282,3.748,2.24,10.736,298.815,,86.419,40.594,0.822,117.804,2.13,37.536,51.348,US-Rws,US-Rws,sagebrush,-1.133,-1.102,-1.139,-1.181,-1.093,-1.159,-1.119,2.933,1.8,0.221,1.08,40.492,76.092,51.761,55.421,534.839,476.059
US-Rws,2016-04-22,0.194,5.985,12.808,0.205,0.684,46.145,11.945,18.22,5.67,6.95,28.167,-0.195,2.388,2.771,13.32,102.589,,84.764,47.526,0.874,28.147,2.435,-11.479,46.524,US-Rws,US-Rws,sagebrush,-1.319,-1.24,-1.324,-1.369,-1.279,-1.343,-1.302,3.463,2.145,0.335,1.245,44.659,80.943,50.554,54.155,534.842,476.103
US-Rws,2016-04-27,0.192,2.535,9.191,0.223,0.698,34.688,6.965,10.98,2.95,0.0,28.167,-1.159,1.47,1.352,7.874,124.947,,85.082,54.79,0.49,44.152,2.281,15.788,40.793,US-Rws,US-Rws,sagebrush,-0.742,-0.687,-0.747,-0.771,-0.719,-0.763,-0.732,2.385,1.643,0.29,0.834,47.4,84.087,49.472,53.041,534.823,476.144
US-Rws,2016-05-02,0.191,8.32,9.418,0.215,0.696,56.168,11.215,18.98,3.45,0.0,28.167,-1.431,3.681,2.276,13.415,329.167,,85.978,33.248,1.094,134.397,2.818,65.133,49.652,US-Rws,US-Rws,sagebrush,-1.385,-1.331,-1.391,-1.439,-1.335,-1.414,-1.366,3.432,2.047,0.308,1.244,51.543,88.904,48.466,52.011,534.785,476.184
US-Rws,2016-05-07,0.189,5.521,15.692,0.251,0.702,50.415,13.86,18.93,8.79,3.49,28.167,-0.098,2.454,1.634,13.381,250.308,,85.155,72.518,0.466,166.26,1.979,27.016,87.489,US-Rws,US-Rws,sagebrush,-1.399,-1.271,-1.404,-1.457,-1.347,-1.434,-1.377,4.1,2.701,0.481,1.441,56.37,94.514,46.812,50.257,534.687,476.247
US-Rws,2016-05-12,0.182,11.531,10.662,0.226,0.723,57.872,14.67,24.34,5.0,0.0,28.167,-0.64,3.198,2.464,17.345,327.359,,85.873,28.824,1.557,132.736,2.128,60.604,60.235,US-Rws,US-Rws,sagebrush,-1.202,-1.128,-1.208,-1.251,-1.166,-1.229,-1.185,3.275,2.074,0.381,1.152,60.175,98.919,45.749,49.171,534.589,476.292
US-Rws,2016-05-17,0.173,9.011,10.608,0.227,0.701,57.645,12.35,19.88,4.82,0.0,28.167,-1.641,3.736,2.079,13.562,343.424,,85.964,53.84,0.812,149.077,2.157,95.108,53.828,US-Rws,US-Rws,sagebrush,-1.177,-1.101,-1.183,-1.23,-1.138,-1.202,-1.161,3.244,2.067,0.401,1.132,63.9,103.226,44.722,48.127,534.47,476.337
US-Rws,2016-05-22,0.163,3.908,9.536,0.248,0.726,42.08,7.325,11.81,2.84,0.0,28.167,-1.092,2.48,1.305,7.397,192.912,,85.394,64.504,0.379,87.69,2.747,27.414,62.213,US-Rws,US-Rws,sagebrush,-0.629,-0.553,-0.634,-0.676,-0.59,-0.657,-0.612,2.361,1.731,0.394,0.783,66.42,106.082,43.662,47.058,534.322,476.384
US-Rws,2016-05-27,0.157,6.612,12.391,0.217,0.705,60.138,10.295,16.39,4.2,0.0,28.167,-1.711,3.189,1.576,11.733,339.511,,85.498,41.13,0.863,145.25,2.765,110.822,44.675,US-Rws,US-Rws,sagebrush,-1.231,-1.135,-1.236,-1.289,-1.191,-1.259,-1.214,3.417,2.186,0.484,1.168,70.243,110.51,42.683,46.062,534.156,476.429
US-Rws,2016-06-01,0.179,15.065,14.459,0.2,0.68,57.562,18.375,27.9,8.85,0.0,28.167,-0.494,2.426,2.032,21.277,290.583,,85.552,21.648,2.1,108.026,2.343,61.618,37.683,US-Rws,US-Rws,sagebrush,-1.162,-1.046,-1.167,-1.219,-1.124,-1.19,-1.145,3.374,2.212,0.574,1.115,73.86,114.704,41.762,45.121,533.973,476.475
US-Rws,2016-06-06,0.181,17.425,21.406,0.185,0.661,57.182,22.625,29.86,15.39,0.0,28.167,-0.416,2.487,2.297,24.593,274.66,,85.384,32.978,2.187,111.781,2.035,54.812,56.08,US-Rws,US-Rws,sagebrush,-0.863,-0.652,-0.863,-0.935,-0.785,-0.907,-0.826,3.364,2.501,0.912,0.977,76.979,118.317,40.678,43.98,533.729,476.528
US-Rws,2016-06-11,0.182,7.95,15.995,0.171,0.646,58.981,11.515,17.79,5.24,0.0,28.167,-1.49,2.299,0.783,12.312,325.943,,85.905,37.824,0.947,117.625,2.782,120.671,24.765,US-Rws,US-Rws,sagebrush,-1.793,-1.673,-1.797,-1.87,-1.735,-1.832,-1.765,4.4,2.607,0.681,1.481,81.818,123.729,39.987,43.54,533.533,476.567
US-Rws,2016-06-16,0.2,6.664,11.049,0.175,0.638,40.203,9.01,15.85,2.17,2.16,28.167,-1.109,1.792,0.654,9.566,273.629,,85.7,53.801,0.604,115.895,2.084,80.255,27.238,US-Rws,US-Rws,sagebrush,-1.048,-0.969,-1.05,-1.11,-0.995,-1.08,-1.02,2.879,1.831,0.532,0.935,84.758,126.286,39.491,43.914,533.365,476.599
US-Rws,2016-06-21,0.19,14.787,18.283,0.167,0.629,59.168,18.125,24.89,11.36,0.0,28.167,-0.759,1.674,0.939,19.916,368.067,,86.074,25.965,1.77,137.35,2.581,133.85,19.749,US-Rws,US-Rws,sagebrush,-1.408,-1.259,-1.408,-1.48,-1.353,-1.444,-1.378,3.964,2.556,0.845,1.242,88.743,129.377,38.8,44.747,533.145,476.641
US-Rws,2016-06-26,0.153,18.001,16.383,0.155,0.62,59.612,19.305,28.92,9.69,0.0,28.167,-0.355,1.357,0.932,21.969,368.521,,86.126,20.695,2.224,135.327,2.305,91.929,15.364,US-Rws,US-Rws,sagebrush,-0.842,-0.721,-0.842,-0.906,-0.797,-0.871,-0.815,2.833,1.991,0.779,0.818,91.242,130.042,38.307,46.436,532.963,476.675
US-Rws,2016-07-01,0.128,20.894,22.336,0.143,0.615,58.99,22.335,30.34,14.33,0.0,28.167,-0.349,1.267,0.963,23.625,356.455,,85.671,27.339,2.26,124.613,2.032,99.936,14.647,US-Rws,US-Rws,sagebrush,-0.104,0.095,-0.099,-0.182,-0.016,-0.149,-0.054,2.05,1.946,1.132,0.365,92.161,128.43,37.741,48.372,532.767,476.714
US-Rws,2016-07-06,0.121,12.664,17.122,0.13,0.609,58.407,16.075,22.65,9.5,0.0,28.167,-0.504,1.097,0.552,17.318,306.777,,85.605,36.019,1.312,105.18,2.148,114.573,8.492,US-Rws,US-Rws,sagebrush,-0.608,-0.493,-0.608,-0.671,-0.557,-0.634,-0.581,2.378,1.77,0.823,0.619,93.941,127.475,37.45,50.982,532.636,476.742
US-Rws,2016-07-11,0.116,10.132,13.16,0.145,0.605,56.991,12.35,19.85,4.85,0.0,28.167,-0.159,0.763,0.131,13.204,316.317,,85.803,55.256,0.73,127.753,1.947,94.65,26.888,US-Rws,US-Rws,sagebrush,-0.55,-0.47,-0.549,-0.605,-0.497,-0.578,-0.52,2.105,1.556,0.651,0.579,95.588,126.114,37.173,53.809,532.522,476.769
US-Rws,2016-07-16,0.114,15.916,17.937,0.133,0.599,58.95,17.91,25.61,10.21,0.0,28.167,-0.448,0.889,0.47,18.909,355.271,,85.574,28.493,1.622,120.773,2.399,109.998,8.955,US-Rws,US-Rws,sagebrush,-0.342,-0.22,-0.34,-0.397,-0.289,-0.366,-0.314,2.04,1.698,0.869,0.466,96.83,123.88,36.859,56.905,532.414,476.798
US-Rws,2016-07-21,0.113,22.909,20.828,0.125,0.595,57.438,23.395,33.01,13.78,0.0,28.167,-0.025,0.75,0.543,26.456,333.374,,85.832,18.671,2.943,101.383,2.173,71.577,10.554,US-Rws,US-Rws,sagebrush,0.034,0.191,0.037,-0.026,0.109,0.002,0.073,1.598,1.632,1.031,0.226,97.232,120.44,36.551,60.142,532.323,476.828
US-Rws,2016-07-26,0.109,23.708,22.484,0.116,0.592,56.298,24.415,32.72,16.11,0.0,28.167,-0.16,0.76,0.563,27.039,333.567,,85.781,19.994,2.941,105.255,2.064,96.453,8.657,US-Rws,US-Rws,sagebrush,0.169,0.277,0.171,0.088,0.267,0.132,0.215,1.45,1.619,1.123,0.13,97.294,116.502,36.291,63.474,532.255,476.857
US-Rws,2016-07-31,0.113,20.67,22.213,0.109,0.59,55.581,22.405,29.7,15.11,0.0,28.167,-0.128,0.755,0.583,23.824,331.517,,85.494,17.036,2.5,103.568,2.257,90.823,9.818,US-Rws,US-Rws,sagebrush,-0.005,0.164,-0.004,-0.077,0.081,-0.047,0.034,1.65,1.645,1.086,0.225,97.676,112.971,36.106,66.848,532.213,476.882
US-Rws,2016-08-05,0.122,20.897,19.238,0.103,0.588,34.84,22.475,30.09,14.86,1.16,28.167,0.351,0.489,0.52,23.555,183.902,,85.356,24.928,2.234,51.074,2.738,34.625,7.952,US-Rws,US-Rws,sagebrush,0.133,0.188,0.133,0.071,0.192,0.103,0.16,1.142,1.275,0.894,0.099,97.618,108.933,36.031,70.351,532.193,476.903
US-Rws,2016-08-10,0.106,13.677,14.942,0.102,0.587,52.0,15.33,23.19,7.47,0.0,28.167,-0.147,0.678,0.307,16.072,310.357,,85.752,39.608,1.19,104.304,2.195,100.888,6.077,US-Rws,US-Rws,sagebrush,-0.354,-0.275,-0.355,-0.418,-0.304,-0.383,-0.326,1.66,1.306,0.676,0.392,98.569,106.166,36.041,73.91,532.192,476.92
US-Rws,2016-08-15,0.106,22.692,22.529,0.1,0.585,50.174,23.875,31.55,16.2,0.0,28.167,-0.038,0.662,0.502,25.948,299.439,,85.806,20.272,2.773,88.938,2.115,77.49,6.033,US-Rws,US-Rws,sagebrush,0.178,0.197,0.176,0.097,0.253,0.13,0.213,1.285,1.463,1.06,0.09,98.471,102.202,35.944,77.139,532.206,476.943
US-Rws,2016-08-20,0.105,19.782,19.402,0.096,0.585,49.253,21.34,29.53,13.15,0.0,28.167,-0.132,0.76,0.607,22.612,298.605,,85.691,28.958,2.038,86.704,2.09,66.203,4.732,US-Rws,US-Rws,sagebrush,-0.035,0.092,-0.037,-0.102,0.026,-0.069,-0.005,1.364,1.328,0.86,0.201,98.757,98.824,35.931,80.378,532.233,476.961
US-Rws,2016-08-25,0.103,14.977,14.508,0.092,0.584,48.171,16.905,24.47,9.34,0.0,28.167,-0.154,0.71,0.388,18.05,285.593,,85.892,29.468,1.539,76.25,2.019,60.4,3.625,US-Rws,US-Rws,sagebrush,-0.257,-0.182,-0.259,-0.328,-0.203,-0.287,-0.227,1.409,1.152,0.63,0.31,99.419,95.981,36.014,83.716,532.264,476.976
US-Rws,2016-08-30,0.102,22.086,20.631,0.09,0.583,41.247,23.32,31.24,15.4,0.0,28.167,0.293,0.399,0.5,24.913,168.066,,85.668,16.589,2.68,21.059,1.728,16.721,5.498,US-Rws,US-Rws,sagebrush,0.188,0.14,0.18,0.113,0.243,0.144,0.214,1.026,1.214,0.902,0.049,99.179,92.154,36.028,86.76,532.316,476.993
US-Rws,2016-09-04,0.103,9.512,12.97,0.096,0.583,32.42,10.885,15.15,6.62,1.14,28.167,0.316,0.232,0.166,12.004,109.269,,85.101,52.178,0.679,31.945,1.794,21.695,14.784,US-Rws,US-Rws,sagebrush,-0.064,0.0,-0.065,-0.129,-0.011,-0.094,-0.031,1.026,0.962,0.556,0.187,99.416,89.051,36.113,89.796,532.368,477.008
US-Rws,2016-09-09,0.103,12.193,11.842,0.115,0.583,43.663,13.5,21.31,5.69,0.0,28.167,0.016,0.588,0.426,14.405,264.333,,86.458,28.029,1.222,66.515,1.899,59.308,7.312,US-Rws,US-Rws,sagebrush,-0.154,-0.106,-0.152,-0.203,-0.103,-0.18,-0.122,1.24,1.085,0.511,0.29,100.02,86.473,36.095,92.462,532.448,477.026
US-Rws,2016-09-14,0.106,9.224,13.581,0.142,0.582,23.048,10.29,14.83,5.75,0.55,28.167,1.08,0.43,0.754,11.026,68.937,,85.736,62.797,0.501,23.995,1.686,-3.11,38.607,US-Rws,US-Rws,sagebrush,0.285,0.296,0.293,0.241,0.334,0.268,0.319,0.786,1.071,0.562,0.089,99.953,83.146,35.867,94.503,532.577,477.053
US-Rws,2016-09-19,0.102,15.115,15.517,0.147,0.578,38.401,17.165,24.41,9.92,0.0,28.167,0.033,0.369,0.318,17.672,196.713,,85.813,51.606,1.025,65.699,2.058,49.918,1.605,US-Rws,US-Rws,sagebrush,0.163,0.227,0.173,0.121,0.225,0.15,0.196,1.151,1.315,0.62,0.211,90.607,80.273,45.26,96.322,532.736,477.083
US-Rws,2016-09-24,0.1,9.988,9.994,0.158,0.575,36.93,10.92,17.05,4.79,0.0,28.167,0.035,0.704,0.713,11.991,210.179,,86.404,48.443,0.78,60.753,2.949,68.484,11.202,US-Rws,US-Rws,sagebrush,0.09,0.102,0.098,0.049,0.145,0.072,0.126,0.992,1.081,0.415,0.23,82.266,77.456,53.655,98.402,532.945,477.11
US-Rws,2016-09-29,0.104,17.961,16.028,0.152,0.571,32.269,19.815,27.69,11.94,0.0,28.167,0.224,0.439,0.498,21.348,194.702,,85.703,29.39,1.874,41.004,2.542,21.874,4.047,US-Rws,US-Rws,sagebrush,0.348,0.398,0.359,0.3,0.427,0.323,0.394,0.925,1.273,0.558,0.146,74.478,74.271,60.862,100.057,533.283,477.142
US-Rws,2016-10-04,0.102,7.254,6.101,0.145,0.569,23.548,6.46,11.38,1.54,0.0,28.167,-0.202,0.186,0.15,6.971,69.955,,85.321,59.014,0.419,-11.123,2.643,-1.746,4.536,US-Rws,US-Rws,sagebrush,0.17,0.167,0.175,0.123,0.22,0.15,0.201,0.579,0.75,0.285,0.117,67.374,71.032,67.645,102.503,533.525,477.162
US-Rws,2016-10-09,0.1,13.769,11.06,0.145,0.568,30.792,15.455,23.26,7.65,0.0,28.167,0.223,0.287,0.204,18.542,183.379,,85.607,27.813,1.561,32.829,2.498,18.533,7.201,US-Rws,US-Rws,sagebrush,0.209,0.221,0.217,0.149,0.283,0.184,0.247,0.78,0.99,0.358,0.168,61.163,68.136,73.404,104.416,533.888,477.187
US-Rws,2016-10-14,0.096,8.886,11.731,0.152,0.564,14.339,11.6,16.69,6.51,5.7,28.167,1.216,0.186,0.796,11.834,44.651,,84.844,62.83,0.636,-4.38,3.566,-29.354,36.081,US-Rws,US-Rws,sagebrush,0.498,0.349,0.5,0.416,0.578,0.458,0.539,0.399,0.897,0.348,0.02,55.067,64.635,78.333,106.117,534.338,477.214
US-Rws,2016-10-19,0.096,4.896,5.339,0.223,0.596,27.674,5.405,11.0,-0.19,0.0,28.167,0.673,0.341,0.858,5.609,153.214,,86.653,66.775,0.321,25.218,2.377,-3.018,27.805,US-Rws,US-Rws,sagebrush,0.387,0.316,0.398,0.332,0.462,0.366,0.428,0.631,1.018,0.219,0.164,50.082,63.057,82.338,106.129,534.914,477.247
US-Rws,2016-10-24,0.098,4.333,10.016,0.197,0.605,20.806,11.095,15.36,6.83,4.3,28.167,1.294,0.12,0.988,12.881,41.387,,85.342,49.267,0.779,-12.498,2.963,-37.367,42.73,US-Rws,US-Rws,sagebrush,0.503,0.46,0.515,0.432,0.589,0.471,0.557,0.611,1.114,0.275,0.134,45.495,61.757,85.611,105.531,535.576,477.283
US-Rws,2016-10-29,0.108,5.465,9.315,0.204,0.607,22.498,8.715,14.3,3.13,0.0,28.167,0.349,0.717,1.142,9.565,100.649,,85.55,75.24,0.308,28.4,2.466,0.83,28.167,US-Rws,US-Rws,sagebrush,0.437,0.384,0.448,0.366,0.524,0.405,0.491,0.716,1.153,0.25,0.186,41.55,60.748,88.337,104.85,536.265,477.32
US-Rws,2016-11-03,0.115,4.817,3.548,0.215,0.631,20.432,7.555,13.84,1.27,0.0,28.167,0.251,0.706,0.606,8.07,134.808,,86.568,53.267,0.547,9.524,2.408,-7.722,23.207,US-Rws,US-Rws,sagebrush,0.343,0.274,0.35,0.293,0.403,0.327,0.377,0.538,0.88,0.168,0.147,37.869,60.466,91.024,103.829,536.818,477.349
US-Rws,2016-11-08,0.113,6.551,5.876,0.21,0.627,18.349,10.85,17.91,3.79,0.0,28.167,0.188,0.898,0.905,12.278,120.016,,86.504,47.989,0.775,9.317,1.426,-8.364,12.014,US-Rws,US-Rws,sagebrush,0.429,0.366,0.438,0.372,0.501,0.407,0.469,0.519,0.948,0.186,0.132,34.509,59.999,93.128,102.749,537.443,477.381
US-Rws,2016-11-13,0.114,4.535,4.285,0.203,0.624,11.559,7.775,14.07,1.48,0.0,28.167,0.393,0.792,0.802,9.329,88.754,,86.206,53.743,0.558,-2.05,1.846,-5.781,5.694,US-Rws,US-Rws,sagebrush,0.464,0.375,0.471,0.417,0.525,0.447,0.496,0.317,0.781,0.162,0.062,31.242,59.116,95.061,102.06,538.001,477.41
US-Rws,2016-11-18,0.114,2.031,-2.262,0.227,0.612,13.598,-0.53,5.14,-6.2,0.0,28.167,-0.194,0.726,0.659,1.039,82.03,,85.894,51.061,0.335,2.759,4.306,0.879,11.976,US-Rws,US-Rws,sagebrush,0.331,0.264,0.336,0.293,0.377,0.318,0.356,0.25,0.582,0.105,0.058,28.293,59.355,97.027,100.701,538.427,477.432
US-Rws,2016-11-23,0.102,1.742,0.739,0.217,0.616,13.394,1.48,5.53,-2.57,0.0,28.167,-0.049,0.73,0.522,2.749,79.121,,85.645,60.961,0.293,-4.002,2.792,-8.038,12.643,US-Rws,US-Rws,sagebrush,0.399,0.324,0.406,0.362,0.448,0.387,0.429,0.268,0.667,0.122,0.058,25.642,58.224,98.477,100.514,538.923,477.458
US-Rws,2016-11-28,0.085,0.922,0.352,0.225,0.612,5.642,-0.1,2.14,-2.34,3.37,28.167,0.631,0.37,0.676,0.626,58.848,,84.715,69.574,0.196,-3.679,4.585,-11.237,21.568,US-Rws,US-Rws,sagebrush,0.5,0.334,0.509,0.451,0.552,0.483,0.534,0.049,0.549,0.049,0.0,23.058,56.742,99.609,100.41,539.438,477.484
US-Rws,2016-12-03,0.07,1.63,-2.1,0.265,0.594,12.008,0.4,4.47,-3.67,0.0,28.167,0.199,0.258,0.301,2.169,52.273,,86.082,61.144,0.282,-15.158,2.57,-8.129,4.74,US-Rws,US-Rws,sagebrush,0.503,0.343,0.505,0.459,0.549,0.484,0.523,0.112,0.614,0.093,0.007,20.759,56.772,100.428,98.787,539.969,477.511
US-Rws,2016-12-08,0.054,1.365,-8.39,0.318,0.62,6.373,-6.07,-0.54,-11.6,7.31,28.167,-0.534,0.491,0.865,-7.904,31.274,,85.686,80.163,0.065,0.006,3.609,-15.79,6.55,US-Rws,US-Rws,sagebrush,0.381,0.237,0.387,0.333,0.439,0.365,0.407,0.015,0.396,0.015,0.0,18.667,56.772,101.391,97.597,540.363,477.531
US-Rws,2016-12-13,0.039,1.296,-3.705,0.43,0.751,13.246,-4.1,0.32,-8.52,0.0,28.167,-0.241,0.44,0.407,-4.117,76.821,,85.759,75.499,0.111,-12.13,1.127,1.711,3.285,US-Rws,US-Rws,sagebrush,0.783,0.54,0.796,0.73,0.87,0.767,0.828,0.023,0.806,0.023,0.0,16.785,56.772,100.928,95.183,541.164,477.574
US-Rws,2016-12-18,0.023,0.892,-10.665,0.439,0.944,13.396,-12.61,-6.75,-18.47,0.0,28.167,0.074,0.322,0.328,-7.092,77.219,,,73.004,0.172,,,-10.655,5.606,US-Rws,US-Rws,sagebrush,0.435,0.266,0.44,0.36,0.508,0.412,0.465,0.0,0.435,0.0,0.0,16.766,56.772,99.635,93.859,541.603,477.598
US-Rws,2016-12-23,0.008,1.376,-8.103,0.439,0.998,10.812,-5.585,-0.23,-10.94,7.62,28.167,-0.028,0.065,0.179,-4.812,29.246,,84.697,84.648,0.065,-12.606,1.514,-11.718,9.103,US-Rws,US-Rws,sagebrush,0.547,0.355,0.555,0.483,0.617,0.528,0.579,0.0,0.547,0.0,0.0,16.747,56.772,98.009,92.2,542.142,477.628
US-Rws,2016-12-28,-0.006,1.44,-6.238,0.438,1.009,13.025,-4.855,0.47,-10.18,0.0,28.167,0.21,0.173,0.373,-2.418,85.451,,86.555,65.52,0.185,-15.384,2.435,-19.857,4.152,US-Rws,US-Rws,sagebrush,0.633,0.426,0.642,0.578,0.697,0.615,0.667,0.0,0.633,0.0,0.0,16.728,56.772,96.131,90.291,542.748,477.665
US-Rws,2017-01-02,-0.014,0.852,-7.731,0.439,1.013,10.595,-8.73,-4.78,-12.68,2.63,28.167,-0.464,0.677,0.34,-6.883,50.535,,84.765,79.931,0.075,29.512,1.18,,,US-Rws,US-Rws,sagebrush,0.549,0.362,0.557,0.491,0.613,0.533,0.58,0.0,0.549,0.0,0.0,16.708,56.772,94.51,88.642,543.258,477.697
US-Rws,2017-01-07,-0.019,1.267,-9.724,0.438,1.013,10.996,-11.555,-3.18,-19.93,5.75,28.167,-1.822,0.45,0.225,-10.238,31.031,,85.616,71.047,0.077,-15.702,2.317,,,US-Rws,US-Rws,sagebrush,0.452,0.288,0.457,0.387,0.516,0.433,0.481,0.0,0.452,0.0,0.0,16.689,56.772,93.185,87.294,543.665,477.724
US-Rws,2017-01-12,-0.026,1.329,-4.592,0.439,1.307,15.694,-5.71,-0.52,-10.9,0.0,28.167,-0.221,0.509,0.977,-5.029,103.118,,85.503,74.014,0.111,-18.774,1.609,,,US-Rws,US-Rws,sagebrush,0.695,0.487,0.706,0.649,0.754,0.683,0.733,0.0,0.695,0.0,0.0,16.67,56.772,91.143,85.228,544.272,477.767
US-Rws,2017-01-17,-0.028,1.131,-10.044,0.439,1.28,15.265,-9.18,-3.43,-14.93,0.0,28.167,-0.87,0.171,0.192,-9.469,103.495,,85.918,80.506,0.062,4.668,1.028,1.483,-0.618,US-Rws,US-Rws,sagebrush,0.426,0.272,0.431,0.365,0.487,0.409,0.455,0.0,0.426,0.0,0.0,16.651,56.772,89.904,83.969,544.632,477.793
US-Rws,2017-01-22,-0.028,1.35,-4.81,0.439,1.315,11.072,-1.47,2.31,-5.25,2.56,28.167,0.866,0.011,0.388,-0.238,57.301,,84.444,67.393,0.198,-16.748,4.038,-30.465,14.238,US-Rws,US-Rws,sagebrush,0.665,0.469,0.675,0.622,0.715,0.653,0.7,0.0,0.665,0.0,0.0,16.632,56.772,87.968,82.016,545.173,477.836
US-Rws,2017-01-27,-0.027,1.262,-7.209,0.439,1.31,18.422,-6.51,-1.29,-11.73,0.0,28.167,-2.274,0.34,0.425,-5.782,119.637,,87.332,72.834,0.109,-14.125,1.634,-68.696,-7.386,US-Rws,US-Rws,sagebrush,0.537,0.366,0.544,0.488,0.59,0.523,0.566,0.0,0.537,0.0,0.0,16.613,56.772,86.415,80.448,545.591,477.871
US-Rws,2017-02-01,-0.022,1.136,-5.09,0.439,1.317,15.844,-3.075,0.43,-6.58,0.0,28.167,-1.096,0.2,0.663,-4.288,71.301,,85.66,85.043,0.068,12.52,1.174,-10.064,2.799,US-Rws,US-Rws,sagebrush,0.631,0.447,0.64,0.589,0.678,0.618,0.664,0.0,0.631,0.0,0.0,16.594,56.772,84.596,78.617,546.063,477.913
US-Rws,2017-02-06,-0.013,1.733,-2.183,0.439,1.317,16.914,2.885,6.52,-0.75,4.04,28.167,1.134,0.149,1.23,4.614,79.589,,84.064,65.317,0.311,8.277,6.58,-81.629,48.976,US-Rws,US-Rws,sagebrush,0.772,0.573,0.784,0.729,0.831,0.759,0.811,0.0,0.772,0.0,0.0,16.575,56.772,82.379,76.395,546.608,477.966
US-Rws,2017-02-11,0.005,1.494,-0.523,0.352,1.317,22.525,-1.225,2.94,-5.39,0.0,28.167,-0.051,0.439,0.198,-0.492,146.09,,86.319,62.173,0.224,12.552,2.147,16.928,31.788,US-Rws,US-Rws,sagebrush,0.666,0.501,0.678,0.625,0.715,0.658,0.7,0.0,0.666,0.0,0.0,16.544,56.574,80.493,74.69,547.05,478.012
US-Rws,2017-02-16,0.023,2.734,-0.156,0.351,1.317,16.171,5.695,10.7,0.69,2.81,28.167,0.655,0.455,0.078,7.145,85.427,,84.703,53.123,0.496,29.199,4.068,-50.956,63.259,US-Rws,US-Rws,sagebrush,0.67,0.512,0.681,0.629,0.718,0.661,0.703,0.0,0.67,0.0,0.0,16.512,56.378,78.609,72.986,547.468,478.06
US-Rws,2017-02-21,0.042,1.743,2.547,0.264,1.317,21.684,3.015,6.64,-0.61,0.0,28.167,0.606,1.035,1.048,4.727,113.771,,85.163,61.814,0.331,10.887,5.086,-37.715,69.025,US-Rws,US-Rws,sagebrush,0.565,0.433,0.569,0.522,0.604,0.551,0.589,0.096,0.661,0.096,0.0,16.468,56.181,77.051,71.59,547.799,478.102
US-Rws,2017-02-26,0.06,1.177,-5.102,0.307,1.259,24.312,-3.52,0.26,-7.3,0.0,28.167,0.082,0.3,0.268,-2.282,94.948,,84.658,58.222,0.219,-1.477,2.899,-12.845,29.03,US-Rws,US-Rws,sagebrush,0.375,0.281,0.376,0.345,0.406,0.361,0.392,0.094,0.47,0.071,0.009,16.462,56.22,75.989,70.496,548.017,478.131
US-Rws,2017-03-03,0.079,2.511,-1.495,0.324,1.26,32.313,4.66,9.55,-0.23,0.0,28.167,0.176,0.96,1.541,6.34,136.03,,85.618,50.291,0.481,53.827,2.338,-7.284,38.402,US-Rws,US-Rws,sagebrush,0.365,0.321,0.37,0.346,0.401,0.356,0.382,0.374,0.739,0.088,0.114,16.819,56.491,74.513,69.192,548.3,478.171
US-Rws,2017-03-08,0.097,2.497,0.574,0.296,1.305,26.588,6.46,10.72,2.2,2.79,28.167,-0.093,1.216,1.267,7.316,154.592,,85.909,63.572,0.398,81.394,3.127,-0.587,50.799,US-Rws,US-Rws,sagebrush,0.316,0.289,0.321,0.297,0.35,0.309,0.334,0.487,0.803,0.101,0.154,17.309,56.926,73.019,67.865,548.572,478.213
US-Rws,2017-03-13,0.115,5.067,2.293,0.253,1.223,35.891,9.54,17.51,1.57,0.0,28.167,0.241,1.659,1.969,10.435,213.575,,86.043,44.487,0.739,79.085,2.12,17.742,30.966,US-Rws,US-Rws,sagebrush,0.042,0.034,0.045,0.023,0.066,0.033,0.056,0.881,0.922,0.113,0.306,18.315,57.984,71.669,66.672,548.804,478.253
US-Rws,2017-03-18,0.134,3.619,5.646,0.245,0.981,32.163,10.705,15.56,5.85,1.72,28.167,0.271,1.936,2.11,13.892,102.291,,85.433,43.963,0.934,28.67,2.55,-14.095,44.926,US-Rws,US-Rws,sagebrush,-0.047,-0.035,-0.043,-0.075,-0.005,-0.06,-0.029,1.187,1.14,0.142,0.416,19.698,59.491,70.116,65.276,549.052,478.299
US-Rws,2017-03-23,0.152,2.632,4.522,0.248,0.794,39.753,4.62,9.8,-0.56,0.0,28.167,-0.907,2.904,1.67,4.7,228.704,,85.498,58.459,0.384,79.528,2.913,42.782,44.184,US-Rws,US-Rws,sagebrush,-0.366,-0.358,-0.364,-0.394,-0.337,-0.38,-0.351,1.654,1.288,0.138,0.604,21.725,61.764,68.675,63.993,549.264,478.343
US-Rws,2017-03-28,0.163,2.599,2.556,0.258,0.774,37.117,3.52,9.07,-2.03,0.0,28.167,-1.277,2.562,1.417,4.426,190.053,,86.202,60.777,0.348,73.751,2.516,39.053,41.698,US-Rws,US-Rws,sagebrush,-0.325,-0.324,-0.323,-0.351,-0.298,-0.335,-0.311,1.505,1.18,0.129,0.548,23.556,63.799,67.364,62.842,549.442,478.384
US-Rws,2017-04-02,0.169,2.941,5.35,0.262,0.825,44.959,5.15,10.83,-0.53,0.0,28.167,-1.27,2.429,0.916,6.896,264.768,,85.665,51.96,0.5,120.324,3.033,52.05,75.868,US-Rws,US-Rws,sagebrush,-0.632,-0.617,-0.63,-0.668,-0.597,-0.648,-0.613,2.196,1.564,0.16,0.811,26.289,66.908,65.825,61.464,549.63,478.434
US-Rws,2017-04-07,0.173,2.599,8.467,0.236,0.756,31.522,7.95,11.97,3.93,1.57,28.167,-0.726,2.38,1.139,9.193,127.436,,,56.914,0.509,41.143,4.261,1.773,45.276,US-Rws,US-Rws,sagebrush,-0.384,-0.337,-0.381,-0.416,-0.345,-0.4,-0.363,1.855,1.472,0.206,0.657,28.477,69.372,64.269,60.066,549.798,478.486
US-Rws,2017-04-12,0.177,4.83,6.628,0.228,0.72,35.718,9.34,16.5,2.18,0.0,28.167,-1.042,3.227,2.071,11.274,196.092,,85.073,47.641,0.73,75.984,3.096,23.226,44.36,US-Rws,US-Rws,sagebrush,-0.501,-0.463,-0.5,-0.53,-0.475,-0.514,-0.486,1.898,1.398,0.194,0.679,30.733,71.919,62.957,58.911,549.922,478.531
US-Rws,2017-04-17,0.18,3.147,6.95,0.262,0.755,39.111,8.22,13.13,3.31,3.87,28.167,-1.429,2.182,1.464,9.107,219.551,,85.318,59.28,0.5,109.178,2.729,28.18,69.894,US-Rws,US-Rws,sagebrush,-0.6,-0.561,-0.598,-0.631,-0.565,-0.614,-0.581,2.235,1.635,0.207,0.807,33.435,74.986,61.402,57.522,550.043,478.585
US-Rws,2017-04-22,0.189,5.008,4.929,0.242,0.755,48.667,8.56,16.17,0.95,0.0,28.167,-1.959,1.973,1.571,10.485,234.317,,85.533,37.294,0.822,99.107,4.647,49.952,55.168,US-Rws,US-Rws,sagebrush,-0.921,-0.892,-0.921,-0.956,-0.88,-0.939,-0.903,2.551,1.63,0.194,0.939,36.576,78.58,60.195,56.477,550.12,478.63
US-Rws,2017-04-27,0.197,1.783,3.552,0.273,0.813,25.02,3.085,6.78,-0.61,0.0,28.167,-1.84,3.142,0.939,2.822,197.598,,85.263,62.417,0.295,100.229,3.9,52.854,56.87,US-Rws,US-Rws,sagebrush,-0.183,-0.157,-0.182,-0.21,-0.149,-0.197,-0.165,1.363,1.179,0.189,0.467,38.093,80.226,58.931,55.386,550.181,478.677
US-Rws,2017-05-02,0.193,3.751,7.851,0.234,0.754,49.172,9.905,15.26,4.55,0.0,28.167,-2.591,4.902,2.881,10.065,267.888,,85.983,59.135,0.536,129.416,2.747,77.628,46.748,US-Rws,US-Rws,sagebrush,-1.189,-1.134,-1.19,-1.233,-1.143,-1.209,-1.167,3.134,1.945,0.252,1.147,41.939,84.66,57.638,54.253,550.225,478.727
US-Rws,2017-05-07,0.188,3.228,8.666,0.228,0.718,52.39,7.15,12.62,1.68,0.0,28.167,-2.536,5.178,2.857,6.979,256.463,,85.402,55.439,0.481,116.392,2.662,66.904,52.22,US-Rws,US-Rws,sagebrush,-1.329,-1.265,-1.33,-1.376,-1.277,-1.352,-1.304,3.392,2.064,0.284,1.238,46.083,89.45,56.376,53.15,550.246,478.777
US-Rws,2017-05-12,0.182,3.651,12.519,0.205,0.691,35.373,6.795,12.63,0.96,1.92,28.167,-0.922,2.586,1.454,7.309,130.325,,85.232,61.558,0.42,44.203,2.691,30.772,27.836,US-Rws,US-Rws,sagebrush,-0.746,-0.641,-0.747,-0.779,-0.713,-0.761,-0.73,2.565,1.819,0.383,0.869,48.933,92.708,55.086,52.013,550.244,478.83
US-Rws,2017-05-17,0.181,1.444,5.559,0.267,0.72,36.447,2.055,5.2,-1.09,0.0,28.167,0.097,1.248,0.609,2.491,121.996,,85.175,80.046,0.146,67.118,3.524,16.676,61.098,US-Rws,US-Rws,sagebrush,-0.375,-0.322,-0.374,-0.408,-0.333,-0.394,-0.355,1.781,1.406,0.263,0.604,50.888,94.868,53.862,50.967,550.221,478.882
US-Rws,2017-05-22,0.176,9.008,13.51,0.224,0.718,60.368,15.415,23.34,7.49,0.0,28.167,-1.399,3.35,1.529,17.187,350.378,,86.179,40.567,1.239,153.225,2.087,74.057,67.813,US-Rws,US-Rws,sagebrush,-1.434,-1.312,-1.435,-1.479,-1.389,-1.458,-1.408,3.882,2.448,0.437,1.371,55.464,100.172,52.427,49.689,550.164,478.944
US-Rws,2017-05-27,0.17,7.892,11.633,0.208,0.697,61.007,13.13,21.22,5.04,0.0,28.167,-1.208,2.969,1.609,15.022,353.458,,86.072,40.656,1.086,151.925,1.998,73.257,51.742,US-Rws,US-Rws,sagebrush,-1.378,-1.278,-1.38,-1.422,-1.331,-1.403,-1.356,3.587,2.209,0.417,1.262,59.642,105.007,51.297,48.714,550.093,478.995
US-Rws,2017-06-01,0.171,4.019,16.898,0.196,0.681,42.146,13.57,18.08,9.06,2.34,28.167,-0.774,2.396,1.696,14.655,184.104,,85.367,61.776,0.654,79.147,2.096,38.951,49.88,US-Rws,US-Rws,sagebrush,-0.955,-0.788,-0.955,-0.995,-0.906,-0.978,-0.935,3.202,2.247,0.606,1.033,63.011,108.887,50.01,47.573,549.986,479.056
US-Rws,2017-06-06,0.17,11.601,14.527,0.206,0.672,56.165,17.1,26.38,7.82,0.0,28.167,-0.682,2.55,1.811,19.187,326.675,,85.657,27.554,1.722,137.784,2.278,62.087,47.432,US-Rws,US-Rws,sagebrush,-1.128,-0.989,-1.129,-1.174,-1.088,-1.152,-1.111,3.383,2.255,0.549,1.129,66.703,113.145,48.813,46.53,549.857,479.114
US-Rws,2017-06-11,0.171,3.571,10.376,0.209,0.663,37.533,8.49,14.08,2.9,15.84,28.167,0.564,1.419,1.94,7.999,133.233,,84.922,68.477,0.355,54.04,1.628,18.428,44.36,US-Rws,US-Rws,sagebrush,-0.645,-0.547,-0.646,-0.688,-0.607,-0.665,-0.623,2.316,1.671,0.447,0.744,69.059,115.809,47.875,45.752,549.73,479.163
US-Rws,2017-06-16,0.164,5.295,15.087,0.241,0.762,35.166,15.985,21.03,10.94,0.0,28.167,0.676,2.011,2.982,15.973,143.5,,85.788,62.16,0.71,79.106,1.691,30.575,58.456,US-Rws,US-Rws,sagebrush,-0.368,-0.197,-0.365,-0.43,-0.283,-0.398,-0.334,2.381,2.013,0.61,0.705,71.292,118.301,46.419,44.464,549.514,479.234
US-Rws,2017-06-21,0.158,9.389,19.767,0.217,0.716,58.995,19.185,25.74,12.63,0.0,28.167,0.378,2.705,2.806,20.667,366.739,,85.825,34.225,1.667,152.001,2.549,89.726,79.732,US-Rws,US-Rws,sagebrush,-0.952,-0.72,-0.95,-1.027,-0.862,-0.998,-0.916,3.62,2.668,0.83,1.111,74.903,122.452,44.939,43.134,549.247,479.31
US-Rws,2017-06-26,0.153,15.883,20.841,0.2,0.686,58.148,23.0,31.92,14.08,0.0,28.167,0.3,2.29,2.75,25.287,304.893,,85.513,25.369,2.499,110.585,2.392,41.621,62.414,US-Rws,US-Rws,sagebrush,-0.527,-0.284,-0.525,-0.605,-0.432,-0.576,-0.484,2.912,2.385,0.922,0.792,77.393,125.28,43.634,41.972,548.961,479.381
US-Rws,2017-07-01,0.15,16.647,18.861,0.184,0.665,57.386,21.675,30.5,12.85,0.0,28.167,-0.154,2.186,2.144,24.208,319.071,,85.549,22.736,2.44,116.209,2.41,55.036,56.357,US-Rws,US-Rws,sagebrush,-0.599,-0.403,-0.6,-0.665,-0.533,-0.631,-0.567,2.753,2.153,0.84,0.762,79.758,127.972,42.637,41.113,548.698,479.439
US-Rws,2017-07-06,0.148,19.418,23.81,0.168,0.653,57.276,24.975,33.25,16.7,0.0,28.167,0.054,1.947,2.359,28.09,337.916,,86.207,17.822,3.208,119.73,1.951,59.799,54.443,US-Rws,US-Rws,sagebrush,-0.226,0.048,-0.224,-0.336,-0.101,-0.288,-0.163,2.499,2.273,1.162,0.533,81.314,129.715,41.612,40.21,548.396,479.502
US-Rws,2017-07-11,0.144,14.18,21.738,0.152,0.645,58.335,21.075,28.35,13.8,0.0,28.167,0.037,2.066,1.694,22.393,348.726,,85.608,27.335,2.036,128.967,2.093,91.645,36.624,US-Rws,US-Rws,sagebrush,-0.626,-0.411,-0.627,-0.695,-0.548,-0.669,-0.591,2.856,2.23,1.041,0.723,83.509,131.842,40.867,39.974,548.135,479.552
US-Rws,2017-07-16,0.141,14.673,24.11,0.139,0.64,57.219,22.15,28.82,15.48,0.0,28.167,-0.081,1.643,1.293,23.299,348.138,,85.871,26.284,2.148,125.912,1.969,95.525,30.324,US-Rws,US-Rws,sagebrush,-0.428,-0.184,-0.428,-0.537,-0.319,-0.484,-0.378,2.676,2.248,1.226,0.577,85.184,132.957,40.199,40.202,547.876,479.6
US-Rws,2017-07-21,0.141,16.5,20.279,0.127,0.636,57.682,21.0,29.07,12.93,0.0,28.167,-0.012,0.309,0.299,23.132,344.564,,85.888,25.065,2.202,119.699,1.946,95.903,25.061,US-Rws,US-Rws,sagebrush,-0.611,-0.446,-0.615,-0.662,-0.557,-0.653,-0.583,2.573,1.962,0.985,0.632,87.034,133.971,39.779,40.981,547.674,479.637
US-Rws,2017-07-26,0.134,18.818,23.16,0.119,0.633,54.296,22.52,29.19,15.85,0.0,28.167,0.231,0.705,0.939,23.598,240.997,,85.974,38.709,1.83,96.639,2.6,49.598,27.461,US-Rws,US-Rws,sagebrush,-0.222,-0.022,-0.226,-0.318,-0.132,-0.271,-0.183,2.131,1.909,1.188,0.375,87.985,133.734,39.38,41.941,547.474,479.675
US-Rws,2017-07-31,0.127,23.817,23.953,0.114,0.631,55.686,24.975,32.98,16.97,0.0,28.167,0.147,0.726,0.665,27.398,326.253,,86.291,20.099,3.012,101.683,2.079,62.342,19.119,US-Rws,US-Rws,sagebrush,0.034,0.24,0.03,-0.08,0.138,-0.019,0.076,1.751,1.785,1.251,0.199,88.32,132.616,39.02,43.065,547.285,479.71
US-Rws,2017-08-05,0.127,20.925,21.249,0.107,0.63,54.129,23.05,30.59,15.51,0.0,28.167,0.24,0.758,0.89,25.341,302.626,,85.494,17.525,2.746,80.292,2.598,72.548,16.743,US-Rws,US-Rws,sagebrush,-0.2,-0.047,-0.207,-0.267,-0.14,-0.242,-0.173,1.857,1.657,1.058,0.318,89.058,131.904,38.792,44.391,547.132,479.74
US-Rws,2017-08-10,0.128,19.236,21.549,0.111,0.629,50.257,21.56,29.33,13.79,0.0,28.167,0.215,0.651,0.853,23.747,218.267,,85.869,28.881,2.163,56.674,2.296,42.816,13.513,US-Rws,US-Rws,sagebrush,-0.155,0.002,-0.161,-0.226,-0.091,-0.196,-0.129,1.834,1.678,1.078,0.301,89.738,131.037,38.533,45.739,546.977,479.771
US-Rws,2017-08-15,0.128,15.992,18.056,0.138,0.627,50.762,17.845,25.83,9.86,0.0,28.167,0.165,0.424,0.4,19.287,298.656,,85.376,42.61,1.402,106.038,1.926,66.199,22.353,US-Rws,US-Rws,sagebrush,-0.333,-0.203,-0.333,-0.382,-0.29,-0.356,-0.311,2.033,1.7,0.872,0.462,90.992,130.696,38.131,47.035,546.796,479.809
US-Rws,2017-08-20,0.121,16.667,17.913,0.129,0.622,49.617,18.585,26.4,10.77,0.0,28.167,0.083,0.711,0.823,19.985,290.663,,85.809,23.976,1.836,81.979,2.087,85.112,13.122,US-Rws,US-Rws,sagebrush,-0.24,-0.12,-0.242,-0.292,-0.197,-0.265,-0.217,1.821,1.581,0.868,0.379,91.949,129.663,37.818,48.749,546.638,479.843
US-Rws,2017-08-25,0.116,19.396,20.143,0.16,0.619,46.469,21.19,28.84,13.54,0.0,28.167,0.073,0.619,0.706,21.635,264.346,,85.611,37.827,1.684,83.579,1.787,67.388,10.263,US-Rws,US-Rws,sagebrush,0.188,0.358,0.196,0.135,0.264,0.163,0.232,1.495,1.684,0.993,0.2,92.309,127.707,37.189,50.204,546.418,479.892
US-Rws,2017-08-30,0.119,19.366,23.293,0.152,0.613,41.499,23.855,31.32,16.39,2.81,28.167,0.436,0.83,1.35,26.4,176.516,,85.666,26.449,2.607,35.605,3.125,16.732,17.912,US-Rws,US-Rws,sagebrush,0.406,0.488,0.41,0.317,0.495,0.363,0.462,1.374,1.781,1.192,0.072,92.22,124.775,36.542,52.012,546.195,479.944
US-Rws,2017-09-04,0.115,24.574,23.138,0.158,0.606,44.389,24.75,33.93,15.57,0.0,28.167,0.357,0.63,1.02,27.582,233.596,,86.006,18.595,3.099,46.143,2.188,30.524,10.285,US-Rws,US-Rws,sagebrush,0.529,0.517,0.521,0.432,0.601,0.481,0.573,1.194,1.722,1.165,0.011,91.926,121.184,35.86,54.105,545.972,479.998
US-Rws,2017-09-09,0.111,18.216,21.747,0.147,0.601,40.013,22.045,28.08,16.01,0.0,28.167,-0.165,0.885,0.287,23.316,223.976,,85.746,35.222,1.897,71.441,1.719,58.846,8.148,US-Rws,US-Rws,sagebrush,0.353,0.433,0.357,0.287,0.43,0.324,0.395,1.259,1.612,1.052,0.082,91.869,117.675,35.339,56.56,545.793,480.044
US-Rws,2017-09-14,0.111,12.359,17.833,0.146,0.598,31.55,14.495,20.1,8.89,0.0,28.167,0.092,0.866,0.646,16.145,145.535,,85.045,41.611,1.114,38.135,2.406,29.745,32.632,US-Rws,US-Rws,sagebrush,0.208,0.33,0.213,0.17,0.255,0.191,0.235,1.16,1.368,0.817,0.137,92.0,114.263,34.952,59.286,545.655,480.083
US-Rws,2017-09-19,0.111,6.357,10.816,0.185,0.596,12.605,7.305,11.35,3.26,2.14,28.167,0.201,0.876,0.613,7.966,155.43,,85.134,59.177,0.456,54.95,3.041,17.026,47.928,US-Rws,US-Rws,sagebrush,0.426,0.383,0.449,0.374,0.519,0.409,0.486,0.437,0.862,0.437,0.0,82.727,110.308,43.498,61.923,545.534,480.123
US-Rws,2017-09-24,0.109,7.983,6.38,0.208,0.623,36.894,7.245,14.05,0.44,0.0,28.167,-0.717,1.142,0.377,8.272,218.773,,85.697,49.846,0.59,62.334,2.853,61.808,15.971,US-Rws,US-Rws,sagebrush,0.056,0.084,0.069,0.021,0.115,0.042,0.096,0.98,1.037,0.377,0.24,75.218,109.166,51.002,62.78,545.506,480.16
US-Rws,2017-09-29,0.106,13.108,10.833,0.191,0.618,35.092,14.39,23.07,5.71,0.0,28.167,-0.099,0.991,0.68,16.878,205.442,,85.581,27.486,1.44,56.22,1.939,35.247,8.792,US-Rws,US-Rws,sagebrush,0.191,0.24,0.205,0.163,0.242,0.181,0.228,0.977,1.168,0.471,0.202,68.331,107.56,57.479,63.76,545.544,480.201
US-Rws,2017-10-04,0.105,6.695,5.764,0.193,0.61,26.856,7.14,12.55,1.73,0.0,28.167,-0.22,0.494,0.231,7.782,80.896,,85.857,49.616,0.56,3.409,1.588,5.005,5.462,US-Rws,US-Rws,sagebrush,0.192,0.206,0.203,0.162,0.242,0.178,0.229,0.681,0.873,0.331,0.14,61.926,105.236,63.394,65.503,545.625,480.233
US-Rws,2017-10-09,0.111,6.153,3.428,0.192,0.603,32.197,4.405,11.76,-2.95,0.0,28.167,-0.348,1.021,0.297,5.349,183.497,,86.317,47.489,0.508,34.594,2.395,19.617,2.906,US-Rws,US-Rws,sagebrush,0.054,0.054,0.063,0.02,0.104,0.042,0.088,0.787,0.841,0.273,0.205,56.389,102.848,68.706,67.703,545.739,480.261
US-Rws,2017-10-14,0.11,3.935,3.393,0.203,0.596,29.888,0.95,7.3,-5.4,0.0,28.167,-0.052,0.772,0.109,1.099,177.756,,86.83,63.89,0.261,73.002,1.776,12.107,23.034,US-Rws,US-Rws,sagebrush,0.107,0.099,0.117,0.078,0.16,0.095,0.141,0.754,0.861,0.259,0.197,51.385,100.093,73.31,70.128,545.906,480.291
US-Rws,2017-10-19,0.114,9.266,7.059,0.195,0.596,28.163,12.985,20.82,5.15,3.76,28.167,0.281,1.02,1.273,17.555,165.402,,84.857,15.306,1.728,1.769,3.097,-9.786,9.218,US-Rws,US-Rws,sagebrush,0.194,0.195,0.205,0.159,0.248,0.182,0.23,0.801,0.995,0.308,0.196,46.882,97.421,77.139,72.225,546.151,480.326
US-Rws,2017-10-24,0.112,6.437,5.509,0.213,0.627,26.389,8.5,16.66,0.34,0.0,28.167,0.026,0.733,0.731,9.221,156.139,,87.202,41.637,0.689,26.66,1.588,10.727,8.127,US-Rws,US-Rws,sagebrush,0.244,0.23,0.256,0.213,0.304,0.232,0.282,0.72,0.964,0.267,0.18,42.779,96.5,80.411,72.43,546.443,480.362
US-Rws,2017-10-29,0.104,6.829,7.093,0.203,0.625,24.228,10.55,18.16,2.94,0.0,28.167,0.229,0.739,0.8,11.907,140.912,,85.47,50.019,0.712,21.892,1.489,17.04,2.784,US-Rws,US-Rws,sagebrush,0.32,0.313,0.332,0.283,0.381,0.307,0.357,0.646,0.965,0.284,0.144,38.964,95.367,83.169,72.659,546.769,480.399
US-Rws,2017-11-03,0.1,2.349,6.762,0.211,0.618,10.817,4.27,8.92,-0.38,9.31,28.167,0.696,0.251,0.909,5.59,43.985,,,76.801,0.266,16.676,3.159,-43.11,27.038,US-Rws,US-Rws,sagebrush,0.543,0.437,0.553,0.496,0.612,0.523,0.584,0.296,0.839,0.268,0.011,35.075,93.316,85.445,73.212,547.126,480.438
US-Rws,2017-11-08,0.094,2.056,-0.801,0.286,0.727,16.376,1.285,6.27,-3.7,0.0,28.167,1.023,0.279,0.981,1.157,48.214,,85.637,61.669,0.26,-5.394,2.453,-26.4,25.78,US-Rws,US-Rws,sagebrush,0.457,0.393,0.471,0.434,0.524,0.452,0.489,0.261,0.719,0.162,0.039,31.676,93.153,87.433,72.118,547.472,480.473
US-Rws,2017-11-13,0.081,3.123,2.836,0.255,0.755,16.894,5.965,11.71,0.22,2.67,28.167,1.299,0.611,1.506,9.452,107.244,,85.553,43.636,0.681,3.223,2.649,-16.155,33.071,US-Rws,US-Rws,sagebrush,0.525,0.445,0.54,0.499,0.589,0.515,0.56,0.273,0.798,0.197,0.03,28.588,92.953,88.882,70.904,547.859,480.512
US-Rws,2017-11-18,0.069,1.824,0.967,0.27,0.808,16.072,-0.6,4.41,-5.61,0.0,28.167,0.361,0.645,1.184,0.769,99.696,,86.364,57.069,0.282,-18.51,2.838,-6.749,15.564,US-Rws,US-Rws,sagebrush,0.538,0.423,0.548,0.505,0.596,0.529,0.567,0.183,0.721,0.171,0.005,25.723,92.65,90.072,69.783,548.231,480.549
US-Rws,2017-11-23,0.057,3.497,7.501,0.257,0.782,14.17,11.405,15.85,6.96,0.0,28.167,1.634,0.68,1.967,15.6,73.756,,85.668,46.163,0.973,-11.367,3.922,-31.829,29.434,US-Rws,US-Rws,sagebrush,0.748,0.61,0.779,0.696,0.872,0.732,0.831,0.159,0.907,0.159,0.0,23.13,92.327,90.315,68.158,548.738,480.601
US-Rws,2017-11-28,0.044,1.991,1.343,0.266,0.798,14.635,0.515,5.61,-4.58,2.12,28.167,-0.148,1.0,1.514,1.619,92.302,,85.843,61.104,0.273,-2.009,2.506,-8.92,14.712,US-Rws,US-Rws,sagebrush,0.545,0.428,0.566,0.515,0.611,0.543,0.586,0.071,0.616,0.071,0.0,20.799,92.006,90.916,67.083,549.103,480.639
US-Rws,2017-12-03,0.032,1.466,0.04,0.297,0.758,6.679,-0.275,3.51,-4.06,6.8,28.167,0.663,0.254,0.348,-0.745,39.105,,85.412,84.732,0.088,17.305,,-16.618,12.087,US-Rws,US-Rws,sagebrush,0.566,0.447,0.587,0.537,0.631,0.565,0.61,0.008,0.574,0.008,0.0,18.702,91.686,91.198,65.97,549.479,480.679
US-Rws,2017-12-08,0.02,1.741,-3.675,0.336,0.743,14.376,-2.16,3.2,-7.52,0.0,28.167,-1.438,0.322,0.375,-4.581,83.743,,87.327,85.36,0.066,0.587,1.214,3.54,3.752,US-Rws,US-Rws,sagebrush,0.499,0.383,0.516,0.477,0.553,0.496,0.535,0.0,0.499,0.0,0.0,16.817,91.686,91.471,64.723,549.807,480.714
US-Rws,2017-12-13,0.013,1.312,-5.691,0.342,0.779,12.542,-2.515,1.44,-6.47,0.0,28.167,-1.324,0.165,0.545,-5.293,38.014,,86.469,90.229,0.048,-30.325,,-23.11,-1.865,US-Rws,US-Rws,sagebrush,0.432,0.323,0.447,0.404,0.483,0.425,0.466,0.0,0.432,0.0,0.0,15.122,91.686,91.759,63.657,550.087,480.745
US-Rws,2017-12-18,0.016,2.125,-3.125,0.338,0.815,12.797,1.39,6.53,-3.75,0.0,28.167,0.01,0.066,0.367,3.807,62.643,,85.923,59.824,0.346,-15.019,1.489,-24.041,9.136,US-Rws,US-Rws,sagebrush,0.519,0.403,0.538,0.502,0.581,0.52,0.558,0.0,0.519,0.0,0.0,15.091,91.686,90.086,62.393,550.419,480.783
US-Rws,2017-12-23,0.025,1.388,-2.544,0.35,0.845,10.715,-6.305,-0.54,-12.07,2.99,28.167,-0.643,0.14,0.321,-3.843,43.733,,86.094,72.226,0.123,-16.015,3.069,-21.828,9.052,US-Rws,US-Rws,sagebrush,0.555,0.439,0.575,0.535,0.624,0.555,0.598,0.0,0.555,0.0,0.0,15.062,91.686,88.306,61.052,550.755,480.824
US-Rws,2017-12-28,0.032,2.016,-3.889,0.381,0.866,12.464,-0.805,4.94,-6.55,0.0,28.167,0.23,0.469,0.873,5.141,74.575,,86.039,59.083,0.402,4.472,1.316,-18.796,18.441,US-Rws,US-Rws,sagebrush,0.545,0.431,0.565,0.521,0.619,0.541,0.586,0.012,0.557,0.012,0.0,15.037,91.686,86.563,59.745,551.065,480.865
US-Rws,2018-01-02,0.039,1.975,-5.563,0.407,0.892,14.329,-1.19,4.59,-6.97,0.0,28.167,-1.463,0.351,0.176,-1.208,87.122,,86.715,65.485,0.198,-10.842,1.167,2.168,6.358,US-Rws,US-Rws,sagebrush,0.506,0.394,0.524,0.474,0.582,0.499,0.547,0.027,0.532,0.027,0.0,15.016,91.686,84.953,58.54,551.335,480.903
US-Rws,2018-01-07,0.046,1.901,-2.086,0.419,0.929,11.688,1.265,5.82,-3.29,0.0,28.167,-0.03,0.364,0.32,2.07,90.477,,85.905,78.246,0.159,-6.515,1.574,-4.449,6.656,US-Rws,US-Rws,sagebrush,0.67,0.551,0.695,0.637,0.762,0.668,0.724,0.049,0.719,0.049,0.0,14.996,91.686,82.824,56.956,551.666,480.955
US-Rws,2018-01-12,0.054,1.911,-0.064,0.373,1.075,13.399,4.12,7.83,0.41,0.0,28.167,-0.048,0.307,0.395,5.145,69.484,,86.378,57.817,0.376,13.857,3.195,-18.391,26.268,US-Rws,US-Rws,sagebrush,0.665,0.562,0.69,0.631,0.751,0.667,0.716,0.09,0.755,0.09,0.0,14.97,91.367,80.73,55.716,551.964,481.008
US-Rws,2018-01-17,0.061,2.178,-0.909,0.361,1.077,12.925,2.64,7.45,-2.17,0.0,28.167,0.009,0.308,0.193,2.161,62.988,,86.232,84.828,0.119,36.201,1.115,-9.994,11.336,US-Rws,US-Rws,sagebrush,0.597,0.503,0.616,0.566,0.68,0.595,0.639,0.103,0.7,0.103,0.0,14.943,91.049,78.873,54.643,552.207,481.057
US-Rws,2018-01-22,0.068,1.546,-1.287,0.327,1.161,13.829,-1.415,2.98,-5.81,0.0,28.167,0.017,0.396,0.435,0.767,102.138,,86.033,68.486,0.206,15.445,3.196,-4.515,19.673,US-Rws,US-Rws,sagebrush,0.512,0.429,0.52,0.482,0.577,0.503,0.538,0.124,0.636,0.124,0.0,14.911,90.732,77.301,53.771,552.397,481.099
US-Rws,2018-01-27,0.075,1.679,-0.656,0.324,1.167,9.139,0.56,4.72,-3.6,0.0,28.167,0.137,0.249,0.497,2.492,28.278,,86.157,66.085,0.256,0.141,2.793,-23.571,16.131,US-Rws,US-Rws,sagebrush,0.523,0.445,0.537,0.493,0.596,0.519,0.557,0.107,0.629,0.107,0.0,14.879,90.416,75.709,52.878,552.572,481.143
US-Rws,2018-02-01,0.082,2.025,0.335,0.256,1.195,11.784,2.895,7.23,-1.44,0.0,28.167,0.101,0.37,0.414,3.444,54.512,,86.104,59.39,0.321,15.177,1.14,-4.596,8.435,US-Rws,US-Rws,sagebrush,0.406,0.356,0.41,0.382,0.451,0.395,0.428,0.169,0.575,0.143,0.01,14.874,90.144,74.449,52.22,552.701,481.179
US-Rws,2018-02-06,0.089,2.085,0.405,0.254,1.081,18.77,2.58,7.17,-2.01,0.0,28.167,-0.157,0.876,0.897,3.745,116.792,,86.08,55.073,0.367,10.148,2.83,2.576,11.041,US-Rws,US-Rws,sagebrush,0.317,0.321,0.322,0.296,0.36,0.306,0.338,0.305,0.622,0.143,0.065,15.055,90.095,73.219,51.581,552.815,481.214
US-Rws,2018-02-11,0.097,1.485,-2.326,0.267,0.989,19.057,-2.08,2.34,-6.5,0.0,28.167,-0.294,0.377,0.357,-1.449,48.485,,84.966,57.281,0.246,-9.91,1.422,-11.852,7.041,US-Rws,US-Rws,sagebrush,0.28,0.275,0.284,0.254,0.325,0.266,0.302,0.257,0.537,0.121,0.054,15.202,90.317,72.159,50.751,552.906,481.246
US-Rws,2018-02-16,0.104,1.663,-2.297,0.335,0.957,13.436,-2.69,2.61,-7.99,0.0,28.167,-0.349,0.448,0.263,-0.145,78.297,,86.04,53.575,0.285,-1.933,2.966,-8.825,14.012,US-Rws,US-Rws,sagebrush,0.405,0.396,0.413,0.379,0.474,0.389,0.432,0.22,0.625,0.122,0.039,15.305,90.477,70.784,49.693,553.008,481.286
US-Rws,2018-02-21,0.111,1.218,-6.233,0.343,0.991,15.874,-6.155,-1.3,-11.01,2.86,28.167,-1.224,0.887,1.042,-5.956,85.261,,85.548,57.755,0.168,19.204,1.176,-7.075,7.326,US-Rws,US-Rws,sagebrush,0.321,0.288,0.325,0.284,0.377,0.303,0.345,0.141,0.461,0.096,0.018,15.336,90.55,69.768,48.907,553.073,481.317
US-Rws,2018-02-26,0.118,1.243,-3.252,0.354,1.01,22.897,-5.46,-0.76,-10.16,2.97,28.167,-0.675,0.21,0.33,-4.222,137.255,,85.147,75.281,0.111,13.769,3.188,-27.494,12.318,US-Rws,US-Rws,sagebrush,0.332,0.322,0.339,0.301,0.402,0.314,0.36,0.312,0.644,0.115,0.078,15.577,90.871,68.448,47.895,553.142,481.358
US-Rws,2018-03-03,0.125,1.551,-1.344,0.394,1.029,25.372,-2.265,2.45,-6.98,0.0,28.167,-0.33,0.204,0.342,-2.651,156.83,,84.926,66.839,0.172,29.39,1.707,-8.793,14.13,US-Rws,US-Rws,sagebrush,0.323,0.323,0.333,0.288,0.414,0.307,0.358,0.548,0.87,0.13,0.166,16.126,91.238,66.763,46.933,553.207,481.41
US-Rws,2018-03-08,0.132,3.796,0.042,0.346,1.068,27.628,5.145,11.19,-0.9,0.0,28.167,0.44,0.698,1.159,6.795,155.587,,85.302,46.094,0.562,68.293,2.725,-28.619,42.727,US-Rws,US-Rws,sagebrush,0.192,0.205,0.2,0.165,0.269,0.179,0.218,0.715,0.907,0.143,0.228,16.881,91.856,65.214,46.062,553.245,481.46
US-Rws,2018-03-13,0.14,3.976,3.233,0.244,1.106,33.054,8.37,14.29,2.45,5.17,28.167,0.523,1.605,2.529,9.009,154.056,,85.214,52.803,0.564,58.239,5.623,-4.533,49.559,US-Rws,US-Rws,sagebrush,-0.133,-0.102,-0.13,-0.153,-0.096,-0.143,-0.119,1.118,0.985,0.175,0.375,18.127,93.078,63.994,45.423,553.26,481.501
US-Rws,2018-03-18,0.147,1.888,1.588,0.256,0.995,28.338,1.375,5.72,-2.97,0.0,28.167,-0.503,1.271,0.341,1.351,209.108,,85.568,61.28,0.282,92.429,2.524,56.825,37.63,US-Rws,US-Rws,sagebrush,-0.07,-0.045,-0.067,-0.089,-0.028,-0.081,-0.054,0.962,0.892,0.162,0.318,19.175,94.062,62.852,44.842,553.261,481.54
US-Rws,2018-03-23,0.154,2.523,3.282,0.292,0.894,29.293,3.21,8.13,-1.71,0.0,28.167,-0.698,1.516,0.768,4.491,178.374,,85.167,51.917,0.422,66.986,2.18,22.997,49.628,US-Rws,US-Rws,sagebrush,-0.059,-0.018,-0.053,-0.083,0.004,-0.071,-0.04,1.154,1.096,0.183,0.387,20.462,95.322,61.389,44.017,553.243,481.59
US-Rws,2018-03-28,0.161,4.069,2.964,0.258,0.77,38.774,6.575,12.06,1.09,0.0,28.167,-1.133,1.683,0.769,7.109,223.494,,86.053,51.199,0.536,81.175,3.813,35.614,40.463,US-Rws,US-Rws,sagebrush,-0.375,-0.34,-0.373,-0.396,-0.337,-0.388,-0.357,1.538,1.163,0.184,0.539,22.266,97.206,60.194,43.389,553.212,481.633
US-Rws,2018-04-02,0.167,2.374,5.325,0.238,0.734,25.06,1.14,6.98,-4.7,4.17,28.167,-0.814,1.712,0.179,1.123,210.119,,85.079,53.187,0.321,87.117,4.351,52.865,51.676,US-Rws,US-Rws,sagebrush,-0.152,-0.1,-0.15,-0.175,-0.114,-0.165,-0.138,1.226,1.074,0.219,0.401,23.585,98.515,58.978,42.739,553.165,481.677
US-Rws,2018-04-07,0.173,3.514,7.695,0.247,0.734,30.01,9.955,14.66,5.25,5.1,28.167,-0.804,2.241,1.296,10.218,180.478,,84.59,62.309,0.5,83.678,4.194,24.202,57.613,US-Rws,US-Rws,sagebrush,-0.321,-0.248,-0.319,-0.346,-0.274,-0.335,-0.303,1.677,1.356,0.258,0.565,25.467,100.493,57.556,41.928,553.089,481.73
US-Rws,2018-04-12,0.18,1.802,6.98,0.226,0.726,34.572,2.14,6.15,-1.87,2.88,28.167,-0.533,1.59,0.604,1.592,197.538,,85.022,66.036,0.245,88.934,4.756,33.724,59.344,US-Rws,US-Rws,sagebrush,-0.609,-0.547,-0.61,-0.634,-0.575,-0.625,-0.594,2.024,1.415,0.255,0.705,27.821,103.038,56.373,41.297,553.005,481.776
US-Rws,2018-04-17,0.18,3.025,3.402,0.254,0.731,44.474,1.99,7.73,-3.75,0.0,28.167,-1.622,2.36,0.781,2.454,271.318,,85.745,47.75,0.414,112.611,3.741,72.922,42.679,US-Rws,US-Rws,sagebrush,-0.722,-0.68,-0.722,-0.756,-0.685,-0.74,-0.7,2.116,1.394,0.213,0.758,30.357,105.791,55.293,40.748,552.914,481.819
US-Rws,2018-04-22,0.181,5.636,8.23,0.217,0.714,50.072,7.92,14.23,1.61,0.0,28.167,-1.839,3.468,1.586,8.534,259.904,,85.821,41.827,0.682,102.016,2.159,55.813,38.08,US-Rws,US-Rws,sagebrush,-1.11,-1.041,-1.112,-1.152,-1.07,-1.131,-1.091,2.892,1.782,0.297,1.033,33.828,109.668,54.161,40.15,552.8,481.865
US-Rws,2018-04-27,0.184,13.154,12.049,0.205,0.69,52.873,16.275,25.96,6.59,0.0,28.167,-0.459,2.492,2.103,18.189,253.885,,85.121,25.925,1.623,100.573,4.275,55.366,45.678,US-Rws,US-Rws,sagebrush,-1.101,-1.001,-1.104,-1.139,-1.064,-1.122,-1.087,3.061,1.96,0.394,1.062,37.382,113.648,52.916,39.459,552.654,481.916
US-Rws,2018-05-02,0.177,6.619,7.623,0.211,0.685,52.761,8.355,15.6,1.11,0.0,28.167,-1.848,3.298,2.123,9.206,321.245,,85.49,47.835,0.682,133.451,2.506,94.609,38.292,US-Rws,US-Rws,sagebrush,-1.097,-1.032,-1.1,-1.139,-1.056,-1.12,-1.079,2.83,1.732,0.318,1.0,40.715,117.361,51.931,38.975,552.519,481.96
US-Rws,2018-05-07,0.173,10.25,14.657,0.195,0.677,56.804,13.66,21.67,5.65,0.0,28.167,-0.377,2.209,1.737,15.181,306.46,,85.99,43.222,1.057,122.36,1.903,70.991,40.853,US-Rws,US-Rws,sagebrush,-1.351,-1.229,-1.356,-1.392,-1.313,-1.377,-1.336,3.612,2.261,0.508,1.236,44.843,122.029,50.705,38.291,552.332,482.014
US-Rws,2018-05-12,0.171,2.647,8.567,0.219,0.672,37.349,8.425,12.39,4.46,5.25,28.167,-0.235,1.601,1.034,7.997,123.073,,85.107,73.339,0.312,85.465,2.131,12.668,71.336,US-Rws,US-Rws,sagebrush,-0.643,-0.562,-0.645,-0.676,-0.611,-0.663,-0.627,2.179,1.536,0.371,0.72,47.188,124.56,49.685,37.781,552.154,482.061
US-Rws,2018-05-17,0.17,3.811,15.261,0.25,0.71,43.481,12.665,17.02,8.31,5.82,28.167,0.39,1.606,1.528,11.564,122.226,,85.338,75.195,0.352,77.764,1.577,6.933,68.897,US-Rws,US-Rws,sagebrush,-0.878,-0.706,-0.878,-0.93,-0.813,-0.906,-0.851,3.198,2.32,0.573,1.045,50.661,128.421,48.013,36.747,551.84,482.135
US-Rws,2018-05-22,0.158,8.556,15.52,0.245,0.763,57.801,15.215,21.9,8.53,0.0,28.167,0.42,3.336,3.8,15.137,214.958,,85.267,64.723,0.648,100.196,1.962,21.724,77.624,US-Rws,US-Rws,sagebrush,-1.086,-0.914,-1.087,-1.136,-1.028,-1.113,-1.061,3.538,2.453,0.607,1.167,54.543,132.768,46.441,35.79,551.496,482.208
US-Rws,2018-05-27,0.14,6.771,14.182,0.251,0.764,57.682,14.98,21.49,8.47,6.33,28.167,-0.117,4.249,4.411,15.241,348.822,,85.592,57.113,0.85,189.594,2.957,93.253,100.633,US-Rws,US-Rws,sagebrush,-0.82,-0.659,-0.822,-0.872,-0.759,-0.848,-0.795,3.029,2.209,0.585,0.973,57.747,136.303,44.973,34.917,551.127,482.279
US-Rws,2018-06-01,0.135,6.392,14.3,0.224,0.728,57.25,10.82,17.62,4.02,0.0,28.167,-1.266,3.077,2.305,10.816,340.469,,85.969,49.628,0.737,148.372,2.632,116.34,43.564,US-Rws,US-Rws,sagebrush,-0.819,-0.674,-0.822,-0.87,-0.779,-0.845,-0.802,2.903,2.084,0.611,0.913,60.72,139.578,43.772,34.249,550.78,482.341
US-Rws,2018-06-06,0.145,12.108,16.994,0.205,0.693,46.631,18.375,26.37,10.38,0.0,28.167,-0.025,1.307,1.411,19.731,320.492,,85.196,28.355,1.725,125.533,1.685,84.475,30.913,US-Rws,US-Rws,sagebrush,-0.452,-0.284,-0.457,-0.506,-0.404,-0.483,-0.432,2.419,1.967,0.742,0.668,62.83,141.836,42.618,33.606,550.409,482.403
US-Rws,2018-06-11,0.141,6.176,12.666,0.194,0.671,45.338,11.4,17.68,5.12,0.0,28.167,-0.852,1.538,0.567,12.097,309.643,,85.763,41.552,0.87,143.484,2.438,137.756,27.539,US-Rws,US-Rws,sagebrush,-0.602,-0.492,-0.607,-0.654,-0.573,-0.63,-0.585,2.291,1.69,0.584,0.68,64.969,144.136,41.806,33.24,550.109,482.45
US-Rws,2018-06-16,0.137,5.763,16.972,0.181,0.655,51.426,12.965,19.05,6.88,4.45,28.167,-0.2,1.535,1.375,14.198,237.336,,84.901,43.19,0.952,101.345,1.909,51.633,41.743,US-Rws,US-Rws,sagebrush,-0.801,-0.657,-0.808,-0.858,-0.771,-0.831,-0.786,2.877,2.076,0.774,0.837,67.636,147.074,40.929,32.807,549.766,482.502
US-Rws,2018-06-21,0.142,8.656,18.068,0.233,0.734,57.875,17.145,23.23,11.06,0.0,28.167,0.902,1.665,2.261,17.84,335.962,,85.8,52.058,1.061,170.994,2.963,84.671,82.281,US-Rws,US-Rws,sagebrush,-0.743,-0.538,-0.744,-0.814,-0.669,-0.78,-0.711,3.174,2.431,0.849,0.926,70.63,150.366,39.598,32.008,549.252,482.576
US-Rws,2018-06-26,0.137,9.948,18.799,0.205,0.688,59.21,16.605,23.79,9.42,0.0,28.167,-0.021,1.567,1.12,16.673,362.132,,85.767,33.479,1.322,144.474,1.874,96.895,36.788,US-Rws,US-Rws,sagebrush,-0.701,-0.512,-0.705,-0.774,-0.643,-0.738,-0.672,3.02,2.319,0.913,0.839,73.298,153.288,38.522,31.406,548.778,482.64
US-Rws,2018-07-01,0.123,11.637,16.97,0.186,0.662,59.114,18.06,25.81,10.31,0.0,28.167,-0.039,1.858,1.81,18.652,350.779,,85.895,39.362,1.377,142.396,1.949,108.668,23.113,US-Rws,US-Rws,sagebrush,-0.55,-0.402,-0.556,-0.618,-0.511,-0.584,-0.528,2.52,1.97,0.838,0.67,75.361,155.506,37.723,31.027,548.372,482.693
US-Rws,2018-07-06,0.119,14.47,21.381,0.167,0.645,53.741,22.25,29.15,15.35,0.0,28.167,0.384,0.936,1.279,23.202,210.304,,86.257,18.44,2.38,55.362,2.215,43.708,17.264,US-Rws,US-Rws,sagebrush,-0.088,0.098,-0.095,-0.175,-0.009,-0.147,-0.049,2.049,1.961,1.115,0.372,76.377,156.08,36.929,31.048,547.941,482.747
US-Rws,2018-07-11,0.117,14.097,19.655,0.151,0.635,59.01,19.81,27.79,11.83,0.0,28.167,-0.126,1.079,0.795,20.486,353.952,,85.872,30.771,1.785,128.65,1.95,106.025,14.627,US-Rws,US-Rws,sagebrush,-0.337,-0.196,-0.345,-0.399,-0.285,-0.38,-0.314,2.215,1.878,1.011,0.479,77.75,156.178,36.357,32.152,547.582,482.791
US-Rws,2018-07-16,0.118,18.592,24.645,0.139,0.629,56.171,23.74,31.69,15.79,0.0,28.167,0.152,0.766,1.005,24.751,315.086,,85.869,27.83,2.363,118.094,2.043,91.316,17.346,US-Rws,US-Rws,sagebrush,0.101,0.293,0.093,-0.039,0.225,0.031,0.151,1.896,1.997,1.376,0.207,78.171,154.601,35.756,33.733,547.204,482.837
US-Rws,2018-07-21,0.115,17.386,21.57,0.128,0.625,57.383,22.78,30.93,14.63,0.0,28.167,0.294,0.415,0.439,23.709,289.276,,85.71,15.275,2.559,84.767,2.028,65.475,11.753,US-Rws,US-Rws,sagebrush,-0.145,-0.013,-0.155,-0.225,-0.079,-0.193,-0.12,1.932,1.787,1.137,0.317,78.96,153.12,35.356,35.805,546.911,482.874
US-Rws,2018-07-26,0.113,18.634,24.746,0.118,0.622,55.533,24.855,32.53,17.18,0.0,28.167,0.164,0.746,0.958,26.329,317.492,,86.033,16.14,2.982,96.99,1.957,78.586,11.883,US-Rws,US-Rws,sagebrush,0.103,0.262,0.09,-0.033,0.218,0.033,0.145,1.763,1.866,1.373,0.155,79.182,150.741,34.975,38.069,546.631,482.911
US-Rws,2018-07-31,0.108,21.218,23.731,0.111,0.62,37.426,26.35,34.69,18.01,0.0,28.167,0.311,0.416,0.647,28.406,160.706,,85.752,15.792,3.336,21.436,1.914,21.176,7.96,US-Rws,US-Rws,sagebrush,0.3,0.262,0.316,0.225,0.422,0.26,0.368,1.038,1.338,1.038,0.0,78.863,147.579,34.694,40.532,546.399,482.942
US-Rws,2018-08-05,0.107,12.831,19.779,0.104,0.618,53.351,19.68,26.99,12.37,0.0,28.167,0.033,0.456,0.53,20.456,315.011,,85.732,26.541,1.848,105.313,2.096,93.151,8.711,US-Rws,US-Rws,sagebrush,-0.273,-0.189,-0.288,-0.35,-0.234,-0.319,-0.256,1.851,1.577,0.993,0.342,79.72,145.709,34.541,43.213,546.226,482.967
US-Rws,2018-08-10,0.106,25.712,25.158,0.1,0.616,51.954,27.885,37.76,18.01,0.0,28.167,0.495,0.604,1.112,30.448,284.088,,85.711,12.34,3.963,70.528,2.32,50.805,8.813,US-Rws,US-Rws,sagebrush,0.277,0.216,0.283,0.193,0.376,0.223,0.341,1.2,1.477,1.2,0.0,79.391,142.343,34.343,45.873,546.046,482.996
US-Rws,2018-08-15,0.105,20.375,22.037,0.096,0.615,46.196,23.31,32.42,14.2,0.0,28.167,0.372,0.589,0.889,25.944,271.092,,85.612,14.163,2.965,78.296,2.197,54.186,7.828,US-Rws,US-Rws,sagebrush,0.148,0.173,0.127,0.045,0.193,0.088,0.162,1.262,1.41,1.114,0.059,79.266,139.199,34.23,48.63,545.907,483.019
US-Rws,2018-08-20,0.105,16.714,20.666,0.094,0.615,49.156,19.89,26.74,13.04,0.0,28.167,0.076,0.333,0.383,20.453,230.587,,85.517,28.931,1.773,59.415,2.69,74.697,4.641,US-Rws,US-Rws,sagebrush,-0.062,0.024,-0.079,-0.152,-0.012,-0.116,-0.048,1.485,1.423,1.01,0.189,79.591,136.619,34.151,51.368,545.79,483.041
US-Rws,2018-08-25,0.099,15.99,16.647,0.091,0.613,48.181,17.735,26.05,9.42,0.0,28.167,0.101,0.495,0.343,18.196,260.524,,85.496,26.774,1.59,83.623,2.118,60.486,6.499,US-Rws,US-Rws,sagebrush,-0.173,-0.122,-0.188,-0.256,-0.136,-0.213,-0.158,1.378,1.205,0.784,0.237,80.078,134.16,34.152,54.27,545.706,483.058
US-Rws,2018-08-30,0.099,17.215,17.268,0.097,0.612,46.001,19.255,26.69,11.82,0.0,28.167,0.125,0.431,0.495,20.9,226.192,,85.447,24.697,1.909,56.165,1.875,53.724,6.013,US-Rws,US-Rws,sagebrush,-0.061,-0.002,-0.074,-0.136,-0.021,-0.095,-0.049,1.265,1.205,0.807,0.183,80.376,131.488,34.109,57.056,545.621,483.078
US-Rws,2018-09-04,0.1,17.244,16.285,0.094,0.611,44.546,18.925,27.43,10.42,0.0,28.167,0.121,0.366,0.411,19.488,262.67,,85.679,27.781,1.715,75.127,1.901,63.091,3.283,US-Rws,US-Rws,sagebrush,-0.093,-0.043,-0.106,-0.171,-0.055,-0.133,-0.079,1.239,1.146,0.752,0.194,80.714,128.829,34.099,59.9,545.553,483.096
US-Rws,2018-09-09,0.1,15.671,15.771,0.091,0.61,42.957,17.475,25.56,9.39,0.0,28.167,0.146,0.431,0.477,18.41,241.656,,85.598,24.506,1.627,59.977,2.128,48.726,5.476,US-Rws,US-Rws,sagebrush,-0.118,-0.072,-0.131,-0.198,-0.081,-0.157,-0.102,1.234,1.117,0.721,0.204,81.085,126.251,34.113,62.718,545.5,483.113
US-Rws,2018-09-14,0.098,13.428,12.954,0.089,0.61,40.706,14.89,23.2,6.58,0.0,28.167,0.2,0.244,0.285,15.878,200.668,,85.401,26.01,1.429,49.009,2.433,41.459,6.092,US-Rws,US-Rws,sagebrush,-0.134,-0.103,-0.145,-0.216,-0.093,-0.174,-0.109,1.1,0.966,0.602,0.198,81.435,123.674,34.176,65.573,545.463,483.127
US-Rws,2018-09-19,0.097,11.704,11.92,0.088,0.61,39.283,13.08,20.18,5.98,0.0,28.167,0.043,0.532,0.71,14.129,230.737,,85.362,30.316,1.176,58.157,2.059,61.028,2.417,US-Rws,US-Rws,sagebrush,-0.133,-0.108,-0.144,-0.216,-0.089,-0.175,-0.106,1.041,0.908,0.559,0.192,73.888,121.127,42.132,68.39,545.436,483.141
US-Rws,2018-09-24,0.094,9.222,8.43,0.087,0.61,38.045,9.28,16.6,1.96,0.0,28.167,-0.01,0.386,0.422,10.215,227.833,,85.884,32.123,0.895,51.442,2.398,65.92,3.884,US-Rws,US-Rws,sagebrush,-0.138,-0.126,-0.147,-0.216,-0.086,-0.18,-0.111,0.888,0.75,0.431,0.182,67.069,118.631,49.323,71.188,545.44,483.152
US-Rws,2018-09-29,0.097,14.337,13.726,0.086,0.611,32.9,16.225,23.69,8.76,0.0,28.167,0.048,0.025,0.054,17.979,150.384,,84.93,21.121,1.647,25.462,1.861,23.743,3.735,US-Rws,US-Rws,sagebrush,-0.002,0.029,-0.014,-0.083,0.047,-0.046,0.027,0.874,0.872,0.565,0.123,60.733,116.018,55.703,73.719,545.474,483.166
US-Rws,2018-10-04,0.098,6.054,11.668,0.109,0.612,16.447,8.105,12.18,4.03,10.56,28.167,0.887,0.0,0.761,7.671,30.652,,85.243,78.708,0.252,12.877,,-21.631,27.393,US-Rws,US-Rws,sagebrush,0.246,0.174,0.237,0.182,0.295,0.206,0.271,0.497,0.744,0.475,0.009,54.642,113.077,61.245,75.876,545.556,483.185
US-Rws,2018-10-09,0.092,3.346,8.999,0.227,0.637,20.147,6.18,8.99,3.37,5.39,28.167,0.876,0.204,1.04,5.533,47.861,,84.847,85.657,0.131,30.826,3.103,-13.484,37.576,US-Rws,US-Rws,sagebrush,0.544,0.537,0.568,0.509,0.643,0.535,0.605,0.532,1.076,0.383,0.059,49.339,112.06,65.261,75.159,545.812,483.229
US-Rws,2018-10-14,0.088,4.603,2.994,0.214,0.649,30.394,1.495,7.51,-4.52,0.0,28.167,0.034,0.707,0.573,1.129,180.726,,86.456,49.421,0.367,30.299,1.693,36.137,20.012,US-Rws,US-Rws,sagebrush,0.259,0.235,0.273,0.229,0.326,0.248,0.298,0.544,0.803,0.257,0.114,44.76,112.085,69.166,74.287,546.008,483.258
US-Rws,2018-10-19,0.096,10.432,6.834,0.21,0.635,27.821,10.915,19.13,2.7,0.0,28.167,0.394,0.152,0.235,12.337,163.179,,86.529,34.618,0.963,25.109,2.136,9.814,13.277,US-Rws,US-Rws,sagebrush,0.355,0.341,0.373,0.317,0.432,0.346,0.403,0.605,0.96,0.314,0.116,40.648,111.174,72.306,74.099,546.268,483.295
US-Rws,2018-10-24,0.098,8.897,8.595,0.201,0.629,23.431,10.475,16.81,4.14,0.0,28.167,0.282,0.617,0.18,11.518,108.172,,85.689,39.309,0.857,15.902,2.128,9.153,8.739,US-Rws,US-Rws,sagebrush,0.41,0.403,0.429,0.366,0.495,0.403,0.459,0.587,0.997,0.339,0.099,36.892,109.857,74.91,74.185,546.562,483.332
US-Rws,2018-10-29,0.095,4.378,10.173,0.195,0.623,12.844,4.445,9.05,-0.16,0.0,28.167,-0.233,0.244,0.163,5.439,113.386,,85.893,59.082,0.383,13.917,2.4,23.087,3.537,US-Rws,US-Rws,sagebrush,0.584,0.482,0.597,0.526,0.682,0.558,0.639,0.367,0.951,0.36,0.003,33.183,107.727,77.024,74.626,546.889,483.372
US-Rws,2018-11-03,0.091,4.705,3.51,0.207,0.62,16.38,5.475,10.26,0.69,0.0,28.167,-0.305,0.244,0.236,6.287,109.351,,86.199,52.077,0.479,15.709,1.981,14.479,3.865,US-Rws,US-Rws,sagebrush,0.401,0.355,0.415,0.368,0.462,0.393,0.438,0.314,0.715,0.231,0.033,29.952,105.594,79.117,75.597,547.155,483.402
US-Rws,2018-11-08,0.089,3.208,-1.135,0.212,0.609,19.555,-0.95,5.36,-7.26,0.0,28.167,-0.414,0.158,0.071,-0.682,124.064,,86.716,49.459,0.315,-6.623,2.113,-1.012,3.285,US-Rws,US-Rws,sagebrush,0.284,0.249,0.295,0.26,0.334,0.274,0.319,0.275,0.56,0.168,0.043,27.081,102.911,81.153,77.451,547.373,483.425
US-Rws,2018-11-13,0.091,3.798,-3.092,0.24,0.592,17.589,0.54,7.71,-6.63,0.0,28.167,-0.842,0.041,0.036,0.073,103.988,,87.068,40.081,0.388,5.882,1.689,-3.676,1.49,US-Rws,US-Rws,sagebrush,0.315,0.266,0.325,0.286,0.366,0.304,0.348,0.214,0.53,0.143,0.028,24.449,103.028,82.867,76.414,547.612,483.448
US-Rws,2018-11-18,0.091,3.321,-1.406,0.228,0.617,17.13,-0.4,6.52,-7.32,0.0,28.167,-1.545,0.02,0.025,-1.138,109.769,,86.219,64.875,0.21,-4.974,1.838,-5.587,2.966,US-Rws,US-Rws,sagebrush,0.328,0.287,0.341,0.305,0.38,0.321,0.364,0.243,0.572,0.155,0.035,22.106,100.855,84.23,77.643,547.868,483.473
US-Rws,2018-11-23,0.093,1.364,1.488,0.253,0.633,9.01,2.2,5.12,-0.72,7.13,28.167,0.708,0.0,0.195,2.631,22.258,,84.905,77.324,0.167,-18.583,3.189,-29.886,8.917,US-Rws,US-Rws,sagebrush,0.53,0.417,0.557,0.502,0.614,0.53,0.583,0.14,0.67,0.14,0.0,19.877,99.51,84.921,77.472,548.236,483.507
US-Rws,2018-11-28,0.097,1.502,0.399,0.297,0.733,12.627,2.825,5.93,-0.28,3.1,28.167,0.519,0.208,0.886,2.91,74.51,,84.946,79.465,0.161,26.581,1.312,-3.62,11.456,US-Rws,US-Rws,sagebrush,0.564,0.473,0.585,0.533,0.648,0.563,0.606,0.213,0.778,0.162,0.02,17.944,99.248,85.189,76.124,548.651,483.546
US-Rws,2018-12-03,0.094,1.499,-0.939,0.303,0.774,11.106,-4.37,1.0,-9.74,0.0,28.167,-0.754,0.096,0.49,-4.084,62.27,,86.087,75.498,0.112,-23.336,1.171,-20.809,3.972,US-Rws,US-Rws,sagebrush,0.544,0.437,0.561,0.517,0.622,0.539,0.581,0.164,0.707,0.147,0.007,16.159,98.93,85.369,74.913,549.032,483.582
US-Rws,2018-12-08,0.088,1.202,-5.967,0.343,0.743,13.306,-3.615,0.28,-7.51,0.0,28.167,-0.954,0.03,0.262,-4.729,32.173,,86.53,88.693,0.05,2.576,0.501,-6.473,2.127,US-Rws,US-Rws,sagebrush,0.436,0.327,0.453,0.408,0.504,0.433,0.472,0.087,0.523,0.087,0.0,14.53,98.93,85.706,73.7,549.329,483.611
US-Rws,2018-12-13,0.082,1.873,-5.862,0.395,0.784,13.716,-1.735,3.93,-7.4,0.0,28.167,-0.97,0.416,1.358,-1.948,75.029,,86.441,55.101,0.244,-17.839,1.371,-11.474,4.108,US-Rws,US-Rws,sagebrush,0.508,0.389,0.523,0.471,0.577,0.495,0.55,0.112,0.619,0.106,0.002,13.073,98.94,85.644,72.295,549.671,483.645
US-Rws,2018-12-18,0.076,1.777,-1.854,0.425,0.821,7.927,3.585,7.14,0.03,1.78,28.167,0.614,0.795,2.601,4.925,49.04,,85.614,64.686,0.317,12.029,3.616,-32.915,16.963,US-Rws,US-Rws,sagebrush,0.745,0.603,0.784,0.724,0.866,0.755,0.813,0.086,0.831,0.086,0.0,13.057,98.94,83.423,70.275,550.154,483.695
US-Rws,2018-12-23,0.07,1.113,-2.16,0.437,0.895,8.277,-0.645,2.22,-3.51,3.91,28.167,0.46,0.009,0.151,0.145,16.874,,85.794,77.585,0.136,2.819,1.398,-10.36,7.017,US-Rws,US-Rws,sagebrush,0.737,0.603,0.776,0.713,0.856,0.748,0.803,0.053,0.789,0.053,0.0,13.042,98.94,81.241,68.295,550.597,483.746
US-Rws,2018-12-28,0.065,0.977,-4.893,0.425,0.955,13.71,-5.665,-2.05,-9.28,0.0,28.167,-0.554,,0.157,-4.852,88.147,,86.113,66.215,0.148,-3.946,2.44,-16.497,4.778,US-Rws,US-Rws,sagebrush,0.571,0.454,0.601,0.546,0.652,0.577,0.627,0.052,0.623,0.052,0.0,13.025,98.94,79.564,66.772,550.917,483.787
US-Rws,2019-01-02,0.048,1.389,-6.165,0.429,0.971,11.685,-5.24,0.03,-10.51,0.0,28.167,-1.964,0.112,0.305,-6.073,85.447,,86.267,65.485,0.136,-1.845,0.937,-24.33,2.002,US-Rws,US-Rws,sagebrush,0.513,0.402,0.539,0.483,0.593,0.515,0.566,0.03,0.543,0.03,0.0,13.009,98.94,78.067,65.413,551.185,483.824
US-Rws,2019-01-07,0.04,1.363,-2.665,0.437,0.99,11.141,-2.145,1.87,-6.16,0.0,28.167,-0.27,0.095,0.38,-2.361,79.829,,85.466,64.672,0.185,-16.377,3.13,-22.681,6.697,US-Rws,US-Rws,sagebrush,0.677,0.561,0.712,0.649,0.784,0.686,0.739,0.025,0.702,0.025,0.0,12.994,98.94,76.098,63.635,551.513,483.874
US-Rws,2019-01-12,0.069,1.69,-6.066,0.438,1.024,14.917,-1.205,3.59,-6.0,0.0,28.167,-0.308,0.109,0.031,-1.025,98.802,,85.95,71.165,0.174,-26.32,1.967,-14.593,6.92,US-Rws,US-Rws,sagebrush,0.513,0.41,0.533,0.481,0.592,0.507,0.557,0.09,0.603,0.09,0.0,12.979,98.94,74.619,62.299,551.74,483.913
US-Rws,2019-01-17,0.08,1.595,-3.398,0.434,1.033,13.551,2.8,6.13,-0.53,0.0,28.167,0.614,0.141,0.342,3.426,78.268,,84.776,72.583,0.223,13.185,4.499,-39.077,33.544,US-Rws,US-Rws,sagebrush,0.607,0.514,0.627,0.584,0.693,0.601,0.655,0.136,0.744,0.121,0.006,12.985,98.965,72.85,60.705,551.989,483.96
US-Rws,2019-01-22,0.09,1.345,-4.423,0.438,1.186,15.587,-3.505,0.89,-7.9,0.0,28.167,0.028,0.027,0.381,-2.281,75.744,,86.495,54.93,0.246,-9.801,2.105,-9.785,14.447,US-Rws,US-Rws,sagebrush,0.549,0.47,0.567,0.521,0.628,0.539,0.596,0.142,0.691,0.114,0.011,13.01,99.012,71.238,59.254,552.192,484.004
US-Rws,2019-01-27,0.094,2.615,-2.769,0.437,1.188,17.169,3.945,9.36,-1.47,0.0,28.167,0.219,0.051,0.233,6.351,110.237,,86.212,46.792,0.534,9.614,1.873,-11.201,11.984,US-Rws,US-Rws,sagebrush,0.566,0.519,0.588,0.54,0.655,0.561,0.612,0.232,0.798,0.126,0.042,13.141,99.186,69.454,57.654,552.392,484.055
US-Rws,2019-02-01,0.085,2.629,-2.939,0.428,1.193,18.498,2.74,8.72,-3.24,0.0,28.167,-0.199,0.01,0.072,2.162,92.338,,85.014,69.193,0.24,14.556,1.721,-8.656,5.375,US-Rws,US-Rws,sagebrush,0.543,0.503,0.563,0.517,0.627,0.538,0.586,0.213,0.756,0.125,0.035,13.245,99.33,67.78,56.153,552.552,484.103
US-Rws,2019-02-06,0.081,0.733,-2.075,0.321,1.305,11.912,-7.44,-4.44,-10.44,0.0,28.167,-1.188,0.032,0.01,-6.767,70.457,,85.111,68.433,0.118,0.62,3.339,-11.474,11.04,US-Rws,US-Rws,sagebrush,0.453,0.389,0.477,0.438,0.521,0.456,0.497,0.063,0.517,0.063,0.0,13.217,99.33,66.532,55.021,552.656,484.141
US-Rws,2019-02-11,0.085,1.094,-3.734,0.346,1.27,16.568,-4.41,-0.68,-8.14,0.0,28.167,0.445,0.051,0.37,-3.225,63.567,,85.046,60.586,0.194,-12.534,4.86,-45.744,33.796,US-Rws,US-Rws,sagebrush,0.431,0.368,0.441,0.408,0.491,0.421,0.46,0.12,0.551,0.119,0.0,13.192,99.331,65.349,53.952,552.74,484.177
US-Rws,2019-02-16,0.088,1.175,-0.98,0.302,1.313,19.426,-2.365,1.09,-5.82,0.0,28.167,0.136,0.302,0.623,-1.757,97.515,,84.726,64.121,0.194,-1.33,3.067,-17.75,28.495,US-Rws,US-Rws,sagebrush,0.408,0.389,0.419,0.386,0.458,0.403,0.434,0.203,0.611,0.141,0.025,13.246,99.088,64.141,53.202,552.81,484.215
US-Rws,2019-02-21,0.091,1.109,-2.877,0.327,1.275,13.25,-6.85,-2.25,-11.45,7.81,28.167,-0.852,0.088,0.226,-6.278,23.364,,84.811,84.482,0.059,-18.866,1.833,-36.816,20.948,US-Rws,US-Rws,sagebrush,0.422,0.367,0.434,0.401,0.484,0.416,0.453,0.118,0.54,0.118,0.0,13.218,99.088,63.002,52.167,552.864,484.251
US-Rws,2019-02-26,0.095,1.379,0.458,0.324,1.303,16.588,0.665,3.97,-2.64,17.31,28.167,0.157,0.019,0.423,-1.657,30.276,,84.905,91.57,0.052,-3.277,,-40.608,45.864,US-Rws,US-Rws,sagebrush,0.461,0.464,0.475,0.437,0.525,0.458,0.495,0.251,0.712,0.153,0.039,13.325,98.903,61.602,51.247,552.911,484.297
US-Rws,2019-03-03,0.098,1.729,-1.77,0.263,1.289,32.4,-2.465,2.99,-7.92,0.0,28.167,-0.841,0.178,0.209,-2.795,186.376,,85.55,67.364,0.171,59.188,1.323,25.484,24.841,US-Rws,US-Rws,sagebrush,0.12,0.117,0.126,0.104,0.158,0.111,0.139,0.51,0.63,0.134,0.15,13.805,99.518,60.694,50.406,552.932,484.328
US-Rws,2019-03-08,0.102,1.503,1.021,0.25,1.281,27.859,-2.055,2.41,-6.52,0.0,28.167,-0.315,0.155,0.11,-1.489,157.44,,84.783,58.61,0.233,67.842,2.159,50.624,51.109,US-Rws,US-Rws,sagebrush,0.171,0.181,0.178,0.153,0.209,0.165,0.192,0.526,0.697,0.16,0.146,14.269,99.77,59.672,49.81,552.942,484.362
US-Rws,2019-03-13,0.111,1.382,-0.158,0.266,1.232,17.897,-1.96,2.07,-5.99,0.0,28.167,-0.048,0.106,0.059,-2.613,141.72,,85.563,63.327,0.192,22.503,3.794,-1.004,43.629,US-Rws,US-Rws,sagebrush,0.28,0.288,0.287,0.258,0.323,0.271,0.301,0.324,0.604,0.15,0.069,14.47,99.708,58.675,49.233,552.942,484.397
US-Rws,2019-03-18,0.114,3.335,1.63,0.254,1.219,38.471,4.74,11.59,-2.11,0.0,28.167,0.447,0.254,0.581,5.552,229.842,,86.074,50.679,0.481,82.017,2.394,26.997,31.964,US-Rws,US-Rws,sagebrush,-0.048,-0.034,-0.043,-0.065,-0.014,-0.056,-0.031,0.923,0.874,0.167,0.301,15.468,100.597,57.631,48.607,552.931,484.434
US-Rws,2019-03-23,0.113,1.882,5.612,0.237,1.156,24.354,5.33,8.68,1.98,4.57,28.167,0.376,0.438,0.607,4.778,60.048,,85.509,79.752,0.179,44.191,1.814,-16.993,23.431,US-Rws,US-Rws,sagebrush,0.148,0.186,0.153,0.123,0.187,0.136,0.171,0.75,0.898,0.216,0.212,16.155,101.119,56.436,47.838,552.902,484.477
US-Rws,2019-03-28,0.118,2.173,4.541,0.283,0.972,38.937,4.515,8.69,0.34,1.87,28.167,-0.119,1.623,1.741,3.926,172.698,,85.669,67.806,0.277,92.777,2.897,20.17,58.41,US-Rws,US-Rws,sagebrush,-0.059,-0.021,-0.051,-0.081,-0.014,-0.067,-0.036,1.194,1.134,0.205,0.394,17.473,102.384,55.073,46.917,552.849,484.527
US-Rws,2019-04-02,0.135,1.036,7.865,0.247,0.783,21.597,5.725,7.44,4.01,3.82,28.167,0.421,0.638,2.193,5.212,52.819,,84.935,84.277,0.144,38.721,,-25.224,38.058,US-Rws,US-Rws,sagebrush,0.338,0.399,0.344,0.296,0.387,0.323,0.367,0.593,0.932,0.256,0.134,17.887,102.581,53.72,45.995,552.772,484.578
US-Rws,2019-04-07,0.154,3.402,7.923,0.226,0.745,25.356,10.735,15.24,6.23,7.64,28.167,-0.185,1.567,1.501,11.401,128.064,,85.681,52.087,0.674,56.339,3.034,0.586,63.568,US-Rws,US-Rws,sagebrush,-0.115,-0.06,-0.112,-0.139,-0.087,-0.128,-0.096,1.246,1.132,0.258,0.394,19.191,103.84,52.543,45.225,552.684,484.623
US-Rws,2019-04-12,0.169,2.245,4.925,0.251,0.786,26.608,4.31,8.71,-0.09,0.0,28.167,-0.759,2.756,2.19,3.786,174.951,,85.231,75.145,0.211,125.253,2.225,39.746,56.742,US-Rws,US-Rws,sagebrush,-0.19,-0.149,-0.186,-0.209,-0.16,-0.201,-0.174,1.295,1.106,0.22,0.428,20.614,105.238,51.435,44.517,552.583,484.667
US-Rws,2019-04-17,0.174,3.665,6.466,0.258,0.833,47.324,7.62,13.78,1.46,0.0,28.167,-1.157,2.68,1.881,8.237,226.228,,86.138,59.347,0.462,107.062,2.833,37.43,70.758,US-Rws,US-Rws,sagebrush,-0.849,-0.798,-0.846,-0.882,-0.812,-0.865,-0.83,2.503,1.655,0.247,0.899,23.657,108.562,50.212,43.699,552.451,484.716
US-Rws,2019-04-22,0.185,4.749,7.615,0.235,0.76,51.548,9.905,17.04,2.77,0.0,28.167,-1.406,3.598,2.294,10.629,298.53,,86.103,46.908,0.737,132.256,2.355,41.549,95.152,US-Rws,US-Rws,sagebrush,-1.172,-1.12,-1.173,-1.217,-1.125,-1.195,-1.153,3.02,1.848,0.278,1.092,27.354,112.67,49.094,42.971,552.308,484.763
US-Rws,2019-04-27,0.193,4.717,8.273,0.211,0.718,53.098,7.875,16.18,-0.43,0.0,28.167,-1.441,2.638,0.747,9.29,315.301,,85.347,39.637,0.799,136.232,3.653,59.369,74.915,US-Rws,US-Rws,sagebrush,-1.42,-1.37,-1.423,-1.477,-1.362,-1.451,-1.401,3.379,1.959,0.306,1.224,31.489,117.304,48.123,42.373,552.164,484.806
US-Rws,2019-05-02,0.193,4.182,7.221,0.209,0.681,56.241,7.815,14.96,0.67,0.0,28.167,-1.617,2.744,1.39,9.318,325.975,,85.497,27.15,0.896,133.238,3.437,77.007,58.646,US-Rws,US-Rws,sagebrush,-1.498,-1.456,-1.503,-1.558,-1.435,-1.532,-1.477,3.455,1.957,0.305,1.254,35.716,122.048,47.254,41.869,552.018,484.845
US-Rws,2019-05-07,0.19,5.335,11.479,0.194,0.66,57.178,12.29,19.19,5.39,0.0,28.167,-1.338,3.235,1.642,13.618,302.434,,85.376,36.449,1.043,125.261,3.781,75.998,63.303,US-Rws,US-Rws,sagebrush,-1.729,-1.662,-1.736,-1.795,-1.662,-1.768,-1.707,4.028,2.3,0.419,1.437,40.556,127.527,46.301,41.279,551.84,484.89
US-Rws,2019-05-12,0.18,9.217,14.168,0.184,0.647,58.409,16.79,25.64,7.94,0.0,28.167,-0.566,3.002,2.279,19.108,326.221,,85.3,26.076,1.73,132.229,2.22,52.181,64.689,US-Rws,US-Rws,sagebrush,-1.592,-1.507,-1.601,-1.651,-1.538,-1.629,-1.573,3.94,2.348,0.525,1.36,45.109,132.434,45.332,40.903,551.639,484.936
US-Rws,2019-05-17,0.155,0.983,11.651,0.206,0.648,36.107,4.95,6.65,3.25,13.5,28.167,-0.295,1.506,1.481,4.878,61.475,,84.914,78.709,0.187,29.545,3.01,16.085,36.676,US-Rws,US-Rws,sagebrush,-0.025,0.064,-0.026,-0.059,0.006,-0.044,-0.011,1.305,1.281,0.476,0.33,46.103,133.202,44.357,40.412,551.418,484.984
US-Rws,2019-05-22,0.146,2.131,9.495,0.262,0.812,43.818,7.465,10.79,4.14,3.77,28.167,0.15,1.505,1.73,7.105,111.163,,84.833,79.523,0.219,67.573,2.458,21.329,64.092,US-Rws,US-Rws,sagebrush,-0.521,-0.427,-0.515,-0.552,-0.476,-0.532,-0.496,2.225,1.704,0.422,0.718,48.455,135.687,43.168,39.595,551.134,485.042
US-Rws,2019-05-27,0.144,4.721,12.83,0.254,0.785,56.136,11.865,17.99,5.74,0.0,28.167,-0.085,2.707,2.599,11.449,259.34,,85.019,67.259,0.487,136.829,3.042,55.774,119.613,US-Rws,US-Rws,sagebrush,-0.871,-0.748,-0.867,-0.909,-0.829,-0.89,-0.848,3.018,2.147,0.53,0.991,51.739,139.284,41.864,38.657,550.787,485.106
US-Rws,2019-06-01,0.145,6.637,16.067,0.246,0.77,53.417,15.87,22.15,9.59,0.0,28.167,-0.103,2.948,2.268,15.905,325.766,,85.55,58.846,0.816,191.889,1.68,43.703,116.131,US-Rws,US-Rws,sagebrush,-0.798,-0.64,-0.795,-0.851,-0.738,-0.821,-0.771,3.128,2.33,0.669,0.979,54.969,142.821,40.469,37.62,550.37,485.177
US-Rws,2019-06-06,0.146,6.713,17.962,0.221,0.726,56.588,14.075,21.03,7.12,0.0,28.167,-0.58,2.425,1.898,13.886,276.955,,85.119,57.095,0.752,140.12,2.816,65.291,88.554,US-Rws,US-Rws,sagebrush,-0.91,-0.748,-0.913,-0.966,-0.864,-0.941,-0.889,3.347,2.437,0.777,1.023,58.331,146.528,39.22,36.708,549.944,485.244
US-Rws,2019-06-11,0.146,9.678,16.127,0.222,0.714,58.703,17.18,25.36,9.0,0.0,28.167,-0.382,4.187,3.979,18.816,358.235,,86.314,36.46,1.459,166.839,2.0,56.878,99.162,US-Rws,US-Rws,sagebrush,-0.929,-0.789,-0.933,-0.979,-0.898,-0.954,-0.911,3.233,2.304,0.72,1.001,61.605,150.129,38.12,35.939,549.523,485.306
US-Rws,2019-06-16,0.154,9.266,17.189,0.206,0.69,59.133,18.48,26.15,10.81,0.0,28.167,-0.277,3.581,3.423,20.195,358.732,,85.44,28.683,1.775,151.096,2.591,71.16,83.21,US-Rws,US-Rws,sagebrush,-1.099,-0.96,-1.106,-1.154,-1.064,-1.133,-1.084,3.536,2.437,0.794,1.092,65.175,154.092,37.125,35.261,549.099,485.364
US-Rws,2019-06-21,0.157,3.649,9.07,0.19,0.67,51.562,8.01,13.96,2.06,0.0,28.167,-0.344,1.636,1.06,8.215,204.473,,85.667,55.266,0.514,84.506,1.964,44.007,39.394,US-Rws,US-Rws,sagebrush,-0.986,-0.929,-0.993,-1.049,-0.939,-1.018,-0.965,2.711,1.725,0.503,0.879,67.99,157.166,36.611,35.054,548.825,485.401
US-Rws,2019-06-26,0.16,8.866,17.099,0.183,0.657,56.823,17.61,25.19,10.03,0.0,28.167,-0.314,2.403,2.252,18.62,330.965,,85.129,31.823,1.618,142.891,2.538,72.708,49.655,US-Rws,US-Rws,sagebrush,-1.196,-1.078,-1.207,-1.264,-1.161,-1.233,-1.183,3.599,2.403,0.839,1.099,71.55,161.133,35.859,34.594,548.439,485.45
US-Rws,2019-07-01,0.151,11.219,18.804,0.167,0.647,58.506,19.495,28.19,10.8,0.0,28.167,-0.008,2.11,2.161,21.115,313.321,,85.555,25.0,2.014,112.456,1.648,69.938,42.0,US-Rws,US-Rws,sagebrush,-0.943,-0.821,-0.956,-1.016,-0.902,-0.988,-0.926,3.257,2.315,0.962,0.914,74.451,164.006,35.194,34.53,548.062,485.497
US-Rws,2019-07-06,0.146,11.042,19.448,0.154,0.639,58.831,20.93,28.55,13.31,0.0,28.167,0.26,1.389,1.846,22.971,302.461,,85.567,26.893,2.104,102.77,2.262,59.738,34.201,US-Rws,US-Rws,sagebrush,-0.888,-0.773,-0.903,-0.963,-0.842,-0.937,-0.87,3.169,2.281,1.024,0.854,77.125,165.922,34.633,35.248,547.708,485.54
US-Rws,2019-07-11,0.143,13.826,22.465,0.142,0.635,57.725,22.505,30.25,14.76,0.0,28.167,0.238,1.453,1.853,23.826,344.265,,85.821,32.952,2.019,137.751,2.117,82.763,28.499,US-Rws,US-Rws,sagebrush,-0.545,-0.412,-0.565,-0.655,-0.458,-0.611,-0.518,2.825,2.28,1.253,0.626,78.995,166.43,34.11,36.427,547.358,485.583
US-Rws,2019-07-16,0.139,9.887,20.659,0.132,0.632,54.749,18.555,24.63,12.48,0.0,28.167,-0.006,1.02,0.916,18.831,270.077,,85.537,45.515,1.243,104.048,1.882,88.111,18.731,US-Rws,US-Rws,sagebrush,-0.679,-0.58,-0.7,-0.759,-0.623,-0.74,-0.66,2.835,2.155,1.134,0.677,81.027,166.843,33.73,38.015,547.066,485.619
US-Rws,2019-07-21,0.131,16.694,19.67,0.122,0.628,56.279,21.4,30.65,12.15,0.0,28.167,0.373,0.507,0.748,23.041,340.394,,85.719,20.359,2.381,129.361,2.338,78.338,18.211,US-Rws,US-Rws,sagebrush,-0.427,-0.346,-0.448,-0.504,-0.38,-0.486,-0.411,2.287,1.859,1.079,0.481,82.367,166.069,33.466,40.061,546.823,485.65
US-Rws,2019-07-26,0.128,11.526,22.789,0.116,0.627,36.243,20.82,26.83,14.81,0.0,28.167,0.413,0.447,0.687,22.098,112.406,,85.991,31.703,1.884,19.171,1.993,8.014,23.627,US-Rws,US-Rws,sagebrush,0.122,0.226,0.096,-0.009,0.209,0.046,0.148,1.627,1.749,1.306,0.128,82.48,163.744,33.195,42.145,546.583,485.681
US-Rws,2019-07-31,0.127,17.038,22.338,0.127,0.625,55.752,23.24,31.49,14.99,0.0,28.167,0.372,0.066,0.212,24.432,321.142,,85.574,23.914,2.427,110.751,1.932,74.15,17.608,US-Rws,US-Rws,sagebrush,-0.172,-0.065,-0.193,-0.282,-0.093,-0.236,-0.149,2.144,1.972,1.26,0.352,83.375,162.246,32.846,44.181,546.325,485.717
US-Rws,2019-08-05,0.123,18.5,23.718,0.119,0.623,52.868,25.015,33.2,16.83,0.0,28.167,0.466,0.117,0.421,25.798,312.215,,85.753,24.479,2.621,101.828,1.93,85.214,18.014,US-Rws,US-Rws,sagebrush,0.037,0.15,0.012,-0.106,0.138,-0.046,0.063,1.88,1.917,1.366,0.205,83.752,159.957,32.546,46.406,546.092,485.751
US-Rws,2019-08-10,0.126,8.408,21.49,0.146,0.621,45.012,16.65,22.79,10.51,0.0,28.167,0.675,0.467,1.124,16.185,229.907,,85.449,60.442,0.768,103.032,1.875,37.104,40.159,US-Rws,US-Rws,sagebrush,-0.14,-0.029,-0.153,-0.222,-0.077,-0.187,-0.119,2.139,1.998,1.185,0.38,84.751,158.257,32.09,48.495,545.819,485.792
US-Rws,2019-08-15,0.135,14.031,20.62,0.15,0.613,50.42,21.11,28.54,13.68,0.0,28.167,0.346,0.01,0.113,21.658,304.713,,85.937,29.156,1.95,103.113,2.224,110.086,16.138,US-Rws,US-Rws,sagebrush,-0.257,-0.156,-0.267,-0.324,-0.207,-0.296,-0.238,2.282,2.025,1.121,0.463,86.035,156.219,31.642,51.205,545.56,485.833
US-Rws,2019-08-20,0.117,22.17,22.05,0.138,0.608,47.349,23.2,31.66,14.74,0.0,28.167,0.386,0.1,0.176,24.959,290.284,,85.62,21.93,2.574,92.297,2.004,62.864,12.55,US-Rws,US-Rws,sagebrush,0.311,0.387,0.295,0.21,0.364,0.257,0.335,1.403,1.714,1.218,0.074,85.962,152.197,31.263,54.308,545.335,485.872
US-Rws,2019-08-25,0.112,17.097,19.457,0.128,0.606,48.026,19.21,26.45,11.97,0.0,28.167,0.305,0.386,0.68,20.138,293.355,,85.763,25.727,1.851,92.397,2.679,102.191,11.706,US-Rws,US-Rws,sagebrush,0.027,0.101,0.013,-0.038,0.065,-0.017,0.038,1.567,1.595,1.024,0.216,86.376,148.647,31.023,57.682,545.17,485.904
US-Rws,2019-08-30,0.11,19.221,21.909,0.121,0.605,45.764,21.21,28.38,14.04,0.0,28.167,0.202,0.152,0.278,21.832,272.848,,85.792,37.275,1.729,90.955,2.204,91.595,10.114,US-Rws,US-Rws,sagebrush,0.24,0.302,0.22,0.139,0.287,0.184,0.254,1.379,1.619,1.172,0.083,86.321,144.548,30.79,60.98,545.024,485.935
US-Rws,2019-09-04,0.112,20.883,21.658,0.115,0.604,42.805,22.335,30.32,14.35,0.0,28.167,0.426,0.0,0.189,24.415,195.208,,85.753,23.221,2.381,33.426,1.938,28.083,9.97,US-Rws,US-Rws,sagebrush,0.274,0.269,0.249,0.175,0.31,0.218,0.282,1.248,1.522,1.134,0.045,86.133,140.405,30.612,64.203,544.91,485.964
US-Rws,2019-09-09,0.113,8.023,14.215,0.211,0.61,40.582,12.91,17.94,7.88,0.0,28.167,1.559,0.097,1.55,12.567,163.842,,85.379,66.417,0.512,52.535,2.115,23.223,43.702,US-Rws,US-Rws,sagebrush,0.068,0.119,0.081,0.026,0.14,0.054,0.108,1.572,1.64,0.709,0.344,87.047,138.1,30.014,65.97,544.744,486.013
US-Rws,2019-09-14,0.108,17.468,16.355,0.193,0.614,40.654,18.99,27.98,10.0,0.0,28.167,1.034,0.067,0.783,21.196,243.108,,85.706,25.936,1.927,72.518,2.537,28.328,28.617,US-Rws,US-Rws,sagebrush,0.305,0.367,0.313,0.256,0.377,0.287,0.339,1.261,1.566,0.802,0.183,87.39,135.475,29.466,67.381,544.593,486.061
US-Rws,2019-09-19,0.108,5.968,11.133,0.195,0.607,35.179,8.58,13.47,3.69,2.47,28.167,0.788,0.02,0.484,8.547,165.771,,85.331,75.956,0.296,108.375,1.815,31.933,40.043,US-Rws,US-Rws,sagebrush,0.101,0.124,0.109,0.064,0.155,0.08,0.139,1.193,1.294,0.579,0.244,79.423,132.592,37.614,69.651,544.481,486.099
US-Rws,2019-09-24,0.107,12.662,13.068,0.185,0.604,34.269,15.345,21.4,9.29,0.0,28.167,0.319,0.488,0.2,16.572,176.782,,86.166,47.809,1.016,61.913,2.184,42.498,19.82,US-Rws,US-Rws,sagebrush,0.242,0.267,0.249,0.201,0.295,0.225,0.272,1.067,1.31,0.62,0.178,72.032,129.306,44.756,71.958,544.459,486.138
US-Rws,2019-09-29,0.112,3.311,7.736,0.184,0.598,22.569,2.625,6.57,-1.32,0.0,28.167,-0.064,0.276,0.067,2.734,118.789,,84.813,70.425,0.239,60.136,1.844,24.143,27.95,US-Rws,US-Rws,sagebrush,0.23,0.223,0.235,0.19,0.279,0.208,0.263,0.733,0.962,0.426,0.122,65.192,125.474,51.226,74.931,544.508,486.168
US-Rws,2019-10-04,0.111,4.295,6.435,0.192,0.598,25.299,4.805,9.22,0.39,0.0,28.167,-0.478,0.087,0.09,5.447,91.464,,85.807,65.201,0.328,14.691,2.762,9.243,12.178,US-Rws,US-Rws,sagebrush,0.2,0.181,0.207,0.155,0.253,0.18,0.234,0.755,0.955,0.373,0.152,59.145,121.906,56.904,77.725,544.621,486.197
US-Rws,2019-10-09,0.104,2.615,7.621,0.188,0.593,15.301,-0.105,4.33,-4.54,0.0,28.167,0.174,0.008,0.221,0.033,123.601,,85.681,56.958,0.274,19.601,3.692,53.183,15.32,US-Rws,US-Rws,sagebrush,0.419,0.36,0.424,0.371,0.474,0.394,0.452,0.456,0.874,0.381,0.03,53.286,117.609,61.841,80.647,544.795,486.228
US-Rws,2019-10-14,0.107,7.188,5.131,0.194,0.579,29.896,7.64,15.3,-0.02,0.0,28.167,-0.018,,0.319,8.615,167.096,,85.579,43.916,0.632,34.235,1.908,30.906,4.466,US-Rws,US-Rws,sagebrush,0.179,0.144,0.186,0.129,0.234,0.158,0.214,0.743,0.923,0.309,0.173,48.512,113.105,66.193,84.439,545.004,486.255
US-Rws,2019-10-19,0.112,2.843,6.193,0.192,0.581,17.832,3.925,8.68,-0.83,4.34,28.167,0.217,0.002,0.475,5.08,86.883,,84.963,60.162,0.353,3.845,5.748,-40.467,30.968,US-Rws,US-Rws,sagebrush,0.339,0.3,0.344,0.288,0.396,0.315,0.373,0.544,0.882,0.312,0.092,43.941,108.611,69.945,87.76,545.275,486.285
US-Rws,2019-10-24,0.113,5.517,2.619,0.202,0.595,25.898,5.595,13.48,-2.29,0.0,28.167,0.282,0.043,0.276,6.031,150.928,,86.748,35.262,0.64,27.328,1.816,25.016,6.898,US-Rws,US-Rws,sagebrush,0.195,0.143,0.2,0.144,0.252,0.173,0.225,0.623,0.818,0.237,0.154,40.041,105.395,73.333,90.209,545.55,486.31
US-Rws,2019-10-29,0.101,1.166,-1.033,0.206,0.584,25.599,-7.215,-2.18,-12.25,0.0,28.167,-2.036,0.332,0.314,-7.126,148.737,,86.009,41.825,0.21,10.563,3.253,16.099,4.515,US-Rws,US-Rws,sagebrush,0.272,0.217,0.275,0.229,0.323,0.251,0.298,0.321,0.593,0.181,0.055,36.197,101.223,76.484,93.443,545.8,486.331
US-Rws,2019-11-03,0.09,4.609,-1.227,0.22,0.584,20.068,4.41,12.25,-3.43,0.0,28.167,-0.245,0.008,0.339,5.83,122.681,,85.91,30.033,0.661,15.213,1.401,5.819,1.777,US-Rws,US-Rws,sagebrush,0.326,0.261,0.328,0.285,0.371,0.304,0.349,0.279,0.605,0.169,0.043,32.698,97.175,79.144,96.378,546.099,486.353
US-Rws,2019-11-08,0.093,5.899,0.288,0.221,0.59,19.224,7.235,15.48,-1.01,0.0,28.167,-0.087,,0.249,8.185,126.648,,86.437,33.499,0.738,12.868,1.49,5.337,1.519,US-Rws,US-Rws,sagebrush,0.37,0.298,0.369,0.325,0.412,0.345,0.394,0.303,0.673,0.175,0.051,29.577,93.694,81.301,98.584,546.462,486.378
US-Rws,2019-11-13,0.099,4.258,2.08,0.215,0.597,17.477,6.035,12.47,-0.4,0.0,28.167,-0.364,0.018,0.076,6.016,108.589,,85.867,63.511,0.36,6.679,1.561,-1.771,-2.118,US-Rws,US-Rws,sagebrush,0.395,0.32,0.392,0.343,0.44,0.365,0.419,0.35,0.745,0.185,0.066,26.823,90.772,83.013,100.129,546.88,486.405
US-Rws,2019-11-18,0.104,4.206,3.485,0.21,0.601,15.936,7.325,13.32,1.33,0.0,28.167,0.306,0.131,1.49,9.788,84.396,,85.563,51.33,0.607,-1.789,1.271,-0.37,1.115,US-Rws,US-Rws,sagebrush,0.421,0.345,0.417,0.36,0.477,0.386,0.448,0.373,0.794,0.193,0.072,24.367,88.19,84.348,101.239,547.341,486.434
US-Rws,2019-11-28,0.092,1.379,-2.557,0.249,0.585,10.718,-3.24,1.2,-7.68,0.0,28.167,-0.169,0.075,0.224,-2.807,74.512,,84.281,85.958,0.07,-0.134,1.411,-3.066,3.146,US-Rws,US-Rws,sagebrush,0.44,0.293,0.434,0.387,0.481,0.412,0.459,0.123,0.563,0.123,0.0,19.819,88.345,86.832,98.465,548.088,486.48
US-Rws,2019-12-03,0.092,1.141,-1.607,0.321,0.601,14.538,1.605,4.11,-0.9,0.0,28.167,0.819,0.722,1.634,2.283,61.83,,86.07,87.256,0.098,22.382,0.816,0.511,1.944,US-Rws,US-Rws,sagebrush,0.619,0.442,0.62,0.568,0.68,0.591,0.649,0.15,0.769,0.13,0.008,17.849,88.378,87.136,96.411,548.649,486.515
US-Rws,2019-12-13,0.085,0.776,-0.25,0.428,0.719,9.443,0.195,2.02,-1.63,8.89,28.167,0.645,0.122,1.003,0.461,12.552,,85.587,86.961,0.092,-19.792,,-6.541,2.6,US-Rws,US-Rws,sagebrush,0.935,0.692,0.957,0.865,1.046,0.905,1.015,0.066,1.001,0.066,0.0,14.432,87.28,85.881,92.021,550.124,486.612
US-Rws,2019-12-18,0.082,1.473,-5.909,0.419,0.806,12.42,-2.775,1.84,-7.39,0.0,28.167,-0.944,0.011,0.421,-4.097,66.991,,85.545,62.587,0.174,-7.607,1.468,-24.946,9.732,US-Rws,US-Rws,sagebrush,0.593,0.41,0.596,0.534,0.662,0.567,0.623,0.091,0.684,0.091,0.0,14.413,87.28,84.273,90.157,550.614,486.647
US-Rws,2019-12-28,0.078,0.909,-5.083,0.398,0.868,11.877,-2.47,0.15,-5.09,0.0,28.167,0.199,0.061,0.334,-0.709,47.306,,85.804,66.71,0.259,-2.133,1.714,,,US-Rws,US-Rws,sagebrush,0.58,0.412,0.591,0.528,0.643,0.567,0.616,0.055,0.635,0.055,0.0,14.37,87.28,80.695,86.016,551.643,486.729
US-Rws,2020-01-02,0.08,1.111,-0.525,0.428,0.923,11.102,1.425,3.89,-1.04,0.0,28.167,0.338,0.175,0.49,2.372,46.705,,,59.823,0.318,,,,,US-Rws,US-Rws,sagebrush,0.862,0.656,0.878,0.803,0.941,0.838,0.916,0.099,0.961,0.099,0.0,14.352,86.976,78.387,83.668,552.257,486.783
US-Rws,2020-01-07,0.049,2.266,-2.689,0.423,0.938,13.79,2.9,7.84,-2.04,0.0,28.167,0.112,0.507,1.35,5.794,79.259,,85.679,50.075,0.473,-11.027,2.04,,,US-Rws,US-Rws,sagebrush,0.717,0.537,0.731,0.662,0.79,0.702,0.76,0.062,0.779,0.062,0.0,14.334,86.976,76.486,81.477,552.737,486.83
US-Rws,2020-01-12,0.009,0.903,-2.676,0.428,0.953,9.995,-1.845,0.64,-4.33,5.48,28.167,0.531,0.138,0.679,-1.614,78.218,,84.788,72.644,0.151,0.461,5.686,,,US-Rws,US-Rws,sagebrush,0.713,0.541,0.728,0.657,0.785,0.697,0.756,0.0,0.713,0.0,0.0,14.316,86.976,74.606,79.315,553.184,486.878
US-Rws,2020-01-17,0.02,1.023,-4.778,0.436,0.958,13.099,-2.79,0.26,-5.84,0.0,28.167,0.49,0.19,0.785,-2.427,106.386,,85.635,60.476,0.203,-9.428,3.015,,,US-Rws,US-Rws,sagebrush,0.61,0.455,0.622,0.552,0.671,0.596,0.647,0.0,0.61,0.0,0.0,14.299,86.976,73.01,77.48,553.541,486.919
US-Rws,2020-01-22,0.043,1.506,-1.809,0.438,1.022,13.167,0.755,4.37,-2.86,0.0,28.167,0.36,0.032,0.402,1.488,61.936,,85.828,72.066,0.193,24.707,1.827,,,US-Rws,US-Rws,sagebrush,0.752,0.587,0.768,0.695,0.824,0.732,0.798,0.044,0.795,0.044,0.0,14.283,86.976,71.05,75.237,553.949,486.972
US-Rws,2020-01-27,0.063,1.649,-0.506,0.436,1.183,13.777,2.62,6.12,-0.88,0.0,28.167,0.445,0.144,0.41,3.271,64.965,,86.016,69.682,0.236,17.341,2.321,,,US-Rws,US-Rws,sagebrush,0.803,0.644,0.809,0.739,0.857,0.775,0.841,0.122,0.925,0.122,0.0,14.266,86.674,68.971,73.166,554.344,487.03
US-Rws,2020-02-01,0.084,2.381,-0.403,0.374,1.267,17.101,5.16,9.59,0.73,1.88,28.167,0.183,0.054,0.499,10.326,66.384,,85.979,34.434,0.83,-19.056,3.023,,,US-Rws,US-Rws,sagebrush,0.603,0.533,0.607,0.571,0.641,0.588,0.627,0.24,0.843,0.131,0.044,14.392,86.551,67.267,71.506,554.642,487.079
US-Rws,2020-02-06,0.1,1.296,-0.388,0.4,1.25,7.734,3.755,6.23,1.28,0.0,28.167,0.244,0.085,0.609,5.656,49.534,,85.495,69.677,0.28,18.061,5.954,-26.191,18.34,US-Rws,US-Rws,sagebrush,0.709,0.578,0.716,0.647,0.759,0.689,0.742,0.111,0.821,0.111,0.0,14.371,86.25,65.47,69.74,554.928,487.133
US-Rws,2020-02-11,0.093,2.314,-3.573,0.372,1.271,21.922,-0.525,6.13,-7.18,0.0,28.167,-0.323,0.519,0.457,1.779,134.145,,85.939,53.039,0.352,15.183,2.458,14.113,17.08,US-Rws,US-Rws,sagebrush,0.414,0.354,0.415,0.383,0.446,0.396,0.436,0.273,0.687,0.108,0.066,14.572,86.52,64.189,68.251,555.114,487.172
US-Rws,2020-02-16,0.104,1.751,-0.165,0.378,1.271,16.84,-0.605,4.17,-5.38,7.86,28.167,-0.062,0.257,0.44,1.558,97.208,,85.545,74.668,0.172,36.491,3.29,-1.863,19.335,US-Rws,US-Rws,sagebrush,0.538,0.484,0.54,0.507,0.574,0.519,0.56,0.329,0.866,0.133,0.078,14.817,86.539,62.557,66.669,555.324,487.223
US-Rws,2020-02-21,0.11,2.262,-5.428,0.379,1.288,25.14,-0.16,6.12,-6.44,0.0,28.167,-0.286,0.207,0.088,-1.632,136.609,,86.15,50.998,0.282,24.576,1.538,13.7,9.684,US-Rws,US-Rws,sagebrush,0.305,0.25,0.304,0.263,0.341,0.284,0.329,0.322,0.627,0.097,0.09,15.101,86.907,61.478,65.41,555.449,487.258
US-Rws,2020-02-26,0.107,2.775,-2.181,0.371,1.283,26.624,2.51,9.02,-4.0,0.0,28.167,-0.293,0.384,0.191,2.338,170.434,,86.557,45.935,0.409,49.483,1.575,36.524,13.059,US-Rws,US-Rws,sagebrush,0.344,0.296,0.344,0.312,0.379,0.326,0.363,0.448,0.792,0.119,0.131,15.527,87.445,60.152,63.871,555.583,487.302
US-Rws,2020-03-02,0.112,2.51,-1.632,0.328,1.296,28.872,0.58,7.3,-6.14,0.0,28.167,-0.122,0.51,0.144,2.438,172.442,,85.791,46.656,0.392,57.932,2.324,43.221,10.393,US-Rws,US-Rws,sagebrush,0.231,0.196,0.23,0.205,0.258,0.214,0.247,0.545,0.776,0.124,0.168,16.073,88.134,58.985,62.508,555.683,487.342
US-Rws,2020-03-07,0.123,2.687,3.177,0.253,1.306,26.336,5.485,10.46,0.51,0.0,28.167,0.187,0.478,0.684,7.903,84.942,,84.736,44.402,0.636,19.767,2.198,9.874,9.859,US-Rws,US-Rws,sagebrush,0.118,0.113,0.115,0.091,0.14,0.101,0.129,0.774,0.892,0.167,0.241,16.861,88.819,57.841,61.467,555.766,487.382
US-Rws,2020-03-12,0.128,2.531,0.642,0.252,1.199,37.347,2.29,8.2,-3.62,0.0,28.167,-0.934,1.085,0.304,1.611,216.09,,85.701,44.806,0.4,59.379,2.108,50.166,25.292,US-Rws,US-Rws,sagebrush,-0.102,-0.114,-0.105,-0.128,-0.078,-0.119,-0.092,0.989,0.888,0.146,0.336,17.973,89.89,56.895,60.647,555.822,487.416
US-Rws,2020-03-17,0.133,2.68,3.352,0.266,1.182,32.214,4.515,9.85,-0.82,2.79,28.167,-0.281,1.351,0.933,4.829,144.613,,84.861,74.23,0.228,70.813,2.031,16.517,27.985,US-Rws,US-Rws,sagebrush,-0.024,-0.026,-0.028,-0.054,-0.004,-0.041,-0.015,1.059,1.035,0.175,0.352,19.139,91.023,55.712,59.556,555.877,487.459
US-Rws,2020-03-22,0.136,3.574,2.138,0.264,1.016,39.931,5.3,12.22,-1.62,0.0,28.167,-1.12,2.305,1.058,6.64,227.836,,85.559,36.828,0.653,70.542,2.15,36.083,39.613,US-Rws,US-Rws,sagebrush,-0.183,-0.188,-0.188,-0.214,-0.16,-0.2,-0.174,1.237,1.053,0.166,0.426,20.557,92.456,54.654,58.605,555.911,487.499
US-Rws,2020-03-27,0.137,2.316,0.48,0.256,0.888,29.353,0.57,6.66,-5.52,0.0,28.167,-1.883,1.945,0.182,0.983,178.932,,85.208,54.503,0.315,69.223,2.287,49.087,21.898,US-Rws,US-Rws,sagebrush,-0.017,-0.022,-0.021,-0.043,0.004,-0.035,-0.007,0.839,0.823,0.154,0.273,21.442,93.255,53.766,57.842,555.928,487.533
US-Rws,2020-04-01,0.146,1.44,2.979,0.276,0.821,24.171,-1.1,2.85,-5.05,2.44,28.167,-1.078,1.523,0.155,-1.674,152.531,,85.135,74.045,0.147,83.428,2.117,37.171,55.492,US-Rws,US-Rws,sagebrush,0.136,0.142,0.131,0.107,0.157,0.118,0.147,0.79,0.926,0.182,0.242,22.222,93.925,52.632,56.798,555.934,487.578
US-Rws,2020-04-06,0.156,2.947,4.539,0.259,0.768,41.174,5.925,11.14,0.71,0.0,28.167,-0.631,1.413,0.85,5.642,134.121,,84.859,79.216,0.204,74.877,1.539,7.598,34.665,US-Rws,US-Rws,sagebrush,-0.436,-0.422,-0.442,-0.472,-0.411,-0.456,-0.428,1.761,1.326,0.203,0.621,24.302,96.148,51.511,55.762,555.922,487.622
US-Rws,2020-04-11,0.16,4.555,7.149,0.228,0.733,46.431,7.17,13.78,0.56,0.0,28.167,-2.199,3.907,2.255,8.578,250.445,,85.164,45.161,0.624,103.87,4.082,70.077,51.78,US-Rws,US-Rws,sagebrush,-0.713,-0.685,-0.721,-0.761,-0.683,-0.739,-0.707,2.249,1.536,0.246,0.797,26.979,99.088,50.437,54.768,555.891,487.667
US-Rws,2020-04-16,0.16,2.902,3.885,0.247,0.705,49.371,2.625,8.29,-3.04,0.0,28.167,-1.602,3.199,0.931,2.037,284.485,,85.825,54.528,0.347,149.359,2.053,63.285,68.596,US-Rws,US-Rws,sagebrush,-0.689,-0.676,-0.696,-0.729,-0.657,-0.712,-0.681,2.1,1.41,0.211,0.752,29.496,101.832,49.481,53.913,555.847,487.707
US-Rws,2020-04-21,0.16,7.114,8.309,0.217,0.697,45.943,10.895,18.21,3.58,0.0,28.167,-1.532,3.597,2.253,11.847,234.495,,85.804,39.159,0.889,86.693,2.367,44.034,45.87,US-Rws,US-Rws,sagebrush,-0.688,-0.65,-0.698,-0.734,-0.665,-0.714,-0.684,2.234,1.546,0.288,0.775,32.078,104.66,48.466,52.978,555.783,487.752
US-Rws,2020-04-26,0.179,8.026,12.49,0.228,0.712,51.26,12.56,18.86,6.26,0.0,28.167,-1.415,4.037,1.98,11.96,261.172,,85.685,60.537,0.597,122.645,1.918,49.396,43.576,US-Rws,US-Rws,sagebrush,-1.139,-1.067,-1.151,-1.201,-1.106,-1.175,-1.126,3.305,2.166,0.386,1.162,35.991,109.071,47.161,51.705,555.676,487.809
US-Rws,2020-05-01,0.182,7.447,10.78,0.22,0.694,49.43,9.655,17.03,2.28,0.0,28.167,-1.454,4.217,2.25,9.57,269.434,,85.691,61.943,0.51,122.738,1.741,42.261,55.898,US-Rws,US-Rws,sagebrush,-1.096,-1.037,-1.107,-1.15,-1.067,-1.127,-1.086,3.083,1.988,0.369,1.081,39.609,113.13,46.065,50.67,555.558,487.86
US-Rws,2020-05-06,0.176,6.658,10.525,0.201,0.676,48.304,8.635,15.09,2.18,1.36,28.167,-2.396,4.408,2.103,10.769,326.695,,86.057,30.94,0.942,135.827,4.578,97.122,47.905,US-Rws,US-Rws,sagebrush,-1.059,-1.004,-1.071,-1.109,-1.029,-1.089,-1.052,2.924,1.865,0.383,1.012,42.97,116.892,45.149,49.834,555.436,487.905
US-Rws,2020-05-11,0.17,11.947,14.962,0.193,0.662,53.996,15.52,23.03,8.01,0.0,28.167,-1.45,3.762,2.495,18.563,274.383,,84.814,20.508,1.757,97.982,2.534,50.418,48.786,US-Rws,US-Rws,sagebrush,-1.112,-1.021,-1.127,-1.167,-1.09,-1.146,-1.105,3.268,2.155,0.524,1.093,46.597,120.974,44.104,48.84,555.276,487.957
US-Rws,2020-05-16,0.168,8.421,9.352,0.214,0.664,45.979,10.185,18.27,2.1,0.0,28.167,-1.674,3.986,2.107,12.117,245.58,,85.402,38.712,0.941,99.102,4.508,58.08,35.433,US-Rws,US-Rws,sagebrush,-0.748,-0.692,-0.758,-0.785,-0.723,-0.774,-0.742,2.41,1.663,0.391,0.804,49.225,123.855,43.231,48.054,555.119,488.002
US-Rws,2020-05-21,0.167,2.91,8.668,0.27,0.804,43.521,7.755,12.39,3.12,3.8,28.167,-1.069,2.26,1.199,7.2,183.201,,85.378,71.387,0.313,99.043,2.5,21.046,67.261,US-Rws,US-Rws,sagebrush,-0.663,-0.596,-0.67,-0.712,-0.634,-0.688,-0.651,2.469,1.806,0.388,0.829,51.954,126.828,42.088,46.974,554.897,488.06
US-Rws,2020-05-26,0.168,7.478,15.373,0.236,0.743,46.458,15.74,21.23,10.25,0.0,28.167,-0.414,2.602,1.752,14.923,217.191,,85.767,69.477,0.558,122.822,1.576,46.33,70.626,US-Rws,US-Rws,sagebrush,-0.844,-0.721,-0.856,-0.9,-0.814,-0.878,-0.835,3.121,2.277,0.6,1.004,55.263,130.509,40.808,45.706,554.61,488.126
US-Rws,2020-05-31,0.161,8.261,17.931,0.214,0.706,59.158,15.16,21.45,8.87,0.0,28.167,-1.652,3.863,2.457,15.118,288.473,,85.429,51.258,0.872,128.051,2.176,80.262,46.452,US-Rws,US-Rws,sagebrush,-1.206,-1.065,-1.221,-1.271,-1.172,-1.251,-1.195,3.814,2.608,0.728,1.229,59.33,135.103,39.614,44.523,554.295,488.192
US-Rws,2020-06-05,0.149,15.114,17.515,0.204,0.682,57.442,19.43,29.56,9.3,0.0,28.167,-0.713,2.906,2.239,21.364,277.022,,84.642,29.686,1.998,105.407,2.159,56.854,51.815,US-Rws,US-Rws,sagebrush,-0.675,-0.539,-0.689,-0.732,-0.645,-0.713,-0.666,2.854,2.179,0.743,0.84,62.038,138.084,38.569,43.509,553.976,488.252
US-Rws,2020-06-10,0.15,9.763,14.708,0.233,0.727,58.478,15.365,23.38,7.35,0.0,28.167,-0.89,2.905,1.903,16.129,342.154,,86.074,53.57,0.956,160.243,1.969,77.286,53.442,US-Rws,US-Rws,sagebrush,-0.904,-0.784,-0.917,-0.965,-0.878,-0.937,-0.895,3.168,2.264,0.646,1.004,65.319,141.73,37.496,42.474,553.618,488.315
US-Rws,2020-06-15,0.155,3.838,12.364,0.233,0.713,38.151,10.71,15.78,5.64,3.18,28.167,-0.377,1.87,1.448,10.548,117.612,,85.423,70.499,0.406,53.674,1.524,22.014,34.303,US-Rws,US-Rws,sagebrush,-0.458,-0.357,-0.468,-0.52,-0.429,-0.487,-0.445,2.247,1.789,0.58,0.664,67.416,143.963,36.586,41.631,553.273,488.371
US-Rws,2020-06-20,0.143,10.607,16.266,0.232,0.736,52.117,18.575,25.63,11.52,0.0,28.167,-0.375,2.814,2.61,19.693,268.164,,85.595,41.729,1.373,127.101,1.795,52.354,47.182,US-Rws,US-Rws,sagebrush,-0.572,-0.429,-0.585,-0.648,-0.534,-0.613,-0.555,2.755,2.183,0.749,0.799,69.971,146.743,35.519,40.59,552.842,488.436
US-Rws,2020-06-25,0.143,11.21,20.95,0.209,0.694,58.931,19.935,26.8,13.07,0.0,28.167,-1.375,3.037,1.921,21.274,363.315,,85.578,34.747,1.768,146.391,2.3,115.943,48.562,US-Rws,US-Rws,sagebrush,-0.568,-0.378,-0.583,-0.667,-0.496,-0.631,-0.542,3.058,2.491,1.019,0.812,72.55,149.566,34.443,39.516,552.357,488.505
US-Rws,2020-06-30,0.14,4.854,12.23,0.268,0.743,51.035,13.425,19.1,7.75,2.19,28.167,0.067,2.549,2.394,13.963,279.299,,85.352,59.31,0.722,180.178,2.26,50.54,102.126,US-Rws,US-Rws,sagebrush,-0.578,-0.458,-0.588,-0.662,-0.527,-0.619,-0.557,2.596,2.018,0.617,0.788,75.076,152.282,33.447,38.579,551.874,488.57
US-Rws,2020-07-05,0.132,10.259,17.799,0.217,0.708,59.554,18.425,25.82,11.03,0.0,28.167,-0.34,2.422,1.579,19.65,353.528,,85.772,35.744,1.561,145.989,1.975,82.529,57.128,US-Rws,US-Rws,sagebrush,-0.6,-0.446,-0.614,-0.679,-0.555,-0.647,-0.58,2.869,2.27,0.884,0.791,77.571,155.0,32.542,37.707,551.375,488.633
US-Rws,2020-07-10,0.13,11.701,18.564,0.198,0.674,58.98,19.25,27.56,10.94,0.0,28.167,-0.991,2.86,1.819,19.99,354.338,,86.002,38.687,1.491,143.111,2.214,95.516,39.077,US-Rws,US-Rws,sagebrush,-0.504,-0.355,-0.519,-0.587,-0.449,-0.553,-0.485,2.683,2.179,0.947,0.691,79.702,157.3,31.775,36.983,550.897,488.69
US-Rws,2020-07-15,0.127,11.548,16.653,0.18,0.653,58.767,18.66,27.21,10.11,0.0,28.167,-1.199,2.48,1.003,20.83,355.22,,85.846,22.509,2.006,125.212,2.262,100.694,38.759,US-Rws,US-Rws,sagebrush,-0.612,-0.499,-0.627,-0.684,-0.582,-0.656,-0.599,2.608,1.995,0.86,0.696,81.83,159.61,31.228,36.511,550.492,488.737
US-Rws,2020-07-20,0.122,13.077,20.842,0.164,0.639,57.156,21.925,29.94,13.91,0.0,28.167,-1.096,2.426,1.323,24.049,343.665,,85.768,27.779,2.244,124.161,2.266,93.38,26.658,US-Rws,US-Rws,sagebrush,-0.266,-0.12,-0.281,-0.364,-0.196,-0.325,-0.24,2.325,2.059,1.128,0.476,83.182,159.975,30.681,37.055,550.061,488.785
US-Rws,2020-07-25,0.121,10.599,20.551,0.191,0.631,55.818,19.925,27.09,12.76,0.0,28.167,-0.754,1.826,0.664,20.406,315.404,,85.701,28.624,1.806,113.158,2.096,77.158,36.66,US-Rws,US-Rws,sagebrush,-0.218,-0.052,-0.229,-0.309,-0.141,-0.28,-0.187,2.386,2.168,1.117,0.506,84.65,159.694,29.968,38.135,549.54,488.843
US-Rws,2020-07-30,0.119,17.011,23.6,0.173,0.62,55.257,25.655,34.03,17.28,0.0,28.167,-0.059,1.57,0.84,27.699,311.051,,85.792,24.157,2.923,106.315,4.844,83.187,20.122,US-Rws,US-Rws,sagebrush,0.163,0.35,0.151,0.035,0.275,0.08,0.207,1.971,2.134,1.349,0.248,85.21,157.329,29.316,40.229,549.034,488.899
US-Rws,2020-08-04,0.114,12.362,20.335,0.155,0.612,53.394,21.395,29.22,13.57,0.0,28.167,-0.848,1.897,0.775,22.99,324.777,,85.787,27.067,2.155,107.176,2.161,88.533,13.15,US-Rws,US-Rws,sagebrush,-0.143,-0.02,-0.155,-0.229,-0.084,-0.188,-0.118,2.038,1.896,1.099,0.374,86.19,154.84,28.905,43.196,548.658,488.941
US-Rws,2020-08-09,0.11,10.382,18.968,0.143,0.607,51.701,19.625,26.99,12.26,0.0,28.167,-1.222,1.876,0.826,20.845,316.921,,85.913,32.726,1.743,110.394,2.417,112.29,7.402,US-Rws,US-Rws,sagebrush,-0.207,-0.111,-0.219,-0.272,-0.165,-0.246,-0.191,1.958,1.752,1.006,0.379,87.175,151.961,28.623,46.666,548.359,488.978
US-Rws,2020-08-14,0.105,11.424,18.031,0.132,0.604,51.105,18.96,27.48,10.44,0.0,28.167,-0.684,1.721,0.875,20.117,312.453,,86.095,19.345,1.984,95.618,2.052,83.248,11.791,US-Rws,US-Rws,sagebrush,-0.178,-0.1,-0.191,-0.238,-0.136,-0.214,-0.165,1.778,1.6,0.943,0.332,87.987,148.709,28.441,50.382,548.123,489.009
US-Rws,2020-08-19,0.104,14.423,24.572,0.132,0.603,46.956,24.625,30.76,18.49,0.0,28.167,0.398,0.762,0.906,26.44,133.14,,85.624,29.825,2.475,13.344,2.692,14.159,11.889,US-Rws,US-Rws,sagebrush,0.352,0.372,0.328,0.204,0.418,0.273,0.38,1.504,1.856,1.386,0.047,87.811,144.368,28.129,53.685,547.852,489.048
US-Rws,2020-08-24,0.108,11.155,23.164,0.124,0.603,39.489,21.87,28.25,15.49,3.0,28.167,0.446,0.801,1.241,24.863,127.594,,85.559,23.836,2.496,16.569,2.154,18.168,16.742,US-Rws,US-Rws,sagebrush,0.26,0.313,0.242,0.141,0.322,0.202,0.285,1.442,1.702,1.249,0.077,87.733,140.21,27.913,57.015,547.639,489.082
US-Rws,2020-08-29,0.109,15.871,19.167,0.168,0.598,46.659,20.365,29.93,10.8,0.0,28.167,0.253,1.336,1.855,22.967,263.146,,85.382,23.278,2.232,81.052,2.058,48.356,31.301,US-Rws,US-Rws,sagebrush,0.166,0.263,0.162,0.115,0.226,0.135,0.188,1.529,1.695,0.963,0.226,88.202,136.458,27.492,60.1,547.386,489.126
US-Rws,2020-09-03,0.103,16.741,18.341,0.154,0.592,45.008,22.17,31.18,13.16,0.0,28.167,-0.446,1.329,1.025,23.976,267.259,,86.077,24.854,2.324,73.063,2.003,71.053,15.589,US-Rws,US-Rws,sagebrush,0.189,0.269,0.183,0.142,0.238,0.163,0.205,1.33,1.518,0.903,0.17,88.467,132.138,27.193,63.668,547.191,489.165
US-Rws,2020-09-08,0.11,7.007,13.164,0.143,0.589,43.766,10.015,17.37,2.66,0.0,28.167,-1.135,1.713,0.841,9.597,264.159,,86.192,29.616,0.905,68.129,2.024,73.735,9.171,US-Rws,US-Rws,sagebrush,-0.25,-0.215,-0.256,-0.303,-0.215,-0.279,-0.233,1.616,1.366,0.648,0.385,89.464,128.63,27.078,67.638,547.071,489.192
US-Rws,2020-09-13,0.099,16.713,17.154,0.136,0.588,41.913,19.685,29.43,9.94,0.0,28.167,0.139,1.046,0.952,22.761,218.079,,85.737,13.985,2.442,36.723,2.468,13.629,7.377,US-Rws,US-Rws,sagebrush,0.162,0.224,0.155,0.116,0.209,0.134,0.178,1.172,1.334,0.816,0.142,89.613,124.172,26.927,71.365,546.963,489.223
US-Rws,2020-09-18,0.089,11.854,17.52,0.129,0.588,27.074,16.885,22.97,10.8,0.0,28.167,0.768,0.62,1.559,20.461,59.056,,85.452,26.894,1.819,-31.76,2.857,-26.876,9.823,US-Rws,US-Rws,sagebrush,0.364,0.272,0.366,0.278,0.438,0.322,0.405,0.741,1.105,0.741,0.0,80.58,119.324,35.498,74.906,546.883,489.251
US-Rws,2020-09-23,0.095,13.316,15.956,0.125,0.589,36.995,18.08,24.81,11.35,0.0,28.167,0.008,1.048,1.183,21.427,152.626,,85.753,18.907,2.116,11.456,2.253,17.125,8.573,US-Rws,US-Rws,sagebrush,0.133,0.18,0.126,0.08,0.195,0.099,0.148,1.058,1.191,0.695,0.144,72.956,115.282,43.073,78.304,546.885,489.277
US-Rws,2020-09-28,0.096,11.324,10.17,0.13,0.59,35.645,12.29,20.22,4.36,0.0,28.167,-0.248,1.213,0.636,12.599,215.164,,86.708,40.556,0.922,61.261,2.259,46.481,6.333,US-Rws,US-Rws,sagebrush,0.054,0.063,0.05,0.002,0.101,0.024,0.079,0.877,0.931,0.462,0.165,66.172,111.55,49.886,81.662,546.94,489.298
US-Rws,2020-10-03,0.096,15.454,13.251,0.127,0.59,34.038,17.12,25.6,8.64,0.0,28.167,0.12,0.774,0.684,19.314,186.451,,86.028,23.379,1.757,26.511,2.31,17.492,5.541,US-Rws,US-Rws,sagebrush,0.162,0.183,0.157,0.106,0.23,0.127,0.186,0.849,1.011,0.525,0.129,59.947,107.849,55.856,84.668,547.055,489.321
US-Rws,2020-10-08,0.096,14.085,12.205,0.124,0.591,32.13,15.64,24.02,7.26,0.0,28.167,0.322,0.86,1.036,18.382,159.634,,85.384,15.994,1.801,3.362,2.329,0.035,6.684,US-Rws,US-Rws,sagebrush,0.141,0.154,0.137,0.082,0.214,0.105,0.168,0.806,0.947,0.465,0.136,54.373,104.377,61.172,87.518,547.207,489.343
US-Rws,2020-10-13,0.097,10.858,10.604,0.188,0.593,23.079,12.13,18.54,5.72,0.48,28.167,0.729,0.383,1.03,14.587,63.627,,85.856,47.8,0.894,-2.041,3.152,-16.843,24.9,US-Rws,US-Rws,sagebrush,0.465,0.427,0.471,0.399,0.559,0.431,0.509,0.592,1.057,0.4,0.077,49.156,100.865,65.37,89.381,547.515,489.378
US-Rws,2020-10-18,0.102,11.079,8.759,0.182,0.589,18.282,12.53,18.71,6.35,0.0,28.167,-0.217,0.928,0.771,14.265,160.4,,85.753,40.199,0.987,36.22,3.695,24.615,9.731,US-Rws,US-Rws,sagebrush,0.448,0.375,0.452,0.386,0.532,0.418,0.488,0.467,0.914,0.338,0.051,44.379,97.153,69.118,91.539,547.829,489.409
US-Rws,2020-10-23,0.095,6.506,1.346,0.18,0.584,26.614,3.95,11.72,-3.82,0.0,28.167,-0.146,0.803,0.354,5.015,157.068,,85.748,30.329,0.667,40.803,2.524,18.152,7.985,US-Rws,US-Rws,sagebrush,0.197,0.153,0.199,0.145,0.251,0.17,0.224,0.456,0.653,0.204,0.1,40.251,93.52,72.765,94.413,548.061,489.429
US-Rws,2020-10-28,0.091,8.872,2.34,0.204,0.575,24.624,8.375,16.74,0.01,0.0,28.167,0.083,0.813,1.159,11.281,146.349,,86.24,33.011,0.924,18.41,1.712,2.563,11.545,US-Rws,US-Rws,sagebrush,0.326,0.264,0.329,0.274,0.384,0.299,0.354,0.406,0.732,0.204,0.08,36.471,89.497,75.74,97.262,548.385,489.455
US-Rws,2020-11-02,0.094,9.913,3.659,0.2,0.578,20.603,9.99,18.67,1.31,0.0,28.167,0.053,0.64,0.607,11.242,136.674,,86.338,33.577,0.921,14.127,1.711,1.508,5.109,US-Rws,US-Rws,sagebrush,0.385,0.32,0.387,0.329,0.45,0.36,0.415,0.372,0.757,0.208,0.065,33.019,85.722,78.229,99.674,548.761,489.481
US-Rws,2020-11-07,0.091,2.243,6.112,0.194,0.584,15.442,1.25,5.23,-2.73,3.52,28.167,-0.211,0.304,0.339,2.996,28.148,,83.832,78.348,0.175,-18.065,2.286,-18.9,4.69,US-Rws,US-Rws,sagebrush,0.465,0.368,0.466,0.396,0.542,0.431,0.504,0.361,0.826,0.228,0.053,29.874,82.37,80.203,101.397,549.207,489.511
US-Rws,2020-11-12,0.093,2.554,-1.015,0.255,0.598,18.867,-3.535,3.0,-10.07,0.0,28.167,0.148,0.674,0.979,-2.134,111.868,,85.652,61.936,0.205,8.169,2.231,2.507,9.012,US-Rws,US-Rws,sagebrush,0.409,0.312,0.41,0.358,0.466,0.387,0.438,0.29,0.698,0.14,0.06,27.068,79.865,81.962,102.453,549.631,489.538
US-Rws,2020-11-17,0.099,3.165,2.291,0.264,0.784,15.495,8.185,13.14,3.23,7.14,28.167,1.54,0.291,1.923,8.535,43.741,,85.053,55.115,0.528,-18.089,3.555,-37.267,32.409,US-Rws,US-Rws,sagebrush,0.554,0.44,0.555,0.493,0.624,0.525,0.59,0.322,0.877,0.163,0.064,24.559,79.848,83.043,100.527,550.196,489.573
US-Rws,2020-11-22,0.1,1.804,-4.156,0.295,0.733,16.741,-0.935,4.14,-6.01,0.0,28.167,0.025,0.479,0.883,-1.228,104.833,,85.765,59.964,0.24,-8.438,2.499,-11.258,13.794,US-Rws,US-Rws,sagebrush,0.406,0.3,0.406,0.357,0.458,0.384,0.429,0.217,0.624,0.108,0.044,22.234,80.028,84.3,98.948,550.606,489.599
US-Rws,2020-11-27,0.097,1.943,-2.719,0.345,0.732,15.674,-0.975,4.59,-6.54,0.0,28.167,-0.647,0.343,0.653,-1.483,99.025,,86.516,70.694,0.165,-13.868,1.6,-1.479,3.008,US-Rws,US-Rws,sagebrush,0.563,0.423,0.564,0.506,0.631,0.538,0.592,0.223,0.786,0.115,0.043,20.141,80.204,84.893,96.879,551.148,489.634
US-Rws,2020-12-02,0.09,1.681,-5.257,0.351,0.755,14.598,-1.92,3.13,-6.97,0.0,28.167,0.561,0.242,0.441,-0.613,95.586,,86.713,54.814,0.277,-16.435,3.95,-19.084,13.989,US-Rws,US-Rws,sagebrush,0.495,0.344,0.494,0.442,0.55,0.471,0.521,0.145,0.64,0.097,0.019,18.177,80.284,85.529,95.177,551.595,489.663
US-Rws,2020-12-07,0.091,2.452,-5.612,0.346,0.793,14.671,0.455,7.05,-6.14,0.0,28.167,0.233,0.183,0.168,0.676,90.449,,86.884,58.732,0.269,-9.627,1.422,-14.757,2.212,US-Rws,US-Rws,sagebrush,0.468,0.325,0.468,0.418,0.519,0.446,0.496,0.142,0.61,0.093,0.019,16.412,80.363,86.021,93.58,552.015,489.691
US-Rws,2020-12-12,0.094,1.467,-3.912,0.34,0.818,13.77,-4.67,0.69,-10.03,0.0,28.167,-1.162,0.26,0.462,-4.023,81.627,,85.702,63.81,0.171,-24.079,1.738,-15.999,3.935,US-Rws,US-Rws,sagebrush,0.524,0.372,0.525,0.474,0.578,0.503,0.547,0.153,0.677,0.101,0.02,14.828,80.447,86.163,91.821,552.479,489.723
US-Rws,2020-12-17,0.096,1.253,-1.615,0.361,0.837,11.527,1.36,4.18,-1.46,2.44,28.167,1.099,0.322,1.218,2.665,47.76,,85.088,74.425,0.188,20.073,3.183,,,US-Rws,US-Rws,sagebrush,0.683,0.485,0.684,0.626,0.755,0.657,0.709,0.138,0.822,0.115,0.009,14.833,80.486,84.275,89.637,553.049,489.763
US-Rws,2020-12-22,0.099,2.191,-1.151,0.39,0.874,10.563,-0.315,5.8,-6.43,0.0,28.167,0.626,0.285,0.599,-0.452,71.777,,85.514,55.896,0.283,-23.814,4.831,,,US-Rws,US-Rws,sagebrush,0.737,0.55,0.74,0.677,0.817,0.711,0.767,0.176,0.913,0.118,0.023,14.89,80.301,82.19,87.519,553.65,489.809
US-Rws,2020-12-27,0.1,1.454,-3.112,0.394,0.891,13.808,-3.295,1.45,-8.04,0.0,28.167,0.192,0.385,0.487,-1.471,83.512,,85.783,75.121,0.141,-30.282,1.806,-11.566,7.775,US-Rws,US-Rws,sagebrush,0.623,0.469,0.624,0.573,0.678,0.599,0.647,0.178,0.801,0.105,0.029,14.968,80.421,80.404,85.459,554.144,489.85
US-Rws,2021-01-01,0.099,1.507,-3.479,0.386,0.909,12.935,-1.36,2.89,-5.61,0.0,28.167,0.649,0.435,0.858,0.097,64.467,,85.84,72.874,0.168,3.696,1.818,,,US-Rws,US-Rws,sagebrush,0.586,0.441,0.587,0.541,0.633,0.563,0.605,0.166,0.751,0.103,0.025,15.031,80.524,78.745,83.545,554.583,489.89
US-Rws,2021-01-06,0.1,1.8,-1.264,0.398,0.972,12.065,0.515,5.04,-4.01,0.0,28.167,0.418,0.356,0.725,-0.011,46.742,,85.864,70.059,0.188,-13.837,1.01,,,US-Rws,US-Rws,sagebrush,0.691,0.545,0.694,0.643,0.756,0.671,0.715,0.205,0.896,0.117,0.035,15.129,80.388,76.771,81.56,555.077,489.937
US-Rws,2021-01-11,0.098,1.74,-3.054,0.396,0.986,13.175,-2.06,3.26,-7.38,0.0,28.167,-0.881,0.351,0.132,-3.993,85.324,,86.308,82.424,0.082,-11.002,1.152,,,US-Rws,US-Rws,sagebrush,0.59,0.463,0.591,0.55,0.632,0.569,0.608,0.187,0.777,0.105,0.033,15.218,80.521,75.092,79.624,555.477,489.979
US-Rws,2021-01-16,0.093,1.774,-1.957,0.407,1.033,15.957,1.28,5.48,-2.92,0.0,28.167,0.215,0.286,0.106,1.526,97.182,,86.517,84.147,0.112,27.829,1.29,3.919,4.748,US-Rws,US-Rws,sagebrush,0.63,0.516,0.631,0.588,0.681,0.61,0.649,0.232,0.862,0.113,0.047,15.36,80.715,73.255,77.517,555.887,490.027
US-Rws,2021-01-21,0.086,1.451,-3.995,0.4,1.04,9.673,0.42,3.98,-3.14,0.0,28.167,0.306,0.161,0.276,0.439,49.641,,85.429,64.552,0.225,17.303,0.751,2.331,6.877,US-Rws,US-Rws,sagebrush,0.582,0.427,0.581,0.54,0.62,0.558,0.601,0.093,0.675,0.093,0.0,15.337,80.715,71.746,75.782,556.203,490.067
US-Rws,2021-01-26,0.082,1.121,-5.282,0.389,1.049,16.054,-4.805,-0.85,-8.76,0.0,28.167,-0.324,0.422,0.204,-4.378,60.93,,84.558,70.331,0.137,-2.262,2.008,-3.336,11.337,US-Rws,US-Rws,sagebrush,0.5,0.362,0.496,0.452,0.533,0.476,0.514,0.096,0.596,0.093,0.001,15.317,80.721,70.455,74.296,556.459,490.102
US-Rws,2021-01-31,0.078,2.197,-2.351,0.412,1.069,18.441,1.215,6.64,-4.21,0.0,28.167,0.332,0.553,0.66,1.193,121.704,,86.053,62.81,0.256,17.271,3.165,-20.492,30.463,US-Rws,US-Rws,sagebrush,0.606,0.5,0.607,0.571,0.651,0.585,0.625,0.199,0.805,0.111,0.035,15.418,80.866,68.758,72.358,556.77,490.149
US-Rws,2021-02-05,0.081,1.517,-1.474,0.402,1.093,12.454,2.14,5.44,-1.16,0.0,28.167,0.869,0.395,0.837,3.27,77.376,,85.617,61.288,0.3,2.131,5.317,-35.858,57.027,US-Rws,US-Rws,sagebrush,0.656,0.519,0.656,0.622,0.705,0.634,0.673,0.142,0.798,0.117,0.01,15.43,80.626,67.045,70.685,557.056,490.198
US-Rws,2021-02-10,0.086,2.34,-2.182,0.383,1.105,21.918,0.12,6.52,-6.28,0.0,28.167,0.151,0.728,0.858,2.61,149.74,,85.357,37.454,0.471,23.636,2.6,0.784,21.471,US-Rws,US-Rws,sagebrush,0.498,0.423,0.498,0.467,0.536,0.479,0.515,0.273,0.771,0.112,0.064,15.626,80.889,65.542,68.962,557.285,490.243
US-Rws,2021-02-15,0.09,1.384,0.027,0.288,1.299,15.673,0.51,3.86,-2.84,5.3,28.167,0.52,0.358,0.723,2.229,70.899,,84.534,76.674,0.178,12.358,4.256,-33.54,34.716,US-Rws,US-Rws,sagebrush,0.442,0.385,0.441,0.415,0.476,0.428,0.454,0.214,0.657,0.128,0.034,15.706,80.749,64.32,67.825,557.457,490.28
US-Rws,2021-02-20,0.094,1.288,-0.335,0.359,1.255,17.747,-1.86,1.83,-5.55,0.0,28.167,0.194,0.474,0.322,-0.994,104.633,,85.729,74.112,0.148,14.275,3.08,3.676,18.745,US-Rws,US-Rws,sagebrush,0.546,0.49,0.546,0.515,0.588,0.528,0.563,0.236,0.782,0.125,0.044,15.828,80.648,62.799,66.357,557.647,490.328
US-Rws,2021-02-25,0.099,1.846,-3.525,0.374,1.241,18.811,-3.535,2.93,-10.0,0.0,28.167,-0.041,0.496,0.268,-1.287,120.319,,86.008,44.45,0.314,25.217,2.286,3.694,28.758,US-Rws,US-Rws,sagebrush,0.411,0.353,0.409,0.375,0.45,0.389,0.427,0.257,0.668,0.103,0.061,16.012,80.899,61.562,64.928,557.785,490.367
US-Rws,2021-03-02,0.103,3.085,-1.217,0.385,1.237,32.524,3.315,10.28,-3.65,0.0,28.167,-0.092,0.78,0.398,3.983,194.891,,85.529,52.423,0.412,71.055,1.445,1.055,24.833,US-Rws,US-Rws,sagebrush,0.338,0.282,0.337,0.309,0.375,0.318,0.355,0.562,0.9,0.119,0.176,16.594,81.341,60.08,63.509,557.925,490.415
US-Rws,2021-03-07,0.106,2.844,0.291,0.286,1.304,26.913,2.595,9.26,-4.07,0.0,28.167,-0.207,1.13,0.652,3.461,169.732,,85.581,51.141,0.411,53.12,1.564,21.314,31.959,US-Rws,US-Rws,sagebrush,0.224,0.198,0.222,0.198,0.253,0.208,0.233,0.544,0.768,0.132,0.164,17.118,81.732,58.953,62.471,558.017,490.454
US-Rws,2021-03-12,0.11,2.603,-0.923,0.271,1.267,37.53,1.725,8.13,-4.68,0.0,28.167,-0.244,1.488,1.059,2.277,217.367,,85.94,41.625,0.443,60.913,2.051,32.444,34.985,US-Rws,US-Rws,sagebrush,0.039,0.016,0.036,0.011,0.064,0.024,0.048,0.729,0.769,0.124,0.241,17.905,82.437,58.005,61.629,558.083,490.487
US-Rws,2021-03-17,0.11,3.304,2.145,0.244,1.246,36.868,4.625,11.46,-2.21,0.0,28.167,-0.41,1.565,0.881,5.906,216.069,,85.511,53.538,0.472,77.523,2.274,47.527,21.861,US-Rws,US-Rws,sagebrush,-0.001,-0.01,-0.005,-0.028,0.022,-0.017,0.005,0.871,0.87,0.152,0.286,18.841,83.327,57.002,60.717,558.142,490.522
US-Rws,2021-03-22,0.119,1.635,0.775,0.261,1.122,16.383,1.0,4.9,-2.9,8.14,28.167,-0.232,1.265,0.801,1.095,124.695,,85.354,76.027,0.172,66.311,2.968,16.676,41.686,US-Rws,US-Rws,sagebrush,0.266,0.255,0.263,0.235,0.291,0.25,0.277,0.405,0.671,0.142,0.105,19.152,83.467,56.023,59.834,558.187,490.558
US-Rws,2021-03-27,0.129,4.386,1.631,0.271,1.078,41.137,5.74,13.55,-2.07,0.0,28.167,-0.643,2.421,1.471,7.106,250.979,,86.314,46.932,0.604,96.32,1.956,51.514,34.741,US-Rws,US-Rws,sagebrush,-0.129,-0.14,-0.134,-0.156,-0.108,-0.146,-0.122,1.134,1.004,0.15,0.392,20.452,84.785,54.96,58.852,558.222,490.597
US-Rws,2021-04-01,0.126,7.331,2.403,0.253,0.963,44.385,9.635,19.74,-0.47,0.0,28.167,-0.446,2.507,1.765,11.906,266.502,,85.559,23.364,1.16,83.705,2.883,32.529,31.351,US-Rws,US-Rws,sagebrush,-0.16,-0.163,-0.165,-0.186,-0.14,-0.177,-0.153,1.165,1.005,0.161,0.4,21.774,86.131,53.955,57.931,558.241,490.635
US-Rws,2021-04-06,0.125,4.747,3.197,0.234,0.79,46.018,5.155,12.8,-2.49,0.0,28.167,-2.065,3.533,1.372,5.65,274.358,,85.586,34.237,0.662,96.65,2.864,75.42,24.586,US-Rws,US-Rws,sagebrush,-0.277,-0.273,-0.283,-0.305,-0.258,-0.296,-0.269,1.33,1.053,0.174,0.461,23.298,87.723,53.025,57.089,558.246,490.671
US-Rws,2021-04-11,0.135,3.048,3.455,0.225,0.724,48.971,0.27,7.03,-6.49,0.0,28.167,-2.305,2.607,0.441,0.365,292.479,,85.721,37.709,0.427,107.871,2.644,109.048,14.354,US-Rws,US-Rws,sagebrush,-0.475,-0.468,-0.481,-0.506,-0.451,-0.495,-0.464,1.64,1.166,0.181,0.581,25.232,89.804,52.145,56.3,558.239,490.707
US-Rws,2021-04-16,0.131,5.252,4.408,0.221,0.694,44.03,6.295,12.65,-0.06,0.0,28.167,-1.064,2.43,1.355,6.523,280.888,,85.876,47.5,0.562,113.904,1.815,76.076,12.772,US-Rws,US-Rws,sagebrush,-0.326,-0.312,-0.332,-0.354,-0.307,-0.346,-0.316,1.425,1.099,0.199,0.488,26.838,91.496,51.259,55.499,558.22,490.743
US-Rws,2021-04-21,0.122,5.996,5.256,0.208,0.676,52.408,6.56,13.95,-0.83,0.0,28.167,-1.418,2.537,0.881,7.985,311.914,,85.289,23.365,0.857,106.126,2.776,89.821,18.863,US-Rws,US-Rws,sagebrush,-0.441,-0.422,-0.447,-0.473,-0.421,-0.462,-0.432,1.61,1.17,0.216,0.555,28.668,93.459,50.418,54.745,558.19,490.779
US-Rws,2021-04-26,0.122,1.559,7.041,0.243,0.683,42.936,3.455,6.56,0.35,10.62,28.167,0.001,1.704,1.379,2.946,98.874,,84.664,79.886,0.167,51.698,,28.113,26.849,US-Rws,US-Rws,sagebrush,-0.234,-0.201,-0.24,-0.269,-0.215,-0.254,-0.227,1.507,1.273,0.248,0.501,30.315,95.193,49.293,53.668,558.133,490.826
US-Rws,2021-05-01,0.126,6.961,13.338,0.225,0.749,41.346,12.455,18.22,6.69,0.0,28.167,-0.976,2.998,1.935,13.258,246.571,,85.273,47.077,0.829,107.846,3.071,76.172,49.467,US-Rws,US-Rws,sagebrush,-0.241,-0.158,-0.248,-0.299,-0.197,-0.273,-0.222,1.833,1.592,0.373,0.582,32.23,97.25,47.929,52.304,558.034,490.884
US-Rws,2021-05-06,0.13,14.148,11.443,0.208,0.708,56.898,17.055,27.12,6.99,0.0,28.167,-0.313,2.354,2.023,18.917,270.577,,85.445,24.057,1.779,103.28,2.511,44.754,43.092,US-Rws,US-Rws,sagebrush,-0.505,-0.442,-0.513,-0.547,-0.482,-0.529,-0.498,2.055,1.55,0.343,0.682,34.48,99.713,46.845,51.259,557.929,490.932
US-Rws,2021-05-11,0.134,7.606,7.505,0.202,0.676,58.501,9.59,17.45,1.73,0.0,28.167,-1.63,3.373,1.441,10.487,339.733,,85.893,35.445,0.869,139.481,1.918,93.051,21.146,US-Rws,US-Rws,sagebrush,-0.725,-0.689,-0.733,-0.762,-0.7,-0.747,-0.717,2.17,1.445,0.28,0.753,36.965,102.457,46.034,50.526,557.831,490.971
US-Rws,2021-05-16,0.135,13.463,13.533,0.189,0.666,58.465,16.09,23.57,8.61,0.0,28.167,-1.259,2.593,1.357,17.479,340.056,,85.256,27.135,1.546,132.109,2.11,101.583,23.457,US-Rws,US-Rws,sagebrush,-0.721,-0.642,-0.73,-0.766,-0.695,-0.746,-0.715,2.45,1.729,0.419,0.809,39.631,105.423,45.045,49.577,557.695,491.018
US-Rws,2021-05-21,0.131,1.212,6.247,0.184,0.659,33.92,4.135,6.38,1.89,5.29,28.167,-0.135,0.995,0.897,3.968,57.968,,85.019,82.042,0.145,29.369,2.902,-3.273,48.732,US-Rws,US-Rws,sagebrush,-0.081,-0.047,-0.088,-0.11,-0.062,-0.103,-0.073,0.973,0.892,0.281,0.276,40.448,106.188,44.441,49.075,557.594,491.05
US-Rws,2021-05-26,0.131,6.699,10.679,0.239,0.704,58.793,10.485,16.99,3.98,0.0,28.167,-0.447,2.452,1.524,10.602,310.517,,85.934,63.979,0.494,158.734,1.745,57.69,72.586,US-Rws,US-Rws,sagebrush,-0.702,-0.631,-0.709,-0.738,-0.674,-0.726,-0.695,2.491,1.788,0.371,0.844,43.243,109.286,43.307,47.967,557.401,491.104
US-Rws,2021-05-31,0.13,12.726,14.779,0.207,0.686,60.926,17.645,25.54,9.75,0.0,28.167,-0.732,3.469,2.633,19.298,355.506,,85.999,26.787,1.728,146.191,2.277,91.231,51.52,US-Rws,US-Rws,sagebrush,-0.696,-0.594,-0.704,-0.735,-0.669,-0.72,-0.687,2.597,1.901,0.494,0.837,45.992,112.345,42.217,46.892,557.183,491.159
US-Rws,2021-06-05,0.13,13.405,19.087,0.189,0.665,58.743,17.78,26.16,9.4,0.0,28.167,-1.125,2.692,1.441,20.282,351.377,,85.256,28.435,1.804,136.951,2.972,108.349,31.205,US-Rws,US-Rws,sagebrush,-0.55,-0.406,-0.559,-0.612,-0.501,-0.588,-0.53,2.569,2.019,0.666,0.758,48.453,115.067,41.1,45.774,556.926,491.217
US-Rws,2021-06-10,0.13,3.962,14.369,0.229,0.667,43.475,8.655,14.05,3.26,13.36,28.167,-0.204,1.593,0.667,8.563,202.601,,85.709,65.514,0.447,115.059,2.847,33.354,71.574,US-Rws,US-Rws,sagebrush,-0.403,-0.291,-0.41,-0.45,-0.367,-0.432,-0.389,2.209,1.805,0.517,0.674,50.632,117.434,39.95,44.632,556.63,491.278
US-Rws,2021-06-15,0.128,12.94,19.959,0.21,0.689,58.55,18.755,26.87,10.64,0.0,28.167,-1.163,2.26,1.174,20.531,362.968,,85.803,33.846,1.75,140.003,2.55,121.787,29.179,US-Rws,US-Rws,sagebrush,-0.405,-0.233,-0.412,-0.484,-0.332,-0.448,-0.376,2.545,2.14,0.745,0.717,52.945,119.97,38.698,43.355,556.266,491.345
US-Rws,2021-06-20,0.122,13.145,20.221,0.188,0.66,58.43,20.435,27.62,13.25,0.0,28.167,-1.5,2.329,1.045,21.749,362.492,,85.575,31.35,1.858,140.785,2.648,135.152,17.457,US-Rws,US-Rws,sagebrush,-0.374,-0.212,-0.382,-0.455,-0.32,-0.414,-0.346,2.377,2.004,0.778,0.637,54.964,122.168,37.668,42.326,555.918,491.405
US-Rws,2021-06-25,0.116,14.003,20.22,0.181,0.641,57.972,21.24,27.94,14.54,0.0,28.167,-1.384,1.842,0.57,23.009,335.99,,85.679,33.257,1.95,129.615,2.965,126.7,11.769,US-Rws,US-Rws,sagebrush,-0.27,-0.113,-0.278,-0.349,-0.218,-0.309,-0.241,2.167,1.897,0.797,0.545,56.657,123.37,36.733,42.015,555.564,491.461
US-Rws,2021-06-30,0.118,20.134,25.048,0.163,0.628,56.449,27.195,34.01,20.38,0.0,28.167,-0.073,1.163,0.671,28.907,344.257,,85.418,18.514,3.357,142.15,3.51,84.024,29.234,US-Rws,US-Rws,sagebrush,0.136,0.349,0.13,-0.001,0.243,0.06,0.205,1.803,1.939,1.085,0.286,57.441,122.5,35.803,42.674,555.183,491.518
US-Rws,2021-07-05,0.112,19.615,25.284,0.149,0.619,57.767,24.925,32.75,17.1,0.0,28.167,-0.627,1.483,0.877,26.872,328.728,,85.744,26.892,2.678,123.351,1.889,100.149,9.546,US-Rws,US-Rws,sagebrush,0.108,0.307,0.101,-0.026,0.216,0.033,0.168,1.762,1.87,1.1,0.264,58.139,120.91,35.029,44.09,554.842,491.57
US-Rws,2021-07-10,0.107,22.4,22.666,0.135,0.612,58.811,25.59,34.88,16.3,0.0,28.167,-0.265,1.301,0.799,28.021,330.592,,85.952,11.673,3.451,103.328,2.206,74.778,9.964,US-Rws,US-Rws,sagebrush,0.039,0.185,0.03,-0.058,0.11,-0.013,0.072,1.548,1.587,0.934,0.244,58.76,118.82,34.477,46.142,554.576,491.61
US-Rws,2021-07-15,0.109,18.835,24.085,0.124,0.607,58.227,24.35,32.31,16.39,0.0,28.167,-0.275,1.246,0.73,27.007,319.898,,85.35,18.316,2.981,97.998,2.106,94.197,8.447,US-Rws,US-Rws,sagebrush,-0.062,0.091,-0.071,-0.169,0.019,-0.127,-0.022,1.747,1.686,1.01,0.294,59.543,116.675,34.002,48.485,554.341,491.648
US-Rws,2021-07-20,0.11,13.681,24.184,0.115,0.604,51.244,22.805,28.85,16.76,1.59,28.167,0.131,0.793,0.867,24.252,168.805,,85.82,40.391,1.851,50.37,2.627,29.371,10.577,US-Rws,US-Rws,sagebrush,-0.126,0.019,-0.136,-0.237,-0.046,-0.194,-0.087,1.797,1.672,1.008,0.314,60.39,114.439,33.613,51.055,554.144,491.681
US-Rws,2021-07-25,0.11,21.535,22.973,0.117,0.6,56.411,24.755,33.52,15.99,0.0,28.167,-0.143,1.073,0.677,26.707,265.656,,85.721,16.559,3.002,70.118,2.231,51.681,6.22,US-Rws,US-Rws,sagebrush,-0.037,0.093,-0.046,-0.13,0.035,-0.09,-0.006,1.574,1.537,0.929,0.257,61.035,111.787,33.24,53.766,553.963,491.714
US-Rws,2021-07-30,0.107,21.701,25.105,0.11,0.598,50.891,24.8,32.61,16.99,0.0,28.167,-0.196,0.96,0.74,27.228,244.338,,85.861,27.608,2.688,84.958,2.844,72.411,4.417,US-Rws,US-Rws,sagebrush,0.153,0.268,0.143,0.031,0.25,0.085,0.202,1.371,1.524,1.045,0.13,61.237,108.541,32.894,56.52,553.801,491.746
US-Rws,2021-08-04,0.103,22.094,24.416,0.135,0.593,52.309,25.165,34.06,16.27,0.0,28.167,-0.152,1.085,1.035,26.111,242.615,,85.787,26.747,2.583,80.865,2.444,47.985,17.63,US-Rws,US-Rws,sagebrush,0.265,0.397,0.261,0.165,0.363,0.207,0.312,1.323,1.588,0.985,0.135,61.468,105.166,32.356,59.03,553.606,491.789
US-Rws,2021-08-09,0.105,12.551,17.9,0.124,0.588,52.71,16.36,25.12,7.6,0.0,28.167,-0.742,1.332,0.686,17.569,310.859,,85.855,29.843,1.485,98.405,2.009,85.996,4.277,US-Rws,US-Rws,sagebrush,-0.343,-0.269,-0.349,-0.393,-0.3,-0.369,-0.332,1.777,1.435,0.652,0.448,62.773,102.9,32.061,62.092,553.482,491.818
US-Rws,2021-08-14,0.092,19.532,24.79,0.117,0.586,49.394,25.455,32.87,18.04,0.0,28.167,-0.401,0.906,0.404,27.328,240.02,,86.144,17.42,3.08,56.507,2.308,53.097,3.775,US-Rws,US-Rws,sagebrush,0.299,0.301,0.288,0.193,0.386,0.243,0.334,1.145,1.445,0.983,0.065,62.747,98.982,31.694,64.998,553.357,491.853
US-Rws,2021-08-19,0.079,10.325,14.747,0.11,0.584,49.305,14.855,22.05,7.66,0.0,28.167,-0.928,1.286,0.661,15.66,261.384,,85.537,45.137,1.072,83.238,3.109,89.989,0.211,US-Rws,US-Rws,sagebrush,-0.108,-0.059,-0.114,-0.164,-0.064,-0.137,-0.09,1.125,1.017,0.523,0.24,63.32,95.829,31.563,68.294,553.291,491.874
US-Rws,2021-08-24,0.094,14.929,16.343,0.106,0.582,48.174,16.66,24.81,8.51,0.0,28.167,-0.378,1.09,0.455,17.184,258.381,,85.523,22.713,1.57,72.719,1.869,58.689,3.04,US-Rws,US-Rws,sagebrush,-0.193,-0.134,-0.199,-0.252,-0.14,-0.224,-0.174,1.322,1.129,0.567,0.301,64.1,92.942,31.435,71.522,553.239,491.896
US-Rws,2021-08-29,0.094,17.534,15.265,0.102,0.58,47.46,18.96,28.26,9.66,0.0,28.167,-0.292,1.071,0.698,20.752,266.363,,85.55,23.564,1.99,80.012,2.381,67.4,5.126,US-Rws,US-Rws,sagebrush,-0.15,-0.098,-0.156,-0.212,-0.097,-0.18,-0.127,1.171,1.022,0.524,0.258,64.726,89.933,31.353,74.75,553.205,491.916
US-Rws,2021-09-03,0.087,14.206,13.03,0.098,0.579,46.293,15.675,24.39,6.96,0.0,28.167,-0.272,1.04,0.426,16.638,274.252,,85.85,24.839,1.486,76.784,2.213,65.533,2.236,US-Rws,US-Rws,sagebrush,-0.138,-0.099,-0.143,-0.2,-0.087,-0.17,-0.112,1.03,0.892,0.451,0.23,65.253,86.9,31.325,77.975,553.186,491.932
US-Rws,2021-09-08,0.094,21.91,20.351,0.096,0.58,43.422,22.88,31.69,14.07,0.0,28.167,-0.028,0.706,0.445,25.411,222.56,,85.777,16.16,2.783,46.484,1.923,36.772,3.25,US-Rws,US-Rws,sagebrush,0.113,0.163,0.106,0.035,0.192,0.07,0.145,0.964,1.076,0.69,0.109,65.359,83.514,31.214,80.793,553.176,491.954
US-Rws,2021-09-13,0.091,14.465,16.209,0.115,0.579,41.241,16.405,23.77,9.04,0.0,28.167,-0.307,0.833,0.431,16.611,229.777,,85.764,44.7,1.084,63.964,1.904,62.008,5.862,US-Rws,US-Rws,sagebrush,-0.022,0.034,-0.025,-0.07,0.043,-0.054,0.001,1.09,1.069,0.526,0.225,65.873,80.733,31.046,83.309,553.177,491.978
US-Rws,2021-09-18,0.09,14.588,15.139,0.111,0.578,30.615,16.455,24.08,8.83,4.73,28.167,-0.083,0.797,0.571,18.244,176.374,,85.199,31.701,1.589,49.062,3.735,50.378,12.821,US-Rws,US-Rws,sagebrush,0.125,0.175,0.122,0.074,0.19,0.093,0.15,0.763,0.888,0.485,0.11,59.614,77.565,37.3,85.823,553.189,492.0
US-Rws,2021-09-23,0.091,12.333,12.948,0.18,0.577,37.32,13.945,20.96,6.93,0.0,28.167,-0.369,0.853,0.347,15.044,219.149,,86.174,41.83,1.051,59.063,2.316,56.849,11.56,US-Rws,US-Rws,sagebrush,0.221,0.23,0.226,0.177,0.295,0.199,0.25,0.937,1.158,0.398,0.214,54.345,74.929,42.483,87.309,553.281,492.04
US-Rws,2021-09-28,0.099,6.169,13.142,0.174,0.573,24.814,7.03,12.02,2.04,5.57,28.167,-1.111,0.93,0.244,7.92,193.696,,85.57,59.787,0.464,80.41,3.159,70.425,18.0,US-Rws,US-Rws,sagebrush,0.287,0.295,0.292,0.24,0.365,0.264,0.322,0.806,1.093,0.379,0.17,49.453,72.037,47.054,88.904,553.425,492.078
US-Rws,2021-10-03,0.082,13.482,10.568,0.174,0.569,33.519,14.77,23.69,5.85,0.0,28.167,0.016,0.637,0.435,17.38,203.052,,85.942,20.289,1.628,45.613,2.245,36.24,4.702,US-Rws,US-Rws,sagebrush,0.296,0.287,0.3,0.245,0.369,0.275,0.325,0.639,0.935,0.305,0.133,44.927,68.987,51.148,90.699,553.599,492.111
US-Rws,2021-10-08,0.08,2.148,12.173,0.182,0.566,21.856,8.595,11.48,5.71,7.42,28.167,0.601,0.31,0.951,9.055,40.75,,85.263,77.713,0.265,21.657,1.493,-14.984,44.334,US-Rws,US-Rws,sagebrush,0.443,0.424,0.448,0.389,0.529,0.415,0.48,0.549,0.992,0.315,0.093,40.72,65.817,54.571,92.153,553.844,492.15
US-Rws,2021-10-13,0.104,2.161,2.432,0.222,0.621,21.705,1.875,6.0,-2.25,0.0,28.167,0.356,0.341,0.724,2.332,49.973,,85.386,61.663,0.279,12.118,1.735,-0.534,20.202,US-Rws,US-Rws,sagebrush,0.256,0.2,0.259,0.215,0.31,0.236,0.282,0.496,0.752,0.164,0.132,37.072,65.013,57.774,91.874,554.065,492.18
US-Rws,2021-10-18,0.086,4.197,8.86,0.203,0.622,24.261,9.6,13.86,5.34,0.0,28.167,0.349,0.4,0.669,11.391,80.565,,84.738,36.024,0.877,-2.22,2.131,3.637,10.724,US-Rws,US-Rws,sagebrush,0.388,0.347,0.393,0.335,0.472,0.359,0.425,0.57,0.957,0.231,0.135,33.8,64.276,60.29,91.087,554.368,492.218
US-Rws,2021-10-23,0.081,1.886,9.651,0.216,0.617,19.571,5.89,9.12,2.66,2.99,28.167,-0.002,0.28,0.472,6.265,66.359,,84.945,70.913,0.283,12.438,1.804,-11.629,32.678,US-Rws,US-Rws,sagebrush,0.537,0.489,0.544,0.478,0.631,0.509,0.577,0.452,0.988,0.233,0.087,30.693,63.178,62.268,90.232,554.724,492.26
US-Rws,2021-10-28,0.086,4.445,6.623,0.245,0.746,19.574,12.245,17.68,6.81,0.0,28.167,0.748,0.545,0.916,13.385,143.534,,86.318,57.943,0.67,38.53,2.207,10.332,23.205,US-Rws,US-Rws,sagebrush,0.533,0.465,0.54,0.482,0.618,0.509,0.566,0.41,0.943,0.186,0.089,27.907,63.324,63.893,88.175,555.089,492.303
US-Rws,2021-11-02,0.087,2.589,7.73,0.241,0.709,18.106,7.655,11.74,3.57,0.0,28.167,0.224,0.655,0.786,7.685,90.932,,86.202,84.203,0.171,32.11,1.509,8.449,16.025,US-Rws,US-Rws,sagebrush,0.554,0.493,0.562,0.5,0.653,0.53,0.588,0.421,0.975,0.193,0.091,25.407,63.477,65.14,86.085,555.464,492.348
US-Rws,2021-11-07,0.085,1.981,6.867,0.231,0.696,11.697,1.805,6.39,-2.78,0.0,28.167,-0.314,1.037,0.838,1.765,118.049,,85.857,66.379,0.242,19.784,1.902,10.85,18.645,US-Rws,US-Rws,sagebrush,0.579,0.461,0.584,0.531,0.665,0.558,0.609,0.258,0.837,0.179,0.031,22.955,63.385,66.247,84.25,555.8,492.389
US-Rws,2021-11-12,0.077,3.91,4.515,0.27,0.812,16.997,9.515,15.3,3.73,0.0,28.167,0.563,0.867,1.434,11.146,109.929,,86.406,66.034,0.472,22.512,1.515,-3.759,25.32,US-Rws,US-Rws,sagebrush,0.583,0.49,0.59,0.545,0.66,0.566,0.617,0.275,0.858,0.15,0.049,20.811,63.367,67.001,82.349,556.148,492.432
US-Rws,2021-11-17,0.077,1.776,0.261,0.247,0.74,17.499,-2.295,3.26,-7.85,0.0,28.167,0.152,0.777,0.232,-2.184,114.195,,86.378,54.541,0.252,-4.814,2.779,-8.081,9.747,US-Rws,US-Rws,sagebrush,0.385,0.323,0.389,0.358,0.437,0.371,0.404,0.228,0.614,0.113,0.046,18.871,63.335,68.002,81.126,556.385,492.463
US-Rws,2021-11-22,0.077,2.638,-1.524,0.277,0.729,16.427,2.9,8.83,-3.03,0.0,28.167,-0.043,0.595,0.315,1.749,104.85,,86.097,59.418,0.295,-5.796,1.495,-8.533,5.104,US-Rws,US-Rws,sagebrush,0.411,0.328,0.414,0.379,0.462,0.395,0.431,0.181,0.592,0.099,0.033,17.082,63.248,68.774,79.905,556.625,492.494
US-Rws,2021-11-27,0.091,2.979,-0.444,0.318,0.708,10.102,5.66,11.21,0.11,0.0,28.167,-0.384,0.457,0.077,6.504,96.815,,86.24,63.263,0.368,20.876,1.404,1.653,3.578,US-Rws,US-Rws,sagebrush,0.545,0.424,0.549,0.511,0.602,0.527,0.57,0.157,0.702,0.104,0.021,15.433,63.115,69.061,78.341,556.921,492.533
US-Rws,2021-12-02,0.106,3.517,1.215,0.267,0.757,14.047,6.9,13.08,0.72,0.0,28.167,-0.061,0.522,0.448,8.963,93.725,,86.018,60.423,0.475,-2.261,1.28,0.731,4.831,US-Rws,US-Rws,sagebrush,0.412,0.351,0.416,0.386,0.469,0.399,0.434,0.297,0.71,0.112,0.074,14.131,63.198,69.299,76.962,557.183,492.568
US-Rws,2021-12-07,0.112,1.735,0.731,0.282,0.73,10.845,2.705,6.39,-0.98,0.0,28.167,-0.021,0.629,0.343,3.944,81.71,,85.565,82.432,0.154,54.31,1.512,4.08,17.755,US-Rws,US-Rws,sagebrush,0.452,0.388,0.457,0.424,0.512,0.438,0.478,0.247,0.699,0.107,0.056,12.899,63.206,69.361,75.563,557.444,492.605
US-Rws,2021-12-12,0.113,1.472,-0.212,0.304,0.71,5.45,2.925,5.95,-0.1,2.34,28.167,0.719,0.377,0.845,3.567,47.136,,84.607,65.983,0.274,0.702,3.954,-36.794,29.552,US-Rws,US-Rws,sagebrush,0.543,0.409,0.545,0.509,0.601,0.523,0.562,0.107,0.65,0.1,0.003,11.608,62.998,69.261,74.151,557.702,492.643
US-Rws,2021-12-17,0.083,1.251,-1.118,0.298,0.745,13.802,-4.295,0.01,-8.6,0.0,28.167,0.751,0.398,0.884,-2.695,70.15,,86.015,72.247,0.143,-12.538,3.147,-7.044,13.34,US-Rws,US-Rws,sagebrush,0.471,0.371,0.475,0.441,0.524,0.451,0.491,0.139,0.611,0.093,0.019,11.644,62.855,68.002,72.896,557.93,492.678
US-Rws,2021-12-22,0.043,1.741,-0.601,0.368,0.743,8.127,1.505,5.54,-2.53,2.93,28.167,0.529,0.621,0.924,4.749,81.691,,85.05,61.301,0.338,3.651,4.015,-48.44,31.332,US-Rws,US-Rws,sagebrush,0.646,0.498,0.655,0.61,0.72,0.628,0.682,0.032,0.678,0.032,0.0,11.624,62.636,66.37,71.22,558.201,492.725
US-Rws,2021-12-27,0.004,0.741,-2.876,0.404,0.855,9.632,-7.585,-4.51,-10.66,2.45,28.167,0.488,0.198,1.144,-7.125,60.005,,84.061,73.498,0.094,-15.044,3.303,-18.018,8.542,US-Rws,US-Rws,sagebrush,0.601,0.458,0.608,0.556,0.657,0.581,0.633,0.0,0.601,0.0,0.0,11.607,62.636,64.861,69.469,558.429,492.769
US-Rws,2022-01-01,-0.021,0.842,-5.558,0.439,0.822,14.599,-12.46,-7.08,-17.84,0.0,28.167,0.34,0.549,1.648,-8.584,98.547,,,57.608,0.143,,,-29.946,7.778,US-Rws,US-Rws,sagebrush,0.527,0.393,0.532,0.475,0.585,0.505,0.56,0.0,0.527,0.0,0.0,11.594,62.636,63.545,67.946,558.607,492.808
US-Rws,2022-01-06,-0.017,1.2,-1.001,0.439,1.207,9.242,3.06,5.45,0.67,4.91,28.167,1.295,0.305,1.857,3.006,34.661,,,63.295,0.355,,,-65.401,19.063,US-Rws,US-Rws,sagebrush,0.728,0.581,0.737,0.678,0.804,0.709,0.767,0.0,0.728,0.0,0.0,11.581,62.418,61.734,66.078,558.821,492.863
US-Rws,2022-01-11,-0.008,1.526,-5.297,0.439,1.172,12.899,-1.365,2.95,-5.68,0.0,28.167,0.213,0.259,0.339,-0.864,59.49,,86.774,78.654,0.124,2.513,0.759,-1.552,4.91,US-Rws,US-Rws,sagebrush,0.52,0.396,0.525,0.471,0.578,0.497,0.552,0.0,0.52,0.0,0.0,11.567,62.418,60.456,64.599,558.951,492.903
US-Rws,2022-01-16,0.002,1.411,-6.442,0.439,1.219,15.625,-1.53,2.46,-5.52,0.0,28.167,-0.314,0.27,0.319,-5.049,32.964,,86.215,96.504,0.014,12.724,0.824,2.133,3.998,US-Rws,US-Rws,sagebrush,0.467,0.35,0.471,0.414,0.525,0.444,0.498,0.0,0.467,0.0,0.0,11.554,62.418,59.317,63.281,559.05,492.94
US-Rws,2022-01-21,0.013,1.358,-2.565,0.439,1.276,16.519,-1.1,2.6,-4.8,0.0,28.167,0.115,0.488,0.78,0.457,99.605,,86.547,73.868,0.168,5.902,2.557,5.028,17.923,US-Rws,US-Rws,sagebrush,0.622,0.496,0.629,0.574,0.685,0.602,0.662,0.0,0.622,0.0,0.0,11.541,62.418,57.804,61.54,559.156,492.989
US-Rws,2022-01-26,0.023,1.292,-8.639,0.439,1.283,15.334,-3.945,0.41,-8.3,0.0,28.167,-0.36,0.177,0.114,-6.695,29.356,,86.244,94.853,0.019,15.089,0.674,11.667,6.414,US-Rws,US-Rws,sagebrush,0.374,0.274,0.377,0.316,0.431,0.349,0.402,0.0,0.374,0.0,0.0,11.528,62.418,56.907,60.504,559.205,493.02
US-Rws,2022-01-31,0.034,1.614,-7.466,0.439,1.284,15.557,-2.865,2.32,-8.05,0.0,28.167,0.324,0.361,0.186,-0.767,97.267,,85.712,56.399,0.258,5.194,3.4,-10.765,15.54,US-Rws,US-Rws,sagebrush,0.41,0.308,0.414,0.355,0.469,0.387,0.44,0.012,0.422,0.012,0.0,11.515,62.418,55.926,59.373,559.246,493.053
US-Rws,2022-02-05,0.044,1.89,-5.221,0.439,1.286,20.392,-1.28,4.24,-6.8,0.0,28.167,0.049,0.538,0.472,1.768,126.658,,86.649,57.675,0.305,9.927,1.958,0.271,11.278,US-Rws,US-Rws,sagebrush,0.488,0.383,0.491,0.44,0.546,0.463,0.521,0.056,0.544,0.056,0.0,11.501,62.418,54.763,58.036,559.276,493.094
US-Rws,2022-02-10,0.055,3.11,-1.894,0.432,1.304,21.359,4.55,10.93,-1.83,0.0,28.167,0.457,0.477,0.257,9.228,140.474,,86.51,51.957,0.602,24.433,2.156,-24.622,22.237,US-Rws,US-Rws,sagebrush,0.584,0.5,0.587,0.535,0.639,0.554,0.618,0.127,0.711,0.087,0.016,11.542,62.482,53.323,56.389,559.286,493.145
US-Rws,2022-02-15,0.065,1.281,-0.467,0.408,1.317,22.619,-0.46,2.84,-3.76,0.0,28.167,0.066,0.602,0.346,-0.559,95.727,,85.215,74.551,0.152,32.975,3.211,-1.349,27.682,US-Rws,US-Rws,sagebrush,0.575,0.521,0.579,0.526,0.635,0.547,0.609,0.168,0.743,0.095,0.029,11.625,62.383,51.873,54.948,559.264,493.198
US-Rws,2022-02-20,0.076,2.231,-0.837,0.379,1.316,18.593,0.345,6.27,-5.58,0.0,28.167,-0.037,0.613,0.493,2.261,111.866,,84.87,60.401,0.332,28.889,2.879,7.191,28.33,US-Rws,US-Rws,sagebrush,0.474,0.446,0.476,0.431,0.524,0.446,0.501,0.215,0.689,0.093,0.049,11.773,62.366,50.609,53.711,559.219,493.246
US-Rws,2022-02-25,0.086,1.297,-7.703,0.394,1.294,26.809,-8.27,-1.97,-14.57,0.0,28.167,-0.712,0.705,0.088,-8.809,182.059,,86.358,67.578,0.107,19.144,1.537,22.394,4.891,US-Rws,US-Rws,sagebrush,0.28,0.242,0.281,0.235,0.337,0.254,0.302,0.145,0.426,0.062,0.033,11.87,62.502,49.858,52.837,559.179,493.275
US-Rws,2022-03-02,0.097,3.888,0.588,0.319,1.317,27.945,8.88,14.9,2.86,0.0,28.167,0.517,1.103,1.554,12.024,139.935,,85.664,43.729,0.817,46.747,2.153,-7.265,39.294,US-Rws,US-Rws,sagebrush,0.247,0.237,0.248,0.215,0.286,0.223,0.266,0.496,0.744,0.102,0.157,12.385,62.929,48.764,51.785,559.104,493.318
US-Rws,2022-03-07,0.108,2.487,-3.331,0.255,1.289,30.562,0.01,6.98,-6.96,0.0,28.167,-0.522,1.39,0.43,0.985,182.793,,86.289,49.055,0.368,54.403,2.407,32.357,26.314,US-Rws,US-Rws,sagebrush,0.046,0.036,0.045,0.017,0.083,0.029,0.059,0.472,0.518,0.082,0.155,12.887,63.568,48.154,51.052,559.052,493.343
US-Rws,2022-03-12,0.116,4.548,-0.656,0.285,1.26,35.61,6.49,14.23,-1.25,0.0,28.167,0.687,1.309,0.896,10.508,212.854,,85.563,25.479,0.97,75.141,4.042,-5.263,63.728,US-Rws,US-Rws,sagebrush,0.001,-0.004,0.001,-0.029,0.037,-0.018,0.015,0.731,0.732,0.097,0.252,13.725,64.383,47.312,50.282,558.969,493.378
US-Rws,2022-03-17,0.119,3.037,1.426,0.239,1.272,35.694,3.025,9.58,-3.53,0.0,28.167,-0.326,1.508,0.682,4.088,176.204,,85.909,50.607,0.427,61.334,2.434,32.589,27.926,US-Rws,US-Rws,sagebrush,-0.117,-0.11,-0.118,-0.146,-0.087,-0.133,-0.103,0.897,0.78,0.113,0.312,14.762,65.441,46.548,49.592,558.881,493.41
US-Rws,2022-03-22,0.124,4.083,2.468,0.249,1.175,35.69,6.815,13.36,0.27,0.0,28.167,-0.916,1.902,1.279,7.199,196.76,,86.569,68.016,0.36,85.93,2.056,49.72,26.236,US-Rws,US-Rws,sagebrush,-0.13,-0.118,-0.131,-0.157,-0.1,-0.147,-0.117,0.992,0.862,0.124,0.346,15.913,66.633,45.706,48.813,558.772,493.447
US-Rws,2022-03-27,0.132,5.501,7.913,0.24,0.962,36.359,10.805,16.96,4.65,0.0,28.167,0.14,1.855,1.827,12.491,114.529,,84.701,37.674,0.916,22.695,1.553,4.055,22.141,US-Rws,US-Rws,sagebrush,-0.237,-0.195,-0.239,-0.274,-0.201,-0.258,-0.218,1.411,1.174,0.177,0.492,17.563,68.421,44.624,47.756,558.613,493.494
US-Rws,2022-04-01,0.137,4.737,2.852,0.242,0.765,42.763,3.9,12.05,-4.25,0.0,28.167,-1.305,1.993,0.521,3.883,246.546,,85.539,48.633,0.461,88.848,2.147,45.357,14.066,US-Rws,US-Rws,sagebrush,-0.356,-0.34,-0.358,-0.381,-0.327,-0.373,-0.343,1.359,1.003,0.136,0.487,19.193,70.184,43.835,47.033,558.478,493.529
US-Rws,2022-04-06,0.139,5.462,2.884,0.228,0.728,46.003,2.15,10.66,-6.36,0.0,28.167,-1.217,3.048,1.687,2.302,270.49,,86.735,40.597,0.471,101.186,1.899,56.527,13.834,US-Rws,US-Rws,sagebrush,-0.451,-0.433,-0.453,-0.478,-0.423,-0.47,-0.438,1.473,1.022,0.141,0.53,20.964,72.117,43.124,46.395,558.344,493.562
US-Rws,2022-04-11,0.143,1.596,2.527,0.278,0.72,35.224,-0.905,2.41,-4.22,11.02,28.167,0.608,1.463,0.569,-1.226,183.01,,83.874,78.401,0.119,50.852,4.769,-20.563,70.615,US-Rws,US-Rws,sagebrush,-0.211,-0.192,-0.212,-0.239,-0.178,-0.231,-0.196,1.207,0.996,0.144,0.423,22.37,73.605,42.245,45.573,558.165,493.603
US-Rws,2022-04-16,0.147,2.803,3.525,0.274,0.793,31.021,3.065,7.82,-1.69,4.74,28.167,-0.676,1.775,1.552,2.708,127.246,,84.875,73.907,0.198,70.681,4.507,-1.854,84.087,US-Rws,US-Rws,sagebrush,-0.161,-0.134,-0.163,-0.191,-0.131,-0.18,-0.146,1.161,1.0,0.158,0.4,23.691,74.991,41.348,44.727,557.963,493.646
US-Rws,2022-04-21,0.15,3.052,7.18,0.248,0.777,31.04,5.755,10.05,1.46,4.0,28.167,-0.694,1.513,0.961,5.505,149.531,,84.768,72.511,0.263,89.312,2.539,13.585,82.507,US-Rws,US-Rws,sagebrush,-0.268,-0.218,-0.27,-0.303,-0.243,-0.286,-0.252,1.442,1.174,0.202,0.494,25.327,76.757,40.396,43.809,557.726,493.692
US-Rws,2022-04-26,0.154,5.061,8.86,0.232,0.741,40.284,7.955,13.71,2.2,2.97,28.167,-1.153,2.304,1.549,8.556,160.555,,85.337,60.298,0.476,75.514,2.227,35.956,47.72,US-Rws,US-Rws,sagebrush,-0.588,-0.529,-0.591,-0.617,-0.56,-0.607,-0.576,1.997,1.409,0.231,0.703,27.677,79.379,39.469,42.913,557.471,493.738
US-Rws,2022-05-01,0.158,4.862,6.385,0.278,0.752,35.442,7.385,12.76,2.01,0.0,28.167,-1.697,3.959,2.891,7.371,209.118,,85.24,71.623,0.345,122.111,2.9,47.441,72.311,US-Rws,US-Rws,sagebrush,-0.338,-0.286,-0.34,-0.375,-0.309,-0.358,-0.32,1.619,1.281,0.209,0.562,29.544,81.409,38.474,41.95,557.173,493.788
US-Rws,2022-05-06,0.161,6.362,11.117,0.261,0.783,33.586,10.71,18.0,3.42,3.4,28.167,-1.764,3.956,2.156,13.182,267.216,,84.99,48.196,0.863,139.902,3.469,50.244,80.157,US-Rws,US-Rws,sagebrush,-0.366,-0.276,-0.369,-0.417,-0.325,-0.39,-0.345,1.885,1.518,0.288,0.636,31.657,83.738,37.328,40.805,556.796,493.847
US-Rws,2022-05-11,0.166,3.875,4.471,0.267,0.801,53.924,4.545,10.68,-1.59,0.0,28.167,-1.699,2.779,0.931,5.002,190.861,,85.628,50.5,0.472,72.227,2.522,50.572,29.123,US-Rws,US-Rws,sagebrush,-0.912,-0.874,-0.915,-0.956,-0.874,-0.937,-0.892,2.423,1.511,0.201,0.885,34.625,87.081,36.546,40.083,556.506,493.89
US-Rws,2022-05-16,0.164,8.601,14.925,0.227,0.754,54.444,14.44,21.13,7.75,0.0,28.167,-1.535,3.316,2.056,16.193,225.027,,85.44,45.969,1.044,84.911,2.211,56.348,36.819,US-Rws,US-Rws,sagebrush,-1.237,-1.121,-1.242,-1.286,-1.198,-1.263,-1.221,3.417,2.179,0.398,1.202,38.667,91.716,35.484,39.019,556.084,493.948
US-Rws,2022-05-21,0.157,5.278,7.37,0.211,0.706,45.54,8.15,14.49,1.81,0.0,28.167,-1.882,2.86,0.835,8.236,232.245,,85.746,44.227,0.645,92.188,2.251,73.952,28.63,US-Rws,US-Rws,sagebrush,-0.763,-0.711,-0.767,-0.795,-0.736,-0.784,-0.749,2.148,1.385,0.27,0.748,41.125,94.468,34.876,38.479,555.801,493.985
US-Rws,2022-05-26,0.163,13.367,15.725,0.199,0.677,56.365,17.96,26.63,9.29,0.0,28.167,-0.233,3.333,3.2,19.849,274.849,,85.246,32.625,1.646,107.122,2.435,55.626,30.452,US-Rws,US-Rws,sagebrush,-1.149,-1.033,-1.155,-1.189,-1.115,-1.171,-1.137,3.205,2.056,0.465,1.091,44.754,98.621,34.026,37.647,555.397,494.036
US-Rws,2022-05-31,0.163,4.348,9.519,0.267,0.813,44.763,9.08,14.44,3.72,0.0,28.167,-0.908,3.019,2.404,8.422,254.771,,85.856,77.679,0.297,144.563,1.73,72.188,48.475,US-Rws,US-Rws,sagebrush,-0.764,-0.678,-0.768,-0.805,-0.729,-0.788,-0.747,2.488,1.724,0.338,0.856,47.589,101.794,33.115,36.772,554.943,494.09
US-Rws,2022-06-05,0.162,4.605,13.532,0.252,0.757,38.395,13.235,18.44,8.03,9.36,28.167,0.073,1.756,1.562,13.441,147.037,,85.103,72.432,0.448,84.996,2.281,13.345,52.184,US-Rws,US-Rws,sagebrush,-0.623,-0.499,-0.626,-0.668,-0.589,-0.65,-0.601,2.458,1.835,0.449,0.8,50.216,104.726,32.123,35.791,554.41,494.15
US-Rws,2022-06-10,0.162,13.256,17.995,0.235,0.749,56.389,20.615,28.72,12.51,0.0,28.167,-0.487,2.28,1.555,22.241,321.295,,85.575,40.104,1.732,137.729,1.908,80.941,39.392,US-Rws,US-Rws,sagebrush,-0.956,-0.787,-0.959,-1.007,-0.909,-0.99,-0.93,3.261,2.305,0.61,1.056,53.71,108.698,31.063,34.717,553.79,494.216
US-Rws,2022-06-15,0.159,7.465,9.047,0.248,0.78,58.644,10.965,20.77,1.16,0.0,28.167,-0.255,2.254,1.126,12.68,367.791,,85.671,42.776,0.958,180.071,3.878,71.55,82.142,US-Rws,US-Rws,sagebrush,-1.069,-0.991,-1.074,-1.125,-1.024,-1.095,-1.05,2.902,1.833,0.372,1.007,57.033,112.458,30.371,34.087,553.327,494.263
US-Rws,2022-06-20,0.154,6.252,11.286,0.225,0.731,58.472,11.955,19.02,4.89,0.0,28.167,-1.389,2.722,1.235,12.354,301.659,,86.123,51.192,0.763,131.73,1.895,86.52,40.216,US-Rws,US-Rws,sagebrush,-1.165,-1.074,-1.169,-1.218,-1.12,-1.192,-1.151,3.119,1.954,0.445,1.065,60.534,116.441,29.725,33.497,552.856,494.31
US-Rws,2022-06-25,0.152,10.253,14.73,0.21,0.703,60.152,16.665,25.51,7.82,0.0,28.167,-0.724,3.486,2.472,17.751,370.272,,86.201,32.676,1.486,147.275,2.374,81.846,38.278,US-Rws,US-Rws,sagebrush,-1.162,-1.045,-1.167,-1.21,-1.126,-1.192,-1.15,3.284,2.123,0.572,1.08,64.069,120.473,29.061,32.871,552.339,494.359
US-Rws,2022-06-30,0.145,11.853,17.174,0.192,0.682,59.436,19.61,28.24,10.98,0.0,28.167,-0.545,2.722,1.792,21.51,364.519,,85.7,22.369,2.1,138.854,2.262,80.99,34.898,US-Rws,US-Rws,sagebrush,-0.997,-0.863,-1.002,-1.047,-0.965,-1.027,-0.98,3.116,2.119,0.691,0.965,67.186,124.019,28.443,32.286,551.813,494.407
US-Rws,2022-07-05,0.132,10.637,18.425,0.181,0.668,44.459,19.37,27.12,11.62,0.0,28.167,-0.674,1.954,1.03,20.122,312.179,,85.411,40.251,1.512,140.317,1.949,81.684,35.36,US-Rws,US-Rws,sagebrush,-0.367,-0.223,-0.371,-0.425,-0.319,-0.398,-0.343,2.123,1.756,0.772,0.538,68.812,125.797,27.881,31.757,551.289,494.453
US-Rws,2022-07-10,0.132,10.093,20.716,0.167,0.656,58.684,20.185,27.06,13.31,0.0,28.167,-1.416,2.146,0.849,21.485,351.722,,86.271,35.339,1.721,133.285,2.408,128.231,21.185,US-Rws,US-Rws,sagebrush,-0.723,-0.566,-0.728,-0.786,-0.665,-0.768,-0.696,2.83,2.106,0.903,0.767,71.216,128.511,27.358,31.261,550.762,494.498
US-Rws,2022-07-15,0.127,16.438,24.381,0.153,0.649,54.295,25.21,33.1,17.32,0.0,28.167,-0.668,1.604,1.072,28.313,346.702,,85.708,14.117,3.414,116.6,2.225,101.041,27.748,US-Rws,US-Rws,sagebrush,-0.148,0.047,-0.15,-0.261,-0.043,-0.213,-0.094,2.128,1.98,1.156,0.387,72.292,129.603,26.859,30.832,550.22,494.544
US-Rws,2022-07-20,0.124,16.881,23.452,0.15,0.645,57.022,24.355,32.84,15.87,0.0,28.167,-0.445,1.283,0.593,26.446,346.298,,85.909,17.425,2.928,114.577,1.953,87.179,12.368,US-Rws,US-Rws,sagebrush,-0.222,-0.047,-0.224,-0.315,-0.132,-0.276,-0.179,2.153,1.931,1.105,0.417,73.465,130.494,26.422,30.792,549.701,494.586
US-Rws,2022-07-25,0.12,15.747,20.634,0.137,0.642,57.385,22.625,31.4,13.85,0.0,28.167,-0.576,1.507,0.611,24.217,345.249,,85.695,22.041,2.449,110.721,2.232,89.61,10.572,US-Rws,US-Rws,sagebrush,-0.393,-0.268,-0.397,-0.447,-0.335,-0.432,-0.365,2.137,1.744,0.941,0.476,74.829,131.378,26.145,31.171,549.283,494.619
US-Rws,2022-07-30,0.118,20.565,25.027,0.126,0.641,55.31,26.455,34.93,17.98,0.0,28.167,-0.281,1.352,0.931,28.709,314.0,,85.788,15.406,3.45,88.529,2.136,68.367,9.023,US-Rws,US-Rws,sagebrush,0.027,0.193,0.024,-0.096,0.141,-0.03,0.075,1.759,1.786,1.241,0.206,75.248,131.062,25.866,31.607,548.851,494.654
US-Rws,2022-08-04,0.123,17.958,24.27,0.123,0.64,52.182,25.94,32.8,19.08,0.0,28.167,-0.096,0.835,0.508,27.284,268.609,,85.493,21.403,2.9,86.349,2.047,54.343,11.433,US-Rws,US-Rws,sagebrush,-0.108,0.039,-0.113,-0.213,-0.007,-0.159,-0.07,1.892,1.785,1.186,0.281,75.923,130.972,25.634,32.162,548.449,494.686
US-Rws,2022-08-09,0.122,17.883,24.056,0.129,0.638,41.732,24.445,31.3,17.59,0.0,28.167,0.572,0.861,1.437,25.792,139.946,,85.799,32.685,2.295,41.467,2.906,29.695,27.72,US-Rws,US-Rws,sagebrush,0.15,0.299,0.147,0.047,0.249,0.103,0.192,1.489,1.639,1.174,0.125,76.062,130.097,25.37,32.803,548.023,494.72
US-Rws,2022-08-14,0.118,16.484,21.203,0.152,0.633,50.882,22.12,30.19,14.05,0.0,28.167,1.396,1.125,2.683,22.708,309.34,,85.858,26.848,2.122,114.339,1.838,59.429,63.828,US-Rws,US-Rws,sagebrush,-0.114,0.02,-0.113,-0.171,-0.053,-0.145,-0.081,1.817,1.704,0.985,0.331,76.926,129.697,25.022,33.697,547.542,494.758
US-Rws,2022-08-19,0.116,14.508,25.383,0.141,0.628,44.252,22.85,29.45,16.25,0.0,28.167,0.885,1.468,2.781,23.088,210.393,,85.55,39.322,1.754,87.875,2.248,40.035,41.966,US-Rws,US-Rws,sagebrush,0.187,0.359,0.187,0.067,0.3,0.131,0.243,1.634,1.821,1.271,0.145,77.136,128.193,24.666,34.868,547.045,494.797
US-Rws,2022-08-24,0.114,18.299,22.142,0.134,0.625,40.751,23.89,32.36,15.42,0.0,28.167,0.146,1.295,1.014,24.746,247.528,,85.395,23.989,2.445,69.27,2.466,50.183,25.007,US-Rws,US-Rws,sagebrush,0.175,0.297,0.173,0.104,0.242,0.141,0.206,1.314,1.489,1.038,0.11,77.221,126.339,24.431,36.372,546.639,494.829
US-Rws,2022-08-29,0.115,18.622,18.677,0.126,0.623,45.95,20.99,30.18,11.8,0.0,28.167,-0.331,1.448,0.873,22.144,281.587,,85.84,22.425,2.145,87.67,2.242,61.417,18.412,US-Rws,US-Rws,sagebrush,-0.114,-0.035,-0.118,-0.162,-0.08,-0.141,-0.098,1.485,1.371,0.835,0.259,77.813,124.993,24.309,38.107,546.322,494.855
US-Rws,2022-09-03,0.113,23.48,22.284,0.119,0.623,42.863,25.68,34.39,16.97,0.0,28.167,0.255,1.066,1.053,28.155,222.012,,85.701,12.039,3.434,53.092,2.686,31.265,18.003,US-Rws,US-Rws,sagebrush,0.22,0.263,0.211,0.144,0.261,0.182,0.244,1.162,1.382,1.034,0.051,77.681,122.808,24.172,39.757,545.998,494.882
US-Rws,2022-09-08,0.114,14.489,22.296,0.124,0.623,42.795,18.045,25.04,11.05,0.0,28.167,-0.879,1.642,1.192,20.376,259.25,,85.802,22.255,1.898,78.854,2.462,88.676,12.053,US-Rws,US-Rws,sagebrush,0.01,0.117,0.005,-0.058,0.064,-0.024,0.033,1.537,1.547,1.023,0.205,78.083,121.309,24.008,41.273,545.666,494.911
US-Rws,2022-09-13,0.113,13.931,20.141,0.121,0.622,27.637,16.805,21.52,12.09,0.0,28.167,0.515,0.622,0.504,17.562,110.748,,85.186,50.026,1.024,36.768,2.153,14.367,36.905,US-Rws,US-Rws,sagebrush,0.229,0.251,0.222,0.177,0.259,0.201,0.246,0.992,1.221,0.893,0.039,77.911,119.102,23.9,42.877,545.378,494.936
US-Rws,2022-09-18,0.111,13.452,16.538,0.136,0.621,33.661,15.775,21.61,9.94,0.0,28.167,0.842,1.008,1.013,15.239,165.976,,84.769,49.458,0.901,49.731,3.775,21.551,38.5,US-Rws,US-Rws,sagebrush,0.001,0.065,0.002,-0.034,0.034,-0.017,0.019,1.204,1.205,0.71,0.197,70.737,117.502,31.33,44.474,545.094,494.962
US-Rws,2022-09-23,0.115,12.396,11.369,0.132,0.62,37.784,13.75,21.6,5.9,0.0,28.167,-0.195,1.463,1.049,15.051,227.277,,86.051,36.885,1.104,57.163,2.298,42.181,9.876,US-Rws,US-Rws,sagebrush,-0.187,-0.159,-0.187,-0.233,-0.147,-0.209,-0.163,1.216,1.029,0.496,0.287,64.595,116.182,38.032,46.32,544.923,494.981
US-Rws,2022-09-28,0.107,18.216,16.939,0.128,0.619,35.329,19.945,28.14,11.75,0.0,28.167,0.18,1.081,1.128,23.462,187.458,,85.641,16.991,2.446,29.175,2.037,26.218,16.297,US-Rws,US-Rws,sagebrush,0.081,0.135,0.08,0.044,0.112,0.061,0.098,1.061,1.142,0.667,0.157,58.624,114.296,43.91,48.024,544.77,495.005
US-Rws,2022-10-03,0.113,12.46,12.277,0.125,0.619,33.323,13.975,21.39,6.56,0.0,28.167,-0.263,1.091,0.544,14.695,203.556,,86.075,41.043,1.029,48.321,2.056,46.206,3.34,US-Rws,US-Rws,sagebrush,-0.098,-0.074,-0.098,-0.142,-0.06,-0.122,-0.076,1.083,0.985,0.482,0.239,53.541,112.801,49.24,49.824,544.689,495.024
US-Rws,2022-10-08,0.121,13.638,12.057,0.123,0.619,30.487,15.305,23.1,7.51,0.0,28.167,-0.006,0.795,0.495,16.414,185.635,,86.209,28.395,1.366,33.271,1.961,26.256,4.834,US-Rws,US-Rws,sagebrush,-0.09,-0.071,-0.09,-0.135,-0.051,-0.114,-0.066,1.05,0.96,0.457,0.236,48.957,111.334,54.008,51.58,544.646,495.042
US-Rws,2022-10-13,0.11,13.386,10.358,0.122,0.62,30.076,14.94,22.93,6.95,0.0,28.167,0.011,1.04,0.924,15.766,185.194,,86.222,26.361,1.346,26.714,2.138,17.235,6.606,US-Rws,US-Rws,sagebrush,-0.025,-0.014,-0.025,-0.073,0.018,-0.051,0.002,0.856,0.831,0.398,0.183,44.652,109.721,58.319,53.305,544.636,495.059
US-Rws,2022-10-18,0.102,12.511,9.644,0.12,0.62,28.484,13.61,22.4,4.82,0.0,28.167,0.363,0.847,0.961,15.425,170.323,,86.302,19.3,1.438,24.975,1.934,20.944,4.675,US-Rws,US-Rws,sagebrush,0.033,0.04,0.033,-0.018,0.079,0.007,0.062,0.723,0.756,0.367,0.142,40.641,108.034,62.178,54.948,544.652,495.074
US-Rws,2022-10-23,0.101,1.875,3.555,0.241,0.669,16.914,1.515,5.33,-2.3,0.0,28.167,1.143,0.848,1.596,1.101,74.187,,85.328,61.678,0.261,-9.375,2.936,3.067,30.657,US-Rws,US-Rws,sagebrush,0.361,0.34,0.381,0.338,0.432,0.358,0.403,0.397,0.758,0.244,0.061,36.754,107.907,65.063,54.178,544.719,495.102
US-Rws,2022-10-28,0.103,4.103,1.7,0.237,0.679,18.646,4.285,10.66,-2.09,0.0,28.167,0.042,0.668,1.155,3.49,93.164,,86.157,43.48,0.468,-6.663,1.413,-7.083,12.877,US-Rws,US-Rws,sagebrush,0.296,0.271,0.313,0.276,0.362,0.291,0.335,0.387,0.683,0.213,0.069,33.288,107.816,67.655,53.562,544.793,495.126
US-Rws,2022-11-02,0.107,1.633,5.538,0.231,0.674,16.942,0.235,4.36,-3.89,0.0,28.167,0.078,0.582,0.714,0.074,88.412,,85.098,59.606,0.256,1.801,2.276,14.239,13.824,US-Rws,US-Rws,sagebrush,0.36,0.345,0.381,0.335,0.435,0.356,0.405,0.482,0.842,0.262,0.088,30.236,107.801,69.603,52.745,544.898,495.156
US-Rws,2022-11-07,0.08,1.709,2.626,0.279,0.82,13.07,1.52,5.47,-2.43,4.76,28.167,0.508,0.5,0.951,1.525,113.181,,84.428,58.393,0.299,23.866,2.802,-19.876,33.959,US-Rws,US-Rws,sagebrush,0.522,0.445,0.542,0.493,0.601,0.515,0.569,0.212,0.734,0.212,0.0,27.188,107.426,71.125,51.883,545.019,495.188
US-Rws,2022-11-12,0.053,1.377,-2.426,0.32,0.755,15.41,-3.135,1.26,-7.53,0.0,28.167,-0.36,0.605,1.52,-4.445,83.17,,85.614,66.105,0.154,-5.032,1.576,-15.02,10.823,US-Rws,US-Rws,sagebrush,0.438,0.36,0.466,0.424,0.521,0.443,0.489,0.072,0.51,0.072,0.0,24.447,107.426,72.56,50.865,545.126,495.214
US-Rws,2022-11-17,0.027,1.577,-4.85,0.376,0.746,17.353,-3.25,1.95,-8.45,0.0,28.167,0.12,0.241,0.272,-4.148,95.674,,86.448,70.609,0.134,4.904,1.274,-0.264,3.341,US-Rws,US-Rws,sagebrush,0.437,0.354,0.464,0.424,0.526,0.441,0.49,0.0,0.438,0.0,0.0,21.983,107.426,73.697,49.87,545.236,495.24
US-Rws,2022-11-22,0.011,2.227,-5.076,0.373,0.791,15.898,-1.225,5.5,-7.95,0.0,28.167,0.41,0.176,0.385,-0.804,85.191,,85.934,52.381,0.286,0.419,1.648,-18.411,14.418,US-Rws,US-Rws,sagebrush,0.425,0.343,0.452,0.412,0.51,0.429,0.477,0.0,0.425,0.0,0.0,19.767,107.426,74.602,48.92,545.345,495.266
US-Rws,2022-11-27,-0.0,1.672,-2.704,0.378,0.834,11.158,-0.105,4.25,-4.46,3.65,28.167,1.286,0.144,0.847,2.319,40.287,,85.298,47.19,0.397,-14.129,3.924,-41.127,40.702,US-Rws,US-Rws,sagebrush,0.516,0.43,0.549,0.501,0.623,0.524,0.575,0.0,0.516,0.0,0.0,17.775,107.426,74.982,47.789,545.476,495.297
US-Rws,2022-12-02,-0.01,1.041,-1.532,0.437,0.937,14.555,-5.92,-1.96,-9.88,0.0,28.167,0.433,0.302,0.27,-6.184,101.676,,85.595,55.408,0.175,-22.834,3.129,-18.202,6.414,US-Rws,US-Rws,sagebrush,0.656,0.564,0.698,0.627,0.789,0.665,0.732,0.0,0.656,0.0,0.0,15.983,107.052,74.707,46.754,545.632,495.337
US-Rws,2022-12-07,-0.022,1.435,-6.122,0.439,0.957,14.635,-4.24,0.8,-9.28,0.0,28.167,0.249,0.278,0.488,-4.79,94.508,,85.805,70.544,0.133,-13.474,1.097,,,US-Rws,US-Rws,sagebrush,0.462,0.374,0.489,0.438,0.553,0.46,0.517,0.0,0.462,0.0,0.0,14.372,107.052,74.856,45.775,545.736,495.365
US-Rws,2022-12-12,-0.034,0.57,-1.956,0.439,1.155,11.42,-1.8,-0.29,-3.31,10.58,28.167,0.445,0.031,0.651,-2.524,31.912,,,84.736,0.135,,,,,US-Rws,US-Rws,sagebrush,0.631,0.543,0.67,0.6,0.771,0.635,0.702,0.0,0.631,0.0,0.0,12.923,107.052,74.293,44.46,545.867,495.404
US-Rws,2022-12-17,-0.031,1.046,-9.287,0.439,1.15,14.453,-8.16,-3.37,-12.95,0.0,28.167,-0.462,0.633,0.897,-11.294,49.518,,85.794,81.267,0.048,-7.354,0.984,-4.026,0.489,US-Rws,US-Rws,sagebrush,0.344,0.265,0.364,0.308,0.427,0.337,0.391,0.0,0.344,0.0,0.0,12.909,107.052,73.206,43.754,545.932,495.426
US-Rws,2022-12-22,-0.025,0.679,-6.19,0.439,1.177,12.782,-11.645,-7.77,-15.52,0.0,28.167,-0.953,0.226,0.069,-13.016,60.662,,86.176,64.091,0.08,-12.809,1.99,9.588,4.893,US-Rws,US-Rws,sagebrush,0.447,0.366,0.474,0.423,0.543,0.446,0.506,0.0,0.447,0.0,0.0,12.894,107.052,71.796,42.843,546.003,495.454
US-Rws,2022-12-27,-0.019,2.415,-1.425,0.439,1.291,10.379,4.675,9.34,0.01,5.89,28.167,1.787,0.247,1.463,6.406,43.965,,83.995,58.767,0.403,6.764,6.07,-131.71,49.096,US-Rws,US-Rws,sagebrush,0.634,0.556,0.672,0.597,0.769,0.637,0.707,0.0,0.634,0.0,0.0,12.879,106.68,69.809,41.938,546.074,495.495
US-Rws,2023-01-01,-0.013,1.078,-4.197,0.439,1.316,14.301,-3.24,0.11,-6.59,0.0,28.167,0.454,0.321,0.503,-1.211,84.343,,,66.23,0.208,,,-7.287,19.623,US-Rws,US-Rws,sagebrush,0.509,0.435,0.538,0.481,0.619,0.509,0.571,0.0,0.509,0.0,0.0,12.865,106.68,68.232,40.915,546.109,495.528
US-Rws,2023-01-06,-0.008,1.575,-2.917,0.439,1.317,13.759,0.86,4.64,-2.92,0.0,28.167,0.595,0.617,1.345,2.143,83.508,,85.745,68.243,0.229,13.276,2.14,-13.709,16.755,US-Rws,US-Rws,sagebrush,0.552,0.482,0.584,0.52,0.671,0.553,0.617,0.0,0.552,0.0,0.0,12.85,106.68,66.535,39.817,546.122,495.564
US-Rws,2023-01-11,-0.002,1.533,-2.931,0.439,1.317,14.671,0.8,4.48,-2.88,0.0,28.167,0.465,0.571,1.052,2.092,90.003,,,55.267,0.306,,,-12.846,16.855,US-Rws,US-Rws,sagebrush,0.542,0.478,0.574,0.511,0.661,0.544,0.607,0.0,0.542,0.0,0.0,12.835,106.68,64.883,38.75,546.107,495.601
US-Rws,2023-01-16,0.005,1.258,-1.189,0.433,1.316,14.321,-1.09,2.3,-4.48,0.0,28.167,0.332,0.351,0.608,-0.633,74.605,,84.342,69.791,0.177,9.256,1.201,6.096,9.796,US-Rws,US-Rws,sagebrush,0.595,0.541,0.631,0.559,0.722,0.596,0.663,0.0,0.595,0.0,0.0,12.82,106.308,63.086,37.964,546.061,495.642
US-Rws,2023-01-21,0.009,1.508,-8.311,0.439,1.31,16.976,-4.555,0.94,-10.05,2.09,28.167,0.178,0.252,0.338,-4.67,111.409,,86.255,54.74,0.199,7.682,1.301,2.88,10.07,US-Rws,US-Rws,sagebrush,0.34,0.28,0.358,0.305,0.427,0.333,0.385,0.0,0.34,0.0,0.0,12.805,106.308,62.077,37.305,546.021,495.665
US-Rws,2023-01-26,0.01,1.551,-7.307,0.439,1.317,16.71,0.835,4.56,-2.89,0.0,28.167,0.497,0.646,1.125,3.697,105.015,,86.722,53.759,0.378,14.788,3.04,-33.853,30.728,US-Rws,US-Rws,sagebrush,0.367,0.31,0.387,0.336,0.459,0.362,0.416,0.0,0.367,0.0,0.0,12.791,106.308,60.992,36.598,545.967,495.691
US-Rws,2023-01-31,0.006,1.213,-12.501,0.439,1.316,17.287,-9.175,-2.9,-15.45,0.0,28.167,-0.718,0.265,0.058,-9.945,85.277,,86.175,47.136,0.151,5.379,0.899,30.507,8.02,US-Rws,US-Rws,sagebrush,0.22,0.167,0.231,0.18,0.286,0.208,0.255,0.0,0.22,0.0,0.0,12.776,106.308,60.35,36.176,545.928,495.706
US-Rws,2023-02-05,0.006,1.605,-4.338,0.439,1.317,16.991,1.715,5.34,-1.91,1.93,28.167,0.629,0.514,0.891,2.445,106.716,,85.116,57.769,0.315,34.921,3.751,-23.976,39.926,US-Rws,US-Rws,sagebrush,0.459,0.408,0.484,0.429,0.561,0.457,0.516,0.0,0.459,0.0,0.0,12.761,106.308,59.004,35.304,545.831,495.739
US-Rws,2023-02-10,0.014,2.48,-7.066,0.439,1.315,22.011,0.69,7.25,-5.87,0.0,28.167,-0.004,0.803,0.999,-1.944,139.449,,85.961,56.966,0.243,23.54,1.161,11.347,16.717,US-Rws,US-Rws,sagebrush,0.363,0.31,0.382,0.332,0.455,0.357,0.41,0.0,0.363,0.0,0.0,12.747,106.308,57.952,34.62,545.74,495.765
US-Rws,2023-02-15,0.025,1.465,-6.545,0.439,1.316,23.72,-3.905,1.12,-8.93,0.0,28.167,0.158,0.423,0.218,-3.91,154.647,,85.863,55.064,0.21,2.976,2.61,1.461,13.649,US-Rws,US-Rws,sagebrush,0.375,0.324,0.395,0.344,0.467,0.369,0.424,0.0,0.375,0.0,0.0,12.732,106.308,56.872,33.921,545.633,495.792
US-Rws,2023-02-20,0.036,2.002,-3.24,0.438,1.317,22.802,4.02,7.96,0.08,0.0,28.167,0.174,0.677,0.848,5.889,133.276,,85.579,54.102,0.43,56.497,3.936,-8.459,28.376,US-Rws,US-Rws,sagebrush,0.48,0.438,0.507,0.446,0.592,0.475,0.537,0.04,0.52,0.04,0.0,12.718,106.308,55.496,33.034,545.475,495.827
US-Rws,2023-02-25,0.047,2.261,-6.137,0.429,1.309,27.152,-1.305,5.6,-8.21,0.0,28.167,0.031,0.994,0.878,-0.344,180.108,,85.092,54.252,0.294,53.889,2.747,23.005,19.547,US-Rws,US-Rws,sagebrush,0.369,0.325,0.387,0.337,0.459,0.361,0.413,0.076,0.445,0.076,0.0,12.702,106.308,54.453,32.36,545.337,495.855
US-Rws,2023-03-02,0.058,1.646,-5.444,0.434,1.308,22.395,-3.39,2.16,-8.94,0.0,28.167,0.511,0.58,1.225,-1.232,119.286,,85.265,51.743,0.274,18.143,2.543,-16.165,31.056,US-Rws,US-Rws,sagebrush,0.39,0.349,0.402,0.354,0.471,0.374,0.431,0.107,0.497,0.107,0.0,12.687,106.308,53.355,31.652,545.175,495.884
US-Rws,2023-03-07,0.069,1.534,-7.03,0.439,1.317,29.054,-3.92,1.4,-9.24,4.26,28.167,0.198,0.477,0.724,-4.335,129.531,,85.395,66.995,0.148,9.934,2.303,-7.682,11.987,US-Rws,US-Rws,sagebrush,0.318,0.297,0.328,0.281,0.389,0.302,0.355,0.144,0.462,0.103,0.016,12.729,106.375,52.402,31.038,545.021,495.909
US-Rws,2023-03-12,0.079,2.297,-4.019,0.439,1.317,28.557,2.695,7.79,-2.4,6.68,28.167,0.629,0.931,2.27,1.439,125.018,,85.286,72.504,0.186,60.592,1.952,-10.026,18.293,US-Rws,US-Rws,sagebrush,0.344,0.337,0.359,0.311,0.429,0.331,0.388,0.269,0.613,0.124,0.058,12.913,106.612,51.205,30.27,544.808,495.942
US-Rws,2023-03-17,0.09,2.178,-2.011,0.344,1.315,39.275,-0.5,5.66,-6.66,0.0,28.167,-0.162,0.857,0.351,-0.07,234.08,,86.019,43.348,0.349,77.493,3.79,28.612,60.854,US-Rws,US-Rws,sagebrush,0.138,0.141,0.148,0.112,0.199,0.128,0.168,0.538,0.676,0.14,0.158,13.434,107.263,50.182,29.607,544.605,495.971
US-Rws,2023-03-22,0.101,2.13,1.125,0.259,1.316,37.197,2.345,7.14,-2.45,0.0,28.167,-0.162,1.09,0.567,2.65,157.777,,84.647,54.904,0.342,66.098,2.343,20.074,41.113,US-Rws,US-Rws,sagebrush,-0.018,-0.002,-0.011,-0.034,0.02,-0.027,0.002,0.754,0.737,0.171,0.232,14.199,107.843,49.299,29.4,544.413,495.996
US-Rws,2023-03-27,0.112,1.962,-3.323,0.283,1.283,40.655,-2.145,3.97,-8.26,0.0,28.167,-0.607,1.5,0.865,-0.882,232.104,,85.968,40.638,0.357,98.21,2.898,52.109,44.899,US-Rws,US-Rws,sagebrush,-0.055,-0.054,-0.05,-0.081,-0.013,-0.065,-0.034,0.672,0.617,0.132,0.215,14.903,108.725,48.597,28.93,544.251,496.017
US-Rws,2023-04-01,0.123,1.559,2.141,0.248,1.317,20.193,2.305,5.67,-1.06,4.77,28.167,-0.205,1.041,0.686,1.797,115.806,,85.193,65.684,0.248,60.466,3.439,5.202,58.302,US-Rws,US-Rws,sagebrush,0.117,0.141,0.123,0.094,0.153,0.107,0.136,0.544,0.661,0.187,0.142,15.352,108.931,47.737,28.733,544.041,496.043
US-Rws,2023-04-06,0.126,2.953,-0.822,0.275,1.268,44.314,2.055,8.69,-4.58,0.0,28.167,-0.278,1.744,0.892,3.189,259.376,,85.72,41.131,0.475,116.642,4.447,60.962,47.759,US-Rws,US-Rws,sagebrush,-0.217,-0.206,-0.212,-0.242,-0.177,-0.228,-0.196,1.027,0.81,0.157,0.347,16.508,109.976,46.953,28.582,543.839,496.067
US-Rws,2023-04-11,0.131,4.665,5.909,0.236,1.254,42.654,8.435,15.06,1.81,0.0,28.167,-0.454,2.274,2.207,10.16,177.525,,85.201,45.565,0.714,54.924,2.552,31.917,31.029,US-Rws,US-Rws,sagebrush,-0.386,-0.346,-0.382,-0.407,-0.354,-0.395,-0.367,1.518,1.132,0.24,0.509,18.215,111.683,45.983,28.301,543.575,496.096
US-Rws,2023-04-16,0.135,6.199,5.13,0.237,1.102,39.194,9.345,17.8,0.89,0.0,28.167,-0.98,2.924,1.9,9.962,245.018,,85.378,32.191,0.937,92.104,2.462,49.434,32.619,US-Rws,US-Rws,sagebrush,-0.304,-0.267,-0.301,-0.323,-0.275,-0.314,-0.287,1.35,1.045,0.235,0.444,19.693,113.118,45.073,28.056,543.312,496.125
US-Rws,2023-04-21,0.143,2.017,3.277,0.259,0.958,32.281,4.49,8.33,0.65,6.06,28.167,-1.068,1.829,0.278,4.585,153.882,,86.173,64.815,0.313,92.116,2.676,36.578,43.693,US-Rws,US-Rws,sagebrush,-0.217,-0.184,-0.213,-0.236,-0.18,-0.228,-0.195,1.176,0.959,0.215,0.383,20.959,114.296,44.187,27.824,543.04,496.153
US-Rws,2023-04-26,0.148,6.318,5.28,0.252,0.818,52.328,10.05,18.34,1.76,0.0,28.167,-1.351,3.457,1.736,11.431,291.644,,85.931,38.16,0.902,116.63,1.95,58.682,41.68,US-Rws,US-Rws,sagebrush,-0.684,-0.643,-0.681,-0.711,-0.649,-0.699,-0.664,2.033,1.349,0.247,0.711,23.354,116.82,43.242,27.546,542.734,496.184
US-Rws,2023-05-01,0.15,8.346,14.391,0.221,0.744,54.959,15.535,22.85,8.22,0.0,28.167,-1.127,3.819,2.95,16.079,266.102,,84.295,39.765,1.128,109.295,2.009,53.298,39.317,US-Rws,US-Rws,sagebrush,-1.059,-0.963,-1.06,-1.102,-1.022,-1.08,-1.04,3.063,2.004,0.444,1.043,26.881,120.698,42.005,27.061,542.309,496.224
US-Rws,2023-05-06,0.167,2.586,9.639,0.262,0.727,44.983,6.995,11.27,2.72,8.74,28.167,-1.337,2.895,1.683,5.653,167.926,,85.226,68.871,0.298,93.712,2.314,37.429,50.658,US-Rws,US-Rws,sagebrush,-0.892,-0.815,-0.888,-0.921,-0.849,-0.909,-0.868,2.667,1.776,0.351,0.923,29.99,124.067,40.825,26.618,541.871,496.264
US-Rws,2023-05-11,0.179,5.542,8.66,0.24,0.773,54.679,10.48,17.67,3.29,0.0,28.167,-2.455,3.701,1.05,11.708,318.519,,85.74,42.411,0.86,138.637,2.272,66.584,77.897,US-Rws,US-Rws,sagebrush,-1.286,-1.227,-1.287,-1.33,-1.239,-1.309,-1.263,3.192,1.905,0.345,1.133,33.813,128.292,39.864,26.32,541.481,496.297
US-Rws,2023-05-16,0.186,7.711,14.647,0.242,0.739,56.09,15.75,22.66,8.84,0.0,28.167,-1.135,5.174,3.656,16.056,312.844,,86.02,51.535,0.93,157.872,1.939,41.178,88.218,US-Rws,US-Rws,sagebrush,-1.612,-1.502,-1.613,-1.665,-1.556,-1.64,-1.587,4.131,2.519,0.521,1.438,38.675,133.75,38.607,25.81,540.943,496.341
US-Rws,2023-05-21,0.195,10.42,17.763,0.209,0.717,55.473,19.2,26.79,11.61,1.3,28.167,-0.564,4.119,3.94,19.371,227.17,,85.698,40.905,1.403,97.407,2.204,23.104,73.013,US-Rws,US-Rws,sagebrush,-1.642,-1.521,-1.649,-1.702,-1.592,-1.68,-1.62,4.277,2.635,0.669,1.437,43.508,139.186,37.474,25.378,540.409,496.383
US-Rws,2023-05-26,0.19,4.838,13.678,0.216,0.718,50.983,13.68,18.92,8.44,0.0,28.167,-2.629,4.314,2.362,14.283,230.477,,85.235,46.376,0.899,106.749,1.84,54.954,49.525,US-Rws,US-Rws,sagebrush,-1.587,-1.499,-1.592,-1.643,-1.531,-1.62,-1.565,3.952,2.365,0.554,1.353,48.041,144.26,36.539,25.088,539.926,496.419
US-Rws,2023-05-31,0.19,4.399,15.696,0.252,0.749,40.292,13.69,18.65,8.73,7.07,28.167,-0.928,2.94,2.124,13.062,152.405,,85.136,71.198,0.456,75.323,1.661,18.095,50.883,US-Rws,US-Rws,sagebrush,-1.044,-0.909,-1.045,-1.103,-0.997,-1.069,-1.022,3.379,2.335,0.659,1.083,51.643,148.207,35.313,24.591,539.274,496.466
US-Rws,2023-06-05,0.205,8.761,16.713,0.223,0.746,56.642,16.865,23.74,9.99,0.0,28.167,-1.748,4.381,2.562,17.858,328.283,,85.567,47.307,1.152,149.77,1.891,66.782,68.629,US-Rws,US-Rws,sagebrush,-1.925,-1.805,-1.932,-2.001,-1.863,-1.97,-1.898,4.806,2.881,0.728,1.624,57.087,154.361,34.279,24.221,538.664,496.507
US-Rws,2023-06-10,0.196,5.48,15.775,0.27,0.788,45.779,14.995,19.96,10.03,0.0,28.167,-0.704,4.109,2.848,14.224,213.822,,85.526,74.18,0.453,143.902,1.284,24.005,94.857,US-Rws,US-Rws,sagebrush,-1.285,-1.137,-1.286,-1.362,-1.223,-1.317,-1.255,3.908,2.623,0.728,1.267,61.306,159.027,33.041,23.709,537.907,496.556
US-Rws,2023-06-15,0.186,6.406,12.207,0.241,0.757,59.646,11.985,18.66,5.31,0.0,28.167,-2.592,4.519,1.866,12.98,360.044,,85.584,38.664,0.969,168.649,2.752,87.101,104.809,US-Rws,US-Rws,sagebrush,-1.647,-1.556,-1.652,-1.731,-1.584,-1.685,-1.614,4.121,2.474,0.611,1.397,65.95,164.214,32.21,23.49,537.324,496.592
US-Rws,2023-06-20,0.182,3.253,7.41,0.252,0.771,33.256,6.3,12.19,0.41,2.92,28.167,-1.565,3.382,3.564,6.161,203.851,,85.778,60.418,0.39,103.175,1.47,35.33,74.023,US-Rws,US-Rws,sagebrush,-0.51,-0.445,-0.512,-0.572,-0.453,-0.542,-0.48,1.963,1.453,0.478,0.591,67.805,166.071,31.576,23.423,536.832,496.621
US-Rws,2023-06-25,0.174,8.822,16.747,0.237,0.736,51.234,17.085,23.45,10.72,1.28,28.167,-0.78,2.908,1.987,17.202,207.172,,85.653,43.518,1.162,95.642,1.661,28.396,64.557,US-Rws,US-Rws,sagebrush,-1.093,-0.955,-1.099,-1.181,-1.039,-1.131,-1.07,3.574,2.481,0.853,1.083,71.345,169.943,30.633,23.096,536.115,496.663
US-Rws,2023-06-30,0.168,14.5,18.64,0.23,0.734,58.135,21.06,29.28,12.84,0.0,28.167,-1.568,3.581,2.117,23.101,345.996,,85.868,32.174,2.023,167.052,1.806,83.703,61.535,US-Rws,US-Rws,sagebrush,-0.884,-0.729,-0.892,-0.982,-0.817,-0.931,-0.853,3.387,2.503,0.987,0.955,74.428,173.277,29.694,22.76,535.352,496.705
US-Rws,2023-07-05,0.159,13.18,16.225,0.207,0.703,60.741,18.515,27.39,9.64,0.0,28.167,-1.226,3.054,1.274,20.705,360.169,,85.716,21.874,1.993,151.186,2.072,89.727,39.918,US-Rws,US-Rws,sagebrush,-1.089,-0.98,-1.099,-1.176,-1.046,-1.134,-1.066,3.424,2.334,0.876,1.014,77.69,176.841,29.034,22.628,534.73,496.738
US-Rws,2023-07-10,0.149,14.749,24.189,0.194,0.683,57.57,22.7,29.95,15.45,0.0,28.167,-1.873,2.48,0.955,24.97,352.711,,85.344,24.812,2.458,157.112,2.77,137.663,56.793,US-Rws,US-Rws,sagebrush,-0.313,-0.122,-0.326,-0.457,-0.188,-0.4,-0.257,2.884,2.571,1.456,0.568,79.396,178.56,28.206,22.34,533.947,496.779
US-Rws,2023-07-15,0.149,17.828,20.25,0.178,0.668,58.181,23.645,32.57,14.72,0.0,28.167,-0.818,1.936,0.65,25.424,349.008,,85.978,21.877,2.628,150.065,1.979,95.444,28.861,US-Rws,US-Rws,sagebrush,-0.492,-0.368,-0.505,-0.599,-0.423,-0.555,-0.465,2.682,2.19,1.163,0.605,81.209,180.424,27.655,22.263,533.327,496.81
US-Rws,2023-07-20,0.146,20.12,23.013,0.169,0.659,56.633,25.39,34.26,16.52,0.0,28.167,-0.803,2.211,1.399,26.275,343.231,,85.89,23.413,2.729,141.714,1.951,103.916,23.388,US-Rws,US-Rws,sagebrush,-0.155,-0.011,-0.17,-0.281,-0.049,-0.235,-0.112,2.374,2.219,1.394,0.39,82.269,181.398,27.104,22.171,532.679,496.841
US-Rws,2023-07-25,0.149,15.056,21.961,0.156,0.654,56.149,21.645,29.19,14.1,0.0,28.167,-0.942,2.304,1.24,22.614,332.619,,85.932,28.756,2.004,133.703,1.967,104.893,18.611,US-Rws,US-Rws,sagebrush,-0.517,-0.404,-0.533,-0.633,-0.428,-0.587,-0.481,2.797,2.28,1.319,0.589,84.001,183.185,26.695,22.184,532.117,496.867
US-Rws,2023-07-30,0.14,17.655,22.335,0.144,0.651,54.656,24.395,32.08,16.71,0.0,28.167,-0.43,1.956,1.472,26.4,324.815,,85.803,13.628,3.015,117.404,2.345,84.391,23.98,US-Rws,US-Rws,sagebrush,-0.25,-0.147,-0.267,-0.365,-0.153,-0.328,-0.212,2.344,2.094,1.367,0.389,85.03,184.145,26.374,22.257,531.603,496.891
US-Rws,2023-08-04,0.138,8.053,21.985,0.173,0.65,39.674,18.355,23.47,13.24,0.0,28.167,-0.349,1.289,0.411,18.179,227.656,,85.968,55.065,0.985,135.001,1.915,59.298,55.15,US-Rws,US-Rws,sagebrush,-0.039,0.093,-0.049,-0.153,0.052,-0.098,0.001,2.123,2.084,1.348,0.309,85.798,184.737,25.876,22.216,530.947,496.921
US-Rws,2023-08-09,0.133,16.866,18.991,0.212,0.652,49.458,21.045,29.43,12.66,0.0,28.167,-0.838,1.71,0.579,21.817,281.718,,85.389,32.648,1.881,136.013,1.851,104.242,13.477,US-Rws,US-Rws,sagebrush,-0.049,0.091,-0.047,-0.142,0.035,-0.089,0.0,2.026,1.977,1.131,0.356,86.759,185.559,25.248,22.036,530.184,496.954
US-Rws,2023-08-14,0.134,20.384,21.383,0.184,0.64,50.302,23.745,32.09,15.4,0.0,28.167,-0.757,1.829,1.028,25.76,312.356,,86.011,22.321,2.671,139.847,3.64,112.757,16.541,US-Rws,US-Rws,sagebrush,0.103,0.237,0.1,-0.001,0.191,0.052,0.147,1.884,1.987,1.315,0.227,87.248,184.754,24.74,23.024,529.477,496.984
US-Rws,2023-08-19,0.144,14.143,22.27,0.168,0.631,40.537,21.765,27.73,15.8,1.82,28.167,0.187,0.785,0.944,22.475,130.931,,85.467,34.978,1.815,34.951,1.399,28.599,21.966,US-Rws,US-Rws,sagebrush,0.049,0.169,0.042,-0.062,0.141,-0.006,0.093,1.987,2.036,1.386,0.239,87.765,183.013,24.326,25.029,528.837,497.01
US-Rws,2023-08-24,0.128,13.926,19.2,0.239,0.746,47.514,19.495,28.15,10.84,0.0,28.167,0.402,1.475,1.519,21.851,292.262,,85.773,35.877,1.74,143.665,1.933,62.906,39.387,US-Rws,US-Rws,sagebrush,0.055,0.21,0.072,-0.019,0.168,0.019,0.115,2.013,2.069,1.146,0.345,88.703,183.795,23.602,24.59,527.969,497.046
US-Rws,2023-08-29,0.123,15.167,22.13,0.224,0.714,46.139,20.595,29.39,11.8,0.0,28.167,-0.239,2.097,2.127,23.781,270.862,,85.52,24.681,2.33,81.024,2.855,74.163,32.753,US-Rws,US-Rws,sagebrush,0.334,0.507,0.345,0.229,0.462,0.282,0.408,1.798,2.133,1.377,0.168,89.013,183.845,22.893,24.141,527.058,497.082
US-Rws,2023-09-03,0.121,3.15,19.288,0.221,0.683,33.235,14.475,17.71,11.24,4.19,28.167,0.684,0.491,0.643,14.531,65.85,,85.552,66.198,0.566,33.353,1.607,-15.481,44.826,US-Rws,US-Rws,sagebrush,0.207,0.343,0.215,0.128,0.301,0.169,0.264,1.673,1.88,1.161,0.204,89.444,184.042,22.325,23.833,526.241,497.113
US-Rws,2023-09-08,0.115,12.271,18.237,0.222,0.695,42.169,18.46,25.37,11.55,0.0,28.167,0.024,0.976,0.295,19.532,229.413,,85.893,33.797,1.53,62.21,2.39,39.675,22.58,US-Rws,US-Rws,sagebrush,0.169,0.293,0.176,0.089,0.255,0.13,0.221,1.629,1.798,1.092,0.214,89.908,184.28,21.808,23.572,525.444,497.142
US-Rws,2023-09-13,0.118,12.627,16.919,0.203,0.672,40.897,16.985,23.13,10.84,0.0,28.167,-0.986,1.687,0.859,17.732,249.791,,85.767,34.617,1.365,76.272,2.366,85.451,12.548,US-Rws,US-Rws,sagebrush,0.056,0.152,0.058,-0.019,0.129,0.021,0.092,1.61,1.667,1.011,0.239,90.443,184.619,21.437,23.45,524.758,497.165
US-Rws,2023-09-18,0.12,16.31,16.83,0.193,0.655,31.266,18.47,25.8,11.14,0.0,28.167,-0.123,1.234,1.284,20.149,201.983,,85.52,25.199,1.818,52.196,1.869,39.955,12.533,US-Rws,US-Rws,sagebrush,0.306,0.392,0.304,0.226,0.382,0.263,0.335,1.145,1.451,1.009,0.054,81.513,184.199,29.946,23.383,524.114,497.187
US-Rws,2023-09-23,0.119,10.915,9.095,0.202,0.645,37.75,12.12,20.57,3.67,0.0,28.167,-0.275,1.552,0.754,13.996,232.259,,85.656,29.186,1.196,59.445,3.122,37.016,8.948,US-Rws,US-Rws,sagebrush,-0.043,-0.006,-0.039,-0.112,0.032,-0.074,0.001,1.2,1.157,0.611,0.235,74.105,184.029,37.527,23.985,523.706,497.203
US-Rws,2023-09-28,0.116,8.388,10.533,0.187,0.638,35.732,9.985,16.85,3.12,0.0,28.167,-0.71,1.297,0.444,9.578,216.939,,85.574,41.181,0.727,57.419,1.909,44.922,3.957,US-Rws,US-Rws,sagebrush,-0.028,0.002,-0.025,-0.088,0.036,-0.059,0.011,1.234,1.206,0.647,0.234,67.442,183.019,44.218,25.423,523.374,497.218
US-xNQ,2019-01-02,-0.007,1.109,-9.835,0.41,0.93,15.2,-12.809,-4.872,-20.746,0.0,20.178,0.265,0.0,0.221,-1.992,65.08,0.0,93.806,71.377,0.158,-21.999,5.769,-18.017,-0.814,US-xNQ,US-xNQ,sagebrush,0.346,0.223,0.346,0.286,0.391,0.318,0.369,0.0,0.346,0.0,0.0,12.721,58.547,68.883,65.201,556.516,554.14
US-xNQ,2019-01-07,-0.011,1.609,-4.534,0.438,0.974,7.239,0.985,4.82,-2.85,0.211,20.178,0.219,0.247,0.639,0.866,64.373,0.0,93.222,72.544,0.192,-23.846,,-21.369,3.294,US-xNQ,US-xNQ,sagebrush,0.583,0.416,0.584,0.527,0.636,0.556,0.613,0.0,0.583,0.0,0.0,12.707,58.547,67.369,63.653,556.677,554.14
US-xNQ,2019-01-12,-0.013,1.509,-6.385,0.439,1.069,16.473,-4.27,1.102,-9.642,0.0,20.178,0.754,0.045,0.608,-9.891,31.949,0.0,95.668,89.903,0.031,12.821,3.878,15.437,0.579,US-xNQ,US-xNQ,sagebrush,0.495,0.345,0.496,0.436,0.548,0.467,0.523,0.0,0.495,0.0,0.0,12.692,58.547,66.093,62.349,556.794,554.14
US-xNQ,2019-01-17,-0.006,1.561,-3.99,0.439,1.091,11.257,2.669,5.946,-0.607,12.053,20.178,0.437,0.0,0.3,-10.152,37.098,0.0,94.897,87.999,0.033,10.977,2.838,16.361,-1.448,US-xNQ,US-xNQ,sagebrush,0.591,0.428,0.592,0.536,0.646,0.566,0.621,0.0,0.591,0.0,0.0,12.678,58.547,64.578,60.805,556.911,554.14
US-xNQ,2019-01-22,-0.005,1.571,-4.549,0.439,1.288,16.278,-5.839,0.616,-12.295,0.0,20.178,0.456,0.0,0.18,-9.153,97.351,0.0,94.788,83.605,0.052,-10.337,5.645,-6.307,-3.011,US-xNQ,US-xNQ,sagebrush,0.558,0.403,0.559,0.504,0.613,0.533,0.588,0.0,0.558,0.0,0.0,12.663,58.547,63.159,59.362,556.998,554.14
US-xNQ,2019-01-27,0.002,2.665,-6.972,0.439,1.283,16.991,0.666,7.874,-6.542,0.0,20.178,0.833,0.13,0.666,-8.941,31.858,0.498,93.446,84.584,0.053,9.212,8.849,-3.644,-0.026,US-xNQ,US-xNQ,sagebrush,0.451,0.315,0.451,0.393,0.504,0.424,0.479,0.0,0.451,0.0,0.0,12.649,58.547,62.022,58.204,557.051,554.14
US-xNQ,2019-02-01,0.004,3.346,-7.52,0.439,1.317,21.428,2.399,10.764,-5.965,0.0,20.178,0.69,0.051,3.697,-2.81,103.16,0.0,93.822,75.2,0.155,-8.377,4.599,-7.767,-3.664,US-xNQ,US-xNQ,sagebrush,0.425,0.295,0.425,0.366,0.478,0.398,0.453,0.0,0.425,0.0,0.0,12.635,58.547,60.958,57.121,557.087,554.14
US-xNQ,2019-02-06,0.005,1.282,-1.783,0.433,1.316,7.444,-5.831,-0.808,-10.855,8.955,20.178,-0.002,0.366,0.069,-21.19,75.31,0.0,95.179,75.076,0.028,15.548,5.499,8.117,0.39,US-xNQ,US-xNQ,sagebrush,0.649,0.492,0.651,0.598,0.709,0.623,0.682,0.0,0.649,0.0,0.0,12.619,58.547,59.338,55.482,557.114,554.14
US-xNQ,2019-02-21,0.035,1.031,-5.143,0.391,1.29,18.175,-6.172,-2.169,-10.176,0.0,20.178,0.032,0.102,0.211,-13.973,150.419,0.0,94.844,81.529,0.04,-7.645,3.339,-4.364,0.732,US-xNQ,US-xNQ,sagebrush,0.429,0.318,0.43,0.38,0.479,0.405,0.455,0.016,0.445,0.016,0.0,12.563,58.344,55.427,51.721,557.038,554.141
US-xNQ,2019-02-26,0.05,2.431,-2.422,0.434,1.278,19.663,6.774,10.811,2.736,0.0,20.178,0.142,0.009,0.115,-19.007,122.282,0.0,95.756,73.931,0.036,17.706,3.393,6.352,3.794,US-xNQ,US-xNQ,sagebrush,0.578,0.455,0.574,0.521,0.634,0.541,0.609,0.093,0.671,0.081,0.005,12.565,58.363,54.018,50.3,556.959,554.141
US-xNQ,2019-03-03,0.068,1.256,1.065,0.271,1.317,16.877,0.826,3.771,-2.119,3.145,20.178,0.132,0.0,0.1,-22.541,191.542,0.0,95.683,70.92,0.03,-16.128,10.484,-4.797,4.636,US-xNQ,US-xNQ,sagebrush,0.401,0.336,0.399,0.363,0.436,0.378,0.417,0.146,0.548,0.1,0.018,12.596,58.236,53.014,49.47,556.882,554.142
US-xNQ,2019-03-08,0.086,1.503,2.927,0.26,1.299,24.575,1.23,4.715,-2.255,7.401,20.178,0.447,0.009,0.174,-8.117,147.441,0.498,94.14,84.835,0.053,18.453,2.415,1.944,0.351,US-xNQ,US-xNQ,sagebrush,0.275,0.268,0.272,0.239,0.306,0.252,0.29,0.411,0.685,0.112,0.119,12.972,58.522,51.96,48.586,556.785,554.142
US-xNQ,2019-03-13,0.103,0.873,1.072,0.264,1.229,28.1,-1.708,0.665,-4.081,5.934,20.178,-0.08,0.112,0.222,-2.796,106.914,0.0,93.432,79.902,0.101,1.428,7.234,-11.438,3.162,US-xNQ,US-xNQ,sagebrush,0.278,0.268,0.275,0.242,0.313,0.255,0.293,0.316,0.595,0.101,0.086,13.233,58.67,51.026,47.821,556.684,554.142
US-xNQ,2019-03-18,0.122,3.716,2.168,0.273,1.178,36.45,5.287,12.811,-2.237,0.0,20.178,0.184,0.255,0.412,-2.514,184.268,0.0,95.318,72.105,0.146,-2.449,4.437,-8.904,5.225,US-xNQ,US-xNQ,sagebrush,-0.077,-0.086,-0.081,-0.106,-0.047,-0.099,-0.065,0.982,0.905,0.109,0.348,14.398,59.895,50.003,46.964,556.557,554.142
US-xNQ,2019-03-23,0.138,2.741,3.923,0.268,1.097,32.546,5.961,10.885,1.037,8.118,20.178,-0.056,1.297,1.613,2.31,203.421,0.0,94.721,82.088,0.149,37.278,3.017,0.148,3.158,US-xNQ,US-xNQ,sagebrush,-0.139,-0.139,-0.143,-0.17,-0.11,-0.161,-0.125,1.159,1.02,0.125,0.412,15.78,61.378,48.913,46.04,556.403,554.142
US-xNQ,2019-03-28,0.148,3.113,5.14,0.247,0.866,30.856,7.371,12.528,2.214,6.956,20.178,0.105,1.429,3.814,2.359,180.842,0.0,95.321,65.512,0.261,66.242,3.054,39.868,27.425,US-xNQ,US-xNQ,sagebrush,-0.214,-0.203,-0.219,-0.246,-0.186,-0.235,-0.202,1.269,1.055,0.14,0.45,17.286,63.011,47.881,45.169,556.236,554.141
US-xNQ,2019-04-02,0.163,2.712,6.681,0.253,0.782,31.329,6.159,10.947,1.371,0.0,20.178,0.299,1.498,1.651,3.028,230.894,0.0,94.438,61.566,0.313,113.599,6.642,67.504,41.259,US-xNQ,US-xNQ,sagebrush,-0.338,-0.318,-0.343,-0.371,-0.309,-0.359,-0.326,1.577,1.239,0.16,0.564,19.184,65.109,46.75,44.199,556.03,554.141
US-xNQ,2019-04-12,0.19,2.316,3.161,0.264,0.768,33.064,3.29,8.217,-1.636,1.114,20.178,-0.406,3.401,1.138,-0.585,181.805,0.0,93.892,72.926,0.177,76.898,7.612,12.597,18.901,US-xNQ,US-xNQ,sagebrush,-0.491,-0.485,-0.496,-0.528,-0.461,-0.515,-0.477,1.676,1.185,0.142,0.611,23.312,69.697,44.864,42.636,555.624,554.14
US-xNQ,2019-04-17,0.2,3.533,4.825,0.281,0.817,44.97,6.829,13.078,0.581,0.0,20.178,-3.441,1.344,1.41,5.965,64.254,0.0,94.21,91.573,0.082,69.459,,-3.099,2.138,US-xNQ,US-xNQ,sagebrush,-0.947,-0.935,-0.953,-0.996,-0.907,-0.976,-0.926,2.578,1.631,0.165,0.961,26.566,73.4,43.799,41.737,555.363,554.139
US-xNQ,2019-04-22,0.204,4.329,8.898,0.228,0.757,42.942,9.327,15.745,2.908,0.0,20.178,-0.579,1.401,1.264,11.967,305.211,0.0,95.23,38.809,0.947,,3.248,92.447,47.645,US-xNQ,US-xNQ,sagebrush,-1.195,-1.156,-1.203,-1.243,-1.155,-1.225,-1.181,3.019,1.824,0.227,1.112,30.322,77.712,42.813,40.905,555.092,554.138
US-xNQ,2019-04-27,0.198,6.516,11.207,0.233,0.73,47.734,11.119,19.702,2.535,0.0,20.178,-0.595,1.782,1.19,5.136,117.304,0.0,94.562,74.564,0.235,73.74,4.212,26.563,38.728,US-xNQ,US-xNQ,sagebrush,-1.336,-1.278,-1.345,-1.384,-1.294,-1.368,-1.319,3.42,2.084,0.282,1.249,34.542,82.574,41.702,39.95,554.758,554.137
US-xNQ,2019-05-02,0.229,4.561,5.755,0.237,0.715,53.702,6.31,14.748,-2.128,0.0,20.178,-1.425,3.692,2.885,7.288,319.909,0.0,94.645,63.794,0.509,171.981,4.786,105.869,69.629,US-xNQ,US-xNQ,sagebrush,-1.683,-1.662,-1.691,-1.762,-1.614,-1.724,-1.655,3.715,2.032,0.22,1.392,39.242,88.003,40.9,39.311,554.487,554.135
US-xNQ,2019-05-07,0.23,4.051,13.044,0.209,0.693,44.853,10.406,16.071,4.741,10.211,20.178,-1.603,3.176,1.921,4.681,222.381,0.0,95.281,77.903,0.234,132.478,4.807,96.918,35.802,US-xNQ,US-xNQ,sagebrush,-1.853,-1.78,-1.863,-1.924,-1.789,-1.893,-1.829,4.303,2.45,0.371,1.565,44.517,94.127,39.933,38.496,554.137,554.133
US-xNQ,2019-05-12,0.205,8.737,11.541,0.211,0.688,55.447,13.461,23.131,3.792,0.0,20.178,-0.748,2.818,2.165,11.804,330.691,0.0,94.043,54.573,0.732,,3.155,79.361,88.371,US-xNQ,US-xNQ,sagebrush,-1.689,-1.626,-1.699,-1.76,-1.63,-1.727,-1.668,3.97,2.281,0.369,1.434,49.323,99.69,39.068,37.787,553.79,554.131
US-xNQ,2019-05-17,0.194,2.858,11.348,0.212,0.668,45.627,7.744,12.287,3.202,1.441,20.178,0.639,0.845,1.056,6.693,74.179,0.0,94.271,67.285,0.331,50.879,5.526,-4.371,19.107,US-xNQ,US-xNQ,sagebrush,-1.374,-1.308,-1.382,-1.437,-1.328,-1.406,-1.357,3.461,2.087,0.392,1.222,53.383,104.361,38.239,37.116,553.429,554.129
US-xNQ,2019-05-22,0.198,2.334,8.883,0.266,0.802,41.165,6.982,10.782,3.181,5.116,20.178,0.659,0.965,1.169,7.331,62.992,0.0,93.701,88.833,0.119,45.229,5.679,-2.992,21.278,US-xNQ,US-xNQ,sagebrush,-0.994,-0.937,-1.002,-1.063,-0.944,-1.029,-0.977,2.914,1.92,0.358,1.018,56.751,108.178,37.262,36.318,552.991,554.126
US-xNQ,2019-05-27,0.22,2.685,11.901,0.265,0.788,48.403,9.139,12.979,5.298,6.184,20.178,0.02,2.26,2.381,10.638,157.511,0.0,,83.02,0.251,104.291,3.392,11.133,26.864,US-xNQ,US-xNQ,sagebrush,-1.73,-1.649,-1.739,-1.814,-1.67,-1.77,-1.705,4.347,2.617,0.449,1.552,61.953,114.178,36.166,35.394,552.466,554.122
US-xNQ,2019-06-01,0.213,6.756,14.458,0.253,0.777,48.604,15.259,21.512,9.005,0.0,20.178,-1.243,3.497,1.179,15.103,333.926,0.0,94.67,52.121,0.998,173.223,3.152,53.139,121.354,US-xNQ,US-xNQ,sagebrush,-1.575,-1.466,-1.585,-1.658,-1.528,-1.618,-1.556,4.248,2.673,0.56,1.469,66.847,119.813,35.052,34.446,551.88,554.117
US-xNQ,2019-06-06,0.188,9.458,18.225,0.248,0.786,51.82,19.006,26.799,11.213,2.831,20.178,-0.212,4.436,2.992,22.005,356.131,0.0,94.14,44.562,1.583,191.862,3.62,15.546,158.109,US-xNQ,US-xNQ,sagebrush,-1.186,-1.025,-1.195,-1.273,-1.131,-1.236,-1.157,3.918,2.731,0.745,1.263,71.017,124.586,33.821,33.372,551.18,554.111
US-xNQ,2019-06-16,0.174,10.01,18.588,0.216,0.7,46.851,17.568,25.057,10.079,0.0,20.178,-0.492,5.527,3.984,13.858,281.11,0.0,94.437,74.887,0.438,161.641,5.072,52.834,105.436,US-xNQ,US-xNQ,sagebrush,-0.81,-0.651,-0.818,-0.901,-0.759,-0.856,-0.782,3.182,2.373,0.835,0.935,78.257,132.857,32.022,31.88,549.949,554.098
US-xNQ,2019-06-21,0.188,5.66,17.183,0.193,0.674,56.746,10.851,17.653,4.049,0.0,20.178,1.536,4.604,6.371,14.78,89.449,0.0,93.933,87.161,0.22,38.064,3.678,2.696,25.382,US-xNQ,US-xNQ,sagebrush,-1.84,-1.717,-1.85,-1.937,-1.781,-1.893,-1.811,4.664,2.824,0.791,1.542,83.317,138.729,31.36,31.362,549.401,554.092
US-xNQ,2019-06-26,0.176,13.233,19.348,0.175,0.657,56.759,20.189,28.775,11.603,0.0,20.178,-1.831,8.229,7.268,21.336,332.625,0.0,94.527,56.744,1.195,192.486,2.728,44.983,147.067,US-xNQ,US-xNQ,sagebrush,-1.142,-0.996,-1.151,-1.239,-1.091,-1.193,-1.111,3.622,2.48,0.948,1.065,86.701,142.62,30.783,30.919,548.865,554.086
US-xNQ,2019-07-01,0.147,16.202,19.226,0.153,0.647,57.065,20.802,31.238,10.365,0.0,20.178,-1.74,7.872,6.311,21.382,319.978,0.0,94.665,61.726,1.051,188.473,2.991,26.54,166.696,US-xNQ,US-xNQ,sagebrush,-0.656,-0.521,-0.664,-0.745,-0.598,-0.701,-0.629,2.707,2.051,0.972,0.691,88.768,144.755,30.387,30.856,548.41,554.08
US-xNQ,2019-07-06,0.157,15.511,21.01,0.144,0.641,57.275,20.782,30.263,11.301,0.0,20.178,-1.337,7.989,7.207,19.405,277.1,0.0,95.399,71.466,0.72,168.336,3.257,31.948,131.63,US-xNQ,US-xNQ,sagebrush,-0.755,-0.605,-0.762,-0.845,-0.684,-0.803,-0.715,2.99,2.235,1.103,0.751,91.029,146.594,30.024,31.35,547.957,554.074
US-xNQ,2019-07-11,0.152,21.324,23.136,0.134,0.636,56.785,25.269,34.641,15.898,0.0,20.178,-1.266,7.346,6.217,23.585,323.298,0.0,94.57,68.649,1.04,192.395,4.222,24.724,164.517,US-xNQ,US-xNQ,sagebrush,-0.314,-0.142,-0.321,-0.411,-0.214,-0.383,-0.268,2.413,2.1,1.276,0.453,92.243,146.77,29.706,32.291,547.52,554.068
US-xNQ,2019-07-16,0.144,20.964,23.741,0.124,0.633,56.63,23.051,33.295,12.807,0.0,20.178,-0.593,7.049,7.34,21.134,206.459,0.0,94.394,70.852,0.764,120.461,3.139,14.147,89.251,US-xNQ,US-xNQ,sagebrush,-0.234,-0.064,-0.242,-0.339,-0.125,-0.308,-0.189,2.286,2.052,1.331,0.38,93.195,146.323,29.464,33.599,547.125,554.062
US-xNQ,2019-07-21,0.144,22.821,24.122,0.114,0.629,55.473,23.872,34.359,13.384,0.0,20.178,-1.656,9.29,8.084,17.475,190.55,0.0,95.31,74.614,0.537,103.1,2.0,18.545,68.578,US-xNQ,US-xNQ,sagebrush,-0.137,0.027,-0.146,-0.249,-0.023,-0.21,-0.092,2.106,1.969,1.365,0.295,93.84,145.227,29.299,35.251,546.779,554.057
US-xNQ,2019-07-26,0.142,12.012,24.617,0.12,0.626,45.745,21.956,28.013,15.899,5.224,20.178,-2.879,8.967,6.693,21.985,333.295,0.0,94.564,49.383,1.509,184.786,5.277,17.683,181.796,US-xNQ,US-xNQ,sagebrush,-0.205,-0.034,-0.213,-0.318,-0.087,-0.28,-0.161,2.316,2.111,1.404,0.363,94.724,144.176,29.08,37.038,546.408,554.051
US-xNQ,2019-07-31,0.134,14.441,23.605,0.202,0.669,34.399,22.237,29.438,15.035,3.158,20.178,-1.908,8.549,6.284,21.157,223.489,0.0,94.691,82.694,0.512,123.727,3.705,27.271,82.668,US-xNQ,US-xNQ,sagebrush,0.547,0.668,0.555,0.438,0.68,0.486,0.624,1.521,2.069,1.319,0.08,94.695,144.004,28.272,36.022,545.709,554.038
US-xNQ,2019-08-05,0.129,23.277,25.055,0.212,0.655,48.46,24.897,34.829,14.965,0.0,20.178,-1.584,7.075,5.887,21.849,303.389,0.498,94.575,63.755,1.093,173.884,3.693,40.212,141.61,US-xNQ,US-xNQ,sagebrush,0.65,0.749,0.655,0.52,0.793,0.578,0.735,1.579,2.229,1.439,0.056,94.591,143.732,27.362,34.881,544.9,554.023
US-xNQ,2019-08-10,0.125,17.802,21.152,0.227,0.647,49.038,22.606,30.718,14.494,0.0,20.178,-1.235,5.13,5.849,20.065,196.578,0.0,94.476,81.615,0.513,107.338,2.012,28.003,72.437,US-xNQ,US-xNQ,sagebrush,0.272,0.456,0.286,0.175,0.396,0.229,0.343,1.822,2.095,1.135,0.274,95.251,144.133,26.538,34.094,544.104,554.008
US-xNQ,2019-08-25,0.126,22.557,22.984,0.149,0.608,45.143,23.351,32.256,14.447,0.0,20.178,0.278,5.107,5.115,21.154,203.356,5.981,93.768,77.875,0.627,116.443,4.393,25.719,77.162,US-xNQ,US-xNQ,sagebrush,0.311,0.398,0.307,0.224,0.375,0.262,0.35,1.458,1.769,1.254,0.081,95.543,136.594,25.283,39.913,542.392,553.972
US-xNQ,2019-08-30,0.126,23.053,23.554,0.137,0.603,43.52,23.514,33.092,13.937,0.0,20.178,-1.072,4.633,3.447,15.725,172.826,0.0,95.217,67.692,0.629,82.982,2.345,23.166,65.282,US-xNQ,US-xNQ,sagebrush,0.341,0.352,0.328,0.244,0.391,0.291,0.37,1.383,1.724,1.278,0.042,95.324,132.536,25.055,43.145,541.97,553.962
US-xNQ,2019-09-04,0.128,23.489,24.135,0.129,0.599,39.475,23.874,33.335,14.414,0.0,20.178,-0.16,4.346,3.976,18.296,243.688,0.0,94.661,69.543,0.826,117.873,5.315,28.17,93.097,US-xNQ,US-xNQ,sagebrush,0.387,0.322,0.373,0.291,0.444,0.332,0.41,1.259,1.646,1.259,0.0,94.956,128.155,24.876,46.517,541.6,553.952
US-xNQ,2019-09-09,0.119,14.418,17.383,0.138,0.595,41.255,15.886,24.699,7.073,0.0,20.178,2.311,1.912,3.745,13.291,50.23,0.0,94.055,98.032,0.03,38.992,,-2.331,12.09,US-xNQ,US-xNQ,sagebrush,-0.099,-0.025,-0.102,-0.154,-0.054,-0.128,-0.078,1.58,1.48,0.846,0.292,95.605,124.817,24.767,50.118,541.305,553.943
US-xNQ,2019-09-14,0.118,17.433,16.33,0.183,0.59,40.072,18.399,29.368,7.43,0.0,20.178,0.977,3.699,4.104,19.274,203.135,0.0,94.367,57.078,1.106,105.12,4.018,7.472,88.808,US-xNQ,US-xNQ,sagebrush,0.121,0.19,0.129,0.079,0.18,0.106,0.153,1.392,1.513,0.784,0.242,96.115,121.069,24.446,53.463,540.927,553.931
US-xNQ,2019-09-19,0.119,13.374,14.021,0.17,0.584,38.846,14.58,23.711,5.449,1.177,20.178,0.672,4.46,4.668,19.045,211.872,0.0,94.35,72.086,0.726,103.943,4.955,22.221,75.001,US-xNQ,US-xNQ,sagebrush,-0.032,0.013,-0.027,-0.082,0.022,-0.053,0.001,1.41,1.379,0.672,0.294,96.792,117.212,24.254,57.292,540.639,553.92
US-xNQ,2019-09-24,0.121,12.84,13.071,0.186,0.586,36.111,14.028,22.809,5.247,0.0,20.178,0.677,4.066,5.643,15.788,133.621,0.0,93.762,65.168,0.675,51.959,5.784,-7.371,60.144,US-xNQ,US-xNQ,sagebrush,0.042,0.075,0.05,-0.002,0.104,0.022,0.079,1.31,1.352,0.625,0.272,87.975,113.573,33.449,60.631,540.361,553.909
US-xNQ,2019-09-29,0.118,3.814,13.245,0.212,0.585,24.766,6.464,11.052,1.877,4.459,20.178,2.241,0.652,2.067,7.954,21.895,0.0,94.191,96.33,0.041,13.985,,-21.347,9.505,US-xNQ,US-xNQ,sagebrush,0.292,0.31,0.306,0.254,0.361,0.277,0.337,1.076,1.369,0.595,0.192,79.769,109.725,41.399,63.487,540.162,553.895
US-xNQ,2019-10-04,0.114,7.92,8.265,0.197,0.604,35.662,8.458,16.478,0.438,0.0,20.178,-0.284,2.329,2.126,6.285,89.997,0.498,94.82,86.416,0.14,50.91,8.67,20.334,19.486,US-xNQ,US-xNQ,sagebrush,0.033,0.019,0.041,-0.01,0.097,0.01,0.074,1.102,1.135,0.414,0.274,72.673,107.552,48.619,65.438,540.105,553.885
US-xNQ,2019-10-09,0.113,7.5,8.217,0.199,0.6,28.976,8.036,16.17,-0.097,0.0,20.178,0.902,0.299,1.921,3.068,32.368,0.0,94.163,93.209,0.057,12.522,,-6.289,6.927,US-xNQ,US-xNQ,sagebrush,0.17,0.149,0.18,0.127,0.235,0.145,0.209,0.899,1.069,0.393,0.202,66.043,104.868,54.969,67.546,540.118,553.875
US-xNQ,2019-10-14,0.112,8.897,4.958,0.201,0.582,32.905,9.605,19.282,-0.071,0.0,20.178,0.398,0.281,1.105,2.608,145.501,0.0,94.123,76.952,0.199,21.423,3.808,-7.669,10.191,US-xNQ,US-xNQ,sagebrush,0.108,0.072,0.116,0.06,0.172,0.086,0.143,0.827,0.934,0.306,0.207,60.101,101.244,60.691,70.792,540.186,553.866
US-xNQ,2019-10-19,0.107,4.626,4.436,0.201,0.583,22.994,4.597,12.758,-3.564,5.5,20.178,-0.669,1.228,1.0,7.919,150.787,0.0,93.485,53.085,0.544,31.767,5.75,4.104,31.98,US-xNQ,US-xNQ,sagebrush,0.247,0.204,0.254,0.199,0.305,0.224,0.279,0.581,0.828,0.28,0.12,54.457,97.486,65.746,73.792,540.309,553.857
US-xNQ,2019-10-24,0.108,3.931,2.72,0.197,0.588,28.452,3.578,10.501,-3.344,0.0,20.178,0.073,0.722,1.033,1.227,65.659,0.0,95.412,76.201,0.178,0.884,3.306,2.33,10.64,US-xNQ,US-xNQ,sagebrush,0.131,0.084,0.136,0.081,0.187,0.107,0.165,0.671,0.802,0.238,0.173,49.563,94.342,70.278,76.494,540.463,553.85
US-xNQ,2019-10-29,0.106,1.261,-0.456,0.208,0.582,10.128,-5.781,-0.875,-10.686,0.0,20.178,0.433,0.136,0.547,-6.942,84.078,0.0,95.387,64.749,0.136,-2.318,7.353,10.563,4.152,US-xNQ,US-xNQ,sagebrush,0.353,0.232,0.359,0.304,0.4,0.332,0.389,0.153,0.506,0.153,0.0,44.567,90.299,74.383,79.5,540.632,553.844
US-xNQ,2019-11-03,0.103,5.433,-1.92,0.227,0.574,24.663,4.68,14.163,-4.802,0.0,20.178,0.288,0.188,0.636,1.471,49.685,0.0,94.215,79.321,0.143,6.226,3.85,2.295,3.073,US-xNQ,US-xNQ,sagebrush,0.235,0.168,0.237,0.188,0.288,0.209,0.265,0.381,0.616,0.159,0.088,40.379,90.661,77.923,78.411,540.837,553.838
US-xNQ,2019-11-08,0.104,7.173,1.154,0.219,0.584,23.065,7.818,16.384,-0.748,0.0,20.178,0.406,0.0,0.462,1.26,86.651,0.0,94.509,67.137,0.307,1.285,4.968,-2.894,6.609,US-xNQ,US-xNQ,sagebrush,0.285,0.217,0.29,0.237,0.341,0.263,0.32,0.439,0.724,0.186,0.101,36.656,87.325,80.822,80.9,541.093,553.83
US-xNQ,2019-11-13,0.108,6.273,0.802,0.216,0.582,21.445,6.822,14.799,-1.154,0.0,20.178,0.264,0.103,0.323,-3.078,102.015,0.0,94.549,74.364,0.125,4.207,4.898,-0.434,3.864,US-xNQ,US-xNQ,sagebrush,0.277,0.207,0.28,0.228,0.33,0.253,0.308,0.426,0.703,0.173,0.101,33.31,84.017,83.351,83.374,541.367,553.823
US-xNQ,2019-11-18,0.106,6.381,1.842,0.208,0.584,20.291,7.188,15.318,-0.942,0.0,20.178,0.394,0.431,1.093,7.011,59.411,1.495,93.566,70.047,0.309,-10.625,6.453,-37.523,10.661,US-xNQ,US-xNQ,sagebrush,0.299,0.23,0.301,0.251,0.352,0.275,0.331,0.423,0.722,0.174,0.099,30.294,80.921,85.479,85.56,541.676,553.817
US-xNQ,2019-11-23,0.105,2.281,1.674,0.255,0.742,19.51,2.274,7.502,-2.954,0.0,20.178,0.249,0.287,0.567,3.936,62.441,0.0,93.841,63.616,0.34,-22.183,5.486,-13.006,4.069,US-xNQ,US-xNQ,sagebrush,0.414,0.311,0.416,0.353,0.477,0.384,0.453,0.432,0.846,0.163,0.107,27.609,81.078,86.946,84.143,542.092,553.808
US-xNQ,2019-11-28,0.095,0.883,-0.462,0.328,0.689,10.329,0.87,2.876,-1.136,10.044,20.178,0.403,0.042,0.391,-5.581,21.059,0.0,95.495,84.855,0.061,3.339,7.942,16.938,0.785,US-xNQ,US-xNQ,sagebrush,0.67,0.455,0.677,0.584,0.746,0.633,0.719,0.095,0.765,0.095,0.0,24.826,80.796,87.848,82.478,542.576,553.798
US-xNQ,2019-12-03,0.08,2.249,-1.902,0.409,0.701,17.919,1.034,6.695,-4.628,0.0,20.178,0.595,0.007,0.636,1.047,81.969,0.0,93.768,76.72,0.158,-48.699,7.702,-26.73,-0.178,US-xNQ,US-xNQ,sagebrush,0.724,0.53,0.727,0.662,0.804,0.682,0.767,0.206,0.93,0.125,0.032,22.435,80.929,88.154,80.272,543.127,553.788
US-xNQ,2019-12-08,0.066,1.654,-0.712,0.405,0.75,12.818,3.048,6.457,-0.362,4.406,20.178,0.345,0.013,0.502,-9.764,29.123,0.0,94.076,84.969,0.045,1.296,,-6.444,0.795,US-xNQ,US-xNQ,sagebrush,0.823,0.577,0.824,0.734,0.897,0.783,0.871,0.119,0.942,0.119,0.0,20.173,80.647,88.048,78.248,543.698,553.776
US-xNQ,2019-12-13,0.052,1.89,-0.521,0.417,0.806,13.868,4.68,8.207,1.153,3.271,20.178,0.555,0.0,0.439,-9.18,61.8,0.0,94.167,84.434,0.046,-0.218,7.506,-8.046,0.81,US-xNQ,US-xNQ,sagebrush,0.852,0.605,0.859,0.767,0.933,0.815,0.905,0.083,0.935,0.083,0.0,18.14,80.366,87.611,76.18,544.271,553.765
US-xNQ,2019-12-18,0.038,1.869,-6.625,0.385,0.897,17.389,-1.564,4.005,-7.134,0.0,20.178,0.432,0.0,0.462,-4.733,62.464,0.0,94.261,71.103,0.158,-28.456,5.01,-21.404,0.042,US-xNQ,US-xNQ,sagebrush,0.487,0.319,0.49,0.437,0.536,0.464,0.516,0.024,0.512,0.024,0.0,16.311,80.366,88.014,74.855,544.592,553.759
US-xNQ,2019-12-23,0.023,2.189,-2.818,0.402,0.923,14.474,6.772,10.365,3.179,0.0,20.178,0.463,0.0,0.394,-5.089,46.278,0.0,94.448,92.046,0.034,-4.031,3.534,-4.615,0.446,US-xNQ,US-xNQ,sagebrush,0.684,0.476,0.69,0.619,0.743,0.659,0.72,0.0,0.684,0.0,0.0,16.287,80.366,86.02,73.018,545.032,553.751
US-xNQ,2019-12-28,0.01,0.496,-3.576,0.397,0.994,7.915,-7.074,-5.162,-8.986,0.0,20.178,0.375,0.033,0.501,-6.99,40.091,0.0,94.455,86.436,0.051,9.926,4.276,-1.546,2.187,US-xNQ,US-xNQ,sagebrush,0.629,0.438,0.634,0.568,0.681,0.604,0.662,0.0,0.629,0.0,0.0,16.263,80.366,84.202,71.345,545.413,553.743
US-xNQ,2020-01-02,-0.001,1.432,-3.082,0.438,1.01,12.375,-2.641,1.682,-6.964,0.0,20.178,0.515,0.0,0.399,0.206,27.503,0.0,93.1,88.844,0.07,1.629,3.401,-14.881,-0.722,US-xNQ,US-xNQ,sagebrush,0.715,0.507,0.72,0.646,0.771,0.687,0.75,0.0,0.715,0.0,0.0,16.244,80.366,82.138,69.458,545.817,553.735
US-xNQ,2020-01-07,-0.008,3.165,-7.744,0.439,1.045,16.068,0.692,7.284,-5.899,0.0,20.178,0.494,0.01,0.287,-9.543,75.095,0.0,94.998,69.115,0.093,-27.97,3.93,-8.039,2.774,US-xNQ,US-xNQ,sagebrush,0.484,0.323,0.486,0.43,0.536,0.464,0.512,0.0,0.484,0.0,0.0,16.226,80.366,80.756,68.19,546.072,553.729
US-xNQ,2020-01-12,-0.007,1.063,-5.478,0.438,1.052,7.327,-2.82,0.372,-6.012,3.284,20.178,0.24,0.0,0.213,-11.997,69.555,0.0,94.211,76.768,0.056,10.327,5.182,12.779,2.628,US-xNQ,US-xNQ,sagebrush,0.576,0.401,0.58,0.518,0.623,0.552,0.605,0.0,0.576,0.0,0.0,16.207,80.366,79.115,66.691,546.357,553.722
US-xNQ,2020-01-17,-0.002,2.632,-6.137,0.437,1.056,15.072,-1.832,4.681,-8.346,0.0,20.178,0.259,0.0,0.139,-10.676,36.381,0.0,94.13,81.226,0.05,-15.159,8.625,-11.308,0.23,US-xNQ,US-xNQ,sagebrush,0.538,0.372,0.541,0.481,0.585,0.517,0.566,0.0,0.538,0.0,0.0,16.188,80.366,77.594,65.302,546.603,553.716
US-xNQ,2020-01-22,0.006,1.621,-4.816,0.438,1.063,12.209,2.245,5.774,-1.283,3.71,20.178,0.173,0.022,0.291,-2.11,82.489,0.0,93.928,81.854,0.101,-21.732,3.129,-3.925,0.462,US-xNQ,US-xNQ,sagebrush,0.591,0.419,0.594,0.531,0.636,0.57,0.619,0.0,0.591,0.0,0.0,16.17,80.366,75.931,63.788,546.853,553.71
US-xNQ,2020-01-27,0.025,1.781,-3.012,0.438,1.132,10.646,2.297,6.208,-1.615,0.0,20.178,0.326,0.068,0.362,-3.945,38.075,0.0,94.78,96.555,0.016,6.9,1.672,-0.19,1.016,US-xNQ,US-xNQ,sagebrush,0.668,0.488,0.672,0.604,0.716,0.647,0.696,0.0,0.668,0.0,0.0,16.151,80.366,74.061,62.091,547.106,553.702
US-xNQ,2020-02-01,0.043,4.215,-5.678,0.439,1.152,21.261,4.004,11.835,-3.828,0.0,20.178,0.404,0.074,0.539,4.206,89.678,0.0,93.365,64.913,0.329,-4.213,6.645,-48.89,2.689,US-xNQ,US-xNQ,sagebrush,0.535,0.381,0.538,0.476,0.576,0.518,0.563,0.05,0.585,0.05,0.0,16.133,80.366,72.578,60.744,547.288,553.697
US-xNQ,2020-02-06,0.062,2.068,-5.889,0.439,1.17,7.142,-0.569,5.241,-6.379,3.689,20.178,0.024,0.009,0.092,-7.586,29.612,0.0,93.347,83.144,0.059,1.973,4.349,6.905,1.27,US-xNQ,US-xNQ,sagebrush,0.518,0.37,0.521,0.46,0.561,0.5,0.548,0.036,0.554,0.036,0.0,16.114,80.366,71.15,59.449,547.444,553.691
US-xNQ,2020-02-11,0.08,2.141,-7.235,0.438,1.191,24.04,-3.569,2.781,-9.919,0.0,20.178,0.159,0.0,0.12,-3.555,90.028,0.0,94.149,75.567,0.134,-8.138,5.241,-5.606,3.098,US-xNQ,US-xNQ,sagebrush,0.412,0.319,0.411,0.356,0.46,0.387,0.438,0.156,0.568,0.083,0.029,16.196,80.486,69.902,58.317,547.566,553.686
US-xNQ,2020-02-16,0.098,2.21,-0.941,0.43,1.206,10.854,1.66,6.337,-3.017,3.725,20.178,0.145,0.004,0.125,-6.92,121.903,0.0,94.183,85.281,0.053,15.925,4.866,-5.316,0.59,US-xNQ,US-xNQ,sagebrush,0.678,0.548,0.679,0.629,0.724,0.657,0.703,0.181,0.86,0.121,0.024,16.259,80.304,67.953,56.84,547.727,553.678
US-xNQ,2020-02-21,0.109,4.181,-4.443,0.408,1.216,26.203,0.716,9.487,-8.054,0.0,20.178,0.235,0.0,0.232,-0.002,164.621,0.0,94.698,56.595,0.278,-25.078,4.753,-25.559,11.31,US-xNQ,US-xNQ,sagebrush,0.359,0.278,0.358,0.316,0.402,0.336,0.378,0.356,0.714,0.098,0.103,16.59,80.725,66.574,55.585,547.821,553.673
US-xNQ,2020-02-26,0.11,3.995,-3.049,0.375,1.226,28.162,-0.519,8.852,-9.891,0.0,20.178,0.271,0.0,0.17,-8.367,104.882,0.0,95.397,86.749,0.046,14.233,3.284,30.96,13.881,US-xNQ,US-xNQ,sagebrush,0.31,0.241,0.309,0.272,0.35,0.292,0.328,0.445,0.755,0.107,0.135,17.026,81.278,65.21,54.342,547.895,553.667
US-xNQ,2020-03-02,0.102,2.595,-0.304,0.316,1.307,31.486,-1.929,4.982,-8.841,0.0,20.178,0.28,0.136,0.487,-0.539,122.68,,93.264,75.095,0.18,13.89,6.847,-5.747,27.567,US-xNQ,US-xNQ,sagebrush,0.237,0.19,0.236,0.209,0.268,0.22,0.251,0.578,0.815,0.128,0.179,17.606,81.731,63.88,53.405,547.948,553.662
US-xNQ,2020-03-07,0.106,5.256,2.288,0.26,1.311,32.276,9.097,14.708,3.486,0.0,20.178,0.521,0.188,0.921,5.498,192.862,,93.778,72.255,0.31,76.73,3.026,33.294,31.452,US-xNQ,US-xNQ,sagebrush,0.142,0.118,0.14,0.116,0.165,0.126,0.155,0.701,0.843,0.151,0.219,18.312,82.345,62.665,52.56,547.982,553.657
US-xNQ,2020-03-12,0.112,5.534,3.301,0.241,1.225,35.757,6.317,13.861,-1.227,0.0,20.178,0.647,0.0,0.314,0.525,176.043,,94.28,64.061,0.228,70.424,9.303,31.698,47.923,US-xNQ,US-xNQ,sagebrush,0.021,0.007,0.018,-0.007,0.042,0.005,0.033,0.883,0.904,0.163,0.287,19.249,83.236,61.512,51.765,547.999,553.652
US-xNQ,2020-03-17,0.122,5.956,3.887,0.24,1.085,31.068,7.39,14.274,0.507,0.0,20.178,0.361,0.063,0.334,-2.45,206.775,,94.697,70.275,0.178,93.096,4.111,70.169,26.071,US-xNQ,US-xNQ,sagebrush,0.032,0.023,0.029,0.004,0.053,0.014,0.043,0.887,0.92,0.172,0.285,20.176,84.117,60.352,50.96,548.003,553.647
US-xNQ,2020-03-22,0.134,5.251,3.572,0.241,0.914,34.764,3.764,11.697,-4.168,0.0,20.178,0.351,0.08,0.32,-0.155,214.057,,94.667,67.643,0.252,100.768,2.828,82.164,14.79,US-xNQ,US-xNQ,sagebrush,-0.114,-0.123,-0.118,-0.143,-0.091,-0.13,-0.102,1.111,0.998,0.172,0.374,21.408,85.361,59.231,50.188,547.991,553.642
US-xNQ,2020-03-27,0.141,2.103,0.962,0.247,0.773,36.554,-1.169,3.972,-6.311,0.0,20.178,0.669,0.227,0.777,5.896,228.643,,93.903,63.678,0.441,108.464,4.214,80.097,20.978,US-xNQ,US-xNQ,sagebrush,-0.194,-0.21,-0.199,-0.225,-0.169,-0.213,-0.184,1.125,0.931,0.15,0.388,22.686,86.658,58.277,49.564,547.97,553.637
US-xNQ,2020-04-01,0.136,6.748,5.195,0.231,0.723,40.465,6.622,15.139,-1.895,0.0,20.178,0.814,0.057,0.448,-1.831,53.218,,94.159,87.542,0.06,26.802,6.784,24.571,14.621,US-xNQ,US-xNQ,sagebrush,-0.252,-0.25,-0.257,-0.286,-0.228,-0.27,-0.241,1.388,1.135,0.199,0.473,24.252,88.301,57.155,48.784,547.931,553.632
US-xNQ,2020-04-06,0.133,5.59,6.255,0.216,0.691,34.907,10.124,14.601,5.648,0.0,20.178,0.455,0.232,0.638,7.278,226.658,,93.553,75.492,0.325,104.543,2.523,81.583,28.541,US-xNQ,US-xNQ,sagebrush,-0.184,-0.172,-0.189,-0.216,-0.162,-0.204,-0.175,1.269,1.085,0.218,0.418,25.62,89.713,56.089,48.049,547.878,553.627
US-xNQ,2020-04-11,0.138,7.788,6.763,0.216,0.677,41.778,8.091,16.861,-0.678,0.0,20.178,0.283,0.159,0.349,1.377,116.962,,94.302,55.606,0.308,56.549,6.563,25.227,14.344,US-xNQ,US-xNQ,sagebrush,-0.334,-0.318,-0.34,-0.368,-0.31,-0.353,-0.324,1.542,1.208,0.23,0.522,27.342,91.546,55.017,47.307,547.81,553.622
US-xNQ,2020-04-16,0.142,3.694,5.133,0.234,0.666,26.89,2.534,8.004,-2.935,0.0,20.178,0.03,0.66,0.601,-0.654,293.778,,95.224,43.161,0.358,132.104,4.813,124.107,24.704,US-xNQ,US-xNQ,sagebrush,-0.043,-0.033,-0.048,-0.071,-0.02,-0.064,-0.034,1.04,0.997,0.215,0.329,28.395,92.577,53.962,46.581,547.727,553.616
US-xNQ,2020-04-21,0.144,8.852,7.621,0.213,0.67,37.593,9.933,17.901,1.966,0.0,20.178,0.135,0.364,0.984,12.477,260.967,,93.904,40.149,1.116,124.553,4.135,89.68,28.377,US-xNQ,US-xNQ,sagebrush,-0.291,-0.266,-0.297,-0.325,-0.27,-0.311,-0.282,1.5,1.209,0.254,0.496,30.018,94.293,52.913,45.852,547.627,553.611
US-xNQ,2021-03-07,0.104,4.916,2.119,0.261,1.03,33.911,6.413,16.358,-3.531,0.0,20.178,1.078,0.0,1.103,7.974,189.781,0.0,94.303,48.218,0.581,67.118,6.219,48.42,8.599,US-xNQ,US-xNQ,sagebrush,0.168,0.096,0.161,0.134,0.196,0.145,0.178,0.72,0.888,0.071,0.259,17.158,31.515,63.869,82.272,556.778,553.35
US-xNQ,2021-03-12,0.104,2.614,0.496,0.241,0.98,32.353,0.373,7.579,-6.833,0.0,20.178,0.615,0.102,0.521,1.254,209.687,0.0,95.526,54.971,0.438,77.725,4.073,76.93,8.201,US-xNQ,US-xNQ,sagebrush,0.103,0.047,0.097,0.072,0.129,0.083,0.11,0.648,0.751,0.067,0.232,17.907,32.357,62.887,80.96,556.965,553.351
US-xNQ,2021-03-17,0.103,3.621,3.001,0.241,0.953,29.028,4.231,11.647,-3.184,0.0,20.178,0.517,0.01,0.482,1.183,48.023,0.0,95.062,82.344,0.186,12.419,3.235,5.342,3.839,US-xNQ,US-xNQ,sagebrush,0.178,0.126,0.171,0.146,0.203,0.155,0.188,0.655,0.833,0.08,0.229,18.645,33.185,61.752,79.438,557.165,553.351
US-xNQ,2021-03-22,0.094,2.254,0.497,0.278,0.862,34.138,-0.704,5.835,-7.243,0.0,20.178,0.543,0.064,0.61,5.313,215.031,0.0,94.339,39.497,0.629,85.593,4.703,79.134,10.555,US-xNQ,US-xNQ,sagebrush,0.205,0.138,0.197,0.173,0.232,0.182,0.211,0.598,0.803,0.071,0.21,19.321,33.932,60.624,77.935,557.349,553.352
US-xNQ,2021-03-27,0.094,3.379,1.61,0.251,0.761,40.611,3.3,10.777,-4.176,0.0,20.178,0.746,0.0,0.559,-0.072,120.409,0.0,94.788,71.552,0.183,49.113,4.833,26.795,10.507,US-xNQ,US-xNQ,sagebrush,0.09,0.039,0.082,0.061,0.112,0.068,0.094,0.747,0.837,0.078,0.267,20.187,34.909,59.575,76.536,557.506,553.353
US-xNQ,2021-04-01,0.097,6.637,2.31,0.243,0.698,43.11,6.766,18.241,-4.708,0.0,20.178,1.518,0.022,0.562,6.183,245.011,0.0,94.933,33.936,0.806,94.491,6.462,68.039,9.102,US-xNQ,US-xNQ,sagebrush,0.054,0.011,0.048,0.026,0.076,0.032,0.059,0.806,0.86,0.084,0.287,21.121,35.968,58.543,75.161,557.646,553.354
US-xNQ,2021-04-06,0.098,4.514,8.065,0.209,0.68,40.519,5.635,13.402,-2.132,0.0,20.178,0.872,0.069,0.223,6.999,108.516,0.0,94.426,41.177,0.618,35.402,2.932,17.448,4.638,US-xNQ,US-xNQ,sagebrush,-0.031,-0.04,-0.037,-0.076,0.014,-0.057,-0.019,1.099,1.068,0.123,0.389,22.394,37.439,57.378,73.593,557.788,553.355
US-xNQ,2021-04-11,0.098,4.316,5.887,0.204,0.654,45.326,5.603,12.995,-1.789,0.0,20.178,1.957,0.058,1.4,4.383,80.457,3.984,93.735,74.595,0.221,28.28,8.227,5.426,11.746,US-xNQ,US-xNQ,sagebrush,-0.124,-0.136,-0.13,-0.158,-0.1,-0.147,-0.115,1.108,0.984,0.113,0.396,23.689,38.936,56.405,72.29,557.892,553.356
US-xNQ,2021-04-16,0.094,1.889,4.39,0.225,0.651,24.515,2.058,6.312,-2.196,3.296,20.178,0.931,0.022,0.35,2.464,72.464,0.0,95.338,85.143,0.172,40.479,3.686,23.799,9.23,US-xNQ,US-xNQ,sagebrush,0.224,0.203,0.218,0.189,0.246,0.202,0.233,0.546,0.77,0.108,0.174,24.219,39.517,55.41,70.963,557.984,553.357
US-xNQ,2021-04-21,0.098,4.267,5.58,0.21,0.65,40.887,6.87,13.695,0.046,0.0,20.178,0.386,0.519,0.772,3.663,297.318,0.0,94.972,48.506,0.548,131.387,5.152,114.407,21.351,US-xNQ,US-xNQ,sagebrush,-0.047,-0.057,-0.053,-0.078,-0.026,-0.069,-0.038,0.984,0.937,0.118,0.345,25.332,40.786,54.455,69.697,558.058,553.358
US-xNQ,2021-04-26,0.099,2.151,10.38,0.208,0.636,34.124,5.711,9.505,1.918,8.892,20.178,0.348,0.392,1.037,5.34,95.403,1.494,93.624,85.525,0.321,65.958,1.954,17.357,10.257,US-xNQ,US-xNQ,sagebrush,0.04,0.056,0.035,-0.006,0.09,0.012,0.055,1.082,1.122,0.164,0.365,26.512,41.818,53.255,68.413,558.13,553.36
US-xNQ,2021-05-01,0.094,12.274,14.584,0.197,0.636,49.436,17.867,26.719,9.014,0.0,20.178,0.681,0.416,0.954,19.906,289.98,0.0,93.408,25.909,1.856,132.943,6.141,86.581,37.445,US-xNQ,US-xNQ,sagebrush,-0.038,0.016,-0.041,-0.096,0.037,-0.073,-0.012,1.375,1.337,0.219,0.461,28.014,43.226,51.932,66.961,558.183,553.362
US-xNQ,2021-05-06,0.103,12.645,11.806,0.184,0.617,54.419,15.517,27.402,3.632,0.0,20.178,0.311,0.431,0.75,10.699,296.58,0.0,95.27,43.66,0.913,119.267,5.247,111.458,34.375,US-xNQ,US-xNQ,sagebrush,-0.275,-0.237,-0.278,-0.318,-0.236,-0.297,-0.258,1.527,1.253,0.193,0.531,29.752,44.439,50.906,66.384,558.206,553.363
US-xNQ,2021-05-11,0.109,6.085,8.603,0.173,0.604,55.146,7.828,16.052,-0.396,0.0,20.178,0.183,0.941,0.673,10.251,344.089,0.0,95.523,36.285,0.905,162.908,2.446,120.78,47.924,US-xNQ,US-xNQ,sagebrush,-0.512,-0.49,-0.516,-0.551,-0.483,-0.532,-0.495,1.706,1.194,0.166,0.614,31.765,45.628,50.139,66.5,558.216,553.365
US-xNQ,2021-05-16,0.101,9.485,15.701,0.162,0.597,53.093,14.693,22.438,6.948,2.424,20.178,0.075,1.684,1.612,18.346,325.519,0.0,94.607,49.64,1.164,158.694,5.142,117.011,51.969,US-xNQ,US-xNQ,sagebrush,-0.402,-0.323,-0.403,-0.452,-0.348,-0.428,-0.378,1.804,1.402,0.265,0.613,33.764,46.581,49.167,66.522,558.22,553.366
US-xNQ,2021-05-21,0.104,9.739,13.708,0.169,0.59,42.33,10.609,17.901,3.318,0.0,20.178,0.453,1.325,1.874,15.513,165.818,0.996,94.495,81.966,0.386,101.676,5.452,54.896,39.209,US-xNQ,US-xNQ,sagebrush,-0.181,-0.12,-0.182,-0.221,-0.138,-0.201,-0.162,1.385,1.205,0.244,0.454,35.213,46.676,48.252,66.799,558.217,553.368
US-xNQ,2021-05-26,0.112,12.216,14.918,0.173,0.584,56.058,13.407,21.609,5.204,0.0,20.178,-0.131,1.364,1.473,6.839,75.806,2.988,95.291,77.204,0.229,44.389,4.118,19.642,16.132,US-xNQ,US-xNQ,sagebrush,-0.487,-0.421,-0.489,-0.533,-0.442,-0.508,-0.47,1.993,1.506,0.268,0.687,37.461,47.548,47.267,67.108,558.206,553.369
US-xNQ,2021-05-31,0.105,15.745,16.023,0.154,0.576,57.453,17.146,26.562,7.73,0.0,20.178,-1.025,2.723,1.205,16.526,365.766,0.0,95.201,41.103,1.264,190.466,2.539,100.09,80.486,US-xNQ,US-xNQ,sagebrush,-0.405,-0.321,-0.406,-0.45,-0.356,-0.429,-0.384,1.786,1.381,0.297,0.593,39.369,47.799,46.434,67.82,558.192,553.371
US-xNQ,2021-06-05,0.102,23.158,23.931,0.139,0.57,53.668,23.695,32.944,14.447,0.0,20.178,1.056,1.661,1.964,29.652,336.433,0.0,93.27,36.798,2.883,187.128,3.64,94.186,85.605,US-xNQ,US-xNQ,sagebrush,0.091,0.294,0.096,0.015,0.193,0.054,0.14,1.296,1.386,0.491,0.32,40.325,46.758,45.467,68.435,558.172,553.372
US-xNQ,2021-06-10,0.107,12.864,17.691,0.124,0.565,57.515,15.99,21.725,10.255,0.0,20.178,1.068,3.73,5.627,26.46,308.133,0.0,93.852,63.719,1.517,187.634,7.104,62.446,84.976,US-xNQ,US-xNQ,sagebrush,-0.602,-0.495,-0.602,-0.651,-0.55,-0.633,-0.578,1.986,1.383,0.336,0.657,42.433,47.01,44.882,69.684,558.158,553.374
US-xNQ,2021-06-15,0.108,29.686,22.634,0.115,0.56,58.072,28.267,36.928,19.607,0.0,20.178,-0.134,3.265,2.167,24.166,344.199,0.0,94.894,38.807,2.053,188.292,7.24,77.238,104.132,US-xNQ,US-xNQ,sagebrush,-0.007,0.175,-0.003,-0.077,0.073,-0.044,0.035,1.174,1.167,0.466,0.282,43.236,45.576,44.268,70.976,558.148,553.375
US-xNQ,2021-06-20,0.11,23.879,23.992,0.107,0.555,58.017,24.187,33.565,14.808,0.0,20.178,-0.307,2.268,0.888,16.291,234.35,8.466,94.126,53.54,1.004,140.985,,57.59,57.423,US-xNQ,US-xNQ,sagebrush,-0.202,0.004,-0.196,-0.28,-0.108,-0.243,-0.151,1.495,1.293,0.502,0.395,44.424,44.557,43.718,72.372,558.141,553.376
US-xNQ,2021-06-25,0.111,18.414,21.505,0.156,0.55,54.468,20.173,28.228,12.118,0.0,20.178,1.096,1.674,2.881,18.204,103.203,3.984,94.366,74.381,0.757,65.136,3.825,11.308,37.828,US-xNQ,US-xNQ,sagebrush,-0.139,0.002,-0.136,-0.197,-0.048,-0.169,-0.103,1.7,1.561,0.433,0.505,46.003,43.932,42.756,73.082,558.134,553.378
US-xNQ,2021-06-30,0.109,19.663,23.115,0.137,0.542,51.883,21.864,28.318,15.411,0.0,20.178,0.116,1.887,0.21,24.184,355.886,0.0,94.999,47.752,1.84,190.397,3.349,113.677,66.173,US-xNQ,US-xNQ,sagebrush,-0.069,0.105,-0.065,-0.131,0.012,-0.099,-0.022,1.518,1.448,0.482,0.412,47.251,42.756,41.954,74.165,558.126,553.379
US-xNQ,2021-08-04,0.116,22.137,23.179,0.207,0.599,50.356,22.769,32.502,13.036,0.0,20.178,0.02,1.572,1.676,25.214,200.3,0.0,94.44,53.779,1.604,102.848,3.919,60.259,33.964,US-xNQ,US-xNQ,sagebrush,0.323,0.442,0.325,0.235,0.46,0.268,0.375,1.489,1.811,0.458,0.41,53.418,33.506,35.208,75.412,558.005,553.393
US-xNQ,2021-08-09,0.113,19.988,23.196,0.168,0.582,48.709,21.4,29.933,12.867,0.0,20.178,-0.062,1.731,1.284,22.083,229.177,0.0,93.897,64.445,0.958,115.975,5.444,84.148,40.166,US-xNQ,US-xNQ,sagebrush,0.097,0.239,0.1,0.03,0.192,0.064,0.134,1.489,1.586,0.468,0.406,54.631,33.745,34.339,74.421,557.926,553.395
US-xNQ,2021-08-14,0.113,26.263,26.081,0.149,0.568,46.652,25.722,35.502,15.943,0.0,20.178,0.531,1.343,1.627,26.963,296.477,0.0,94.835,30.702,2.724,135.456,3.092,97.552,49.041,US-xNQ,US-xNQ,sagebrush,0.316,0.48,0.323,0.231,0.427,0.279,0.367,1.143,1.459,0.567,0.229,55.221,32.971,33.57,73.888,557.834,553.396
US-xNQ,2021-08-19,0.118,4.175,16.784,0.263,0.756,37.54,13.193,17.252,9.134,5.368,20.178,1.118,1.564,2.52,19.849,221.191,3.987,94.349,71.062,0.795,126.532,3.75,86.428,33.049,US-xNQ,US-xNQ,sagebrush,0.075,0.09,0.069,-0.018,0.163,0.027,0.113,1.785,1.86,0.323,0.582,57.081,35.248,32.344,70.767,557.668,553.399
US-xNQ,2021-08-24,0.121,15.766,19.681,0.219,0.693,46.079,22.479,29.308,15.649,0.0,20.178,1.602,1.63,2.551,19.49,226.025,0.0,94.259,67.133,0.767,115.965,5.042,60.575,46.676,US-xNQ,US-xNQ,sagebrush,0.04,0.113,0.038,-0.031,0.118,0.003,0.069,1.726,1.766,0.402,0.527,58.723,37.29,31.327,68.101,557.463,553.4
US-xNQ,2021-08-29,0.117,17.014,19.321,0.189,0.644,44.429,20.085,30.222,9.949,0.0,20.178,0.812,3.004,3.823,19.328,254.593,0.0,94.7,57.158,1.168,124.9,3.973,47.749,91.986,US-xNQ,US-xNQ,sagebrush,-0.008,0.077,-0.01,-0.058,0.044,-0.031,0.014,1.546,1.538,0.409,0.453,60.089,38.894,30.568,66.137,557.257,553.402
US-xNQ,2021-09-03,0.122,13.854,20.586,0.17,0.619,42.272,19.026,27.216,10.835,0.0,20.178,1.284,2.718,4.057,15.502,131.097,0.498,94.785,73.432,0.514,56.214,3.084,11.256,59.281,US-xNQ,US-xNQ,sagebrush,-0.132,-0.023,-0.132,-0.172,-0.088,-0.149,-0.111,1.685,1.553,0.456,0.49,61.567,40.068,29.925,65.0,557.042,553.403
US-xNQ,2021-09-08,0.13,18.36,19.976,0.158,0.604,42.433,21.035,32.378,9.692,0.0,20.178,-0.89,3.715,2.397,17.187,245.93,0.0,94.956,50.127,1.084,118.769,3.271,43.359,70.034,US-xNQ,US-xNQ,sagebrush,-0.176,-0.071,-0.176,-0.207,-0.143,-0.193,-0.159,1.632,1.455,0.451,0.47,62.966,40.789,29.405,64.484,556.836,553.404
US-xNQ,2021-09-13,0.139,14.018,20.956,0.168,0.593,37.698,20.218,28.449,11.987,0.0,20.178,0.496,2.358,2.996,15.173,89.741,8.971,94.342,77.14,0.413,33.902,2.819,2.366,26.559,US-xNQ,US-xNQ,sagebrush,-0.169,-0.055,-0.168,-0.207,-0.127,-0.186,-0.149,1.763,1.594,0.488,0.507,64.495,41.393,28.806,64.038,556.592,553.404
US-xNQ,2021-09-18,0.144,8.634,18.893,0.161,0.584,27.386,17.964,23.921,12.007,0.0,20.178,-1.555,3.65,1.895,19.379,213.297,0.0,93.995,57.838,1.064,82.649,6.191,9.847,64.207,US-xNQ,US-xNQ,sagebrush,-0.137,-0.046,-0.137,-0.165,-0.108,-0.151,-0.122,1.531,1.394,0.44,0.435,65.763,41.449,28.332,64.093,556.37,553.405
US-xNQ,2021-09-23,0.146,10.032,14.773,0.155,0.576,36.988,14.477,23.405,5.549,0.0,20.178,-1.049,2.867,2.107,17.416,162.369,0.996,94.393,51.904,1.135,58.73,4.677,3.357,47.794,US-xNQ,US-xNQ,sagebrush,-0.54,-0.489,-0.542,-0.572,-0.516,-0.557,-0.527,1.938,1.398,0.347,0.634,61.32,42.138,34.403,64.655,556.191,553.405
US-xNQ,2021-09-28,0.154,7.318,16.778,0.146,0.57,35.119,13.224,20.274,6.175,0.0,20.178,-0.312,2.602,2.874,24.413,189.506,0.0,93.55,46.185,1.938,64.418,6.884,4.527,53.778,US-xNQ,US-xNQ,sagebrush,-0.658,-0.592,-0.658,-0.683,-0.629,-0.674,-0.644,2.196,1.538,0.378,0.724,57.636,43.031,39.902,65.365,556.063,553.405
US-xNQ,2021-10-03,0.158,10.211,12.519,0.148,0.565,35.504,14.206,24.338,4.075,0.0,20.178,-0.661,2.409,1.626,17.645,181.256,0.0,94.606,45.396,1.364,74.343,3.123,33.424,42.856,US-xNQ,US-xNQ,sagebrush,-0.575,-0.544,-0.576,-0.609,-0.538,-0.593,-0.558,1.876,1.302,0.285,0.634,54.012,43.393,45.04,66.428,555.996,553.405
US-xNQ,2021-10-08,0.153,3.141,13.869,0.244,0.599,23.937,11.509,15.411,7.607,10.445,20.178,-0.166,2.393,2.23,13.408,98.163,0.0,94.401,82.28,0.296,39.802,4.193,23.0,14.224,US-xNQ,US-xNQ,sagebrush,0.063,0.056,0.063,0.016,0.114,0.041,0.087,1.497,1.56,0.299,0.477,50.213,43.918,48.988,65.503,555.932,553.405
US-xNQ,2021-10-13,0.163,2.291,4.73,0.255,0.755,29.39,2.324,7.551,-2.903,0.08,20.178,1.121,0.331,1.225,5.525,13.507,42.862,93.148,96.014,0.035,7.8,,-10.839,8.362,US-xNQ,US-xNQ,sagebrush,-0.18,-0.23,-0.182,-0.236,-0.14,-0.202,-0.162,1.353,1.173,0.166,0.472,46.782,45.706,52.955,64.091,555.922,553.405
US-xNQ,2021-10-23,0.172,3.57,7.759,0.228,0.706,18.329,8.06,13.829,2.291,4.647,20.178,-0.177,1.352,0.74,3.497,121.794,0.0,94.387,69.767,0.277,42.05,6.713,25.907,19.941,US-xNQ,US-xNQ,sagebrush,0.064,0.033,0.063,0.031,0.092,0.05,0.077,1.022,1.085,0.193,0.33,40.46,48.718,59.571,61.309,555.969,553.405
US-xNQ,2021-10-28,0.176,3.928,6.465,0.248,0.755,26.299,8.266,14.654,1.879,0.0,20.178,-0.044,1.357,1.189,7.737,132.43,0.0,94.622,55.868,0.505,22.469,6.87,5.658,29.451,US-xNQ,US-xNQ,sagebrush,-0.157,-0.202,-0.158,-0.199,-0.117,-0.178,-0.14,1.406,1.249,0.175,0.49,38.073,50.562,62.235,59.921,556.02,553.405
US-xNQ,2021-11-02,0.195,3.375,9.624,0.235,0.711,22.276,8.517,13.738,3.295,0.0,20.178,0.122,0.781,0.72,-2.224,101.85,0.0,95.679,66.861,0.192,8.532,2.771,26.51,9.532,US-xNQ,US-xNQ,sagebrush,-0.166,-0.196,-0.167,-0.201,-0.131,-0.186,-0.148,1.561,1.395,0.21,0.538,36.09,52.595,64.444,58.42,556.09,553.405
US-xNQ,2021-11-07,0.171,3.238,6.22,0.224,0.692,19.614,6.807,12.441,1.174,0.0,20.178,0.161,0.85,1.754,7.71,86.752,0.0,94.366,59.643,0.45,7.744,3.853,-3.047,12.241,US-xNQ,US-xNQ,sagebrush,0.008,-0.024,0.007,-0.022,0.035,-0.007,0.021,1.015,1.023,0.171,0.336,33.611,53.792,66.74,57.302,556.154,553.405
US-xNQ,2021-11-12,0.178,4.161,4.697,0.239,0.706,20.781,8.379,15.179,1.578,0.0,20.178,0.539,0.105,0.457,-6.28,45.925,0.0,95.131,82.51,0.07,3.517,7.066,26.114,8.109,US-xNQ,US-xNQ,sagebrush,-0.008,-0.049,-0.009,-0.043,0.024,-0.025,0.006,1.021,1.013,0.154,0.345,31.414,55.023,68.75,56.223,556.228,553.405
US-xNQ,2021-11-17,0.205,2.138,2.793,0.225,0.687,21.574,-0.195,5.678,-6.068,0.0,20.178,0.495,0.297,0.635,-3.901,38.129,0.0,94.531,65.404,0.162,-9.456,12.161,22.578,10.213,US-xNQ,US-xNQ,sagebrush,-0.192,-0.23,-0.194,-0.228,-0.162,-0.212,-0.175,1.169,0.977,0.136,0.411,29.667,56.521,70.733,55.379,556.298,553.406
US-xNQ,2021-11-22,0.216,3.49,-1.167,0.236,0.664,20.301,2.958,11.385,-5.469,0.0,20.178,0.254,0.292,0.607,-0.119,78.541,0.0,94.691,61.94,0.27,6.926,3.136,12.149,4.261,US-xNQ,US-xNQ,sagebrush,-0.105,-0.147,-0.106,-0.147,-0.07,-0.125,-0.087,0.868,0.764,0.107,0.303,27.722,57.57,72.726,54.74,556.362,553.406
US-xNQ,2021-11-27,0.203,3.503,-1.839,0.263,0.639,18.429,3.366,11.544,-4.812,0.0,20.178,0.182,0.204,0.373,2.667,74.346,0.0,94.818,61.134,0.297,-3.192,5.558,7.263,3.264,US-xNQ,US-xNQ,sagebrush,0.027,-0.025,0.025,-0.02,0.067,0.009,0.046,0.696,0.723,0.101,0.237,25.745,58.543,74.41,53.846,556.44,553.406
US-xNQ,2021-12-02,0.196,4.049,0.058,0.252,0.661,18.069,5.671,13.817,-2.475,0.0,20.178,0.36,0.163,0.615,3.795,26.088,0.0,94.257,65.151,0.284,-12.039,3.752,-4.847,2.128,US-xNQ,US-xNQ,sagebrush,0.034,-0.014,0.034,-0.007,0.072,0.018,0.051,0.751,0.785,0.112,0.254,24.027,59.384,75.774,53.096,556.53,553.406
US-xNQ,2021-12-07,0.191,3.019,-0.484,0.261,0.652,16.508,2.821,9.881,-4.238,0.0,20.178,1.065,0.008,0.296,-10.812,43.34,0.0,94.262,85.397,0.041,-6.352,2.236,1.029,0.887,US-xNQ,US-xNQ,sagebrush,0.095,0.045,0.095,0.052,0.136,0.079,0.114,0.65,0.745,0.107,0.216,22.351,60.065,76.937,52.359,556.624,553.406
US-xNQ,2021-12-12,0.119,2.16,-2.613,0.308,0.72,11.552,1.291,6.571,-3.989,0.0,20.178,0.297,0.033,0.424,3.07,48.232,0.0,93.387,56.031,0.342,-28.035,4.735,-29.971,6.785,US-xNQ,US-xNQ,sagebrush,0.364,0.301,0.364,0.31,0.413,0.343,0.388,0.219,0.583,0.093,0.05,20.271,60.271,77.859,51.39,556.725,553.407
US-xNQ,2021-12-17,0.035,1.582,-0.8,0.327,0.721,17.746,-4.518,1.294,-10.33,0.0,20.178,0.215,0.0,0.173,-14.284,36.409,0.0,95.106,80.771,0.039,7.212,2.987,8.191,1.934,US-xNQ,US-xNQ,sagebrush,0.535,0.397,0.535,0.481,0.586,0.511,0.564,0.035,0.57,0.035,0.0,18.227,60.061,78.263,50.442,556.846,553.407
US-xNQ,2021-12-22,-0.009,2.187,-6.468,0.381,0.682,15.004,-0.209,5.837,-6.255,0.0,20.178,0.35,0.023,0.381,-5.795,48.36,0.0,93.688,79.486,0.083,-0.6,1.816,4.08,2.124,US-xNQ,US-xNQ,sagebrush,0.412,0.288,0.411,0.351,0.462,0.382,0.437,0.0,0.412,0.0,0.0,18.197,60.061,77.018,49.563,556.939,553.408
US-xNQ,2021-12-27,-0.014,1.451,-2.895,0.439,0.86,15.025,-3.908,1.059,-8.875,5.094,20.178,0.185,0.0,0.223,-20.387,80.007,0.498,93.609,74.675,0.029,-3.18,7.928,33.088,0.457,US-xNQ,US-xNQ,sagebrush,0.63,0.471,0.629,0.547,0.696,0.597,0.664,0.0,0.63,0.0,0.0,18.177,60.061,75.104,48.231,557.056,553.409
US-xNQ,2022-01-01,-0.027,1.168,-3.646,0.439,0.9,16.237,-10.293,-3.655,-16.932,0.0,20.178,0.174,0.0,0.093,-26.498,81.817,0.0,95.028,67.105,0.024,-23.701,2.982,5.899,-0.007,US-xNQ,US-xNQ,sagebrush,0.586,0.438,0.585,0.505,0.65,0.554,0.622,0.0,0.586,0.0,0.0,18.156,60.061,73.339,47.004,557.138,553.409
US-xNQ,2022-01-06,0.035,2.52,-2.088,0.438,0.978,13.959,5.663,10.222,1.103,0.0,20.178,0.16,0.0,0.071,-28.144,78.959,0.0,95.447,69.216,0.018,-21.015,4.283,0.169,0.106,US-xNQ,US-xNQ,sagebrush,0.645,0.494,0.645,0.561,0.714,0.615,0.684,0.023,0.668,0.023,0.0,18.135,60.061,71.412,45.669,557.197,553.41
US-xNQ,2022-01-11,0.173,2.154,-7.354,0.439,1.051,16.775,-2.227,4.805,-9.259,0.0,20.178,0.284,0.092,0.522,1.294,70.353,0.0,94.382,65.256,0.246,-21.436,7.973,-36.216,2.534,US-xNQ,US-xNQ,sagebrush,0.283,0.207,0.282,0.207,0.348,0.253,0.32,0.295,0.577,0.067,0.091,18.427,60.434,70.173,44.807,557.218,553.411
US-xNQ,2022-01-16,0.195,2.287,-7.062,0.438,1.068,17.872,0.325,6.438,-5.788,0.0,20.178,0.46,0.025,0.524,0.543,53.0,0.0,94.319,80.948,0.124,-16.115,6.253,-0.875,-0.458,US-xNQ,US-xNQ,sagebrush,0.24,0.166,0.24,0.165,0.305,0.21,0.277,0.375,0.615,0.068,0.122,18.827,60.936,68.928,43.942,557.225,553.412
US-xNQ,2022-01-21,0.196,1.517,-3.217,0.438,1.087,11.379,-1.973,2.519,-6.466,0.0,20.178,0.15,0.0,0.233,-4.48,48.927,0.498,94.356,77.414,0.106,-2.721,8.712,-9.131,1.004,US-xNQ,US-xNQ,sagebrush,0.41,0.334,0.41,0.331,0.48,0.38,0.45,0.353,0.763,0.087,0.106,19.171,61.37,67.264,42.792,557.211,553.413
US-xNQ,2022-01-26,0.2,1.959,-5.849,0.435,1.095,19.576,-3.157,3.592,-9.906,0.0,20.178,0.214,0.0,0.261,-3.407,67.769,0.0,94.028,75.327,0.13,-0.304,8.153,-13.079,1.736,US-xNQ,US-xNQ,sagebrush,0.197,0.128,0.196,0.122,0.261,0.167,0.236,0.502,0.699,0.075,0.17,19.734,62.068,65.955,41.886,557.18,553.413
US-xNQ,2022-01-31,0.195,2.786,-6.496,0.427,1.097,20.664,-0.739,7.908,-9.387,0.0,20.178,0.295,0.0,0.121,-0.513,26.142,1.494,93.22,79.723,0.131,-17.32,,-16.162,-1.825,US-xNQ,US-xNQ,sagebrush,0.181,0.117,0.181,0.109,0.244,0.152,0.218,0.464,0.645,0.073,0.156,20.246,62.708,64.765,41.061,557.136,553.414
US-xNQ,2022-02-05,0.176,2.487,-6.325,0.416,1.098,22.797,-1.248,6.529,-9.025,0.0,20.178,0.243,0.0,0.145,-0.466,74.471,0.0,93.978,72.024,0.164,17.715,6.571,-11.415,0.577,US-xNQ,US-xNQ,sagebrush,0.168,0.109,0.168,0.099,0.23,0.14,0.205,0.469,0.638,0.075,0.157,20.76,63.352,63.617,40.264,557.08,553.415
US-xNQ,2022-02-10,0.187,3.395,-2.097,0.393,1.109,23.413,2.439,9.584,-4.705,0.0,20.178,0.321,0.053,0.444,3.386,68.37,0.0,93.315,76.566,0.216,18.203,9.01,-37.616,3.915,US-xNQ,US-xNQ,sagebrush,0.106,0.053,0.106,0.04,0.161,0.08,0.146,0.789,0.896,0.098,0.275,21.677,64.482,62.148,39.247,556.986,553.416
US-xNQ,2022-02-15,0.185,2.714,-1.02,0.349,1.135,20.288,2.883,8.412,-2.646,0.0,20.178,0.089,0.013,0.079,-9.167,76.315,0.0,94.001,77.55,0.077,27.057,4.994,34.444,3.692,US-xNQ,US-xNQ,sagebrush,0.103,0.066,0.103,0.046,0.151,0.079,0.136,0.744,0.846,0.107,0.253,22.509,65.299,60.806,38.537,556.877,553.416
US-xNQ,2022-02-20,0.155,4.081,-1.34,0.326,1.142,26.695,4.071,11.345,-3.204,0.0,20.178,0.076,0.0,0.07,-8.616,87.234,0.0,93.989,70.357,0.147,44.243,6.296,22.03,4.181,US-xNQ,US-xNQ,sagebrush,0.045,0.016,0.045,-0.008,0.089,0.024,0.073,0.755,0.8,0.107,0.258,23.35,66.13,59.627,37.932,556.763,553.417
US-xNQ,2022-02-25,0.063,1.327,-4.772,0.318,1.133,14.979,-8.719,-1.965,-15.473,0.0,20.178,0.071,0.0,0.052,-16.24,169.824,0.0,95.507,75.911,0.049,-3.394,3.896,6.678,3.048,US-xNQ,US-xNQ,sagebrush,0.325,0.25,0.323,0.278,0.368,0.303,0.349,0.075,0.4,0.075,0.0,23.299,66.13,58.767,37.312,556.668,553.417
US-xNQ,2022-03-02,0.04,6.675,-0.8,0.34,1.129,32.368,7.794,16.798,-1.211,0.0,20.178,0.114,0.0,0.152,-5.495,38.26,0.0,95.238,90.344,0.034,20.453,3.298,7.311,5.381,US-xNQ,US-xNQ,sagebrush,0.465,0.379,0.464,0.409,0.522,0.435,0.498,0.093,0.558,0.093,0.0,23.252,65.9,57.52,36.663,556.517,553.418
US-xNQ,2022-03-07,0.023,1.481,-0.13,0.27,1.207,29.014,-5.107,0.518,-10.732,0.0,20.178,0.266,0.0,0.244,-4.196,190.131,0.0,94.864,72.482,0.154,71.641,5.434,30.696,28.61,US-xNQ,US-xNQ,sagebrush,0.368,0.298,0.369,0.328,0.413,0.346,0.394,0.0,0.368,0.0,0.0,23.191,65.67,56.565,36.199,556.384,553.418
US-xNQ,2022-03-12,0.057,4.555,-1.547,0.308,1.161,35.539,2.389,10.998,-6.221,0.0,20.178,0.275,0.0,0.21,-3.29,176.522,0.0,93.971,59.571,0.253,75.741,6.617,29.909,17.209,US-xNQ,US-xNQ,sagebrush,0.312,0.297,0.312,0.261,0.363,0.288,0.338,0.23,0.542,0.107,0.049,23.307,65.872,55.562,35.476,556.233,553.418
US-xNQ,2022-03-17,0.181,3.855,1.591,0.245,1.188,37.397,2.958,9.297,-3.381,0.0,20.178,0.584,0.0,0.609,4.2,220.825,0.0,94.838,66.176,0.324,86.016,5.004,46.101,29.046,US-xNQ,US-xNQ,sagebrush,-0.507,-0.508,-0.509,-0.546,-0.474,-0.527,-0.487,1.574,1.066,0.13,0.575,25.223,68.004,54.646,35.034,556.079,553.418
US-xNQ,2022-03-22,0.194,3.602,0.7,0.26,1.128,37.749,3.564,9.007,-1.879,0.0,20.178,0.486,0.145,0.713,2.34,239.651,0.0,94.856,52.587,0.389,98.598,7.401,74.415,21.744,US-xNQ,US-xNQ,sagebrush,-0.542,-0.545,-0.543,-0.586,-0.507,-0.564,-0.52,1.631,1.089,0.129,0.598,27.217,70.223,53.74,34.602,555.914,553.418
US-xNQ,2022-03-27,0.174,10.454,8.443,0.236,0.993,39.089,15.497,22.094,8.9,0.0,20.178,0.383,0.106,0.468,-2.868,228.249,0.0,95.147,48.299,0.293,120.104,6.639,102.963,15.884,US-xNQ,US-xNQ,sagebrush,-0.548,-0.512,-0.549,-0.589,-0.516,-0.566,-0.531,1.955,1.407,0.215,0.693,29.527,72.825,52.488,33.929,555.67,553.418
US-xNQ,2022-04-01,0.245,7.089,4.419,0.238,0.773,41.972,5.186,12.894,-2.522,0.0,20.178,0.598,0.205,0.72,4.597,134.688,0.0,94.182,52.891,0.442,47.549,4.65,29.036,16.983,US-xNQ,US-xNQ,sagebrush,-1.157,-1.144,-1.159,-1.215,-1.107,-1.184,-1.133,2.765,1.608,0.177,1.03,32.995,76.804,51.515,33.451,555.458,553.418
US-xNQ,2022-04-06,0.266,5.445,2.546,0.229,0.72,42.994,1.914,8.924,-5.095,0.0,20.178,1.078,0.304,0.652,3.01,194.648,0.0,94.006,65.595,0.294,102.489,12.474,59.188,29.925,US-xNQ,US-xNQ,sagebrush,-1.302,-1.297,-1.305,-1.374,-1.241,-1.336,-1.275,2.899,1.596,0.17,1.087,36.645,81.0,50.722,33.099,555.268,553.418
US-xNQ,2022-04-11,0.219,7.312,3.218,0.218,0.689,29.438,4.984,15.932,-5.963,6.272,20.178,0.535,0.205,0.369,4.198,228.086,0.0,93.757,57.202,0.406,117.59,3.573,74.856,37.192,US-xNQ,US-xNQ,sagebrush,-0.508,-0.492,-0.51,-0.554,-0.474,-0.529,-0.488,1.586,1.077,0.19,0.556,38.449,83.002,49.973,32.778,555.075,553.418
US-xNQ,2022-04-16,0.226,8.666,6.223,0.229,0.691,37.871,8.142,16.068,0.216,0.0,20.178,0.574,0.069,0.653,-7.92,307.566,0.0,95.371,72.498,0.108,12.687,4.2,1.381,13.999,US-xNQ,US-xNQ,sagebrush,-0.9,-0.871,-0.902,-0.954,-0.858,-0.925,-0.878,2.418,1.518,0.235,0.869,41.333,86.284,49.021,32.319,554.821,553.417
US-xNQ,2022-04-21,0.222,10.885,8.706,0.204,0.679,41.594,11.818,19.267,4.37,0.0,20.178,0.229,0.689,1.104,2.06,156.344,3.488,94.934,72.993,0.194,51.842,5.762,8.422,18.908,US-xNQ,US-xNQ,sagebrush,-1.09,-1.048,-1.093,-1.148,-1.049,-1.116,-1.068,2.774,1.684,0.286,0.991,44.618,90.053,48.115,31.887,554.559,553.416
US-xNQ,2022-04-26,0.227,11.043,7.504,0.224,0.688,47.189,11.284,21.388,1.181,0.0,20.178,-0.089,0.743,0.645,0.734,288.366,0.0,95.431,71.192,0.224,149.967,7.724,112.379,37.059,US-xNQ,US-xNQ,sagebrush,-1.232,-1.196,-1.235,-1.3,-1.181,-1.259,-1.207,3.034,1.802,0.281,1.096,48.264,94.242,47.177,31.44,554.271,553.415
US-xNQ,2022-05-01,0.245,5.428,9.735,0.205,0.669,38.708,8.22,13.283,3.157,3.218,20.178,-0.166,1.328,1.108,7.385,315.115,0.0,94.644,55.396,0.5,162.914,8.273,91.208,38.028,US-xNQ,US-xNQ,sagebrush,-1.422,-1.372,-1.425,-1.497,-1.365,-1.454,-1.391,3.406,1.984,0.34,1.221,52.32,98.928,46.274,31.014,553.97,553.414
US-xNQ,2022-05-06,0.249,13.866,14.208,0.199,0.658,48.414,15.009,24.679,5.339,0.0,20.178,-0.506,2.17,2.187,14.273,229.195,0.0,93.748,71.106,0.604,128.367,6.982,63.158,47.412,US-xNQ,US-xNQ,sagebrush,-1.775,-1.691,-1.778,-1.854,-1.712,-1.806,-1.742,4.245,2.469,0.473,1.502,57.33,104.753,45.221,30.481,553.6,553.412
US-xNQ,2022-05-11,0.242,9.07,7.381,0.209,0.645,55.986,8.168,18.618,-2.281,0.0,20.178,-0.135,2.806,2.979,15.194,208.884,0.0,94.74,55.974,0.819,127.521,4.767,25.061,37.818,US-xNQ,US-xNQ,sagebrush,-1.849,-1.814,-1.852,-1.953,-1.763,-1.89,-1.804,4.034,2.185,0.336,1.472,62.228,110.113,44.481,30.505,553.305,553.411
US-xNQ,2022-05-16,0.234,16.968,16.47,0.188,0.635,55.016,18.444,27.645,9.243,0.0,20.178,-0.965,4.068,2.968,15.586,241.986,0.0,94.476,46.569,1.045,134.378,3.817,30.587,88.389,US-xNQ,US-xNQ,sagebrush,-1.788,-1.681,-1.787,-1.868,-1.724,-1.818,-1.75,4.417,2.629,0.618,1.513,67.237,114.976,43.484,30.971,552.903,553.408
US-xNQ,2022-05-21,0.223,8.213,7.032,0.176,0.626,57.057,6.839,16.582,-2.904,0.0,20.178,-1.725,1.92,1.272,4.216,156.119,0.0,95.187,71.244,0.251,87.132,4.437,43.786,39.31,US-xNQ,US-xNQ,sagebrush,-1.749,-1.72,-1.751,-1.846,-1.662,-1.793,-1.707,3.768,2.019,0.37,1.353,71.672,118.501,43.014,32.469,552.664,553.407
US-xNQ,2022-05-26,0.197,18.821,15.28,0.167,0.614,56.556,19.699,30.571,8.828,0.0,20.178,-2.54,6.223,4.371,17.789,342.693,0.0,94.164,48.699,1.211,193.417,4.637,49.075,129.466,US-xNQ,US-xNQ,sagebrush,-1.274,-1.184,-1.272,-1.34,-1.224,-1.302,-1.237,3.435,2.162,0.635,1.115,75.265,120.202,42.309,34.575,552.339,553.405
US-xNQ,2022-05-31,0.176,7.899,10.228,0.174,0.61,51.021,7.157,14.294,0.021,0.0,20.178,-2.444,6.426,3.505,12.212,241.036,0.498,94.139,63.257,0.558,146.277,10.241,43.286,90.822,US-xNQ,US-xNQ,sagebrush,-1.138,-1.089,-1.136,-1.207,-1.072,-1.17,-1.102,2.953,1.815,0.481,0.984,78.399,121.038,41.777,37.089,552.078,553.403
US-xNQ,2022-06-05,0.166,15.917,18.822,0.159,0.604,41.151,18.046,25.216,10.875,0.0,20.178,-1.477,4.584,2.13,14.847,129.734,0.498,94.016,70.175,0.542,70.518,2.949,6.672,53.987,US-xNQ,US-xNQ,sagebrush,-0.416,-0.291,-0.41,-0.471,-0.348,-0.435,-0.385,2.275,1.859,0.825,0.577,80.109,119.784,41.055,39.761,551.756,553.4
US-xNQ,2022-06-10,0.161,23.617,22.225,0.146,0.599,57.186,23.687,34.085,13.29,0.0,20.178,-3.095,7.907,5.083,20.133,251.282,0.0,94.057,63.261,0.995,145.121,3.354,25.193,117.258,US-xNQ,US-xNQ,sagebrush,-0.377,-0.215,-0.37,-0.447,-0.3,-0.41,-0.335,2.416,2.039,1.016,0.558,81.734,118.127,40.361,42.681,551.45,553.396
US-xNQ,2022-06-15,0.153,12.602,13.285,0.147,0.594,58.991,13.252,23.795,2.708,0.0,20.178,-1.59,6.248,4.802,14.789,227.31,0.0,93.477,62.278,0.684,126.046,8.763,25.02,109.994,US-xNQ,US-xNQ,sagebrush,-1.063,-1.005,-1.061,-1.128,-1.004,-1.098,-1.026,2.919,1.856,0.592,0.927,84.628,117.711,39.967,46.115,551.249,553.394
US-xNQ,2022-06-20,0.151,12.09,15.096,0.167,0.588,57.945,13.469,20.951,5.988,0.0,20.178,0.468,5.648,5.982,19.46,171.136,20.436,94.166,84.076,0.425,115.999,3.894,3.892,78.945,US-xNQ,US-xNQ,sagebrush,-0.985,-0.914,-0.979,-1.045,-0.929,-1.012,-0.945,3.039,2.054,0.668,0.944,87.585,116.955,39.385,49.661,551.013,553.391
US-xNQ,2022-06-25,0.15,19.039,21.22,0.153,0.58,57.518,20.659,28.939,12.379,0.0,20.178,-2.191,6.588,4.102,14.32,257.044,0.0,94.966,64.249,0.601,149.029,9.591,52.561,99.155,US-xNQ,US-xNQ,sagebrush,-0.452,-0.313,-0.443,-0.521,-0.375,-0.48,-0.409,2.573,2.121,0.978,0.635,89.455,114.421,38.728,53.485,550.773,553.387
US-xNQ,2022-06-30,0.139,21.732,25.185,0.149,0.574,53.472,22.645,31.759,13.531,0.0,20.178,-2.347,6.468,3.958,19.898,324.425,0.0,94.527,57.196,1.044,184.979,5.438,57.198,125.21,US-xNQ,US-xNQ,sagebrush,0.106,0.31,0.119,0.001,0.227,0.058,0.174,2.018,2.124,1.239,0.31,90.195,110.268,37.995,57.343,550.538,553.382
US-xNQ,2022-07-05,0.148,23.422,21.96,0.13,0.568,57.478,24.498,31.981,17.015,0.0,20.178,2.284,4.119,2.882,20.925,192.807,6.978,94.533,82.0,0.503,110.052,2.682,21.084,71.582,US-xNQ,US-xNQ,sagebrush,-0.29,-0.146,-0.285,-0.355,-0.226,-0.316,-0.246,2.214,1.924,1.002,0.482,91.512,106.672,37.562,61.661,550.388,553.379
US-xNQ,2022-07-10,0.147,24.84,24.574,0.117,0.564,53.638,24.822,34.362,15.281,0.0,20.178,0.314,8.134,9.663,23.096,329.387,0.0,94.368,74.654,0.766,210.395,5.185,40.08,157.103,US-xNQ,US-xNQ,sagebrush,-0.054,0.136,-0.048,-0.142,0.039,-0.094,0.001,1.945,1.891,1.161,0.312,92.225,102.33,37.209,66.025,550.276,553.376
US-xNQ,2022-07-15,0.134,21.237,26.825,0.208,0.564,46.056,23.244,29.558,16.929,2.551,20.178,-0.086,9.082,9.595,24.48,318.311,0.0,94.743,79.152,0.792,202.439,3.142,38.676,148.853,US-xNQ,US-xNQ,sagebrush,0.769,0.811,0.799,0.636,0.958,0.697,0.909,1.681,2.449,1.305,0.149,92.448,97.521,35.863,68.34,550.059,553.367
US-xNQ,2022-07-20,0.134,23.453,27.228,0.204,0.584,51.217,23.934,33.125,14.744,0.0,20.178,-1.156,6.429,4.263,23.064,330.71,0.0,94.223,63.761,1.215,190.602,5.198,13.809,172.319,US-xNQ,US-xNQ,sagebrush,0.736,0.792,0.765,0.599,0.924,0.667,0.869,1.731,2.467,1.306,0.169,92.736,94.142,34.594,69.227,549.858,553.359
US-xNQ,2022-07-25,0.134,23.356,25.157,0.169,0.577,53.778,23.587,33.672,13.503,0.0,20.178,-2.643,6.797,4.69,20.157,271.039,0.996,94.574,73.62,0.714,157.688,4.153,38.037,118.532,US-xNQ,US-xNQ,sagebrush,0.319,0.498,0.336,0.231,0.434,0.273,0.392,1.827,2.146,1.134,0.276,93.362,91.005,33.797,71.094,549.712,553.353
US-xNQ,2022-07-30,0.13,22.959,26.682,0.153,0.568,48.836,23.569,32.748,14.39,0.0,20.178,-2.059,6.554,5.493,24.538,311.531,0.997,94.307,61.82,1.363,189.996,2.701,49.781,144.73,US-xNQ,US-xNQ,sagebrush,0.441,0.493,0.455,0.335,0.567,0.385,0.519,1.625,2.066,1.226,0.159,93.569,87.033,33.129,73.45,549.59,553.347
US-xNQ,2022-08-04,0.12,25.263,25.992,0.176,0.562,48.18,25.42,34.036,16.804,0.0,20.178,-1.385,5.201,3.827,25.598,307.583,0.0,94.14,57.069,1.776,165.373,6.247,9.771,146.179,US-xNQ,US-xNQ,sagebrush,0.7,0.602,0.709,0.601,0.821,0.647,0.775,1.334,2.034,1.152,0.072,93.495,82.609,32.291,75.418,549.464,553.34
US-xNQ,2022-08-09,0.127,23.647,22.904,0.162,0.555,49.15,23.696,34.139,13.253,0.0,20.178,-0.948,4.053,2.663,22.859,302.117,0.0,94.822,61.447,1.221,167.534,3.613,42.166,86.007,US-xNQ,US-xNQ,sagebrush,0.291,0.426,0.302,0.222,0.383,0.259,0.335,1.552,1.842,0.932,0.247,94.012,78.828,31.703,77.909,549.376,553.334
US-xNQ,2022-08-14,0.136,16.478,26.094,0.216,0.558,42.359,22.125,28.655,15.595,0.0,20.178,-1.168,4.538,3.961,22.813,182.111,1.495,94.541,79.273,0.653,99.011,4.163,20.008,79.148,US-xNQ,US-xNQ,sagebrush,0.643,0.794,0.667,0.516,0.832,0.59,0.759,1.804,2.448,1.11,0.277,94.675,75.534,30.568,78.592,549.253,553.324
US-xNQ,2022-08-19,0.127,9.188,25.009,0.174,0.567,36.921,19.121,23.505,14.737,0.0,20.178,-0.619,3.976,3.684,18.565,186.956,0.0,94.738,75.666,0.59,103.465,4.499,43.927,52.135,US-xNQ,US-xNQ,sagebrush,0.354,0.512,0.368,0.271,0.466,0.315,0.42,1.74,2.094,1.023,0.285,95.331,72.835,29.875,79.653,549.164,553.317
US-xNQ,2022-08-24,0.116,20.719,24.628,0.176,0.562,43.232,23.382,32.352,14.411,1.189,20.178,1.132,3.608,4.61,18.416,123.155,0.0,94.992,79.895,0.45,66.421,2.468,11.731,23.368,US-xNQ,US-xNQ,sagebrush,0.585,0.559,0.597,0.503,0.692,0.546,0.648,1.327,1.912,0.988,0.135,95.467,69.455,29.204,80.737,549.078,553.31
US-xNQ,2022-08-29,0.118,21.024,22.213,0.186,0.558,44.139,22.337,32.499,12.176,0.0,20.178,-0.382,5.318,5.895,18.783,270.707,0.0,94.466,50.905,1.159,137.356,6.709,43.644,98.584,US-xNQ,US-xNQ,sagebrush,0.456,0.552,0.467,0.386,0.549,0.429,0.5,1.38,1.836,0.837,0.216,95.891,66.457,28.558,81.765,548.998,553.303
US-xNQ,2022-09-03,0.125,24.869,23.232,0.162,0.553,43.293,24.828,36.048,13.609,0.0,20.178,-0.741,3.574,2.823,18.605,261.361,0.0,95.422,48.412,1.268,128.495,3.887,45.201,86.367,US-xNQ,US-xNQ,sagebrush,0.433,0.461,0.441,0.372,0.51,0.403,0.476,1.286,1.719,0.877,0.163,96.11,63.19,28.083,83.193,548.935,553.297
US-xNQ,2022-09-08,0.109,19.405,24.07,0.147,0.547,36.451,24.372,31.984,16.759,0.0,20.178,0.103,3.151,4.083,19.762,107.934,0.0,94.011,52.985,1.204,44.367,5.05,1.146,47.314,US-xNQ,US-xNQ,sagebrush,0.522,0.408,0.522,0.455,0.591,0.479,0.559,1.071,1.594,0.905,0.066,95.983,59.509,27.705,84.821,548.888,553.291
US-xNQ,2022-09-13,0.104,11.133,20.527,0.147,0.542,18.95,18.151,23.964,12.338,1.698,20.178,-0.44,2.361,1.585,15.362,198.25,0.0,94.489,60.079,0.767,78.401,5.045,22.231,27.165,US-xNQ,US-xNQ,sagebrush,0.552,0.354,0.543,0.417,0.64,0.473,0.599,0.66,1.212,0.66,0.0,95.627,55.638,27.423,86.604,548.859,553.286
US-xNQ,2022-09-18,0.113,13.503,16.759,0.192,0.55,38.507,17.76,26.655,8.866,0.0,20.178,-0.26,2.24,2.297,18.509,211.14,0.0,94.307,63.361,1.011,102.492,2.417,40.658,60.783,US-xNQ,US-xNQ,sagebrush,0.171,0.19,0.176,0.12,0.231,0.146,0.206,1.398,1.569,0.552,0.337,96.472,53.648,26.97,87.378,548.835,553.28
US-xNQ,2022-10-13,0.09,9.211,11.005,0.154,0.539,32.069,12.691,21.611,3.772,0.0,20.178,0.128,0.537,0.75,6.56,156.069,0.0,,26.412,0.695,,,45.074,8.645,US-xNQ,US-xNQ,sagebrush,0.171,0.167,0.173,0.112,0.222,0.145,0.202,0.78,0.952,0.286,0.197,59.848,42.7,62.987,92.722,549.457,553.257
US-xNQ,2022-10-18,0.093,10.238,9.936,0.147,0.536,30.626,12.991,22.718,3.265,0.0,20.178,0.429,0.245,0.276,1.853,152.901,0.503,95.71,32.836,0.516,38.988,3.543,49.244,7.711,US-xNQ,US-xNQ,sagebrush,0.139,0.133,0.14,0.078,0.192,0.113,0.171,0.739,0.878,0.248,0.195,54.489,40.577,68.087,94.18,549.689,553.254
US-xNQ,2022-10-23,0.092,1.779,7.072,0.196,0.535,17.779,2.437,6.301,-1.428,9.507,20.178,0.267,0.393,1.256,10.384,74.229,0.0,92.565,72.375,0.394,21.109,4.819,5.993,1.781,US-xNQ,US-xNQ,sagebrush,0.405,0.34,0.406,0.342,0.456,0.38,0.434,0.446,0.851,0.193,0.101,49.344,38.198,72.323,95.111,550.022,553.25
US-xNQ,2022-10-28,0.087,3.902,1.281,0.186,0.537,27.512,3.025,11.641,-5.591,0.0,20.178,0.461,0.291,0.694,9.173,126.055,0.0,94.85,40.831,0.8,20.582,3.858,16.98,11.224,US-xNQ,US-xNQ,sagebrush,0.194,0.137,0.194,0.145,0.238,0.169,0.217,0.439,0.633,0.125,0.125,44.801,36.114,76.398,96.444,550.273,553.248
US-xNQ,2022-11-02,0.093,2.553,4.189,0.239,0.602,13.71,4.059,9.275,-1.158,9.956,20.178,0.476,0.326,0.753,14.369,113.77,0.0,93.334,37.013,1.197,8.772,5.752,3.11,10.903,US-xNQ,US-xNQ,sagebrush,0.539,0.39,0.537,0.466,0.599,0.511,0.563,0.294,0.833,0.138,0.062,40.499,35.233,79.381,95.509,550.717,553.245
US-xNQ,2022-11-07,0.099,2.816,4.368,0.251,0.771,19.353,7.173,11.827,2.52,0.0,20.178,0.409,0.031,0.386,-6.398,14.806,0.0,95.669,76.366,0.102,-14.009,5.952,-3.572,1.359,US-xNQ,US-xNQ,sagebrush,0.484,0.36,0.482,0.408,0.548,0.453,0.51,0.458,0.943,0.131,0.13,36.866,35.646,81.761,93.44,551.207,553.241
US-xNQ,2022-11-12,0.097,2.0,-2.05,0.284,0.767,21.796,-0.636,4.972,-6.244,0.0,20.178,0.515,0.0,0.068,-17.812,78.719,0.0,95.451,81.227,0.028,-18.532,,-4.128,2.35,US-xNQ,US-xNQ,sagebrush,0.374,0.253,0.37,0.318,0.427,0.343,0.394,0.33,0.704,0.085,0.098,33.487,36.047,84.133,91.797,551.587,553.239
US-xNQ,2022-11-17,0.094,2.352,-3.795,0.325,0.725,21.198,-1.296,5.959,-8.551,0.0,20.178,0.589,0.0,0.521,-10.846,83.307,0.0,95.604,79.319,0.055,-24.624,10.256,-4.741,-0.532,US-xNQ,US-xNQ,sagebrush,0.425,0.287,0.42,0.36,0.481,0.391,0.442,0.26,0.685,0.073,0.075,30.368,36.353,86.088,90.139,551.983,553.237
US-xNQ,2022-11-22,0.09,2.735,-5.648,0.328,0.755,20.27,-0.05,7.882,-7.982,0.0,20.178,0.591,0.017,0.628,-2.735,91.896,0.0,94.564,73.806,0.136,-31.741,3.382,-22.05,-3.154,US-xNQ,US-xNQ,sagebrush,0.393,0.268,0.389,0.331,0.449,0.36,0.408,0.191,0.584,0.063,0.051,27.483,36.562,87.878,88.714,552.331,553.235
US-xNQ,2022-11-27,0.077,1.9,-1.366,0.317,0.796,15.345,-1.441,4.188,-7.07,0.0,20.178,0.534,0.0,0.564,-3.021,64.851,0.0,93.819,80.389,0.103,-23.194,4.455,-21.356,-0.115,US-xNQ,US-xNQ,sagebrush,0.565,0.385,0.561,0.512,0.618,0.532,0.585,0.175,0.74,0.078,0.039,24.846,36.593,88.927,86.983,552.795,553.233
US-xNQ,2022-12-02,0.057,1.98,-0.561,0.333,0.827,11.322,-4.259,3.288,-11.807,2.955,20.178,0.384,0.006,0.22,-13.561,37.678,0.0,94.177,75.754,0.05,-26.561,,-18.802,-0.557,US-xNQ,US-xNQ,sagebrush,0.69,0.437,0.679,0.606,0.741,0.65,0.706,0.083,0.773,0.079,0.002,22.348,36.473,89.491,85.08,553.304,553.231
US-xNQ,2022-12-07,0.034,1.004,-3.251,0.422,0.865,13.72,-5.915,-2.117,-9.712,6.538,20.178,0.267,0.029,0.188,-17.287,77.669,0.0,95.371,76.697,0.037,-22.849,4.585,-12.711,0.011,US-xNQ,US-xNQ,sagebrush,0.739,0.464,0.732,0.656,0.804,0.697,0.765,0.012,0.751,0.012,0.0,20.095,36.473,89.646,82.947,553.839,553.229
US-xNQ,2022-12-12,0.011,1.349,-0.339,0.419,0.913,14.539,-4.329,0.388,-9.047,2.586,20.178,0.326,0.276,1.583,-2.653,24.322,0.0,94.133,92.51,0.036,-7.558,,-8.255,-1.044,US-xNQ,US-xNQ,sagebrush,0.892,0.586,0.884,0.804,0.95,0.848,0.917,0.0,0.892,0.0,0.0,18.069,36.346,89.116,80.545,554.465,553.227
US-xNQ,2022-12-17,-0.004,1.466,-7.979,0.418,0.932,17.74,-8.101,-0.849,-15.352,0.0,20.178,0.245,0.076,0.353,-16.36,50.751,0.0,94.633,80.286,0.034,-17.662,5.764,-0.795,0.082,US-xNQ,US-xNQ,sagebrush,0.488,0.29,0.482,0.414,0.543,0.456,0.51,0.0,0.488,0.0,0.0,16.248,36.346,89.527,79.181,554.799,553.226
US-xNQ,2022-12-22,-0.005,1.293,-4.251,0.409,0.955,16.192,-4.011,0.367,-8.389,0.0,20.178,-0.062,0.057,0.058,-27.419,54.187,0.0,95.719,70.624,0.019,-31.38,12.685,4.005,-0.007,US-xNQ,US-xNQ,sagebrush,0.647,0.408,0.64,0.575,0.696,0.611,0.666,0.0,0.647,0.0,0.0,16.225,36.346,87.667,77.399,555.233,553.226
US-xNQ,2022-12-27,-0.001,2.372,-1.286,0.393,0.975,9.722,3.584,8.541,-1.373,7.403,20.178,0.642,0.0,0.218,-3.493,51.674,0.503,92.601,80.374,0.095,-3.337,3.246,-12.42,-1.334,US-xNQ,US-xNQ,sagebrush,0.757,0.497,0.75,0.695,0.797,0.723,0.778,0.0,0.757,0.0,0.0,16.2,36.22,85.5,75.456,555.711,553.225
US-xNQ,2023-01-01,-0.021,0.707,-0.105,0.406,1.089,8.946,-0.583,1.161,-2.328,15.775,20.178,0.373,0.162,1.05,-8.103,71.617,0.0,94.273,85.035,0.05,-49.043,3.495,-9.206,-0.898,US-xNQ,US-xNQ,sagebrush,0.833,0.562,0.825,0.768,0.873,0.798,0.854,0.0,0.833,0.0,0.0,16.177,36.094,83.13,73.322,556.2,553.225
US-xNQ,2023-01-06,-0.028,1.676,-1.56,0.437,1.075,10.0,1.6,5.437,-2.236,4.875,20.178,0.248,0.157,0.906,-11.946,36.548,0.0,95.091,86.516,0.033,-2.44,,-2.403,0.911,US-xNQ,US-xNQ,sagebrush,0.801,0.541,0.792,0.734,0.836,0.763,0.824,0.0,0.801,0.0,0.0,16.158,36.094,80.864,71.167,556.632,553.226
US-xNQ,2023-01-16,-0.023,1.047,-1.614,0.439,1.278,11.565,-0.79,1.915,-3.496,3.398,20.178,0.389,0.116,0.652,-4.775,36.036,0.0,93.539,93.662,0.034,6.003,,-14.267,-1.154,US-xNQ,US-xNQ,sagebrush,0.771,0.534,0.762,0.703,0.811,0.734,0.791,0.0,0.771,0.0,0.0,16.121,36.094,76.51,67.039,557.357,553.227
US-xNQ,2023-01-21,-0.02,1.412,-5.904,0.439,1.294,18.387,-7.576,-0.989,-14.164,0.0,20.178,0.413,0.086,0.27,-7.172,103.019,0.0,94.606,90.701,0.033,-25.156,,-3.689,1.465,US-xNQ,US-xNQ,sagebrush,0.547,0.361,0.54,0.483,0.587,0.512,0.567,0.0,0.547,0.0,0.0,16.103,36.094,75.004,65.61,557.574,553.228
US-xNQ,2023-01-26,-0.023,1.425,-5.467,0.439,1.292,18.43,-4.489,0.614,-9.591,0.0,20.178,0.434,0.007,0.392,-2.583,46.764,0.0,93.909,84.797,0.08,3.895,7.655,-25.947,-0.003,US-xNQ,US-xNQ,sagebrush,0.559,0.374,0.552,0.497,0.598,0.521,0.579,0.0,0.559,0.0,0.0,16.085,36.094,73.475,64.161,557.776,553.229
US-xNQ,2023-01-31,-0.023,1.15,-11.416,0.439,1.286,21.016,-12.45,-4.421,-20.479,0.0,20.178,0.189,0.012,0.264,-16.923,87.467,0.0,94.717,70.696,0.053,-17.635,3.046,-8.279,1.095,US-xNQ,US-xNQ,sagebrush,0.321,0.192,0.316,0.259,0.363,0.291,0.342,0.0,0.321,0.0,0.0,16.066,36.094,72.607,63.333,557.882,553.23
US-xNQ,2023-02-05,-0.031,2.062,-6.06,0.439,1.293,8.701,-1.098,4.948,-7.144,0.566,20.178,0.358,0.014,0.245,-1.8,122.11,0.0,94.201,82.397,0.1,-23.436,4.145,-20.302,1.825,US-xNQ,US-xNQ,sagebrush,0.521,0.347,0.514,0.459,0.561,0.482,0.541,0.0,0.521,0.0,0.0,16.048,36.094,71.198,62.0,558.039,553.231
US-xNQ,2023-02-10,-0.034,2.197,-7.943,0.439,1.286,24.297,-3.002,4.726,-10.729,0.0,20.178,0.401,0.056,0.487,-2.491,125.746,0.0,94.964,65.854,0.184,-21.796,4.612,-21.454,6.835,US-xNQ,US-xNQ,sagebrush,0.437,0.284,0.431,0.373,0.478,0.401,0.459,0.0,0.437,0.0,0.0,16.03,36.094,70.023,60.889,558.156,553.233
US-xNQ,2023-02-15,-0.031,0.772,-6.548,0.438,1.284,24.094,-7.62,-4.389,-10.851,0.0,20.178,0.311,0.048,0.293,-11.519,149.945,0.503,94.875,64.673,0.099,-15.751,6.434,2.659,6.941,US-xNQ,US-xNQ,sagebrush,0.486,0.325,0.48,0.425,0.528,0.45,0.507,0.0,0.486,0.0,0.0,16.011,36.094,68.721,59.661,558.27,553.234
US-xNQ,2023-02-20,-0.024,2.39,-4.55,0.438,1.28,16.502,1.826,7.545,-3.894,0.0,20.178,0.344,0.01,0.362,-7.373,148.444,0.0,93.601,78.757,0.072,-9.084,7.702,24.879,6.612,US-xNQ,US-xNQ,sagebrush,0.564,0.39,0.557,0.511,0.607,0.527,0.584,0.0,0.564,0.0,0.0,15.993,36.094,67.219,58.249,558.381,553.236
US-xNQ,2023-02-25,-0.019,2.28,-4.622,0.433,1.284,26.259,-0.58,5.985,-7.145,0.0,20.178,0.132,0.0,0.152,-12.27,167.424,0.0,94.244,68.233,0.099,-11.053,3.551,-7.017,1.805,US-xNQ,US-xNQ,sagebrush,0.546,0.378,0.539,0.495,0.589,0.511,0.567,0.0,0.546,0.0,0.0,15.974,36.094,65.777,56.894,558.466,553.238
US-xNQ,2023-03-02,-0.005,1.5,-3.536,0.422,1.285,27.431,-2.733,1.971,-7.438,0.0,20.178,0.191,0.016,0.176,-10.196,138.614,0.0,93.746,81.31,0.056,-0.831,5.175,-5.75,-1.225,US-xNQ,US-xNQ,sagebrush,0.568,0.401,0.562,0.515,0.608,0.538,0.589,0.0,0.568,0.0,0.0,15.953,36.094,64.287,55.496,558.531,553.239
US-xNQ,2023-03-07,0.01,2.138,-3.317,0.429,1.281,21.258,-1.229,5.167,-7.625,0.0,20.178,0.109,0.017,0.151,-14.886,110.751,0.0,96.076,77.612,0.042,13.909,4.032,3.72,0.76,US-xNQ,US-xNQ,sagebrush,0.579,0.412,0.573,0.523,0.62,0.544,0.601,0.0,0.579,0.0,0.0,15.934,36.094,62.779,54.086,558.572,553.241
US-xNQ,2023-03-12,0.025,2.449,0.153,0.418,1.317,25.628,3.054,8.408,-2.3,3.315,20.178,0.199,0.0,0.163,-10.641,199.914,0.0,95.23,78.051,0.06,-12.069,7.548,-0.33,1.227,US-xNQ,US-xNQ,sagebrush,0.706,0.528,0.699,0.64,0.755,0.672,0.729,0.0,0.706,0.0,0.0,15.912,35.968,60.955,52.511,558.586,553.244
US-xNQ,2023-03-17,0.04,2.063,-1.203,0.266,1.305,38.549,-0.893,5.052,-6.838,0.0,20.178,0.206,0.0,0.181,-14.139,228.143,0.0,95.237,75.172,0.051,-12.293,9.612,-2.188,0.844,US-xNQ,US-xNQ,sagebrush,0.348,0.272,0.345,0.316,0.376,0.328,0.36,0.118,0.466,0.064,0.022,15.945,35.931,60.011,51.727,558.577,553.245
US-xNQ,2023-03-22,0.055,1.163,1.815,0.271,1.317,31.477,1.514,4.089,-1.062,2.199,20.178,0.201,0.0,0.205,-8.796,225.825,0.503,94.519,80.912,0.067,8.187,2.819,-1.137,0.824,US-xNQ,US-xNQ,sagebrush,0.406,0.351,0.403,0.369,0.439,0.384,0.42,0.183,0.589,0.077,0.042,16.049,35.981,58.842,50.735,558.551,553.247
US-xNQ,2023-03-27,0.071,1.817,-2.912,0.306,1.255,35.063,-1.228,4.009,-6.465,0.0,20.178,0.187,0.013,0.177,-7.871,217.414,0.0,95.637,80.193,0.067,11.191,3.454,1.347,1.867,US-xNQ,US-xNQ,sagebrush,0.237,0.206,0.233,0.197,0.272,0.213,0.25,0.307,0.544,0.058,0.099,16.355,36.389,57.89,49.823,558.517,553.249
US-xNQ,2023-04-01,0.085,3.897,1.696,0.251,1.273,39.81,6.383,13.699,-0.933,0.0,20.178,0.197,0.0,0.196,-4.363,253.462,0.0,94.107,78.733,0.102,12.402,5.398,-6.915,1.954,US-xNQ,US-xNQ,sagebrush,0.081,0.077,0.078,0.053,0.109,0.062,0.093,0.635,0.716,0.078,0.222,17.074,37.173,56.877,48.975,558.467,553.25
US-xNQ,2023-04-06,0.096,2.843,-2.641,0.302,1.197,44.047,0.002,8.312,-8.309,0.0,20.178,0.235,0.0,0.312,-7.767,283.118,0.0,95.379,61.362,0.138,8.678,3.367,-2.447,5.384,US-xNQ,US-xNQ,sagebrush,0.047,0.021,0.043,0.008,0.082,0.025,0.062,0.617,0.664,0.061,0.221,17.798,38.083,55.954,48.088,558.408,553.252
US-xNQ,2023-04-11,0.103,7.716,7.585,0.243,1.161,44.435,15.457,23.821,7.093,0.0,20.178,0.69,0.008,0.537,11.11,281.896,0.0,93.771,57.229,0.612,69.939,3.787,-1.568,3.534,US-xNQ,US-xNQ,sagebrush,-0.084,-0.055,-0.087,-0.123,-0.058,-0.107,-0.066,1.169,1.085,0.117,0.419,19.192,39.671,54.629,46.955,558.303,553.254
US-xNQ,2023-04-16,0.111,5.977,4.457,0.246,0.913,46.548,9.141,19.301,-1.018,0.0,20.178,0.671,0.0,0.544,4.101,294.19,0.0,95.172,53.063,0.455,110.52,3.554,77.077,23.976,US-xNQ,US-xNQ,sagebrush,-0.205,-0.191,-0.209,-0.236,-0.178,-0.225,-0.192,1.211,1.006,0.102,0.442,20.661,41.347,53.535,46.038,558.195,553.255
US-xNQ,2023-04-21,0.129,3.19,2.025,0.244,0.762,24.661,5.222,11.461,-1.016,2.237,20.178,0.53,0.126,0.711,-1.234,126.995,0.0,94.737,77.316,0.134,43.002,8.901,18.58,9.676,US-xNQ,US-xNQ,sagebrush,0.018,0.027,0.015,-0.01,0.045,-0.002,0.032,0.713,0.731,0.093,0.247,21.454,42.218,52.629,45.293,558.09,553.257
US-xNQ,2023-04-26,0.128,5.243,5.098,0.226,0.723,47.327,7.633,17.158,-1.891,0.0,20.178,0.524,0.23,0.903,9.72,164.668,0.0,94.463,46.752,0.701,79.23,4.799,46.101,20.508,US-xNQ,US-xNQ,sagebrush,-0.443,-0.418,-0.447,-0.473,-0.413,-0.463,-0.43,1.556,1.113,0.115,0.574,23.368,44.428,51.657,44.485,557.962,553.258
US-xNQ,2023-05-01,0.132,8.706,12.906,0.208,0.697,51.908,17.675,25.745,9.606,0.0,20.178,0.34,0.509,0.773,7.918,321.217,0.0,94.791,43.421,0.671,162.024,3.436,126.333,29.116,US-xNQ,US-xNQ,sagebrush,-0.706,-0.619,-0.708,-0.75,-0.668,-0.731,-0.687,2.303,1.597,0.196,0.839,26.188,47.719,50.367,43.384,557.77,553.26
US-xNQ,2023-05-06,0.141,3.937,8.713,0.201,0.677,46.008,6.915,14.025,-0.194,0.691,20.178,0.719,0.297,0.734,10.301,51.244,2.004,94.266,78.415,0.27,26.071,3.858,3.634,5.827,US-xNQ,US-xNQ,sagebrush,-0.713,-0.658,-0.716,-0.746,-0.681,-0.733,-0.696,2.075,1.362,0.166,0.76,28.724,50.675,49.404,42.584,557.602,553.261
US-xNQ,2023-05-11,0.147,5.3,9.393,0.199,0.67,54.341,9.95,17.891,2.009,0.0,20.178,0.544,2.446,4.033,18.138,124.787,0.0,94.443,69.238,0.692,68.939,3.263,22.954,35.918,US-xNQ,US-xNQ,sagebrush,-1.003,-0.943,-1.007,-1.043,-0.965,-1.028,-0.984,2.583,1.58,0.186,0.954,31.923,54.419,48.45,41.795,557.417,553.262
US-xNQ,2023-05-16,0.158,7.818,15.178,0.244,0.715,52.701,16.301,24.121,8.481,0.0,20.178,-0.842,3.371,3.125,18.608,327.206,0.0,94.781,44.552,1.352,155.005,2.966,74.073,116.834,US-xNQ,US-xNQ,sagebrush,-1.057,-0.941,-1.06,-1.117,-1.01,-1.085,-1.035,3.241,2.184,0.287,1.176,35.89,59.062,46.842,40.417,557.078,553.264
US-xNQ,2023-06-05,0.154,10.454,16.963,0.207,0.655,56.9,16.704,25.995,7.413,0.0,20.178,-1.333,7.466,5.625,23.445,351.534,0.0,94.857,66.041,1.205,,2.663,63.998,147.65,US-xNQ,US-xNQ,sagebrush,-1.127,-0.98,-1.128,-1.167,-1.087,-1.148,-1.105,3.315,2.188,0.441,1.144,51.088,76.51,42.157,36.872,555.703,553.266
US-xNQ,2023-06-10,0.154,9.591,16.326,0.205,0.645,50.788,15.502,24.265,6.74,7.565,20.178,0.271,3.18,2.395,16.918,284.413,0.0,94.629,64.069,0.742,159.74,4.115,29.405,52.436,US-xNQ,US-xNQ,sagebrush,-0.976,-0.835,-0.976,-1.016,-0.938,-0.994,-0.956,3.023,2.047,0.454,1.023,54.454,80.219,41.059,36.185,555.293,553.266
US-xNQ,2023-06-15,0.166,4.876,17.892,0.245,0.681,48.711,14.324,19.424,9.225,4.143,20.178,-0.439,4.272,3.224,19.359,206.78,24.549,94.037,73.706,0.636,132.732,4.411,36.97,71.696,US-xNQ,US-xNQ,sagebrush,-1.056,-0.885,-1.053,-1.119,-0.995,-1.081,-1.024,3.516,2.46,0.527,1.19,58.404,84.829,39.597,34.941,554.72,553.265
US-xNQ,2023-06-20,0.161,9.269,19.694,0.224,0.684,55.431,15.182,22.26,8.104,0.0,20.178,-0.079,6.093,6.959,25.065,278.771,16.534,93.876,64.616,1.223,180.92,4.548,17.35,141.366,US-xNQ,US-xNQ,sagebrush,-1.032,-0.834,-1.029,-1.088,-0.971,-1.063,-0.998,3.503,2.471,0.625,1.146,62.181,89.242,38.274,33.821,554.132,553.264
US-xNQ,2023-06-30,0.159,15.159,19.315,0.171,0.641,57.137,18.475,27.298,9.653,0.0,20.178,-0.856,7.595,7.084,21.117,282.776,0.0,94.648,70.392,0.816,174.353,2.51,39.107,116.159,US-xNQ,US-xNQ,sagebrush,-0.961,-0.784,-0.96,-1.004,-0.915,-0.981,-0.94,3.066,2.104,0.671,0.953,68.06,95.614,36.549,32.924,553.192,553.26
US-xNQ,2023-07-05,0.159,19.917,22.247,0.153,0.629,56.553,21.277,30.009,12.545,0.0,20.178,-0.941,6.324,4.938,13.626,256.942,0.0,95.236,63.22,0.653,133.485,2.487,55.95,91.384,US-xNQ,US-xNQ,sagebrush,-0.637,-0.418,-0.633,-0.688,-0.576,-0.661,-0.602,2.65,2.013,0.833,0.724,70.307,97.087,35.859,33.519,552.753,553.258
US-xNQ,2023-07-10,0.148,22.914,23.222,0.137,0.622,57.803,23.803,32.168,15.439,0.0,20.178,-1.271,6.943,4.919,19.621,299.793,0.0,94.2,63.609,0.863,153.862,3.432,45.035,103.399,US-xNQ,US-xNQ,sagebrush,-0.41,-0.182,-0.405,-0.476,-0.338,-0.437,-0.375,2.265,1.855,0.903,0.542,71.91,97.398,35.299,34.608,552.361,553.256
US-xNQ,2023-07-15,0.143,22.637,22.614,0.124,0.618,56.595,22.887,33.532,12.243,0.0,20.178,-2.175,7.316,5.1,16.813,256.457,0.0,94.543,64.842,0.744,134.057,4.303,52.889,98.03,US-xNQ,US-xNQ,sagebrush,-0.409,-0.202,-0.406,-0.464,-0.347,-0.436,-0.377,2.142,1.733,0.881,0.502,73.361,97.3,34.887,36.042,552.032,553.254
US-xNQ,2023-07-25,0.142,23.556,26.333,0.132,0.61,52.28,24.078,33.058,15.098,0.0,20.178,1.779,3.238,4.503,26.332,167.103,0.0,94.089,69.941,1.175,84.983,3.767,12.652,72.986,US-xNQ,US-xNQ,sagebrush,-0.03,0.244,-0.023,-0.141,0.098,-0.075,0.027,1.895,1.864,1.113,0.311,75.151,95.201,33.827,39.098,551.267,553.248
US-xNQ,2023-07-30,0.141,26.249,26.721,0.126,0.605,46.518,26.756,34.574,18.938,0.0,20.178,0.858,4.356,4.437,19.705,287.655,1.503,95.105,75.961,0.62,191.243,4.541,68.364,113.585,US-xNQ,US-xNQ,sagebrush,0.184,0.339,0.191,0.064,0.32,0.134,0.244,1.528,1.712,1.136,0.156,75.397,93.043,33.343,40.937,550.907,553.245
US-xNQ,2023-08-04,0.133,16.152,22.874,0.212,0.603,48.834,20.464,29.089,11.838,0.0,20.178,3.146,2.356,5.018,19.569,69.781,19.038,94.756,85.942,0.325,50.395,3.483,-5.93,24.44,US-xNQ,US-xNQ,sagebrush,0.032,0.253,0.048,-0.027,0.15,0.001,0.098,2.058,2.09,0.89,0.465,76.764,92.115,32.259,42.042,550.292,553.238
US-xNQ,2023-08-09,0.132,15.937,20.995,0.176,0.599,48.689,19.582,28.882,10.281,0.0,20.178,-0.124,6.878,6.982,19.239,221.062,0.501,94.105,76.178,0.607,129.002,3.045,29.408,91.323,US-xNQ,US-xNQ,sagebrush,-0.196,-0.023,-0.187,-0.231,-0.135,-0.216,-0.164,2.034,1.838,0.797,0.493,78.199,91.073,31.57,43.779,549.839,553.233
US-xNQ,2023-08-14,0.135,18.84,23.155,0.16,0.589,47.574,21.961,31.045,12.877,0.0,20.178,-0.692,7.572,7.26,19.078,287.461,0.0,95.178,68.4,0.836,168.745,2.517,53.004,127.222,US-xNQ,US-xNQ,sagebrush,-0.06,0.142,-0.051,-0.106,0.013,-0.086,-0.018,1.886,1.826,0.91,0.389,79.258,89.136,30.96,45.99,549.42,553.228
US-xNQ,2023-08-19,0.15,13.914,24.283,0.19,0.582,36.786,22.899,28.731,17.068,0.0,20.178,-0.707,6.277,5.493,21.508,259.775,0.0,94.473,59.085,1.065,146.319,5.573,35.226,110.191,US-xNQ,US-xNQ,sagebrush,0.127,0.349,0.142,0.064,0.231,0.092,0.192,1.906,2.033,0.969,0.373,80.282,86.869,30.095,47.996,548.893,553.22
US-xNQ,2023-08-24,0.136,12.902,21.868,0.223,0.631,43.584,20.602,27.575,13.628,0.0,20.178,-0.544,4.733,3.778,22.511,240.951,1.503,94.534,75.17,0.854,145.902,2.599,23.486,111.997,US-xNQ,US-xNQ,sagebrush,0.049,0.222,0.066,-0.005,0.148,0.028,0.109,2.047,2.096,0.831,0.484,81.708,87.572,29.111,47.19,548.317,553.211
US-xNQ,2023-08-29,0.135,19.693,22.954,0.186,0.62,44.012,22.897,33.805,11.989,0.0,20.178,-1.381,4.925,2.848,20.774,226.087,0.0,94.994,63.939,0.988,114.346,2.805,26.639,91.188,US-xNQ,US-xNQ,sagebrush,0.158,0.347,0.17,0.109,0.24,0.131,0.21,1.698,1.856,0.899,0.318,82.53,87.021,28.402,47.341,547.824,553.203
US-xNQ,2023-09-28,0.123,9.384,14.69,0.192,0.59,35.179,13.948,23.125,4.772,0.0,20.178,1.024,2.456,3.231,16.619,104.811,0.0,94.075,70.746,0.576,38.151,,8.899,46.254,US-xNQ,US-xNQ,sagebrush,-0.064,-0.012,-0.055,-0.091,-0.019,-0.075,-0.034,1.505,1.441,0.506,0.398,72.432,76.564,41.738,58.383,545.818,553.16
US-xNQ,2023-10-03,0.117,3.221,10.301,0.241,0.641,22.165,8.552,13.481,3.624,4.102,20.178,1.036,2.774,3.205,16.244,157.617,4.032,93.528,81.403,0.409,99.956,5.716,21.367,60.214,US-xNQ,US-xNQ,sagebrush,0.318,0.317,0.33,0.285,0.382,0.303,0.354,0.858,1.176,0.368,0.195,65.803,76.681,47.873,57.323,545.672,553.151
US-xNQ,2023-10-08,0.113,9.178,12.422,0.213,0.662,33.6,14.238,24.555,3.922,0.0,20.178,-0.343,2.346,1.042,11.911,176.551,0.0,94.834,59.864,0.621,64.991,2.767,36.302,42.208,US-xNQ,US-xNQ,sagebrush,0.126,0.141,0.137,0.091,0.179,0.112,0.16,1.186,1.312,0.4,0.313,60.25,77.699,53.234,55.961,545.588,553.143
US-xNQ,2023-10-13,0.114,4.407,8.92,0.202,0.638,31.519,6.503,14.835,-1.828,0.0,20.178,0.172,1.036,1.059,7.141,60.754,0.0,95.219,72.372,0.292,23.404,5.695,2.038,13.3,US-xNQ,US-xNQ,sagebrush,0.018,0.017,0.025,-0.018,0.068,0.003,0.047,1.088,1.106,0.314,0.308,55.24,78.152,58.186,55.514,545.558,553.136
US-xNQ,2023-10-18,0.111,6.964,11.039,0.193,0.622,29.72,12.495,21.355,3.635,0.0,20.178,0.074,1.303,0.65,9.779,82.383,3.528,94.068,85.723,0.186,30.618,7.103,4.481,17.86,US-xNQ,US-xNQ,sagebrush,0.111,0.122,0.12,0.077,0.16,0.098,0.143,1.02,1.131,0.345,0.269,50.6,77.71,62.473,55.753,545.566,553.129
US-xNQ,2023-10-23,0.105,5.753,11.306,0.186,0.61,28.176,11.283,19.408,3.159,0.0,20.178,0.251,0.73,0.846,6.792,68.016,8.568,94.006,93.211,0.078,28.703,4.206,11.582,11.423,US-xNQ,US-xNQ,sagebrush,0.155,0.166,0.163,0.115,0.206,0.14,0.185,0.933,1.087,0.337,0.237,46.318,76.611,66.241,56.554,545.612,553.122
US-xNQ,2023-10-28,0.11,1.947,1.862,0.213,0.603,22.737,0.094,5.215,-5.026,0.0,20.178,1.08,0.018,0.616,-9.296,143.69,0.0,95.715,76.869,0.079,-27.44,5.569,-23.094,1.062,US-xNQ,US-xNQ,sagebrush,0.159,0.128,0.165,0.124,0.204,0.146,0.188,0.541,0.7,0.182,0.143,42.142,74.852,69.901,57.978,545.674,553.118
US-xNQ,2023-11-02,0.112,5.882,2.797,0.215,0.591,23.949,7.508,18.178,-3.162,0.0,20.178,0.707,0.0,0.595,-1.892,110.809,0.0,94.423,89.719,0.063,10.206,3.099,1.348,2.422,US-xNQ,US-xNQ,sagebrush,0.178,0.143,0.184,0.144,0.225,0.166,0.206,0.572,0.749,0.184,0.154,38.426,72.667,73.011,59.788,545.771,553.113
US-xNQ,2023-11-07,0.106,2.811,8.3,0.204,0.598,12.047,6.277,11.232,1.322,4.494,20.178,0.75,0.075,0.696,2.31,33.064,0.0,,95.6,0.108,-0.124,,-18.114,1.265,US-xNQ,US-xNQ,sagebrush,0.455,0.385,0.463,0.416,0.512,0.437,0.487,0.377,0.832,0.243,0.053,34.736,70.437,75.375,60.913,545.932,553.106
US-xNQ,2023-11-17,0.104,3.696,3.518,0.248,0.694,20.541,6.542,13.298,-0.214,0.0,20.178,0.404,0.366,0.755,2.642,97.371,0.0,94.363,65.348,0.316,10.454,4.621,13.093,8.705,US-xNQ,US-xNQ,sagebrush,0.348,0.287,0.354,0.316,0.4,0.334,0.373,0.486,0.833,0.164,0.128,28.883,68.839,79.425,61.236,546.277,553.096
US-xNQ,2023-11-22,0.102,2.907,-1.146,0.241,0.676,19.838,1.467,8.999,-6.065,0.0,20.178,0.307,0.048,0.234,2.797,52.078,0.0,94.355,53.168,0.372,-1.624,6.093,-8.171,9.304,US-xNQ,US-xNQ,sagebrush,0.255,0.201,0.258,0.223,0.294,0.24,0.277,0.342,0.597,0.121,0.088,26.275,68.962,81.19,60.53,546.434,553.092
US-xNQ,2023-11-27,0.091,1.75,-1.49,0.262,0.702,19.251,-5.641,1.644,-12.927,0.0,20.178,0.165,0.006,0.385,-6.077,68.71,0.0,94.94,73.692,0.109,4.355,4.213,15.689,3.525,US-xNQ,US-xNQ,sagebrush,0.323,0.26,0.327,0.29,0.367,0.309,0.345,0.279,0.602,0.115,0.065,23.852,68.989,82.572,59.759,546.611,553.087
US-xNQ,2023-12-02,0.095,1.563,-1.076,0.29,0.675,11.023,0.018,4.009,-3.973,0.375,20.178,0.337,0.0,0.246,-2.49,70.269,0.0,93.58,74.943,0.15,-10.916,4.552,7.649,2.926,US-xNQ,US-xNQ,sagebrush,0.455,0.341,0.459,0.424,0.509,0.44,0.476,0.17,0.626,0.115,0.022,21.523,68.839,83.485,58.845,546.819,553.082
US-xNQ,2023-12-07,0.107,2.508,-0.667,0.269,0.706,15.643,3.125,8.605,-2.356,0.0,20.178,0.41,0.08,0.432,4.124,64.606,0.0,92.689,73.407,0.235,-0.58,4.097,-2.982,1.414,US-xNQ,US-xNQ,sagebrush,0.349,0.285,0.353,0.32,0.395,0.336,0.369,0.3,0.649,0.115,0.074,19.607,68.902,84.233,58.013,547.016,553.077
US-xNQ,2023-12-12,0.108,1.979,-3.572,0.301,0.677,11.344,-1.166,4.615,-6.948,0.0,20.178,0.326,0.006,0.297,-7.464,49.373,0.0,95.606,72.015,0.099,-31.377,4.03,-18.841,4.003,US-xNQ,US-xNQ,sagebrush,0.377,0.292,0.38,0.341,0.429,0.362,0.399,0.174,0.551,0.095,0.032,17.74,69.032,84.885,57.036,547.197,553.073
US-xNQ,2023-12-17,0.109,2.649,-4.737,0.299,0.701,17.676,-0.198,7.504,-7.899,0.0,20.178,0.332,0.0,0.337,-1.041,58.348,0.0,94.809,76.778,0.135,-16.341,6.249,-15.811,4.317,US-xNQ,US-xNQ,sagebrush,0.292,0.225,0.295,0.252,0.341,0.275,0.314,0.241,0.533,0.086,0.061,16.163,69.284,85.46,56.164,547.361,553.069
US-xNQ,2023-12-27,0.108,2.009,-3.2,0.287,0.752,13.045,-2.154,4.242,-8.551,0.0,20.178,0.217,0.028,0.325,-1.577,73.081,1.008,95.029,78.776,0.116,35.92,,-1.334,3.427,US-xNQ,US-xNQ,sagebrush,0.34,0.278,0.344,0.306,0.386,0.325,0.361,0.206,0.546,0.094,0.045,16.334,69.584,82.826,54.257,547.71,553.061
US-xNQ,2024-01-01,0.11,2.458,-3.564,0.279,0.772,15.611,-1.022,6.485,-8.529,0.0,20.178,0.223,0.028,0.235,-2.716,74.014,0.0,94.742,76.927,0.15,-15.631,5.17,-11.058,3.615,US-xNQ,US-xNQ,sagebrush,0.289,0.233,0.292,0.255,0.334,0.272,0.308,0.244,0.532,0.092,0.06,16.501,69.832,81.671,53.418,547.849,553.058
US-xNQ,2024-01-06,0.111,1.398,-3.543,0.274,0.786,15.354,-6.469,-0.575,-12.364,0.0,20.178,0.126,0.034,0.194,-6.308,20.796,0.0,93.991,87.583,0.047,0.114,3.731,2.913,1.332,US-xNQ,US-xNQ,sagebrush,0.298,0.246,0.301,0.265,0.344,0.281,0.318,0.21,0.508,0.092,0.047,16.621,70.025,80.557,52.608,547.974,553.054
US-xNQ,2024-01-11,0.109,0.951,-4.494,0.28,0.789,8.075,-6.743,-2.926,-10.559,0.0,20.178,0.24,0.0,0.082,-21.135,83.164,0.0,94.258,73.353,0.031,-32.115,6.73,3.487,0.552,US-xNQ,US-xNQ,sagebrush,0.348,0.24,0.351,0.319,0.377,0.335,0.367,0.067,0.415,0.067,0.0,16.578,70.025,79.514,51.849,548.084,553.051
US-xNQ,2024-01-16,0.112,1.906,-5.734,0.322,0.796,15.488,-5.549,2.535,-13.632,1.562,20.178,0.244,0.0,0.16,-18.409,97.117,0.0,94.126,52.859,0.071,-35.634,7.494,-9.714,2.063,US-xNQ,US-xNQ,sagebrush,0.298,0.236,0.301,0.255,0.347,0.279,0.321,0.196,0.494,0.081,0.046,16.7,70.213,78.409,51.053,548.19,553.048
US-xNQ,2024-01-21,0.118,1.596,-0.855,0.327,0.815,11.293,2.21,5.685,-1.265,2.738,20.178,0.196,0.003,0.301,-9.775,49.387,0.0,93.682,81.056,0.057,12.75,2.768,7.409,1.665,US-xNQ,US-xNQ,sagebrush,0.451,0.385,0.457,0.424,0.502,0.438,0.477,0.242,0.694,0.109,0.053,16.847,70.186,76.8,50.153,548.327,553.043
US-xNQ,2024-01-26,0.118,1.752,-0.19,0.279,0.849,19.219,0.572,4.939,-3.795,0.0,20.178,0.357,0.046,0.482,-1.985,80.871,0.0,95.014,85.459,0.111,-24.771,,0.747,4.388,US-xNQ,US-xNQ,sagebrush,0.262,0.214,0.266,0.236,0.302,0.249,0.282,0.442,0.703,0.114,0.13,17.255,70.478,75.435,49.413,548.43,553.039
US-xNQ,2024-02-05,0.11,1.699,1.012,0.252,0.948,11.895,2.231,5.955,-1.494,6.049,20.178,0.422,0.074,0.649,0.932,46.7,0.0,94.495,98.94,0.069,18.062,,-2.331,4.069,US-xNQ,US-xNQ,sagebrush,0.345,0.314,0.348,0.321,0.38,0.332,0.364,0.269,0.614,0.125,0.058,17.749,70.69,73.014,48.137,548.58,553.031
US-xNQ,2024-02-10,0.111,1.169,-0.358,0.29,0.927,16.674,-4.463,-0.428,-8.499,0.979,20.178,0.265,0.028,0.196,-5.835,105.274,0.0,94.879,80.62,0.078,21.172,4.7,27.067,14.067,US-xNQ,US-xNQ,sagebrush,0.378,0.337,0.381,0.351,0.419,0.364,0.397,0.249,0.627,0.115,0.053,17.89,70.663,71.678,47.41,548.643,553.027
US-xNQ,2024-02-15,0.12,2.131,0.058,0.303,0.882,16.722,2.689,7.361,-1.982,1.12,20.178,0.242,0.001,0.189,-8.917,93.139,0.0,95.384,73.811,0.088,26.444,4.487,33.114,11.74,US-xNQ,US-xNQ,sagebrush,0.325,0.283,0.328,0.297,0.37,0.311,0.343,0.394,0.719,0.118,0.11,18.228,70.869,70.254,46.618,548.695,553.023
US-xNQ,2024-02-20,0.119,2.109,2.232,0.26,0.913,19.072,3.385,7.765,-0.996,3.769,20.178,0.278,0.017,0.245,-0.178,149.778,0.0,94.317,58.325,0.352,50.681,2.493,39.861,11.859,US-xNQ,US-xNQ,sagebrush,0.239,0.216,0.241,0.217,0.274,0.227,0.254,0.516,0.755,0.135,0.152,18.701,71.246,68.916,45.88,548.728,553.018
US-xNQ,2024-02-25,0.125,4.18,0.54,0.271,0.839,28.348,4.859,13.652,-3.935,0.0,20.178,0.352,0.003,0.321,-0.681,53.649,1.008,93.653,93.542,0.045,15.912,3.7,-1.091,1.918,US-xNQ,US-xNQ,sagebrush,0.088,0.061,0.089,0.063,0.124,0.076,0.102,0.701,0.789,0.123,0.23,19.446,71.942,67.686,45.217,548.745,553.014
US-xNQ,2024-03-01,0.13,3.463,1.188,0.276,0.784,29.813,7.797,13.474,2.121,0.0,20.178,0.336,0.006,0.292,4.36,162.229,0.0,93.504,66.257,0.324,65.997,3.864,4.269,24.179,US-xNQ,US-xNQ,sagebrush,0.044,0.019,0.046,0.019,0.082,0.032,0.06,0.821,0.866,0.13,0.275,20.345,72.822,66.395,44.509,548.749,553.01
US-xNQ,2024-03-06,0.131,2.859,0.197,0.303,0.795,23.043,3.965,9.987,-2.057,0.0,20.178,0.153,0.035,0.116,-6.977,111.655,0.0,94.241,81.56,0.07,27.124,5.681,23.979,9.783,US-xNQ,US-xNQ,sagebrush,0.185,0.156,0.186,0.153,0.232,0.17,0.203,0.607,0.792,0.125,0.192,20.959,73.356,65.07,43.778,548.736,553.006
US-xNQ,2024-03-16,0.134,3.666,1.06,0.264,0.729,37.047,4.908,12.532,-2.717,0.0,20.178,0.389,0.014,0.243,0.845,184.286,0.0,94.853,61.61,0.261,84.721,9.522,58.511,34.08,US-xNQ,US-xNQ,sagebrush,-0.132,-0.148,-0.132,-0.16,-0.097,-0.148,-0.116,1.052,0.92,0.136,0.365,23.054,75.473,62.695,42.498,548.668,552.998
US-xNQ,2024-03-21,0.127,4.782,6.279,0.231,0.713,33.27,7.294,15.771,-1.182,0.0,20.178,0.339,0.0,0.197,-7.24,101.339,0.504,95.073,87.816,0.044,25.012,4.367,15.629,7.057,US-xNQ,US-xNQ,sagebrush,-0.098,-0.087,-0.098,-0.119,-0.072,-0.111,-0.084,1.153,1.056,0.191,0.383,24.308,76.785,61.406,41.776,548.607,552.993
US-xNQ,2024-03-26,0.126,2.078,3.514,0.245,0.734,33.844,1.577,6.514,-3.359,0.092,20.178,0.11,0.091,0.207,-13.013,261.592,0.0,94.35,69.041,0.076,13.316,6.83,31.28,29.052,US-xNQ,US-xNQ,sagebrush,-0.1,-0.1,-0.101,-0.124,-0.068,-0.115,-0.086,1.058,0.958,0.166,0.355,25.464,77.977,60.255,41.155,548.536,552.989
US-xNQ,2024-03-31,0.136,1.87,6.568,0.252,0.728,35.434,3.642,7.395,-0.111,7.956,20.178,0.288,0.0,0.173,-1.742,141.168,0.0,94.532,75.51,0.14,75.604,2.41,21.269,23.411,US-xNQ,US-xNQ,sagebrush,-0.217,-0.203,-0.218,-0.242,-0.183,-0.234,-0.205,1.446,1.228,0.204,0.494,27.098,79.736,58.859,40.355,548.431,552.983
US-xNQ,2024-04-05,0.142,2.832,5.617,0.233,0.736,36.549,4.039,9.955,-1.876,1.721,20.178,0.527,0.331,0.895,7.896,191.151,0.0,94.293,42.046,0.689,91.294,9.281,17.878,56.408,US-xNQ,US-xNQ,sagebrush,-0.317,-0.304,-0.319,-0.341,-0.288,-0.335,-0.304,1.478,1.161,0.199,0.509,28.775,81.551,57.699,39.723,548.324,552.978
US-xNQ,2024-04-10,0.14,5.323,5.302,0.229,0.701,44.293,6.867,15.521,-1.787,0.0,20.178,0.515,0.512,1.042,7.072,158.6,1.008,94.252,66.876,0.347,76.108,7.389,21.494,27.918,US-xNQ,US-xNQ,sagebrush,-0.435,-0.421,-0.436,-0.462,-0.401,-0.454,-0.421,1.638,1.203,0.202,0.572,30.661,83.616,56.618,39.147,548.207,552.974
US-xNQ,2024-04-15,0.14,1.962,7.983,0.205,0.682,26.931,4.544,8.257,0.831,7.566,20.178,0.695,0.896,1.676,11.944,157.28,1.008,93.926,53.974,0.672,80.61,9.193,15.568,47.993,US-xNQ,US-xNQ,sagebrush,-0.152,-0.121,-0.154,-0.177,-0.128,-0.169,-0.141,1.214,1.062,0.246,0.386,31.894,84.91,55.556,38.58,548.077,552.969
US-xNQ,2024-04-20,0.151,7.345,9.693,0.2,0.662,45.32,9.677,19.245,0.109,0.0,20.178,-0.266,1.215,0.579,2.05,306.817,0.0,95.697,44.162,0.45,157.816,6.333,120.793,40.072,US-xNQ,US-xNQ,sagebrush,-0.679,-0.639,-0.682,-0.71,-0.649,-0.695,-0.666,2.155,1.476,0.278,0.747,34.369,87.684,54.457,37.982,547.925,552.964
US-xNQ,2024-04-25,0.151,6.628,13.504,0.187,0.649,41.508,11.709,18.458,4.961,0.0,20.178,-0.567,1.813,1.241,14.816,254.815,0.0,93.751,55.211,0.838,138.849,7.851,58.054,63.288,US-xNQ,US-xNQ,sagebrush,-0.7,-0.632,-0.702,-0.731,-0.671,-0.716,-0.691,2.343,1.643,0.366,0.787,36.968,90.586,53.277,37.347,547.741,552.958
US-xNQ,2024-04-30,0.156,5.462,9.663,0.223,0.706,48.034,6.854,15.701,-1.992,0.0,20.178,-0.04,1.059,0.956,5.787,82.623,7.056,93.639,90.175,0.109,28.038,5.453,0.828,21.182,US-xNQ,US-xNQ,sagebrush,-0.806,-0.763,-0.807,-0.838,-0.774,-0.826,-0.789,2.478,1.672,0.303,0.866,39.842,93.827,52.074,36.676,547.534,552.952
US-xNQ,2024-05-05,0.165,4.57,12.083,0.205,0.673,37.355,7.847,15.409,0.285,2.769,20.178,-1.701,4.203,2.818,12.471,299.095,0.0,94.1,56.988,0.764,169.716,8.616,64.664,94.029,US-xNQ,US-xNQ,sagebrush,-0.677,-0.616,-0.679,-0.702,-0.648,-0.694,-0.664,2.327,1.65,0.368,0.78,42.406,96.705,50.903,36.025,547.307,552.946
US-xNQ,2024-05-10,0.173,6.055,8.579,0.214,0.656,49.737,8.46,16.204,0.717,0.0,20.178,-1.872,5.257,2.503,15.52,333.307,0.0,94.736,39.113,1.162,180.876,5.642,56.689,117.672,US-xNQ,US-xNQ,sagebrush,-1.02,-0.982,-1.022,-1.071,-0.976,-1.043,-0.998,2.737,1.718,0.31,0.967,45.607,100.339,49.907,35.506,547.091,552.94
US-xNQ,2024-05-15,0.184,8.624,13.527,0.194,0.647,54.057,12.39,20.895,3.886,0.0,20.178,0.216,3.827,4.442,10.664,71.049,0.0,94.145,85.667,0.194,32.266,4.109,4.703,21.728,US-xNQ,US-xNQ,sagebrush,-1.474,-1.405,-1.477,-1.527,-1.413,-1.5,-1.453,3.702,2.228,0.438,1.299,49.94,105.169,48.816,35.07,546.833,552.934
US-xNQ,2024-05-20,0.194,5.305,13.955,0.175,0.632,34.55,8.239,14.798,1.681,1.285,20.178,-2.291,5.472,3.059,11.668,205.661,0.0,94.334,68.449,0.505,116.676,3.493,37.39,66.018,US-xNQ,US-xNQ,sagebrush,-0.929,-0.856,-0.931,-0.964,-0.893,-0.947,-0.915,2.743,1.814,0.478,0.902,52.878,107.389,47.902,35.719,546.591,552.928
US-xNQ,2024-05-25,0.185,4.65,13.336,0.169,0.618,41.21,9.972,15.819,4.124,4.122,20.178,-3.266,7.776,3.675,11.396,309.712,0.0,93.637,71.516,0.471,181.615,1.482,68.406,113.013,US-xNQ,US-xNQ,sagebrush,-1.152,-1.088,-1.154,-1.195,-1.101,-1.177,-1.135,3.06,1.907,0.476,1.029,56.241,109.266,47.097,37.278,546.364,552.922
US-xNQ,2024-05-30,0.167,9.711,15.622,0.163,0.609,57.505,12.733,21.772,3.694,0.0,20.178,-2.259,4.235,4.84,16.115,296.847,3.528,94.34,62.094,0.751,178.006,,41.539,136.311,US-xNQ,US-xNQ,sagebrush,-1.453,-1.376,-1.455,-1.507,-1.39,-1.482,-1.429,3.687,2.234,0.564,1.243,60.329,111.4,46.273,39.385,546.132,552.916
US-xNQ,2024-06-04,0.154,12.902,18.539,0.149,0.601,52.498,16.364,24.589,8.14,0.0,20.178,-0.952,6.69,5.89,16.687,238.383,0.504,93.24,62.773,0.768,135.97,,25.318,93.258,US-xNQ,US-xNQ,sagebrush,-0.881,-0.777,-0.883,-0.919,-0.849,-0.898,-0.864,2.876,1.995,0.698,0.867,63.097,111.398,45.492,42.034,545.909,552.909
US-xNQ,2024-06-09,0.145,21.581,22.966,0.158,0.594,54.612,23.659,32.751,14.567,0.0,20.178,-2.317,7.932,4.805,16.922,342.656,0.0,95.09,49.475,1.033,195.178,,58.192,131.05,US-xNQ,US-xNQ,sagebrush,-0.202,-0.037,-0.199,-0.268,-0.14,-0.236,-0.165,2.181,1.979,0.927,0.499,64.592,109.422,44.469,44.826,545.643,552.901
US-xNQ,2024-06-14,0.139,22.046,23.005,0.144,0.584,43.915,24.038,32.017,16.059,0.0,20.178,-2.704,6.614,5.554,19.944,327.027,0.0,94.553,56.479,1.162,191.666,,60.356,122.74,US-xNQ,US-xNQ,sagebrush,0.075,0.234,0.076,0.001,0.135,0.042,0.112,1.627,1.702,0.927,0.279,65.313,106.04,43.625,48.183,545.424,552.894
US-xNQ,2024-06-24,0.133,25.768,24.953,0.12,0.572,57.321,25.577,34.765,16.39,0.0,20.178,-2.99,9.025,10.335,24.34,338.439,3.528,93.745,63.684,1.222,215.174,,,,US-xNQ,US-xNQ,sagebrush,-0.023,0.158,-0.023,-0.119,0.055,-0.066,0.017,1.769,1.746,1.019,0.298,67.594,99.538,42.628,56.131,545.173,552.883
US-xNQ,2024-06-29,0.131,22.356,22.715,0.115,0.567,57.743,22.465,33.881,11.049,0.0,20.178,-2.606,1.729,5.202,13.408,180.441,0.0,95.261,74.18,0.44,105.179,4.277,27.243,77.135,US-xNQ,US-xNQ,sagebrush,-0.282,-0.139,-0.284,-0.35,-0.222,-0.313,-0.255,1.974,1.693,0.875,0.438,68.834,96.242,42.15,60.173,545.078,552.877
US-xNQ,2024-07-04,0.128,16.991,19.81,0.106,0.562,58.672,18.087,28.625,7.55,0.0,20.178,-0.791,6.908,6.582,16.567,166.138,3.024,94.602,82.827,0.347,96.107,3.547,16.181,69.477,US-xNQ,US-xNQ,sagebrush,-0.637,-0.533,-0.641,-0.695,-0.591,-0.669,-0.613,2.302,1.665,0.725,0.628,70.72,93.627,41.837,64.461,545.021,552.872
US-xNQ,2024-07-19,0.133,23.797,26.38,0.093,0.551,47.583,24.012,33.758,14.266,0.0,20.178,-1.734,7.147,5.049,23.768,287.04,0.0,,67.117,1.08,173.738,,42.784,107.284,US-xNQ,US-xNQ,sagebrush,0.003,0.181,0.003,-0.122,0.117,-0.05,0.062,1.583,1.586,1.029,0.221,72.512,81.213,40.897,76.833,544.966,552.858
US-xNQ,2024-07-24,0.131,26.266,26.79,0.096,0.548,51.973,25.586,35.821,15.352,0.0,20.178,-2.022,6.448,4.506,23.462,280.352,0.0,,77.42,0.807,136.53,,45.021,108.812,US-xNQ,US-xNQ,sagebrush,0.054,0.2,0.056,-0.072,0.176,-0.0,0.113,1.549,1.603,1.029,0.207,72.926,77.043,40.582,80.617,544.989,552.853
US-xNQ,2024-08-08,0.122,25.14,26.281,0.13,0.533,48.678,25.361,33.898,16.824,0.0,20.178,-0.513,4.124,3.033,12.739,221.501,0.0,95.409,66.631,0.565,110.678,4.908,56.712,62.982,US-xNQ,US-xNQ,sagebrush,0.333,0.392,0.342,0.243,0.464,0.291,0.403,1.378,1.711,0.932,0.178,74.552,65.199,38.712,89.311,545.223,552.831
US-xNQ,2024-08-13,0.12,19.321,24.347,0.26,0.618,44.206,21.087,28.847,13.328,7.415,20.178,0.496,3.448,4.185,18.978,141.594,17.138,94.584,83.432,0.44,79.089,6.136,25.914,40.046,US-xNQ,US-xNQ,sagebrush,0.965,1.007,0.983,0.797,1.216,0.879,1.076,1.49,2.454,0.807,0.272,75.286,64.876,36.869,85.708,545.451,552.814
US-xNQ,2024-08-18,0.12,19.245,20.861,0.228,0.648,42.019,21.527,30.261,12.794,7.621,20.178,-0.832,6.262,6.838,21.172,282.479,0.0,94.981,73.141,0.78,174.754,3.817,57.851,124.179,US-xNQ,US-xNQ,sagebrush,0.564,0.593,0.573,0.465,0.707,0.514,0.624,1.414,1.978,0.656,0.302,76.103,65.815,35.605,82.308,545.554,552.801
US-xNQ,2024-08-23,0.119,18.862,21.673,0.191,0.649,43.9,22.862,29.318,16.407,0.0,20.178,-0.152,5.028,4.638,22.358,232.266,0.0,94.587,77.828,0.746,114.774,4.885,29.403,79.464,US-xNQ,US-xNQ,sagebrush,0.358,0.432,0.365,0.288,0.467,0.326,0.403,1.472,1.83,0.697,0.308,76.914,66.836,34.664,79.603,545.586,552.79
US-xNQ,2024-08-28,0.112,18.544,19.6,0.165,0.62,44.892,19.807,29.402,10.213,0.0,20.178,-0.056,3.189,2.445,19.042,138.553,0.0,94.375,74.193,0.718,69.501,6.008,10.646,52.851,US-xNQ,US-xNQ,sagebrush,0.156,0.224,0.159,0.113,0.217,0.134,0.182,1.402,1.558,0.623,0.31,77.711,66.693,34.038,78.81,545.58,552.782
US-xNQ,2024-09-02,0.111,22.1,21.151,0.154,0.603,31.311,22.681,32.611,12.752,0.0,20.178,-0.58,5.604,4.61,21.7,228.064,0.0,94.613,58.991,1.198,93.218,6.935,30.732,66.882,US-xNQ,US-xNQ,sagebrush,0.487,0.422,0.489,0.441,0.544,0.459,0.516,0.87,1.358,0.688,0.073,77.678,64.957,33.47,78.736,545.561,552.775
US-xNQ,2024-09-07,0.109,20.689,20.346,0.161,0.591,41.299,21.246,32.285,10.208,0.0,20.178,-0.684,2.742,0.956,17.293,245.73,0.0,95.145,56.46,1.094,104.281,3.337,42.702,66.681,US-xNQ,US-xNQ,sagebrush,0.303,0.385,0.306,0.259,0.361,0.283,0.331,1.167,1.47,0.647,0.207,78.114,63.36,32.882,79.005,545.534,552.767
US-xNQ,2024-09-12,0.097,9.466,16.746,0.148,0.582,40.483,12.728,19.658,5.798,0.0,20.178,0.197,2.685,2.926,23.847,180.604,0.0,93.526,48.331,1.647,76.042,9.993,-0.872,62.512,US-xNQ,US-xNQ,sagebrush,-0.015,0.036,-0.014,-0.05,0.029,-0.029,0.003,1.332,1.317,0.516,0.325,78.945,61.972,32.512,80.032,545.514,552.761
US-xNQ,2024-09-17,0.095,7.25,15.508,0.139,0.575,27.96,12.187,18.042,6.332,0.695,20.178,-0.108,2.238,2.03,22.807,197.482,0.495,93.691,73.836,0.897,85.832,4.833,35.577,44.33,US-xNQ,US-xNQ,sagebrush,0.16,0.205,0.16,0.125,0.201,0.14,0.182,0.909,1.068,0.477,0.172,79.24,59.786,32.238,81.417,545.5,552.755
US-xNQ,2024-09-22,0.109,12.178,14.728,0.134,0.57,36.794,14.35,24.095,4.605,0.0,20.178,-0.381,2.055,1.503,12.776,208.054,0.0,94.909,55.262,0.803,74.143,3.51,46.661,39.562,US-xNQ,US-xNQ,sagebrush,-0.099,-0.059,-0.1,-0.14,-0.059,-0.122,-0.078,1.26,1.161,0.449,0.323,72.366,58.152,39.703,82.966,545.495,552.75
US-xNQ,2024-09-27,0.108,17.143,17.174,0.128,0.566,35.752,19.238,30.045,8.432,0.0,20.178,-0.062,1.321,1.212,18.768,196.534,0.0,94.762,43.577,1.427,59.474,3.514,35.588,35.261,US-xNQ,US-xNQ,sagebrush,0.044,0.105,0.044,0.004,0.094,0.02,0.072,1.115,1.159,0.489,0.25,65.932,56.181,46.332,84.474,545.548,552.745
US-xNQ,2024-10-02,0.103,14.285,14.378,0.123,0.564,35.921,16.699,27.491,5.908,0.0,20.178,0.049,1.229,1.294,15.704,176.306,0.0,93.936,35.751,1.22,46.53,5.14,28.209,20.434,US-xNQ,US-xNQ,sagebrush,-0.042,-0.003,-0.043,-0.09,0.01,-0.071,-0.014,1.065,1.022,0.386,0.27,60.218,54.316,52.328,86.182,545.638,552.741
US-xNQ,2024-10-07,0.101,13.518,15.159,0.118,0.562,32.594,16.865,26.788,6.942,0.0,20.178,-0.013,0.982,1.047,13.363,170.865,0.0,94.976,44.656,0.988,53.528,2.937,33.841,16.621,US-xNQ,US-xNQ,sagebrush,0.007,0.053,0.007,-0.05,0.071,-0.024,0.038,0.987,0.994,0.38,0.242,54.983,52.375,57.678,87.848,545.767,552.737
US-xNQ,2024-10-12,0.099,12.377,13.853,0.115,0.561,31.255,16.897,25.864,7.931,0.0,20.178,0.194,0.456,0.43,11.354,160.203,0.0,94.912,56.0,0.676,31.76,5.409,25.584,12.483,US-xNQ,US-xNQ,sagebrush,0.0,0.038,0.0,-0.061,0.068,-0.034,0.033,0.906,0.906,0.329,0.23,50.233,50.449,62.504,89.55,545.917,552.733
US-xNQ,2024-10-17,0.098,3.373,14.394,0.125,0.559,21.306,8.434,13.681,3.187,6.363,20.178,0.28,0.538,1.166,14.963,142.24,0.0,93.282,41.11,1.07,27.289,6.651,11.676,10.033,US-xNQ,US-xNQ,sagebrush,0.147,0.178,0.148,0.08,0.219,0.112,0.181,0.762,0.909,0.319,0.177,45.779,48.379,66.67,90.969,546.126,552.729
US-xNQ,2024-10-22,0.098,7.519,8.898,0.163,0.555,28.631,11.571,20.638,2.505,0.0,20.178,0.677,0.254,1.011,8.409,44.152,0.495,94.597,74.414,0.289,1.47,6.489,-0.09,6.677,US-xNQ,US-xNQ,sagebrush,0.148,0.115,0.148,0.088,0.202,0.125,0.175,0.757,0.905,0.214,0.216,41.91,46.461,70.213,92.211,546.394,552.724
US-xNQ,2024-10-27,0.1,6.628,8.337,0.161,0.548,23.919,12.008,19.654,4.362,0.0,20.178,0.568,0.2,0.482,12.039,111.569,0.0,94.283,44.869,0.886,5.419,3.751,7.315,7.944,US-xNQ,US-xNQ,sagebrush,0.195,0.16,0.195,0.135,0.252,0.171,0.222,0.643,0.838,0.194,0.179,38.303,44.326,73.353,93.558,546.68,552.72
US-xNQ,2024-11-01,0.098,3.412,2.47,0.166,0.542,23.309,3.669,11.321,-3.983,0.0,20.178,0.833,0.262,1.192,-0.74,34.295,0.0,94.886,88.411,0.068,1.75,3.288,4.015,4.177,US-xNQ,US-xNQ,sagebrush,0.141,0.096,0.14,0.092,0.178,0.117,0.162,0.482,0.623,0.127,0.141,34.929,42.008,76.368,95.301,546.915,552.717
US-xNQ,2024-11-06,0.095,1.633,0.187,0.178,0.537,23.567,-2.108,2.844,-7.059,0.0,20.178,0.92,0.101,0.914,2.716,39.903,0.0,94.938,94.636,0.04,26.301,4.438,6.528,7.66,US-xNQ,US-xNQ,sagebrush,0.154,0.101,0.153,0.109,0.191,0.132,0.175,0.417,0.571,0.103,0.125,31.839,39.675,79.052,97.029,547.157,552.714
US-xNQ,2024-11-11,0.095,6.308,1.021,0.194,0.523,22.154,8.553,17.801,-0.695,0.0,20.178,0.661,0.224,0.558,0.151,74.88,0.0,94.979,83.88,0.108,-11.326,5.204,6.414,3.187,US-xNQ,US-xNQ,sagebrush,0.245,0.177,0.243,0.198,0.281,0.222,0.265,0.372,0.618,0.101,0.108,29.003,37.129,81.248,98.689,547.461,552.711
US-xNQ,2024-11-16,0.097,1.497,0.611,0.205,0.538,6.817,-1.659,2.654,-5.972,0.0,20.178,0.734,0.063,0.627,2.137,23.228,0.0,93.126,96.259,0.026,-9.785,5.357,-3.838,1.788,US-xNQ,US-xNQ,sagebrush,0.419,0.26,0.412,0.359,0.454,0.393,0.436,0.117,0.536,0.091,0.01,26.114,34.662,83.081,99.78,547.799,552.708
US-xNQ,2024-11-21,0.097,5.465,-2.561,0.212,0.532,19.903,5.276,13.785,-3.232,0.0,20.178,0.466,0.067,0.414,-8.09,80.296,0.0,95.407,83.238,0.06,8.587,3.434,24.246,4.091,US-xNQ,US-xNQ,sagebrush,0.247,0.172,0.243,0.2,0.283,0.223,0.263,0.269,0.516,0.069,0.08,23.757,34.989,84.781,98.581,548.095,552.705
US-xNQ,2024-11-26,0.096,1.835,-0.148,0.233,0.563,11.722,-0.704,4.384,-5.791,4.696,20.178,0.396,0.0,0.288,-11.769,54.336,0.0,94.776,83.267,0.045,1.066,2.23,25.453,4.995,US-xNQ,US-xNQ,sagebrush,0.412,0.296,0.408,0.369,0.449,0.39,0.43,0.204,0.615,0.077,0.05,21.536,33.322,85.915,98.886,548.489,552.702
US-xNQ,2024-12-01,0.094,2.655,-5.084,0.25,0.568,18.718,-0.664,6.978,-8.305,0.0,20.178,0.288,0.005,0.306,-13.339,24.906,0.0,95.631,82.606,0.039,4.708,4.798,11.547,2.403,US-xNQ,US-xNQ,sagebrush,0.284,0.195,0.28,0.237,0.325,0.259,0.303,0.199,0.483,0.054,0.058,19.564,33.559,87.117,97.693,548.794,552.699
US-xNQ,2024-12-06,0.093,2.497,-4.129,0.245,0.592,18.062,-0.521,6.619,-7.662,0.0,20.178,0.382,0.029,0.361,0.594,69.959,0.0,94.745,72.993,0.203,-1.738,3.073,-0.826,4.773,US-xNQ,US-xNQ,sagebrush,0.299,0.209,0.295,0.253,0.341,0.275,0.317,0.21,0.509,0.055,0.062,17.805,33.813,88.052,96.449,549.116,552.697
US-xNQ,2024-12-11,0.092,2.286,-6.686,0.243,0.614,17.545,-2.869,4.998,-10.735,0.0,20.178,0.293,0.012,0.072,-18.795,48.766,0.0,95.24,73.833,0.039,-17.349,4.283,15.788,2.308,US-xNQ,US-xNQ,sagebrush,0.253,0.176,0.25,0.21,0.29,0.228,0.272,0.149,0.402,0.046,0.041,16.152,33.982,89.003,95.46,549.375,552.695
US-xNQ,2024-12-16,0.091,2.524,-3.981,0.249,0.638,16.759,-0.783,6.707,-8.272,0.0,20.178,0.36,0.0,0.303,-4.839,17.559,0.0,94.431,80.774,0.084,-18.012,8.569,-4.663,0.192,US-xNQ,US-xNQ,sagebrush,0.32,0.228,0.316,0.275,0.359,0.297,0.337,0.191,0.511,0.052,0.055,14.714,34.208,89.54,94.207,549.705,552.693
US-xNQ,2024-12-21,0.089,4.028,-3.535,0.242,0.654,16.969,4.488,12.441,-3.464,0.0,20.178,0.429,0.0,0.32,-8.755,64.994,0.0,94.784,81.429,0.067,3.225,3.917,6.031,2.053,US-xNQ,US-xNQ,sagebrush,0.318,0.23,0.315,0.274,0.356,0.297,0.334,0.192,0.51,0.052,0.056,14.864,34.436,88.483,92.97,550.033,552.691
